"Gene_ID","ubiquity_score_25","ubiquity_score_30","ubiquity_score_50","ubiquity_score_75","ubiquity_score_90"
11754,0.000338707492209728,0,0,0,0
76507,0,0,0,0,0
237940,0.474747474747475,0.202020202020202,0,0,0
13081,0,0,0,0,0
13115,0.0101010101010101,0,0,0,0
231691,0.0606060606060606,0.0606060606060606,0,0,0
20887,0.00650318385042677,0.00616447635821704,0.000745156482861401,0,0
217593,0.000203224495325837,6.77414984419455e-05,0,0,0
106557,0,0,0,0,0
16833,0,0,0,0,0
54122,1,0.95959595959596,0.232323232323232,0,0
16832,0.00670640834575261,0.00670640834575261,0.00670640834575261,0.00670640834575261,0.00643544235198483
16828,1,1,1,0.929292929292929,0.808080808080808
80879,0.00413223140495868,0.00189676195637447,0,0,0
20503,0.00670640834575261,0.00643544235198483,0.00257417694079393,0.000474190489093619,0
20501,1,1,0.97979797979798,0.515151515151515,0.0606060606060606
232156,0.00203224495325837,0.00169353746104864,0.000203224495325837,0,0
54403,1,1,0.96969696969697,0.858585858585859,0.777777777777778
18293,0.00670640834575261,0.00670640834575261,0.00670640834575261,0.00670640834575261,0.00629995935510093
13382,0.00670640834575261,0.00670640834575261,0.00670640834575261,0.00663866684731066,0.00528383687847175
27402,0.00670640834575261,0.00670640834575261,0.00670640834575261,0.00284514293456171,0.000474190489093619
78920,0.00670640834575261,0.00670640834575261,0.00670640834575261,0.00616447635821704,0.00325159192521339
100417514,0,0,0,0,0
26876,0,0,0,0,0
11522,0.101010101010101,0.0505050505050505,0.0101010101010101,0.0101010101010101,0
11529,0,0,0,0,0
11532,0.00670640834575261,0.00670640834575261,0.00670640834575261,0.00304836742988755,0.000541931987535564
76187,0.00670640834575261,0.00670640834575261,0.00338707492209728,0.000812897981303346,6.77414984419455e-05
12846,0.00670640834575261,0.00670640834575261,0.00670640834575261,0.00501287088470397,0.00128708847039697
72472,0.0029806259314456,0.0014903129657228,0,0,0
11670,0.000406448990651673,0.000135482996883891,0,0,0
73458,0,0,0,0,0
621603,0.484848484848485,0.373737373737374,0.0606060606060606,0,0
56847,0.00121934697195502,0.000270965993767782,0,0,0
67689,0.00575802736756537,0.00467416339249424,0.000270965993767782,0,0
15445,0.0101010101010101,0.0101010101010101,0.0101010101010101,0.0101010101010101,0
268860,1,1,1,0.98989898989899,0.919191919191919
70750,1,0.98989898989899,0.97979797979798,0.242424242424242,0
107766,0.000203224495325837,6.77414984419455e-05,0,0,0
52430,0.00643544235198483,0.00582576886600732,0.000948380978187237,0.000135482996883891,0
23923,0.000270965993767782,6.77414984419455e-05,0,0,0
70266,0,0,0,0,0
13195,0.00643544235198483,0.00555480287223953,0.00291288443300366,0.000948380978187237,0
17161,1,1,1,0.505050505050505,0.0404040404040404
109731,0.00670640834575261,0.00663866684731066,0.00589351036444926,0.00176127895949058,0
50799,0.808080808080808,0.434343434343434,0,0,0
78830,0.00670640834575261,0.00670640834575261,0.00670640834575261,0.00670640834575261,0.0053515783769137
246277,1,1,0.676767676767677,0.0202020202020202,0
14415,1,1,1,1,0.97979797979798
14417,0.00670640834575261,0.00670640834575261,0.00670640834575261,0.00663866684731066,0.0053515783769137
14718,0.00670640834575261,0.00670640834575261,0.00670640834575261,0.00663866684731066,0.00643544235198483
14719,0.00670640834575261,0.00670640834575261,0.00670640834575261,0.00670640834575261,0.0053515783769137
212647,0.00670640834575261,0.00663866684731066,0.00352255791898117,6.77414984419455e-05,0
17250,0.98989898989899,0.97979797979798,0.494949494949495,0.0101010101010101,0
20859,0,0,0,0,0
629219,0,0,0,0,0
434264,0,0,0,0,0
629203,0,0,0,0,0
434121,0,0,0,0,0
20509,0.00670640834575261,0.00670640834575261,0.00155805446416475,0,0
11761,0.828282828282828,0.666666666666667,0.0202020202020202,0,0
110877,6.77414984419455e-05,0,0,0,0
214084,0.828282828282828,0.737373737373737,0.373737373737374,0.101010101010101,0.0404040404040404
14275,0.383838383838384,0.282828282828283,0.0707070707070707,0.0505050505050505,0.0202020202020202
14276,6.77414984419455e-05,0,0,0,0
17159,0.00670640834575261,0.00670640834575261,0.00602899336133315,0.000541931987535564,0
239559,0.0022354694485842,0.000135482996883891,0,0,0
333424,0,0,0,0,0
80908,0,0,0,0,0
215335,0.94949494949495,0.909090909090909,0.818181818181818,0.737373737373737,0
232333,0.00670640834575261,0.00670640834575261,0.00670640834575261,0.00670640834575261,0.00636770085354288
243616,0.98989898989899,0.98989898989899,0.919191919191919,0.787878787878788,0.686868686868687
14412,0.94949494949495,0.818181818181818,0.131313131313131,0,0
14411,0.00203224495325837,0.000203224495325837,0,0,0
110446,0.00670640834575261,0.00670640834575261,0.00670640834575261,0.00643544235198483,0.00264191843923588
231086,1,1,0.96969696969697,0.656565656565657,0.0909090909090909
52538,0.98989898989899,0.95959595959596,0.787878787878788,0.181818181818182,0.0101010101010101
97212,0.00670640834575261,0.00670640834575261,0.00663866684731066,0.00508061238314592,0.000203224495325837
224530,0.00494512938626202,0.00264191843923588,0.00155805446416475,0.00101612247662918,0.000135482996883891
110460,1,1,0.97979797979798,0.303030303030303,0.0303030303030303
235674,0.000541931987535564,0.000338707492209728,6.77414984419455e-05,0,0
100705,0.787878787878788,0.737373737373737,0,0,0
11416,0.00670640834575261,0.00670640834575261,0.00623221785665899,0.000745156482861401,0
68738,0.00670640834575261,0.00670640834575261,0.00589351036444926,0.000541931987535564,0
380660,0.00237095244546809,0.000948380978187237,0,0,0
54342,0.00541931987535564,0.00501287088470397,0.00135482996883891,6.77414984419455e-05,0
56174,0.00670640834575261,0.00670640834575261,0.00541931987535564,0.00115160547351307,0.000203224495325837
109785,0.00670640834575261,0.00670640834575261,0.00128708847039697,0.000135482996883891,0
327942,0.00629995935510093,0.00555480287223953,0.000338707492209728,0,0
217214,0.0101010101010101,0.0101010101010101,0,0,0
11423,0.00670640834575261,0.00670640834575261,0.00643544235198483,0.00365804091586506,0.00209998645170031
20508,0,0,0,0,0
104112,0.00670640834575261,0.00670640834575261,0.00670640834575261,0.00650318385042677,0.0053515783769137
94181,0.00670640834575261,0.00663866684731066,0.00257417694079393,0.000135482996883891,0
235504,1,1,0.767676767676768,0.0101010101010101,0
67311,0.323232323232323,0.222222222222222,0.0909090909090909,0,0
11433,0.0101010101010101,0,0,0,0
66659,0.00636770085354288,0.00636770085354288,0.00128708847039697,0,0
66885,0.00670640834575261,0.00670640834575261,0.00670640834575261,0.0060967348597751,0.00060967348597751
11364,0.00670640834575261,0.00670640834575261,0.00643544235198483,0.000812897981303346,0
11409,0.96969696969697,0.808080808080808,0,0,0
102632,1,1,0.808080808080808,0.0202020202020202,0
66948,1,1,0.848484848484849,0.0808080808080808,0
229211,0.00670640834575261,0.00670640834575261,0.00670640834575261,0.00108386397507113,0
56357,1,1,0.96969696969697,0.737373737373737,0
74156,0.0202020202020202,0.0202020202020202,0,0,0
11430,1,1,1,0.98989898989899,0.818181818181818
109652,0.00670640834575261,0.00636770085354288,0.000812897981303346,0,0
11429,1,1,1,1,1
11428,0.00670640834575261,0.00670640834575261,0.00575802736756537,0.000474190489093619,0
93732,0.000474190489093619,0.000203224495325837,0,0,0
11431,1,1,0.96969696969697,0.575757575757576,0.0707070707070707
56318,0,0,0,0,0
57279,1,1,0.292929292929293,0.0101010101010101,0
60525,1,1,0.98989898989899,0.404040404040404,0
78894,0.00670640834575261,0.00670640834575261,0.00602899336133315,0.00142257146728086,6.77414984419455e-05
107626,0,0,0,0,0
13106,0.0404040404040404,0.0101010101010101,0.0101010101010101,0.0101010101010101,0
11486,0.00060967348597751,0.000203224495325837,0,0,0
13340,0.00663866684731066,0.00636770085354288,0.000677414984419455,0,0
11639,0.00670640834575261,0.00670640834575261,0.00623221785665899,0.00264191843923588,0.000541931987535564
11637,0.00670640834575261,0.00670640834575261,0.00413223140495868,0.000541931987535564,0
229949,1,1,0.868686868686869,0.585858585858586,0.383838383838384
56248,1,1,1,0.94949494949495,0.252525252525253
11702,0.96969696969697,0.96969696969697,0.96969696969697,0.656565656565657,0.323232323232323
100041585,0.00264191843923588,0.00182902045793253,0.000541931987535564,0.000541931987535564,0.000541931987535564
11512,0.00643544235198483,0.00616447635821704,0.00548706137379759,0.00250643544235198,0
271639,0.0606060606060606,0.0303030303030303,0,0,0
104111,1,1,0.94949494949495,0.191919191919192,0.0101010101010101
11514,0.00657092534886872,0.00650318385042677,0.00487738788782008,0.000745156482861401,0
210044,0.00670640834575261,0.00670640834575261,0.00657092534886872,0.00562254437068148,0.00216772795014226
11513,0.898989898989899,0.696969696969697,0.282828282828283,0,0
432530,0.00670640834575261,0.00670640834575261,0.00650318385042677,0.0060967348597751,0.00562254437068148
104110,0.00426771440184257,0.00060967348597751,0,0,0
11515,0.98989898989899,0.98989898989899,0.858585858585859,0.484848484848485,0.0505050505050505
224129,1,1,0.96969696969697,0.767676767676768,0.595959595959596
63959,1,0.97979797979798,0.646464646464647,0.0606060606060606,0
434203,0.000135482996883891,0.000135482996883891,0,0,0
114304,0.000203224495325837,6.77414984419455e-05,0,0,0
269346,0,0,0,0,0
71279,0.94949494949495,0.93939393939394,0.575757575757576,0,0
53893,0.00670640834575261,0.00670640834575261,0.0029806259314456,0.00101612247662918,6.77414984419455e-05
12494,0.93939393939394,0.777777777777778,0.252525252525253,0.0404040404040404,0
12895,0.0909090909090909,0.0101010101010101,0,0,0
78070,0.00670640834575261,0.00670640834575261,0.00670640834575261,0.00487738788782008,0.000338707492209728
12894,0.00663866684731066,0.00657092534886872,0.00555480287223953,0.000135482996883891,6.77414984419455e-05
12896,0.97979797979798,0.898989898989899,0.0606060606060606,0,0
23972,0.98989898989899,0.98989898989899,0.282828282828283,0,0
23971,0.00670640834575261,0.00670640834575261,0.00670640834575261,0.00623221785665899,0.000270965993767782
11564,1,1,0.848484848484849,0.0505050505050505,0
231727,0.232323232323232,0.121212121212121,0,0,0
53625,0.757575757575758,0.676767676767677,0.555555555555556,0.0707070707070707,0.0101010101010101
108902,0,0,0,0,0
210004,0.00657092534886872,0.00447093889716841,0.000541931987535564,0,0
232984,0.252525252525253,0.242424242424242,0.151515151515152,0,0
227327,0.00101612247662918,0.000203224495325837,0,0,0
72297,0.000338707492209728,0.000135482996883891,0,0,0
75986,0.00060967348597751,0.000338707492209728,0,0,0
67512,0.202020202020202,0.0505050505050505,0,0,0
102247,0,0,0,0,0
68262,1,1,1,0.464646464646465,0
28169,0.00670640834575261,0.00670640834575261,0.00670640834575261,0.00643544235198483,0.00514835388158786
52123,0.00670640834575261,0.00670640834575261,0.00670640834575261,0.00575802736756537,0.0014903129657228
55979,0.00663866684731066,0.00657092534886872,0.00596125186289121,0.00508061238314592,0.000948380978187237
67216,1,1,0.98989898989899,0.424242424242424,0.0303030303030303
268782,0,0,0,0,0
71760,0,0,0,0,0
11611,6.77414984419455e-05,6.77414984419455e-05,0,0,0
15211,0.00670640834575261,0.00670640834575261,0.00643544235198483,0.00318385042677144,0.000270965993767782
15212,1,1,0.93939393939394,0.878787878787879,0.303030303030303
67054,0.00670640834575261,0.00670640834575261,0.00670640834575261,0.00643544235198483,0.00257417694079393
67863,1,1,1,0.97979797979798,0.353535353535354
27376,0.00670640834575261,0.00663866684731066,0.00209998645170031,0,0
114644,0.95959595959596,0.919191919191919,0.434343434343434,0,0
77337,0,0,0,0,0
83702,6.77414984419455e-05,6.77414984419455e-05,6.77414984419455e-05,0,0
208665,0.0101010101010101,0.0101010101010101,0,0,0
20514,0.585858585858586,0.141414141414141,0,0,0
55963,0.00663866684731066,0.00663866684731066,0.00643544235198483,0.00413223140495868,0.000677414984419455
53896,0.97979797979798,0.97979797979798,0.96969696969697,0.242424242424242,0
17254,0.00670640834575261,0.00670640834575261,0.00670640834575261,0.00643544235198483,0.00203224495325837
11656,0.848484848484849,0.535353535353535,0.0404040404040404,0,0
26912,0.797979797979798,0.686868686868687,0.0808080808080808,0,0
11655,0.00670640834575261,0.00670640834575261,0.00643544235198483,0.00230321094702615,0
67760,1,1,1,0.929292929292929,0.606060606060606
11988,0.97979797979798,0.95959595959596,0.696969696969697,0.0707070707070707,0.0202020202020202
56774,0,0,0,0,0
11987,0.00670640834575261,0.00657092534886872,0.00548706137379759,0.0029806259314456,0
105727,0.00670640834575261,0.00670640834575261,0.00670640834575261,0.00575802736756537,0.00528383687847175
69354,0.212121212121212,0.101010101010101,0.0101010101010101,0,0
11989,0.00623221785665899,0.00582576886600732,0.00250643544235198,6.77414984419455e-05,0
74338,0.000270965993767782,6.77414984419455e-05,0,0,0
57394,0,0,0,0,0
70008,0.00216772795014226,0.000135482996883891,0,0,0
76282,0.00670640834575261,0.00636770085354288,0.00142257146728086,0,0
108682,1,1,1,0.525252525252525,0
209837,0.00413223140495868,0.00257417694079393,0.000135482996883891,0,0
76257,0.00670640834575261,0.00670640834575261,0.00663866684731066,0.00365804091586506,0.000203224495325837
225791,0,0,0,0,0
58810,0,0,0,0,0
11668,0.00657092534886872,0.00657092534886872,0.00636770085354288,0.00487738788782008,0.00169353746104864
19378,0.888888888888889,0.737373737373737,0.101010101010101,0,0
110695,1,1,1,0.676767676767677,0.0606060606060606
56752,1,1,0.96969696969697,0.0909090909090909,0
11671,0.98989898989899,0.98989898989899,0.97979797979798,0.383838383838384,0
72535,0.00575802736756537,0.0053515783769137,0.000474190489093619,0,0
11669,1,1,1,0.686868686868687,0.0808080808080808
11684,0.0505050505050505,0.0101010101010101,0,0,0
11688,0.919191919191919,0.505050505050505,0.0202020202020202,0,0
11687,0,0,0,0,0
11689,0.101010101010101,0.0101010101010101,0,0,0
110198,1,1,0.646464646464647,0.0202020202020202,0
11677,0,0,0,0,0
17117,1,0.98989898989899,0.141414141414141,0,0
67582,1,1,0.121212121212121,0,0
109674,0.00670640834575261,0.00670640834575261,0.00643544235198483,0.0038612654111909,0
229665,0,0,0,0,0
11717,1,0.98989898989899,0.616161616161616,0.0202020202020202,0
16790,0.00426771440184257,0.0014903129657228,0,0,0
109959,0,0,0,0,0
100043688,0,0,0,0,0
100043684,0,0,0,0,0
100043686,0,0,0,0,0
11722,1,1,0.434343434343434,0.0606060606060606,0
20532,0.222222222222222,0.191919191919192,0.181818181818182,0.101010101010101,0
30962,0,0,0,0,0
26459,6.77414984419455e-05,6.77414984419455e-05,6.77414984419455e-05,0,0
242669,0,0,0,0,0
330836,1,1,0.585858585858586,0,0
11847,0.656565656565657,0.404040404040404,0.212121212121212,0.141414141414141,0.0707070707070707
11898,0.848484848484849,0.737373737373737,0.575757575757576,0.121212121212121,0
83885,6.77414984419455e-05,0,0,0,0
18408,0.98989898989899,0.98989898989899,0.202020202020202,0,0
11883,0.00670640834575261,0.00670640834575261,0.00602899336133315,6.77414984419455e-05,0
11886,0.00670640834575261,0.00670640834575261,0.00650318385042677,0.00379352391274895,0.000812897981303346
54338,0.00670640834575261,0.00670640834575261,0.00670640834575261,0.00616447635821704,0.0046064218940523
20522,0.0707070707070707,0,0,0,0
66514,0.00670640834575261,0.00670640834575261,0.00670640834575261,0.00670640834575261,0.00629995935510093
27053,0.00670640834575261,0.00670640834575261,0.00670640834575261,0.00616447635821704,0.00162579596260669
69719,0.00636770085354288,0.00616447635821704,0.00331933342365533,0,0
20513,0.00657092534886872,0.0060967348597751,0.00237095244546809,0.000948380978187237,0
20510,1,1,1,0.888888888888889,0.121212121212121
20512,1,1,1,1,1
20511,0.00670640834575261,0.00670640834575261,0.00670640834575261,0.00670640834575261,0.00670640834575261
242607,0,0,0,0,0
12496,0.888888888888889,0.848484848484849,0.202020202020202,0,0
12495,0.00670640834575261,0.00636770085354288,0.000745156482861401,0,0
215446,0.00643544235198483,0.00569028586912342,0.000745156482861401,0,0
12497,0.00670640834575261,0.00670640834575261,0.00616447635821704,0.0029806259314456,0.000135482996883891
12499,1,1,0.94949494949495,0.141414141414141,0
72090,6.77414984419455e-05,0,0,0,0
11739,0.00670640834575261,0.00670640834575261,0.00670640834575261,0.00670640834575261,0.00670640834575261
11740,0.00670640834575261,0.00670640834575261,0.00670640834575261,0.00670640834575261,0.00650318385042677
73333,0.0101010101010101,0,0,0,0
110173,0.96969696969697,0.96969696969697,0.0909090909090909,0,0
26879,1,1,1,0.515151515151515,0.171717171717172
54218,0.868686868686869,0.494949494949495,0,0,0
93961,0.00663866684731066,0.00650318385042677,0.00623221785665899,0.00325159192521339,0.000135482996883891
108105,0.00182902045793253,0.00162579596260669,0.00108386397507113,0.00060967348597751,0
12012,6.77414984419455e-05,6.77414984419455e-05,0,0,0
110948,1,0.97979797979798,0.373737373737374,0,0
22348,0.93939393939394,0.929292929292929,0.848484848484849,0.686868686868687,0.464646464646465
170442,0.00467416339249424,0.00365804091586506,0.00060967348597751,0,0
63857,0,0,0,0,0
71911,1,1,1,0.414141414141414,0.0303030303030303
64918,0.000474190489093619,0.000203224495325837,0,0,0
12116,0.0404040404040404,0.0101010101010101,0.0101010101010101,0,0
101488,0.95959595959596,0.929292929292929,0.262626262626263,0,0
12780,6.77414984419455e-05,6.77414984419455e-05,6.77414984419455e-05,0,0
76408,0.313131313131313,0.0202020202020202,0,0,0
28253,0.000203224495325837,6.77414984419455e-05,6.77414984419455e-05,6.77414984419455e-05,0
233016,0.00670640834575261,0.00569028586912342,0.000677414984419455,6.77414984419455e-05,0
109778,1,0.97979797979798,0.484848484848485,0.111111111111111,0.0202020202020202
55981,0.00670640834575261,0.00650318385042677,0.00379352391274895,0.000948380978187237,0
23827,0.00670640834575261,0.00670640834575261,0.00670640834575261,0.0046064218940523,6.77414984419455e-05
26363,1,0.97979797979798,0.111111111111111,0,0
330064,1,1,0.747474747474748,0.0202020202020202,0
80721,0.00501287088470397,0.00182902045793253,0,0,0
103149,0.0909090909090909,0.0202020202020202,0,0,0
73166,1,0.97979797979798,0.404040404040404,0.111111111111111,0
18194,1,0.97979797979798,0.828282828282828,0.0808080808080808,0.0101010101010101
15488,1,1,0.95959595959596,0.838383838383838,0
66234,0,0,0,0,0
320707,0.00670640834575261,0.00670640834575261,0.0060967348597751,0.00541931987535564,0.00399674840807479
11941,1,1,1,0.95959595959596,0.909090909090909
67972,0.00670640834575261,0.00670640834575261,0.00670640834575261,0.00670640834575261,0.00643544235198483
381290,0.98989898989899,0.98989898989899,0.94949494949495,0.747474747474748,0.474747474747475
12359,1,1,0.98989898989899,0.535353535353535,0.0404040404040404
110893,0.00629995935510093,0.00623221785665899,0.00501287088470397,0.00257417694079393,0.000135482996883891
20541,0.00670640834575261,0.00650318385042677,0.00575802736756537,0.00433545590028451,0.00399674840807479
110891,0.888888888888889,0.878787878787879,0.848484848484849,0.828282828282828,0.474747474747475
109136,1,1,0.686868686868687,0.0707070707070707,0
14377,0.0101010101010101,0.0101010101010101,0.0101010101010101,0,0
14378,0,0,0,0,0
68401,0.00670640834575261,0.00670640834575261,0.00636770085354288,0.00196450345481642,0
227231,0.000406448990651673,0.000135482996883891,6.77414984419455e-05,6.77414984419455e-05,6.77414984419455e-05
12408,0.00670640834575261,0.00670640834575261,0.00670640834575261,0.00413223140495868,0.000948380978187237
52858,1,1,1,0.909090909090909,0.363636363636364
74596,1,1,0.98989898989899,0.797979797979798,0.222222222222222
110911,0.00670640834575261,0.00670640834575261,0.00670640834575261,0.00623221785665899,0.00575802736756537
99712,1,1,0.94949494949495,0.343434343434343,0.101010101010101
212862,0.00670640834575261,0.00670640834575261,0.00657092534886872,0.00392900690963284,0.00162579596260669
223753,1,1,0.96969696969697,0.808080808080808,0.171717171717172
68018,0,0,0,0,0
57738,1,0.98989898989899,0.676767676767677,0.101010101010101,0
12642,0.000203224495325837,6.77414984419455e-05,0,0,0
12647,0.353535353535354,0.242424242424242,0.0404040404040404,0,0
237928,0.00257417694079393,0.00162579596260669,0.000270965993767782,0.000203224495325837,0
13026,1,1,0.929292929292929,0.313131313131313,0
236899,0.00670640834575261,0.00663866684731066,0.00636770085354288,0.00182902045793253,0.000135482996883891
108096,0.0707070707070707,0.0505050505050505,0,0,0
20493,0.0606060606060606,0.0505050505050505,0.0101010101010101,0,0
20494,0,0,0,0,0
27413,0.0101010101010101,0.0101010101010101,0.0101010101010101,0,0
218865,0.00575802736756537,0.00447093889716841,0.000203224495325837,0,0
12651,0.00399674840807479,0.00379352391274895,0.00250643544235198,0.000203224495325837,0
12660,1,1,0.98989898989899,0.484848484848485,0.0101010101010101
63993,0.00365804091586506,0.00318385042677144,0.000745156482861401,6.77414984419455e-05,0
20518,0.000270965993767782,0,0,0,0
20520,1,0.919191919191919,0.0606060606060606,0,0
54200,0.818181818181818,0.464646464646465,0.0606060606060606,0,0
59045,0.00670640834575261,0.00670640834575261,0.00521609538002981,0,0
11303,0.00657092534886872,0.00650318385042677,0.0053515783769137,0.00257417694079393,0.000406448990651673
81600,0,0,0,0,0
67729,0.00562254437068148,0.00494512938626202,0.000406448990651673,0,0
71884,6.77414984419455e-05,0,0,0,0
20500,0,0,0,0,0
13358,1,1,0.898989898989899,0.343434343434343,0.0101010101010101
12716,1,1,1,0.97979797979798,0.838383838383838
76722,0,0,0,0,0
12709,0.00670640834575261,0.00670640834575261,0.00670640834575261,0.00670640834575261,0.00670640834575261
12715,0,0,0,0,0
23985,0.0029806259314456,0.00230321094702615,0.000541931987535564,6.77414984419455e-05,0
171429,0.00596125186289121,0.00528383687847175,0,0,0
66586,1,1,0.888888888888889,0.151515151515152,0.0404040404040404
24060,0.00670640834575261,0.00670640834575261,0.00325159192521339,0.000812897981303346,6.77414984419455e-05
12764,1,1,1,0.93939393939394,0.404040404040404
73132,0.00670640834575261,0.00670640834575261,0.00636770085354288,0.0014903129657228,0
436059,0,0,0,0,0
230027,0.00670640834575261,0.00670640834575261,0.00480964638937813,0.000474190489093619,0
217707,1,1,0.303030303030303,0.0101010101010101,0
12850,0.00670640834575261,0.00670640834575261,0.00528383687847175,0.00121934697195502,0.000474190489093619
72077,0.0202020202020202,0,0,0,0
14537,0.818181818181818,0.333333333333333,0.101010101010101,0,0
218476,0.00494512938626202,0.00338707492209728,0.000406448990651673,0,0
272411,0.0404040404040404,0.0303030303030303,0,0,0
102857,0.00670640834575261,0.00670640834575261,0.00569028586912342,0.00453868039561035,0.00115160547351307
12908,1,1,0.94949494949495,0.0606060606060606,0
30805,0.00643544235198483,0.00629995935510093,0.0014903129657228,0,0
12974,0.00670640834575261,0.00670640834575261,0.00670640834575261,0.00670640834575261,0.00663866684731066
74114,1,1,0.929292929292929,0.171717171717172,0.0101010101010101
20539,0.00670640834575261,0.00657092534886872,0.00589351036444926,0.00433545590028451,0.000406448990651673
50934,0.00670640834575261,0.00670640834575261,0.00629995935510093,0.0029806259314456,0
12583,0.00670640834575261,0.00663866684731066,0.00501287088470397,0.00121934697195502,0.000135482996883891
215113,0.00670640834575261,0.00670640834575261,0.00596125186289121,0.00392900690963284,0.000880639479745292
26570,0.00670640834575261,0.00670640834575261,0.0060967348597751,0.0029806259314456,0.000270965993767782
72269,0.383838383838384,0.262626262626263,0,0,0
11628,0,0,0,0,0
80914,0.00670640834575261,0.00670640834575261,0.00365804091586506,0.000203224495325837,0
22245,1,1,0.98989898989899,0.0808080808080808,0
66588,1,1,1,0.888888888888889,0.333333333333333
22169,0.00670640834575261,0.00670640834575261,0.0060967348597751,0,0
320127,0.98989898989899,0.97979797979798,0.666666666666667,0.0808080808080808,0.0404040404040404
217480,0.00670640834575261,0.00670640834575261,0.00670640834575261,0.00602899336133315,0.00318385042677144
104418,0.00670640834575261,0.00670640834575261,0.00670640834575261,0.00636770085354288,0.00562254437068148
380921,0.00670640834575261,0.00663866684731066,0.0046064218940523,0.00270965993767782,0.000880639479745292
110197,1,1,1,0.565656565656566,0.232323232323232
227333,1,1,0.96969696969697,0.787878787878788,0.242424242424242
13139,0.98989898989899,0.96969696969697,0.101010101010101,0,0
56077,0.00670640834575261,0.00670640834575261,0.00663866684731066,0.00467416339249424,0.00142257146728086
110524,1,1,0.94949494949495,0.111111111111111,0
13142,0.00135482996883891,0.00128708847039697,0.00101612247662918,0.000203224495325837,0
93692,1,1,0.828282828282828,0.121212121212121,0.0101010101010101
69367,0.00670640834575261,0.00670640834575261,0.00670640834575261,0.00325159192521339,0.000406448990651673
70503,0.98989898989899,0.878787878787879,0.282828282828283,0.0101010101010101,0
13177,1,1,0.606060606060606,0.101010101010101,0.0101010101010101
23986,0.00670640834575261,0.00670640834575261,0.00582576886600732,0.000880639479745292,0
13178,0.98989898989899,0.98989898989899,0.93939393939394,0,0
13190,0.0707070707070707,0.0202020202020202,0.0101010101010101,0,0
20249,0.00670640834575261,0.00670640834575261,0.00670640834575261,0.00616447635821704,0.00508061238314592
56473,0.98989898989899,0.95959595959596,0.94949494949495,0.828282828282828,0.494949494949495
76267,0.00670640834575261,0.00670640834575261,0.00670640834575261,0.00670640834575261,0.00623221785665899
13350,1,1,0.626262626262626,0.0101010101010101,0
67800,0.00670640834575261,0.00670640834575261,0.00569028586912342,0.00331933342365533,0.000203224495325837
27369,1,1,0.252525252525253,0.0808080808080808,0.0101010101010101
20527,0.00670640834575261,0.00670640834575261,0.00670640834575261,0.00623221785665899,0.003725782414307
20525,1,1,0.98989898989899,0.818181818181818,0.222222222222222
20528,0.333333333333333,0.141414141414141,0,0,0
74754,0.00670640834575261,0.00657092534886872,0.00575802736756537,0.00474190489093619,0.00243869394391004
13122,0.0101010101010101,0,0,0,0
13360,1,1,0.777777777777778,0.131313131313131,0
13244,0.00670640834575261,0.00670640834575261,0.00670640834575261,0.00575802736756537,0.00216772795014226
70059,0.828282828282828,0.454545454545455,0.141414141414141,0.0505050505050505,0
20860,0,0,0,0,0
56749,0.00670640834575261,0.00670640834575261,0.003725782414307,6.77414984419455e-05,0
64705,0.000338707492209728,6.77414984419455e-05,0,0,0
22240,0.00670640834575261,0.00670640834575261,0.00657092534886872,0.00338707492209728,0.00060967348597751
12934,1,1,1,0.919191919191919,0.696969696969697
57274,0.242424242424242,0.0909090909090909,0,0,0
110196,0.717171717171717,0.686868686868687,0.636363636363636,0.424242424242424,0.0808080808080808
74129,0.00060967348597751,0.000338707492209728,0,0,0
67283,1,1,0.94949494949495,0.171717171717172,0.0101010101010101
380959,0.00636770085354288,0.00623221785665899,0.00541931987535564,0.00196450345481642,0.000270965993767782
68563,0.919191919191919,0.858585858585859,0.434343434343434,0.0606060606060606,0
13481,0.00670640834575261,0.00670640834575261,0.00548706137379759,0.00135482996883891,0.000677414984419455
13480,1,0.888888888888889,0.363636363636364,0.161616161616162,0.0606060606060606
59012,0.00596125186289121,0.00453868039561035,0.000474190489093619,0,0
13166,0.0404040404040404,0.0202020202020202,0,0,0
22173,0.0101010101010101,0.0101010101010101,0.0101010101010101,0,0
20538,0.0404040404040404,0.0303030303030303,0.0101010101010101,0,0
13162,0,0,0,0,0
20519,0.00284514293456171,0.00155805446416475,0,0,0
12183,1,1,1,0.838383838383838,0.121212121212121
18648,0.00670640834575261,0.00670640834575261,0.00636770085354288,0.00623221785665899,0.00508061238314592
56012,0.767676767676768,0.505050505050505,0.0303030303030303,0,0
192156,0.00670640834575261,0.00657092534886872,0.00413223140495868,0.000338707492209728,0
232449,0.00440319739872646,0.00176127895949058,0,0,0
99586,0.96969696969697,0.757575757575758,0.0808080808080808,0,0
21877,0.00101612247662918,0.000338707492209728,0,0,0
57813,1,1,0.95959595959596,0.101010101010101,0
110074,1,1,0.94949494949495,0.111111111111111,0
16434,1,1,0.95959595959596,0.303030303030303,0
13595,0.00670640834575261,0.00670640834575261,0.00331933342365533,0.000338707492209728,0
93747,0.00670640834575261,0.00670640834575261,0.00670640834575261,0.00270965993767782,0.000541931987535564
11992,0.00670640834575261,0.00670640834575261,0.00643544235198483,0.00480964638937813,0.000541931987535564
51798,0.00670640834575261,0.00670640834575261,0.00589351036444926,0.00169353746104864,0.000812897981303346
74147,0.00569028586912342,0.00359029941742311,0.000270965993767782,0,0
26458,0.898989898989899,0.686868686868687,0.0202020202020202,0,0
108115,0.747474747474748,0.191919191919192,0.0303030303030303,0,0
58807,1,1,0.95959595959596,0.505050505050505,0.0707070707070707
239273,0.00629995935510093,0.00623221785665899,0.00060967348597751,0,0
108116,0.00670640834575261,0.00670640834575261,0.00643544235198483,0.00237095244546809,0
110826,0.00569028586912342,0.00508061238314592,0.0046064218940523,0.00155805446416475,0.000745156482861401
110842,1,1,0.919191919191919,0.282828282828283,0.121212121212121
66841,1,1,0.909090909090909,0.121212121212121,0.0202020202020202
75320,0.00670640834575261,0.00670640834575261,0.00670640834575261,0.00670640834575261,0.00602899336133315
214253,0.909090909090909,0.707070707070707,0.0808080808080808,0,0
75540,0.00670640834575261,0.00670640834575261,0.0046064218940523,0.000406448990651673,0
435766,0.0404040404040404,0.0101010101010101,0,0,0
74205,1,1,1,1,0.929292929292929
50790,0.00670640834575261,0.00670640834575261,0.00663866684731066,0.00569028586912342,0.000677414984419455
14081,0.00670640834575261,0.00670640834575261,0.00657092534886872,0.00176127895949058,0
433256,1,1,0.898989898989899,0.424242424242424,0
328845,0,0,0,0,0
216739,0.00670640834575261,0.00670640834575261,0.00670640834575261,0.00670640834575261,0.00569028586912342
117147,0,0,0,0,0
18605,0.898989898989899,0.727272727272727,0.0606060606060606,0,0
209558,0.0303030303030303,0.0101010101010101,0,0,0
83603,1,1,1,0.767676767676768,0.191919191919192
170439,1,1,1,0.828282828282828,0.191919191919192
68801,0.00670640834575261,0.00670640834575261,0.00670640834575261,0.00650318385042677,0.00162579596260669
54326,0.00670640834575261,0.00670640834575261,0.00284514293456171,0.00060967348597751,0
666168,0,0,0,0,0
100040843,0,0,0,0,0
13117,0.0101010101010101,0.0101010101010101,0,0,0
435802,0,0,0,0,0
14104,0.00670640834575261,0.00670640834575261,0.00643544235198483,0.00575802736756537,0.00494512938626202
26457,0.00670640834575261,0.00670640834575261,0.00636770085354288,0.00508061238314592,0.000406448990651673
26569,1,0.98989898989899,0.94949494949495,0.757575757575758,0.191919191919192
26568,0.00487738788782008,0.00345481642053922,0.000270965993767782,0,0
11674,0.00670640834575261,0.00670640834575261,0.00670640834575261,0.00670640834575261,0.00670640834575261
230163,0.232323232323232,0.111111111111111,0.0101010101010101,0.0101010101010101,0.0101010101010101
11676,0.00670640834575261,0.00670640834575261,0.00670640834575261,0.00670640834575261,0.00670640834575261
14121,0.0202020202020202,0.0101010101010101,0.0101010101010101,0,0
270198,1,0.96969696969697,0.0404040404040404,0,0
18639,0.000338707492209728,6.77414984419455e-05,0,0,0
170768,0.00670640834575261,0.00657092534886872,0.00555480287223953,0.000474190489093619,0
18640,1,1,0.858585858585859,0.0606060606060606,0
14120,0,0,0,0,0
14151,1,1,0.95959595959596,0.545454545454545,0.111111111111111
107747,1,1,0.919191919191919,0.676767676767677,0.0101010101010101
73649,0.535353535353535,0.202020202020202,0.0909090909090909,0.0202020202020202,0
234730,0,0,0,0,0
71562,0.00325159192521339,0.00237095244546809,0,0,0
13361,0.00663866684731066,0.0053515783769137,0.000406448990651673,0,0
14287,0.929292929292929,0.757575757575758,0.0101010101010101,0,0
56017,0.00670640834575261,0.00670640834575261,0.00284514293456171,0,0
20526,0.0101010101010101,0.0101010101010101,0,0,0
435818,0,0,0,0,0
56485,0.00548706137379759,0.003725782414307,6.77414984419455e-05,0,0
216188,0.00623221785665899,0.00508061238314592,0.000677414984419455,0,0
270685,0.95959595959596,0.929292929292929,0.272727272727273,0,0
108156,0.00670640834575261,0.00670640834575261,0.00643544235198483,0.000541931987535564,0
66848,1,1,0.98989898989899,0.505050505050505,0.0202020202020202
71665,0.00670640834575261,0.00670640834575261,0.00643544235198483,0.00128708847039697,6.77414984419455e-05
14085,0.00663866684731066,0.00657092534886872,0.00264191843923588,0.000338707492209728,0
14194,1,1,0.95959595959596,0.919191919191919,0.191919191919192
14343,0,0,0,0,0
14348,1,1,0.98989898989899,0.919191919191919,0.505050505050505
57370,0.00670640834575261,0.00670640834575261,0.0060967348597751,0.000541931987535564,0
53418,1,1,0.858585858585859,0.676767676767677,0.151515151515152
14595,0.00589351036444926,0.00528383687847175,0,0,0
56336,0.00670640834575261,0.00663866684731066,0.00575802736756537,0.00345481642053922,6.77414984419455e-05
14571,1,1,1,0.98989898989899,0.393939393939394
56454,0.98989898989899,0.97979797979798,0.737373737373737,0.0202020202020202,0
100198,0.858585858585859,0.808080808080808,0.0505050505050505,0,0
14381,0.00670640834575261,0.00670640834575261,0.00636770085354288,0.00115160547351307,0
14385,1,1,0.515151515151515,0.0202020202020202,0
14431,1,0.94949494949495,0.444444444444444,0.0202020202020202,0
53897,0.00657092534886872,0.00555480287223953,0.00196450345481642,6.77414984419455e-05,0
19025,0.00670640834575261,0.00670640834575261,0.00670640834575261,0.00602899336133315,0.000745156482861401
12091,1,0.98989898989899,0.656565656565657,0.0404040404040404,0
50917,0.00629995935510093,0.00501287088470397,0,0,0
18010,0.00670640834575261,0.00670640834575261,0.00663866684731066,0.00270965993767782,0
14420,0.98989898989899,0.98989898989899,0.757575757575758,0.0202020202020202,0
14421,0.00670640834575261,0.00670640834575261,0.00663866684731066,0.0046064218940523,0.000541931987535564
234356,0.00670640834575261,0.00663866684731066,0.00311610892832949,0.000135482996883891,0
78752,1,1,0.494949494949495,0,0
74241,0.00670640834575261,0.00670640834575261,0.00616447635821704,0.00494512938626202,0.000880639479745292
269941,0.00657092534886872,0.00623221785665899,0.00203224495325837,0.000338707492209728,0
78923,0.808080808080808,0.757575757575758,0.131313131313131,0,0
230145,0.000948380978187237,0.000474190489093619,0,0,0
14423,1,1,0.98989898989899,0.757575757575758,0.0303030303030303
231605,1,1,0.96969696969697,0.636363636363636,0.181818181818182
14426,0.909090909090909,0.797979797979798,0.0404040404040404,0,0
171212,0.00650318385042677,0.00616447635821704,0.00250643544235198,0.000270965993767782,0
271786,1,1,0.757575757575758,0.303030303030303,0.141414141414141
207839,0.888888888888889,0.878787878787879,0.373737373737374,0.0101010101010101,0
78754,0,0,0,0,0
241391,0.000880639479745292,0.000812897981303346,0.000270965993767782,0.000135482996883891,0
108148,0.585858585858586,0.585858585858586,0.565656565656566,0.434343434343434,0.0505050505050505
108150,0.00670640834575261,0.00663866684731066,0.00196450345481642,0.000880639479745292,0
71685,0.00623221785665899,0.00589351036444926,0.00257417694079393,0,0
231050,1,1,0.94949494949495,0.171717171717172,0
14425,0.00115160547351307,0.00060967348597751,0,0,0
170441,0.00230321094702615,0.000406448990651673,0,0,0
117592,1,1,0.505050505050505,0.0505050505050505,0
218271,0.00636770085354288,0.00636770085354288,0.00501287088470397,6.77414984419455e-05,0
232714,6.77414984419455e-05,6.77414984419455e-05,0,0,0
14450,1,0.98989898989899,0.898989898989899,0,0
11593,0.94949494949495,0.858585858585859,0.131313131313131,0,0
14466,1,1,0.93939393939394,0.131313131313131,0
227671,0.0404040404040404,0,0,0,0
104776,0.00670640834575261,0.00670640834575261,0.00670640834575261,0.00582576886600732,0.000745156482861401
214579,1,1,0.898989898989899,0.787878787878788,0.272727272727273
434437,0.898989898989899,0.828282828282828,0.666666666666667,0,0
104174,0.98989898989899,0.98989898989899,0.575757575757576,0.0505050505050505,0
68133,0.00670640834575261,0.00670640834575261,0.00670640834575261,0.00237095244546809,0.00101612247662918
14538,0.00670640834575261,0.00670640834575261,0.00243869394391004,0.000203224495325837,0.000135482996883891
228368,0.97979797979798,0.95959595959596,0.171717171717172,0,0
22122,0,0,0,0,0
14590,1,1,0.353535353535354,0.0707070707070707,0
110175,1,1,0.515151515151515,0.0404040404040404,0
27357,1,1,0.888888888888889,0.151515151515152,0.0303030303030303
232493,0.0101010101010101,0,0,0,0
14936,0.00670640834575261,0.00670640834575261,0.00257417694079393,0,0
23887,0.434343434343434,0.0101010101010101,0,0,0
108037,0.98989898989899,0.98989898989899,0.444444444444444,0,0
20425,0.00311610892832949,0.000745156482861401,0,0,0
11605,0.00670640834575261,0.00670640834575261,0.00176127895949058,0,0
74185,1,0.97979797979798,0.505050505050505,0,0
110006,1,1,0.343434343434343,0,0
109685,0.00101612247662918,0.000474190489093619,0,0,0
93683,0.00670640834575261,0.00670640834575261,0.00643544235198483,0.00142257146728086,0.000203224495325837
100910,1,1,0.929292929292929,0.323232323232323,0.0606060606060606
14042,0.00670640834575261,0.00670640834575261,0.00521609538002981,0.00121934697195502,0
14043,1,1,0.929292929292929,0.0808080808080808,0
76898,0.00670640834575261,0.00670640834575261,0.00589351036444926,0.00562254437068148,0.00365804091586506
280645,1,1,0.515151515151515,0.252525252525253,0.0101010101010101
72727,0.00670640834575261,0.00670640834575261,0.00670640834575261,0.00575802736756537,0.00345481642053922
27419,0.97979797979798,0.94949494949495,0,0,0
64580,0.00555480287223953,0.00521609538002981,0.00155805446416475,0,0
15531,0.98989898989899,0.98989898989899,0.868686868686869,0.818181818181818,0.252525252525253
83398,1,0.97979797979798,0.595959595959596,0.161616161616162,0.141414141414141
17423,0.00657092534886872,0.00643544235198483,0.00135482996883891,0,0
54616,0.00670640834575261,0.00670640834575261,0.00616447635821704,0.00569028586912342,0.0046064218940523
58193,1,1,1,0.93939393939394,0.303030303030303
56219,0.00663866684731066,0.00602899336133315,0.00508061238314592,0.00182902045793253,0
117591,0.121212121212121,0.0202020202020202,0,0,0
353169,0.95959595959596,0.808080808080808,0.131313131313131,0.0101010101010101,0
227659,1,1,0.616161616161616,0,0
20537,0.151515151515152,0.141414141414141,0.0101010101010101,0,0
77559,1,1,0.838383838383838,0.383838383838384,0
110078,1,1,1,0.97979797979798,0.868686868686869
19309,0.98989898989899,0.97979797979798,0.898989898989899,0.282828282828283,0.0101010101010101
110095,0.00575802736756537,0.00399674840807479,0.000135482996883891,0,0
14629,1,1,0.96969696969697,0.838383838383838,0
14630,0.00670640834575261,0.00670640834575261,0.00670640834575261,0.00325159192521339,0.000677414984419455
14661,1,1,1,1,0.97979797979798
14317,6.77414984419455e-05,6.77414984419455e-05,0,0,0
14660,1,1,1,0.96969696969697,0.848484848484849
216456,0.00643544235198483,0.00636770085354288,0.00406448990651673,0,0
71803,0.00670640834575261,0.00663866684731066,0.00616447635821704,0.00474190489093619,0.000812897981303346
68267,1,1,1,0.95959595959596,0.666666666666667
270076,0.00670640834575261,0.00670640834575261,0.00589351036444926,0.000270965993767782,0
140919,0.00636770085354288,0.00636770085354288,0.00562254437068148,0.00331933342365533,0.00257417694079393
216227,0.00433545590028451,0.00243869394391004,0.000135482996883891,0,0
72961,0.95959595959596,0.94949494949495,0.93939393939394,0.868686868686869,0.727272727272727
15112,0.0101010101010101,0.0101010101010101,0,0,0
56185,0,0,0,0,0
67092,0.00670640834575261,0.00670640834575261,0.00670640834575261,0.00589351036444926,0.00311610892832949
76238,1,0.97979797979798,0.757575757575758,0.0606060606060606,0
14933,0,0,0,0,0
14626,0,0,0,0,0
14651,0.00670640834575261,0.00670640834575261,0.00670640834575261,0.00541931987535564,0.00142257146728086
14664,1,0.98989898989899,0.919191919191919,0.515151515151515,0.131313131313131
110208,1,1,0.909090909090909,0.0505050505050505,0
14711,0.00121934697195502,0.000135482996883891,6.77414984419455e-05,6.77414984419455e-05,0
14732,0.929292929292929,0.898989898989899,0.818181818181818,0.545454545454545,0.0505050505050505
70325,0.919191919191919,0.272727272727273,0,0,0
241062,1,1,0.909090909090909,0.464646464646465,0.0909090909090909
67556,0.97979797979798,0.97979797979798,0.313131313131313,0.0404040404040404,0
72084,0.00670640834575261,0.00623221785665899,0.00162579596260669,0.000406448990651673,0
14782,1,1,0.97979797979798,0.0909090909090909,0
21672,0.00670640834575261,0.00670640834575261,0.00670640834575261,0.00670640834575261,0.00548706137379759
18477,1,1,1,0.95959595959596,0.515151515151515
14776,0.0101010101010101,0,0,0,0
14775,0.00670640834575261,0.00670640834575261,0.00657092534886872,0.00494512938626202,0.00155805446416475
625249,1,1,0.96969696969697,0.929292929292929,0.717171717171717
14778,0.00629995935510093,0.00508061238314592,0.00331933342365533,0.0022354694485842,0.00101612247662918
75512,0,0,0,0,0
67305,0.818181818181818,0.484848484848485,0.0101010101010101,0,0
11757,1,1,0.98989898989899,0.727272727272727,0.232323232323232
14854,0.00670640834575261,0.00670640834575261,0.0038612654111909,6.77414984419455e-05,0
14598,0.000677414984419455,0,0,0,0
234889,0.00636770085354288,0.00616447635821704,0.00426771440184257,0.00230321094702615,0.000338707492209728
54195,0,0,0,0,0
230103,0.00663866684731066,0.00657092534886872,0.00575802736756537,0.00135482996883891,0
245650,0.0909090909090909,0.0404040404040404,0,0,0
14917,0.00155805446416475,0.000474190489093619,0,0,0
18160,0.767676767676768,0.464646464646465,0,0,0
14919,0.00548706137379759,0.00379352391274895,0,0,0
60596,0,0,0,0,0
14544,0.96969696969697,0.94949494949495,0.868686868686869,0.767676767676768,0.505050505050505
12352,0.0202020202020202,0,0,0,0
56078,0.00548706137379759,0.00182902045793253,0,0,0
27392,0.00657092534886872,0.00643544235198483,0.00352255791898117,0,0
230801,0.00663866684731066,0.00616447635821704,0.000270965993767782,0,0
99439,0.0404040404040404,0.0404040404040404,0.0202020202020202,0,0
214593,0,0,0,0,0
11833,6.77414984419455e-05,6.77414984419455e-05,0,0,0
56703,0.97979797979798,0.95959595959596,0.595959595959596,0,0
18701,0.00670640834575261,0.00602899336133315,0.00162579596260669,0,0
433931,0.93939393939394,0.909090909090909,0.646464646464647,0,0
239827,0.00629995935510093,0.00569028586912342,0.000677414984419455,0,0
329777,1,1,1,0.818181818181818,0.0202020202020202
14731,0.00670640834575261,0.00670640834575261,0.00548706137379759,0.000677414984419455,0
228812,1,1,0.666666666666667,0.0505050505050505,0
276846,1,1,1,0.484848484848485,0.0707070707070707
78928,0.00670640834575261,0.00643544235198483,0.00562254437068148,0.00480964638937813,0.000338707492209728
15108,1,1,0.797979797979798,0.191919191919192,0.0202020202020202
15107,1,1,0.919191919191919,0.0202020202020202,0
15118,0.00325159192521339,0.00176127895949058,0,0,0
15116,0.00155805446416475,0.000745156482861401,0,0,0
15117,0.0505050505050505,0.0202020202020202,0,0,0
71883,1,1,0.898989898989899,0.636363636363636,0.171717171717172
20535,0.98989898989899,0.97979797979798,0.787878787878788,0.272727272727273,0
240215,0,0,0,0,0
20533,0.0303030303030303,0,0,0,0
20536,0.00670640834575261,0.00670640834575261,0.00670640834575261,0.00602899336133315,0.00345481642053922
103988,0.464646464646465,0.363636363636364,0.0606060606060606,0,0
15277,0.00575802736756537,0.00447093889716841,0.000406448990651673,0,0
15275,1,1,1,0.97979797979798,0.878787878787879
216019,0.00338707492209728,0.00257417694079393,0.000541931987535564,0,0
212032,0.151515151515152,0.0808080808080808,0.0505050505050505,0,0
15233,6.77414984419455e-05,6.77414984419455e-05,6.77414984419455e-05,0,0
58875,1,1,1,0.545454545454545,0.141414141414141
15186,0.00440319739872646,0.00331933342365533,0.00121934697195502,0.000203224495325837,0
11944,0.000338707492209728,0,0,0,0
11945,0,0,0,0,0
70789,6.77414984419455e-05,6.77414984419455e-05,0,0,0
208715,0.96969696969697,0.96969696969697,0.96969696969697,0.96969696969697,0.95959595959596
15360,0.00663866684731066,0.00616447635821704,0.00108386397507113,0.000135482996883891,0
15356,0.00670640834575261,0.00670640834575261,0.00582576886600732,0.00101612247662918,0
208982,1,1,0.404040404040404,0.0101010101010101,0
15368,0.00582576886600732,0.00257417694079393,0.000203224495325837,0.000203224495325837,0
15369,1,1,1,0.686868686868687,0.212121212121212
56794,0.00494512938626202,0.00440319739872646,0.000338707492209728,0,0
52815,0.00657092534886872,0.00643544235198483,0.00257417694079393,6.77414984419455e-05,0
27029,0.909090909090909,0.767676767676768,0,0,0
15483,0.00657092534886872,0.00629995935510093,0.00413223140495868,0.00121934697195502,0.000135482996883891
15484,0.0303030303030303,0.0303030303030303,0,0,0
15485,0,0,0,0,0
14979,0,0,0,0,0
15486,6.77414984419455e-05,6.77414984419455e-05,0,0,0
15490,0.00670640834575261,0.00670640834575261,0.00575802736756537,0,0
15497,0,0,0,0,0
15492,0,0,0,0,0
15496,0,0,0,0,0
15494,0.0808080808080808,0.0606060606060606,0,0,0
15493,0.000338707492209728,0.000270965993767782,0,0,0
15495,0,0,0,0,0
100043456,0,0,0,0,0
101502,0.00487738788782008,0.00453868039561035,0.000745156482861401,0,0
57028,0,0,0,0,0
15929,0.00670640834575261,0.00670640834575261,0.00670640834575261,0.00643544235198483,0.00230321094702615
170718,1,1,1,1,0.96969696969697
67834,0.00670640834575261,0.00670640834575261,0.00670640834575261,0.00670640834575261,0.00629995935510093
15926,0.00670640834575261,0.00670640834575261,0.00643544235198483,0.00352255791898117,0.00101612247662918
269951,1,1,1,0.141414141414141,0.0101010101010101
22018,6.77414984419455e-05,0,0,0,0
15932,1,1,0.222222222222222,0,0
12036,0.00657092534886872,0.00636770085354288,0.000406448990651673,0,0
72401,0,0,0,0,0
56727,0,0,0,0,0
239606,0.00670640834575261,0.00670640834575261,0.00629995935510093,0.00562254437068148,0.00291288443300366
53881,0.00670640834575261,0.00670640834575261,0.0060967348597751,0.00169353746104864,0.000677414984419455
319554,1,0.929292929292929,0.666666666666667,0.0808080808080808,0
320581,0,0,0,0,0
216225,0,0,0,0,0
56451,0.00670640834575261,0.00670640834575261,0.00670640834575261,0.00629995935510093,0.00182902045793253
20917,1,1,0.737373737373737,0,0
20916,1,1,1,0.97979797979798,0.838383838383838
20498,0.00670640834575261,0.00670640834575261,0.00521609538002981,0,0
20499,0.858585858585859,0.545454545454545,0.0202020202020202,0,0
107723,0.00670640834575261,0.00670640834575261,0.00663866684731066,0.00555480287223953,0.00101612247662918
57138,1,1,0.98989898989899,0.929292929292929,0.858585858585859
16548,0.00657092534886872,0.00569028586912342,0.00101612247662918,0,0
236727,0.909090909090909,0.898989898989899,0.676767676767677,0.0303030303030303,0
77031,0.00670640834575261,0.00670640834575261,0.00514835388158786,0,0
98256,0.0101010101010101,0.0101010101010101,0,0,0
226413,0.00176127895949058,0.00121934697195502,0.00060967348597751,0,0
11432,0.00670640834575261,0.00670640834575261,0.00670640834575261,0.00616447635821704,0
16816,1,1,0.707070707070707,0.0404040404040404,0
171405,0,0,0,0,0
207151,0,0,0,0,0
236149,6.77414984419455e-05,6.77414984419455e-05,0,0,0
236293,0,0,0,0,0
319800,0.0101010101010101,0,0,0,0
434674,0,0,0,0,0
327951,0.00636770085354288,0.0060967348597751,0.00284514293456171,0,0
64008,0.121212121212121,0.0505050505050505,0,0,0
106648,0.838383838383838,0.818181818181818,0.151515151515152,0.0101010101010101,0
16987,0.00670640834575261,0.00663866684731066,0.0060967348597751,0.000270965993767782,0
18783,0.00569028586912342,0.0038612654111909,0.000135482996883891,0,0
12735,0,0,0,0,0
19193,0.00359029941742311,0.00169353746104864,0.000203224495325837,0,0
16956,0.919191919191919,0.797979797979798,0.363636363636364,0.101010101010101,0.0101010101010101
15450,0.000135482996883891,6.77414984419455e-05,0,0,0
12613,0,0,0,0,0
116939,0.00643544235198483,0.0053515783769137,0.000338707492209728,0,0
23945,0.00670640834575261,0.00670640834575261,0.00670640834575261,0.00629995935510093,0.003725782414307
237625,0.505050505050505,0.181818181818182,0,0,0
79235,0.0505050505050505,0.0303030303030303,0,0,0
235293,0.00670640834575261,0.00670640834575261,0.00670640834575261,0.00616447635821704,0.00135482996883891
16993,0.00670640834575261,0.00670640834575261,0.00636770085354288,0.000948380978187237,0
17001,0.383838383838384,0.202020202020202,0,0,0
66447,0.00670640834575261,0.00670640834575261,0.00643544235198483,0.00379352391274895,0.00121934697195502
211666,0,0,0,0,0
14874,1,1,1,0.191919191919192,0.0202020202020202
14387,1,1,1,0.98989898989899,0.797979797979798
72039,0.00670640834575261,0.00670640834575261,0.00487738788782008,0.000406448990651673,0
78038,1,1,0.717171717171717,0,0
56690,0.00670640834575261,0.00670640834575261,0.00569028586912342,0,0
246221,0.00582576886600732,0.00562254437068148,0.00338707492209728,0,0
17448,0.00670640834575261,0.00670640834575261,0.00670640834575261,0.00670640834575261,0.00623221785665899
17449,0.00670640834575261,0.00670640834575261,0.00670640834575261,0.00670640834575261,0.00670640834575261
107029,0.00670640834575261,0.00670640834575261,0.00562254437068148,0.000270965993767782,0
17436,1,1,0.98989898989899,0.757575757575758,0
109264,1,1,0.797979797979798,0.171717171717172,0.0101010101010101
15930,0,0,0,0,0
13095,0.0101010101010101,0.0101010101010101,0.0101010101010101,0,0
13076,0,0,0,0,0
13078,0.646464646464647,0.414141414141414,0.0101010101010101,0,0
13077,0.000135482996883891,6.77414984419455e-05,0,0,0
11720,0.000203224495325837,0.000135482996883891,6.77414984419455e-05,6.77414984419455e-05,6.77414984419455e-05
108645,0.00670640834575261,0.00670640834575261,0.00670640834575261,0.00596125186289121,0.00304836742988755
232087,1,1,1,1,0.878787878787879
238505,0.00602899336133315,0.00528383687847175,0.00162579596260669,0.000135482996883891,0
17855,1,1,0.595959595959596,0.0303030303030303,0
16331,0.96969696969697,0.737373737373737,0.0404040404040404,0,0
104015,0.00670640834575261,0.00670640834575261,0.00670640834575261,0.00670640834575261,0.0060967348597751
16332,0.00623221785665899,0.0060967348597751,0.00548706137379759,0.000406448990651673,0
170835,0.00670640834575261,0.00670640834575261,0.00602899336133315,0.00304836742988755,6.77414984419455e-05
16330,0.00670640834575261,0.00670640834575261,0.00643544235198483,6.77414984419455e-05,0
64436,0.00670640834575261,0.00670640834575261,0.00650318385042677,0.000677414984419455,0
212111,0.97979797979798,0.96969696969697,0.96969696969697,0.606060606060606,0.161616161616162
16329,0.00670640834575261,0.00670640834575261,0.00629995935510093,0.000948380978187237,6.77414984419455e-05
228550,0.98989898989899,0.96969696969697,0.767676767676768,0.535353535353535,0.373737373737374
233011,0.929292929292929,0.808080808080808,0.0101010101010101,0,0
320404,0.00663866684731066,0.00616447635821704,0.00487738788782008,0.00331933342365533,0.000541931987535564
71780,1,0.97979797979798,0.848484848484849,0.292929292929293,0
269180,1,1,0.929292929292929,0.828282828282828,0.646464646464647
234515,0.00657092534886872,0.00629995935510093,0.00331933342365533,0.000406448990651673,0
76051,0.00670640834575261,0.00643544235198483,0.000338707492209728,0,0
73724,0.00670640834575261,0.00670640834575261,0.00216772795014226,0.00135482996883891,0
17850,0,0,0,0,0
68393,0.000406448990651673,0,0,0,0
233549,0,0,0,0,0
66902,0.00670640834575261,0.00670640834575261,0.00155805446416475,0,0
17768,0.00670640834575261,0.00670640834575261,0.000745156482861401,0,0
94192,0.00663866684731066,0.00623221785665899,0.00237095244546809,0.000270965993767782,0.000270965993767782
11484,0.00636770085354288,0.00629995935510093,0.00453868039561035,0.000541931987535564,0.000406448990651673
71670,0.272727272727273,0.121212121212121,0,0,0
17939,0.98989898989899,0.95959595959596,0.525252525252525,0.0101010101010101,0
59033,0.00670640834575261,0.00670640834575261,0.0060967348597751,0.00494512938626202,0.00162579596260669
94229,0.00670640834575261,0.00670640834575261,0.00670640834575261,0.00650318385042677,0.00521609538002981
114479,0.00596125186289121,0.00569028586912342,0.00413223140495868,0.000406448990651673,0
11931,1,1,1,1,1
232975,1,1,1,1,0.98989898989899
98660,0.00670640834575261,0.00670640834575261,0.00670640834575261,0.00670640834575261,0.00650318385042677
67821,0,0,0,0,0
11933,1,1,1,0.94949494949495,0.565656565656566
11928,0.98989898989899,0.97979797979798,0.919191919191919,0.888888888888889,0.848484848484849
27222,0,0,0,0,0
11932,0.00670640834575261,0.00670640834575261,0.00670640834575261,0.00657092534886872,0.00582576886600732
20544,0.97979797979798,0.94949494949495,0.808080808080808,0.404040404040404,0
105243,0.191919191919192,0.131313131313131,0.0303030303030303,0,0
226999,0.00575802736756537,0.00419997290340062,0.000406448990651673,0,0
338403,0.0404040404040404,0.0101010101010101,0,0,0
66054,0.00670640834575261,0.00670640834575261,0.0060967348597751,0.00155805446416475,0
20497,0,0,0,0,0
238384,0.909090909090909,0.747474747474748,0.353535353535354,0.0101010101010101,0
94249,0.00670640834575261,0.00670640834575261,0.00663866684731066,0.00575802736756537,0.00426771440184257
214111,0.000203224495325837,0,0,0,0
76376,1,1,1,0.919191919191919,0.787878787878788
76025,1,1,0.96969696969697,0.272727272727273,0
66422,0.898989898989899,0.838383838383838,0.171717171717172,0.0505050505050505,0
67464,0,0,0,0,0
100862375,0,0,0,0,0
21915,0.00670640834575261,0.00670640834575261,0.00602899336133315,0.000406448990651673,0
79059,0.595959595959596,0.585858585858586,0.454545454545455,0.111111111111111,0.0101010101010101
18103,0.00501287088470397,0.00440319739872646,0.00419997290340062,0.00345481642053922,0.00101612247662918
18102,1,1,0.95959595959596,0.686868686868687,0.484848484848485
54369,0.00541931987535564,0.00277740143611977,0.000406448990651673,0,0
171567,1,0.95959595959596,0.272727272727273,0.232323232323232,0.232323232323232
56520,0.00189676195637447,0.00135482996883891,0,0,0
58176,0,0,0,0,0
19743,0,0,0,0,0
20495,0,0,0,0,0
20496,0.00670640834575261,0.00670640834575261,0.00629995935510093,0.00521609538002981,0.00304836742988755
74080,0.313131313131313,0.0909090909090909,0,0,0
66454,0.929292929292929,0.676767676767677,0.0101010101010101,0,0
226518,0.00670640834575261,0.00670640834575261,0.00670640834575261,0.00582576886600732,0.00521609538002981
59027,0.00670640834575261,0.00670640834575261,0.00657092534886872,0.00487738788782008,0.000203224495325837
18113,0.000948380978187237,0.000745156482861401,6.77414984419455e-05,0,0
18948,0,0,0,0,0
18127,0.00650318385042677,0.00541931987535564,0.000541931987535564,0,0
18125,0.98989898989899,0.97979797979798,0.818181818181818,0.555555555555556,0.171717171717172
18126,0.0101010101010101,0.0101010101010101,0,0,0
667034,0.191919191919192,0.0202020202020202,0,0,0
18950,0,0,0,0,0
20517,0.000135482996883891,0.000135482996883891,0,0,0
20445,0,0,0,0,0
50773,1,1,0.676767676767677,0.171717171717172,0.0202020202020202
18675,0.00128708847039697,0.00101612247662918,0,0,0
103850,0.00670640834575261,0.00670640834575261,0.00602899336133315,0.00142257146728086,0.000474190489093619
23959,0.93939393939394,0.727272727272727,0.0404040404040404,0,0
69983,0,0,0,0,0
18416,6.77414984419455e-05,6.77414984419455e-05,6.77414984419455e-05,0,0
67041,1,1,1,1,1
353371,0.000812897981303346,0.000338707492209728,0,0,0
13171,0.00670640834575261,0.00670640834575261,0.00629995935510093,0,0
12040,1,1,0.868686868686869,0.101010101010101,0
12039,0.00670640834575261,0.00657092534886872,0.00467416339249424,0.000541931987535564,0
75475,1,1,0.787878787878788,0,0
18242,1,1,1,0.97979797979798,0.313131313131313
22247,1,1,0.474747474747475,0,0
13521,0.00657092534886872,0.00562254437068148,0.00142257146728086,6.77414984419455e-05,0
231583,0.242424242424242,0.111111111111111,0.0101010101010101,0,0
13487,0.0101010101010101,0,0,0,0
13070,0.282828282828283,0.111111111111111,0,0,0
13072,0,0,0,0,0
110115,0,0,0,0,0
13074,0.0101010101010101,0.0101010101010101,0,0,0
13075,6.77414984419455e-05,6.77414984419455e-05,0,0,0
56388,0.0101010101010101,0.0101010101010101,0.0101010101010101,0,0
13113,0.000338707492209728,0.000338707492209728,0,0,0
13114,0,0,0,0,0
337924,6.77414984419455e-05,6.77414984419455e-05,0,0,0
13112,0.0202020202020202,0.0101010101010101,0.0101010101010101,0.0101010101010101,0
100041449,0,0,0,0,0
622127,0,0,0,0,0
100041375,0,0,0,0,0
13079,0,0,0,0,0
104086,0.0060967348597751,0.00501287088470397,0.000338707492209728,0,0
13086,6.77414984419455e-05,6.77414984419455e-05,0,0,0
13087,0.0303030303030303,0.0202020202020202,0,0,0
72082,0,0,0,0,0
13097,0,0,0,0,0
13098,0,0,0,0,0
69888,0,0,0,0,0
72303,0,0,0,0,0
56448,0.00663866684731066,0.00650318385042677,0.00521609538002981,0.000677414984419455,0
13107,0.000406448990651673,6.77414984419455e-05,0,0,0
56050,0.00345481642053922,0.00108386397507113,0,0,0
53973,0,0,0,0,0
13116,0.00670640834575261,0.00670640834575261,0.00643544235198483,0.00548706137379759,0.00365804091586506
64385,0.00643544235198483,0.00596125186289121,0.000270965993767782,0,0
170716,0.94949494949495,0.808080808080808,0.0505050505050505,0,0
72054,0,0,0,0,0
13123,0.00670640834575261,0.00670640834575261,0.00155805446416475,0,0
13124,0.0101010101010101,0.0101010101010101,0,0,0
209027,0.00392900690963284,0.00155805446416475,0,0,0
100163,0.98989898989899,0.858585858585859,0,0,0
18475,1,1,1,1,0.94949494949495
18476,0.00663866684731066,0.00602899336133315,0.00257417694079393,0.000270965993767782,0
18472,0.00670640834575261,0.00670640834575261,0.00670640834575261,0.00670640834575261,0.00582576886600732
27226,0.00670640834575261,0.00670640834575261,0.00670640834575261,0.00663866684731066,0.00433545590028451
73836,0.00670640834575261,0.00670640834575261,0.00541931987535564,0.00121934697195502,0
11982,0.929292929292929,0.868686868686869,0.141414141414141,0,0
18806,0.97979797979798,0.97979797979798,0.454545454545455,0,0
18805,0.00657092534886872,0.00602899336133315,0,0,0
266645,0.0707070707070707,0.0202020202020202,0,0,0
18563,0.00670640834575261,0.00670640834575261,0.00643544235198483,0.00487738788782008,0.000270965993767782
18670,0.00562254437068148,0.00399674840807479,0,0,0
54611,0.777777777777778,0.545454545454545,0.202020202020202,0.0202020202020202,0
18578,0.00670640834575261,0.00670640834575261,0.00670640834575261,0.00629995935510093,0.00209998645170031
18584,0.96969696969697,0.888888888888889,0.636363636363636,0.0101010101010101,0
18574,0.00670640834575261,0.00670640834575261,0.00663866684731066,0.0053515783769137,0.00392900690963284
18583,1,1,0.797979797979798,0.0606060606060606,0
110385,0.181818181818182,0.0101010101010101,0,0,0
18575,0.93939393939394,0.909090909090909,0.333333333333333,0.161616161616162,0.0606060606060606
238871,0.00670640834575261,0.00670640834575261,0.00548706137379759,0.00338707492209728,0
18573,1,0.98989898989899,0.858585858585859,0.646464646464647,0.515151515151515
18576,0.00657092534886872,0.00623221785665899,0.00155805446416475,0.000406448990651673,0
23984,0.00670640834575261,0.00663866684731066,0.00602899336133315,0.00474190489093619,0.0014903129657228
18577,1,1,1,0.767676767676768,0.121212121212121
207728,0.0060967348597751,0.00589351036444926,0.00487738788782008,0.00392900690963284,0.00270965993767782
29863,0.00602899336133315,0.00589351036444926,0.00440319739872646,0.000677414984419455,0.000203224495325837
241489,0.636363636363636,0.242424242424242,0,0,0
218461,0.00670640834575261,0.00670640834575261,0.00596125186289121,0.00304836742988755,0.000474190489093619
110855,0,0,0,0,0
18585,1,1,0.646464646464647,0.111111111111111,0
242202,0.0060967348597751,0.00501287088470397,0.00142257146728086,0.00108386397507113,0.000812897981303346
225600,0.0303030303030303,0,0,0,0
18587,0,0,0,0,0
78600,0.00142257146728086,0.000948380978187237,0.000135482996883891,0,0
18582,0.00670640834575261,0.00670640834575261,0.00616447635821704,0.00243869394391004,0.000541931987535564
18588,0,0,0,0,0
18598,0,0,0,0,0
68263,1,1,1,1,0.767676767676768
235339,0.00670640834575261,0.00670640834575261,0.00670640834575261,0.00663866684731066,0.00352255791898117
18597,0.00670640834575261,0.00670640834575261,0.00670640834575261,0.00670640834575261,0.00670640834575261
103711,0.00670640834575261,0.00670640834575261,0.00657092534886872,0.00325159192521339,0
11980,0.00670640834575261,0.00670640834575261,0.00670640834575261,0.00650318385042677,0.00562254437068148
18534,0.0202020202020202,0.0101010101010101,0.0101010101010101,0.0101010101010101,0.0101010101010101
74551,0.00670640834575261,0.00670640834575261,0.00541931987535564,0,0
80911,1,1,0.777777777777778,0,0
68671,1,1,1,0.757575757575758,0.161616161616162
18618,0.363636363636364,0.141414141414141,0,0,0
236539,0.00670640834575261,0.00670640834575261,0.00636770085354288,0.00487738788782008,0.000338707492209728
19215,1,1,0.96969696969697,0.96969696969697,0.95959595959596
54486,0.00636770085354288,0.00521609538002981,0.000406448990651673,0,0
96979,1,1,0.868686868686869,0.191919191919192,0.0202020202020202
64292,0.00562254437068148,0.00325159192521339,6.77414984419455e-05,0,0
19223,0.00426771440184257,0.0014903129657228,0,0,0
66461,1,1,0.878787878787879,0.181818181818182,0.111111111111111
74451,1,1,1,0.666666666666667,0.0505050505050505
19225,0.003725782414307,0.0029806259314456,0.00121934697195502,6.77414984419455e-05,0
19224,0.98989898989899,0.95959595959596,0.141414141414141,0,0
234724,0.0202020202020202,0.0101010101010101,0.0101010101010101,0.0101010101010101,0
18478,0.0101010101010101,0.0101010101010101,0.0101010101010101,0,0
16922,0.00670640834575261,0.00670640834575261,0.00663866684731066,0.00596125186289121,0.00176127895949058
19211,0.00670640834575261,0.00670640834575261,0.00670640834575261,0.00636770085354288,0.00406448990651673
20975,1,1,0.848484848484849,0.454545454545455,0.121212121212121
18720,0.00670640834575261,0.00670640834575261,0.00657092534886872,0.00216772795014226,0.000338707492209728
18717,0.00670640834575261,0.00670640834575261,0.00670640834575261,0.00663866684731066,0.00582576886600732
18719,1,0.95959595959596,0.555555555555556,0.121212121212121,0
84095,0.00670640834575261,0.00670640834575261,0.00650318385042677,0.00589351036444926,0
224020,0.00670640834575261,0.00670640834575261,0.00670640834575261,0.0060967348597751,0.00494512938626202
107650,0.98989898989899,0.96969696969697,0.818181818181818,0.151515151515152,0
74769,0.98989898989899,0.95959595959596,0.888888888888889,0.101010101010101,0
18708,1,1,1,0.93939393939394,0.565656565656566
18707,0.00670640834575261,0.00643544235198483,0.003725782414307,0,0
18710,1,1,0.96969696969697,0.616161616161616,0.191919191919192
18709,0.00670640834575261,0.00670640834575261,0.00663866684731066,0.00629995935510093,0.00216772795014226
18706,0.00670640834575261,0.00670640834575261,0.00657092534886872,0.00508061238314592,0.00142257146728086
23900,6.77414984419455e-05,0,0,0,0
30955,0.616161616161616,0.0808080808080808,0,0,0
320207,0.363636363636364,0.0505050505050505,0,0,0
320634,0.00670640834575261,0.00670640834575261,0.00643544235198483,0.00514835388158786,0
18795,0.00670640834575261,0.00670640834575261,0.00670640834575261,0.00670640834575261,0.00426771440184257
234779,0.808080808080808,0.424242424242424,0.0404040404040404,0,0
269615,1,1,0.888888888888889,0.616161616161616,0.111111111111111
72469,1,0.97979797979798,0.121212121212121,0,0
114875,0.111111111111111,0.0505050505050505,0,0,0
18802,0.00670640834575261,0.00670640834575261,0.00413223140495868,0.000135482996883891,0
18796,0.454545454545455,0.101010101010101,0,0,0
18803,0.00657092534886872,0.00657092534886872,0.00596125186289121,0.0046064218940523,0.000270965993767782
74055,0.94949494949495,0.919191919191919,0.595959595959596,0.151515151515152,0.0303030303030303
18799,0.00663866684731066,0.0060967348597751,6.77414984419455e-05,0,0
18798,1,1,0.98989898989899,0.666666666666667,0.373737373737374
18797,0.00663866684731066,0.00643544235198483,0.00447093889716841,0.000948380978187237,0
227120,0.00657092534886872,0.00657092534886872,0.00602899336133315,0.00162579596260669,0.000270965993767782
433022,1,1,0.93939393939394,0.747474747474748,0.525252525252525
269437,0.00643544235198483,0.0060967348597751,0.00318385042677144,6.77414984419455e-05,0
18711,1,1,0.878787878787879,0.323232323232323,0.0202020202020202
108083,0.00616447635821704,0.00589351036444926,0.00569028586912342,0.00548706137379759,0.00508061238314592
117150,1,1,0.97979797979798,0.696969696969697,0.252525252525253
18718,1,1,0.98989898989899,0.898989898989899,0.242424242424242
53357,0.97979797979798,0.97979797979798,0.353535353535354,0,0
18780,0,0,0,0,0
66350,0.00670640834575261,0.00670640834575261,0.00338707492209728,0.00060967348597751,0
18784,0.00250643544235198,0.000880639479745292,0,0,0
26971,0.000338707492209728,6.77414984419455e-05,0,0,0
211429,0.313131313131313,0.202020202020202,0,0,0
329502,0.00602899336133315,0.00487738788782008,0.000812897981303346,0,0
18778,0,0,0,0,0
18782,0,0,0,0,0
26565,0,0,0,0,0
26970,0,0,0,0,0
68603,1,1,0.878787878787879,0.171717171717172,0
271424,0.000406448990651673,0,0,0,0
27399,0.00670640834575261,0.00670640834575261,0.00670640834575261,0.00670640834575261,0.00582576886600732
76500,1,1,0.93939393939394,0.757575757575758,0
74776,1,1,0.919191919191919,0.333333333333333,0.0808080808080808
50784,0,0,0,0,0
19012,0,0,0,0,0
67916,0,0,0,0,0
19044,0.98989898989899,0.95959595959596,0.484848484848485,0.0808080808080808,0
13861,0,0,0,0,0
11758,0.00670640834575261,0.00670640834575261,0.00670640834575261,0.00657092534886872,0.00548706137379759
17523,0,0,0,0,0
19125,0.98989898989899,0.98989898989899,0.737373737373737,0,0
24059,0.00365804091586506,0.00155805446416475,0,0,0
320951,1,1,0.919191919191919,0.282828282828283,0.0404040404040404
19210,0.00670640834575261,0.00670640834575261,0.00670640834575261,0.00629995935510093,0.000677414984419455
27388,1,1,0.98989898989899,0.242424242424242,0
171210,0.919191919191919,0.777777777777778,0.111111111111111,0,0
170789,1,0.98989898989899,0.0909090909090909,0,0
171282,0.404040404040404,0.171717171717172,0,0,0
19286,1,1,0.717171717171717,0.151515151515152,0.0808080808080808
20229,0.00670640834575261,0.00670640834575261,0.00657092534886872,0.00243869394391004,0.000812897981303346
69215,1,0.96969696969697,0.212121212121212,0,0
216134,0.00670640834575261,0.00670640834575261,0.00657092534886872,0.00582576886600732,0.00419997290340062
22271,0.00135482996883891,0.000880639479745292,6.77414984419455e-05,0,0
76654,1,0.97979797979798,0.646464646464647,0.0404040404040404,0
14863,0.00284514293456171,0.00115160547351307,6.77414984419455e-05,0,0
71336,0.00216772795014226,0.000812897981303346,6.77414984419455e-05,0,0
19682,0.00589351036444926,0.00392900690963284,0.00108386397507113,0.000948380978187237,0.000677414984419455
54150,0.0101010101010101,0.0101010101010101,0.0101010101010101,0,0
216453,0,0,0,0,0
103142,0,0,0,0,0
19683,0.0202020202020202,0.0101010101010101,0,0,0
216454,0,0,0,0,0
107605,0.0404040404040404,0.0404040404040404,0,0,0
98711,0.00670640834575261,0.00663866684731066,0.0014903129657228,0,0
108841,0.98989898989899,0.96969696969697,0.727272727272727,0,0
77974,0.00128708847039697,0.000745156482861401,0,0,0
17252,1,0.96969696969697,0.929292929292929,0.141414141414141,0
242285,0,0,0,0,0
105014,0.00670640834575261,0.00670640834575261,0.00643544235198483,0.0014903129657228,0.000474190489093619
235033,0,0,0,0,0
69698,0,0,0,0,0
225994,0,0,0,0,0
20443,0.00670640834575261,0.00670640834575261,0.00508061238314592,0,0
20442,0.868686868686869,0.808080808080808,0.565656565656566,0.0202020202020202,0
20444,0.00670640834575261,0.00670640834575261,0.00670640834575261,0.00555480287223953,0.00311610892832949
338362,0.00657092534886872,0.00643544235198483,0.00562254437068148,0.00169353746104864,0.000541931987535564
23908,0.00670640834575261,0.00670640834575261,0.00643544235198483,0.00474190489093619,0
15931,0.00670640834575261,0.00670640834575261,0.00670640834575261,0.00663866684731066,0.00636770085354288
15476,1,1,0.777777777777778,0.101010101010101,0
628779,0.96969696969697,0.909090909090909,0.737373737373737,0.393939393939394,0.101010101010101
319415,0.00643544235198483,0.00555480287223953,0.000338707492209728,0,0
195646,0.00616447635821704,0.00541931987535564,0.00250643544235198,0.000406448990651673,0
15478,0.191919191919192,0.0505050505050505,0,0,0
54710,0.00291288443300366,0.000541931987535564,0,0,0
328779,0,0,0,0,0
72136,0.0022354694485842,0,0,0,0
58250,0.98989898989899,0.97979797979798,0.828282828282828,0.676767676767677,0.0707070707070707
71797,0,0,0,0,0
59031,0.00670640834575261,0.00663866684731066,0.00318385042677144,0.000203224495325837,0
11881,1,1,0.97979797979798,0.707070707070707,0.141414141414141
56773,0.000745156482861401,0.000338707492209728,0,0,0
54371,0.00670640834575261,0.00670640834575261,0.00670640834575261,0.00663866684731066,0.00480964638937813
26887,0,0,0,0,0
76969,1,1,1,0.848484848484849,0.686868686868687
53374,0.686868686868687,0.494949494949495,0.0101010101010101,0,0
60322,0.404040404040404,0.0606060606060606,0,0,0
50787,0.00521609538002981,0.00453868039561035,0.00128708847039697,0,0
50785,0.00670640834575261,0.00657092534886872,0.00562254437068148,0.00406448990651673,0.000270965993767782
50786,1,1,1,0.616161616161616,0.0202020202020202
75612,1,1,0.98989898989899,0.818181818181818,0.121212121212121
30956,0.898989898989899,0.606060606060606,0.0404040404040404,0,0
69156,0.848484848484849,0.656565656565657,0.282828282828283,0.0101010101010101,0
140483,1,1,0.666666666666667,0.161616161616162,0.101010101010101
192166,0.00663866684731066,0.00650318385042677,0.00101612247662918,0,0
81535,1,1,0.97979797979798,0.606060606060606,0.0202020202020202
20322,0.00670640834575261,0.00670640834575261,0.00555480287223953,0.000270965993767782,0
20280,1,1,1,0.919191919191919,0.242424242424242
20540,0.313131313131313,0.0707070707070707,0,0,0
268656,0.00670640834575261,0.00670640834575261,0.00663866684731066,0.000270965993767782,0
20773,1,1,0.909090909090909,0.161616161616162,0
228677,0.000474190489093619,0.000203224495325837,0,0,0
13885,1,1,0.95959595959596,0.666666666666667,0.111111111111111
20397,0.00670640834575261,0.00670640834575261,0.00616447635821704,0.000541931987535564,0
20454,1,1,1,0.94949494949495,0.454545454545455
56632,0.00670640834575261,0.00670640834575261,0.00596125186289121,0.000677414984419455,0.000203224495325837
20698,0.545454545454545,0.232323232323232,0.0101010101010101,0,0
76668,0.171717171717172,0.0707070707070707,0,0,0
58994,1,1,0.919191919191919,0.494949494949495,0.0909090909090909
238011,0,0,0,0,0
77626,0.00670640834575261,0.00670640834575261,0.0053515783769137,0.00101612247662918,0
20597,1,1,1,0.98989898989899,0.161616161616162
20598,0.00670640834575261,0.00670640834575261,0.00121934697195502,0,0
208449,0.00670640834575261,0.00670640834575261,0.00636770085354288,0.0014903129657228,0
208890,0.323232323232323,0.191919191919192,0,0,0
320718,0.0202020202020202,0.0101010101010101,0,0,0
224661,0.00284514293456171,0.00108386397507113,0,0,0
268512,0.96969696969697,0.696969696969697,0,0,0
243755,0.00575802736756537,0.00528383687847175,0.00203224495325837,6.77414984419455e-05,0
20652,0.00670640834575261,0.00670640834575261,0.00575802736756537,0.000270965993767782,0.000135482996883891
20657,0.00657092534886872,0.00623221785665899,0.000677414984419455,0,0
20656,1,1,1,1,0.909090909090909
20655,0.00670640834575261,0.00670640834575261,0.00670640834575261,0.0060967348597751,0.00426771440184257
20751,1,1,0.787878787878788,0.101010101010101,0
20603,0.00670640834575261,0.00670640834575261,0.00670640834575261,0.00636770085354288,0.00182902045793253
20810,1,1,0.838383838383838,0.353535353535354,0.0606060606060606
20775,0.00670640834575261,0.00670640834575261,0.00670640834575261,0.00521609538002981,0.000474190489093619
14137,0.00670640834575261,0.00670640834575261,0.00643544235198483,0.00562254437068148,0.00128708847039697
78925,1,0.98989898989899,0.242424242424242,0,0
94224,0,0,0,0,0
11298,0.000135482996883891,0,0,0,0
15567,0.000677414984419455,0.000406448990651673,0.000135482996883891,0,0
20441,1,1,0.858585858585859,0.0303030303030303,0
54613,0.00670640834575261,0.00643544235198483,0.00209998645170031,0,0
20446,0.00433545590028451,0.00182902045793253,0,0,0
20447,0.96969696969697,0.95959595959596,0.121212121212121,0.0101010101010101,0
50935,0.00670640834575261,0.00670640834575261,0.00670640834575261,0.00629995935510093,0.00237095244546809
26938,1,1,0.848484848484849,0.434343434343434,0.121212121212121
20449,0.95959595959596,0.93939393939394,0.797979797979798,0.575757575757576,0.131313131313131
225742,1,1,0.868686868686869,0.282828282828283,0.0606060606060606
20905,0,0,0,0,0
66945,0.00670640834575261,0.00670640834575261,0.00670640834575261,0.00670640834575261,0.00670640834575261
66925,1,1,1,0.94949494949495,0.262626262626263
66052,0.00670640834575261,0.00670640834575261,0.00670640834575261,0.00643544235198483,0.00135482996883891
67680,1,1,0.98989898989899,0.93939393939394,0.393939393939394
211389,0.00657092534886872,0.00657092534886872,0.00115160547351307,0,0
21366,0.00670640834575261,0.00670640834575261,0.00670640834575261,0.0060967348597751,0.00304836742988755
13180,0.00555480287223953,0.00413223140495868,0.00250643544235198,6.77414984419455e-05,0
18115,0.757575757575758,0.747474747474748,0.313131313131313,0.0202020202020202,0
105663,0.00670640834575261,0.00670640834575261,0.00487738788782008,0.000270965993767782,0.000270965993767782
20502,0.97979797979798,0.97979797979798,0.808080808080808,0.151515151515152,0.0202020202020202
72962,0.606060606060606,0.262626262626263,0.151515151515152,0.0202020202020202,0
192289,0,0,0,0,0
50493,1,1,0.97979797979798,0.717171717171717,0.0303030303030303
212974,0,0,0,0,0
58866,0.0101010101010101,0.0101010101010101,0,0,0
21990,0.0202020202020202,0,0,0,0
216343,0.00128708847039697,0.000812897981303346,0.000135482996883891,6.77414984419455e-05,0
56720,0.0022354694485842,0.00155805446416475,6.77414984419455e-05,0,0
209176,0.181818181818182,0.0101010101010101,0,0,0
55961,0.000677414984419455,0.000135482996883891,0,0,0
21391,0.00189676195637447,0.00060967348597751,0,0,0
21823,0.00474190489093619,0.00359029941742311,0.00230321094702615,0.000812897981303346,6.77414984419455e-05
22178,0.000203224495325837,0.000135482996883891,0,0,0
50798,1,1,0.909090909090909,0.0101010101010101,0
66248,1,1,0.353535353535354,0.0404040404040404,0
22232,1,1,0.767676767676768,0.0303030303030303,0
22235,1,1,0.95959595959596,0.0505050505050505,0
242585,1,1,0.181818181818182,0,0
67883,0.00670640834575261,0.00670640834575261,0.00541931987535564,0.000812897981303346,0
18606,0.00670640834575261,0.00670640834575261,0.00670640834575261,0.00636770085354288,0.00589351036444926
58246,0.00670640834575261,0.00670640834575261,0.00670640834575261,0.00392900690963284,0
16770,0,0,0,0,0
22234,0.00670640834575261,0.00670640834575261,0.00663866684731066,0.0060967348597751,0.000745156482861401
70484,0.000203224495325837,6.77414984419455e-05,0,0,0
394434,0,0,0,0,0
394430,0,0,0,0,0
94284,0.141414141414141,0.0808080808080808,0,0,0
394432,0.000948380978187237,0.000541931987535564,6.77414984419455e-05,0,0
394435,0,0,0,0,0
394433,0,0,0,0,0
22236,0.000677414984419455,0.000338707492209728,0,0,0
394436,0.111111111111111,0.0606060606060606,0,0,0
243085,0,0,0,0,0
231396,6.77414984419455e-05,6.77414984419455e-05,0,0,0
22238,6.77414984419455e-05,6.77414984419455e-05,0,0,0
112417,0,0,0,0,0
100559,0,0,0,0,0
71773,0.000135482996883891,6.77414984419455e-05,0,0,0
100727,0.0101010101010101,0.0101010101010101,0,0,0
68556,1,1,0.525252525252525,0.0909090909090909,0
22436,0.00467416339249424,0.00345481642053922,0,0,0
102448,0.00650318385042677,0.0053515783769137,0.000135482996883891,0,0
233781,0.95959595959596,0.94949494949495,0.515151515151515,0.292929292929293,0.0202020202020202
217119,0.00663866684731066,0.00663866684731066,0.00521609538002981,0.00060967348597751,0
67880,0.00643544235198483,0.00480964638937813,0.000203224495325837,0,0
76429,1,1,0.343434343434343,0,0
67895,0.00670640834575261,0.00670640834575261,0.00643544235198483,0.00623221785665899,0.00128708847039697
76055,0,0,0,0,0
12870,0.00663866684731066,0.00657092534886872,0.00291288443300366,6.77414984419455e-05,0
14325,0.00670640834575261,0.00670640834575261,0.00663866684731066,0.00582576886600732,0.00426771440184257
14319,1,1,1,1,1
67634,0,0,0,0,0
109754,0.00670640834575261,0.00670640834575261,0.00670640834575261,0.00541931987535564,0.00128708847039697
72017,0.00663866684731066,0.00663866684731066,0.00250643544235198,0,0
320635,0,0,0,0,0
26462,0.00643544235198483,0.00623221785665899,0.00155805446416475,0,0
71743,1,1,0.868686868686869,0,0
76952,0.00670640834575261,0.00670640834575261,0.00670640834575261,0.00541931987535564,0
230718,0.00447093889716841,0.00304836742988755,6.77414984419455e-05,0,0
107569,1,1,0.95959595959596,0.373737373737374,0.141414141414141
70881,0,0,0,0,0
15452,0.00670640834575261,0.00670640834575261,0.00670640834575261,0.00629995935510093,0.0053515783769137
11821,1,0.94949494949495,0.606060606060606,0.161616161616162,0.0101010101010101
52633,0.00670640834575261,0.00657092534886872,0.00142257146728086,6.77414984419455e-05,0
18770,0.0202020202020202,0.0101010101010101,0,0,0
207182,1,1,0.94949494949495,0.797979797979798,0.282828282828283
71522,6.77414984419455e-05,0,0,0,0
18641,0.00670640834575261,0.00670640834575261,0.00670640834575261,0.00596125186289121,0.00480964638937813
107869,0.00541931987535564,0.00230321094702615,6.77414984419455e-05,0,0
14555,1,0.96969696969697,0.929292929292929,0.626262626262626,0.222222222222222
69080,0.00670640834575261,0.00670640834575261,0.00582576886600732,0.000541931987535564,0
331026,1,1,0.212121212121212,0,0
12411,0.00670640834575261,0.00670640834575261,0.00494512938626202,6.77414984419455e-05,0
11647,0.00657092534886872,0.00555480287223953,6.77414984419455e-05,0,0
19895,0.00602899336133315,0.00562254437068148,6.77414984419455e-05,0,0
66355,0.00670640834575261,0.00670640834575261,0.00548706137379759,0.00189676195637447,6.77414984419455e-05
105446,1,0.96969696969697,0.353535353535354,0.0808080808080808,0
107239,0.00657092534886872,0.00596125186289121,0.00101612247662918,0,0
229363,0.00670640834575261,0.00670640834575261,0.00643544235198483,0.00501287088470397,0.00203224495325837
70025,0.00670640834575261,0.00670640834575261,0.00670640834575261,0.00643544235198483,0.00616447635821704
19063,1,1,1,1,0.404040404040404
171281,0.00230321094702615,0.00128708847039697,0.000203224495325837,0,0
54397,0.00670640834575261,0.00657092534886872,0.00237095244546809,0,0
111175,0.878787878787879,0.444444444444444,0.0202020202020202,0,0
26922,0.00670640834575261,0.00670640834575261,0.00121934697195502,0,0
11370,1,1,0.97979797979798,0.414141414141414,0.0101010101010101
11363,1,1,0.93939393939394,0.191919191919192,0.0101010101010101
235582,0.003725782414307,0.00155805446416475,0,0,0
320208,0.00629995935510093,0.00582576886600732,0.00311610892832949,0.000474190489093619,0.000203224495325837
223646,0,0,0,0,0
67375,0.0303030303030303,0,0,0,0
382985,1,1,0.94949494949495,0.111111111111111,0
20133,0.98989898989899,0.98989898989899,0.727272727272727,0.0202020202020202,0
20135,0.00182902045793253,0.00101612247662918,0.000203224495325837,0,0
15357,0.00670640834575261,0.00670640834575261,0.00670640834575261,0.0060967348597751,0.00162579596260669
666417,0,0,0,0,0
107885,0.585858585858586,0.292929292929293,0,0,0
100039707,0,0,0,0,0
211488,1,1,0.98989898989899,0.727272727272727,0.141414141414141
211347,0.00670640834575261,0.00670640834575261,0.00643544235198483,0.00528383687847175,0.00155805446416475
74450,1,1,0.95959595959596,0.252525252525253,0
75735,0.00670640834575261,0.00663866684731066,0.00548706137379759,0.000338707492209728,0
269614,1,1,0.96969696969697,0.0101010101010101,0
67993,0.00636770085354288,0.00616447635821704,0.000203224495325837,0,0
22117,1,0.98989898989899,0.696969696969697,0.0606060606060606,0
227095,0.00670640834575261,0.00670640834575261,0.00325159192521339,6.77414984419455e-05,0
69051,1,1,0.848484848484849,0.101010101010101,0
22275,0.00670640834575261,0.00670640834575261,0.00616447635821704,0.00142257146728086,0.000203224495325837
13121,0.00670640834575261,0.00670640834575261,0.00670640834575261,0.00663866684731066,0.00135482996883891
433323,0.00650318385042677,0.00629995935510093,0.00447093889716841,0.00162579596260669,0.000677414984419455
20524,1,1,1,0.212121212121212,0.0303030303030303
229782,0.00663866684731066,0.00650318385042677,0.00413223140495868,0.000135482996883891,0
27409,0.0101010101010101,0,0,0,0
67470,0,0,0,0,0
237831,0.96969696969697,0.909090909090909,0.0404040404040404,0,0
223920,0.0404040404040404,0.0101010101010101,0,0,0
16889,1,1,0.676767676767677,0,0
76459,0.0053515783769137,0.00494512938626202,0.00209998645170031,0.00060967348597751,0
12349,0.00670640834575261,0.00670640834575261,0.00657092534886872,0.00636770085354288,0.00575802736756537
230099,0.151515151515152,0.0505050505050505,0,0,0
23831,0.00629995935510093,0.00623221785665899,0.00142257146728086,0.000406448990651673,0.000135482996883891
12353,0,0,0,0,0
12346,0,0,0,0,0
12351,0.00657092534886872,0.00657092534886872,0.00487738788782008,0.00216772795014226,0.000812897981303346
12354,0.898989898989899,0.858585858585859,0.393939393939394,0,0
12319,0.00670640834575261,0.00670640834575261,0.00352255791898117,0.00162579596260669,0.00128708847039697
71934,0.414141414141414,0.222222222222222,0,0,0
27416,1,1,1,1,0.484848484848485
18173,0.313131313131313,0.0303030303030303,0,0,0
20504,0,0,0,0,0
22782,0.00663866684731066,0.00657092534886872,0.00555480287223953,0.000812897981303346,0
224674,0.00528383687847175,0.00304836742988755,6.77414984419455e-05,0,0
11666,0.94949494949495,0.909090909090909,0.111111111111111,0,0
19299,1,1,1,0.94949494949495,0.181818181818182
217700,0.888888888888889,0.747474747474748,0.0404040404040404,0,0
67115,1,1,1,1,0.676767676767677
94352,0.0909090909090909,0.0606060606060606,0,0,0
72562,0.93939393939394,0.696969696969697,0.222222222222222,0.0404040404040404,0
29859,0.00670640834575261,0.00670640834575261,0.00670640834575261,0.00670640834575261,0.00657092534886872
67328,0,0,0,0,0
76113,0.00237095244546809,0.000338707492209728,0,0,0
71147,0.00650318385042677,0.00629995935510093,0,0,0
234129,0,0,0,0,0
12799,0.00670640834575261,0.00670640834575261,0.00670640834575261,0.00670640834575261,0.00636770085354288
107146,0.0101010101010101,0.0101010101010101,0,0,0
13120,6.77414984419455e-05,0,0,0,0
13088,0,0,0,0,0
13110,0.00670640834575261,0.00670640834575261,0.00521609538002981,0.000474190489093619,0.000270965993767782
81906,0.929292929292929,0.858585858585859,0.161616161616162,0,0
74134,0.00541931987535564,0.00325159192521339,0.000338707492209728,0,0
631304,0,0,0,0,0
17228,0,0,0,0,0
109697,0,0,0,0,0
232680,0.393939393939394,0.111111111111111,0.0101010101010101,0,0
329093,0.000541931987535564,0.000338707492209728,0,0,0
74649,0,0,0,0,0
17229,0,0,0,0,0
100503895,0,0,0,0,0
11421,0.929292929292929,0.888888888888889,0.535353535353535,0.0606060606060606,0
16591,0.00562254437068148,0.00467416339249424,0.00237095244546809,0.000745156482861401,0.000135482996883891
56386,1,1,0.97979797979798,0.858585858585859,0.757575757575758
22239,0.00670640834575261,0.00670640834575261,0.00602899336133315,0.00467416339249424,0.00209998645170031
18746,0,0,0,0,0
18704,0.00670640834575261,0.00670640834575261,0.00582576886600732,0.00108386397507113,0.000135482996883891
240752,0.93939393939394,0.878787878787879,0.535353535353535,0.0606060606060606,0
18705,0,0,0,0,0
26378,0.00670640834575261,0.00670640834575261,0.00616447635821704,0.0014903129657228,0
67460,1,1,0.727272727272727,0.0101010101010101,0
109857,0.00616447635821704,0.00440319739872646,0.000812897981303346,0,0
28200,1,0.95959595959596,0.222222222222222,0,0
320997,0,0,0,0,0
13850,0.00670640834575261,0.00643544235198483,0.00277740143611977,0.000135482996883891,0
74302,0.00670640834575261,0.00670640834575261,0.00650318385042677,0.00541931987535564,0.000677414984419455
77116,1,1,0.97979797979798,0.545454545454545,0
14780,0,0,0,0,0
104245,0.212121212121212,0.202020202020202,0.191919191919192,0.0303030303030303,0
218756,1,1,0.707070707070707,0.0606060606060606,0
233836,0.0101010101010101,0,0,0,0
20515,0.00670640834575261,0.00670640834575261,0.00670640834575261,0.00657092534886872,0.00304836742988755
20516,1,1,1,0.646464646464647,0.0505050505050505
142681,0.0303030303030303,0,0,0,0
240332,0.98989898989899,0.96969696969697,0.737373737373737,0.494949494949495,0.0808080808080808
15487,0,0,0,0,0
13167,0.00670640834575261,0.00670640834575261,0.00670640834575261,0.0060967348597751,0.00447093889716841
26874,0.00670640834575261,0.00670640834575261,0.00643544235198483,0.00237095244546809,0.000270965993767782
225579,0.0404040404040404,0,0,0,0
94180,0.00670640834575261,0.00670640834575261,0.00670640834575261,0.00643544235198483,0.00589351036444926
102680,0.0060967348597751,0.0060967348597751,0.00257417694079393,6.77414984419455e-05,0
56643,0,0,0,0,0
52466,0.98989898989899,0.919191919191919,0.242424242424242,0,0
12751,1,1,1,0.818181818181818,0.0606060606060606
14080,0,0,0,0,0
66988,0.00670640834575261,0.00670640834575261,0.00657092534886872,0.0046064218940523,0.000203224495325837
102570,0,0,0,0,0
18624,1,1,0.848484848484849,0.151515151515152,0.0101010101010101
18174,0.00670640834575261,0.00663866684731066,0.00657092534886872,0.00135482996883891,0
53945,0.97979797979798,0.97979797979798,0.131313131313131,0,0
11648,0,0,0,0,0
17769,0.00670640834575261,0.00643544235198483,0.00474190489093619,0,0
66194,0.00670640834575261,0.00670640834575261,0.0038612654111909,0.000948380978187237,0
66171,1,0.96969696969697,0.606060606060606,0.0404040404040404,0
226844,0,0,0,0,0
66646,1,1,0.777777777777778,0.0909090909090909,0
108114,0.0101010101010101,0.0101010101010101,0,0,0
18399,0.00467416339249424,0.0038612654111909,0.000203224495325837,0,0
19879,0.00650318385042677,0.00643544235198483,0.0022354694485842,6.77414984419455e-05,0
22598,0,0,0,0,0
234967,0.98989898989899,0.95959595959596,0.919191919191919,0.525252525252525,0.0404040404040404
12638,0.000474190489093619,0.000203224495325837,0,0,0
243328,0.00670640834575261,0.00650318385042677,0.00338707492209728,0.000541931987535564,0
27404,0.00663866684731066,0.00623221785665899,0.00419997290340062,0.000745156482861401,0
26357,0.00670640834575261,0.00657092534886872,0.00338707492209728,0.000406448990651673,0
11828,0,0,0,0,0
11832,0.0101010101010101,0,0,0,0
27410,0.00670640834575261,0.00663866684731066,0.00602899336133315,0.00501287088470397,0.00060967348597751
11304,0.414141414141414,0.252525252525253,0.0202020202020202,0,0
109342,0,0,0,0,0
230612,0,0,0,0,0
246787,0.181818181818182,0.121212121212121,0,0,0
241612,0.000135482996883891,6.77414984419455e-05,0,0,0
52710,0,0,0,0,0
16523,0.00582576886600732,0.00338707492209728,6.77414984419455e-05,0,0
20927,0.94949494949495,0.919191919191919,0.595959595959596,0,0
20928,0.00575802736756537,0.00541931987535564,0.000203224495325837,0,0
16514,0.94949494949495,0.919191919191919,0.636363636363636,0.131313131313131,0
19662,0.00629995935510093,0.00447093889716841,0.000880639479745292,0.000338707492209728,6.77414984419455e-05
20897,0.747474747474748,0.515151515151515,0.0202020202020202,0,0
19659,1,0.96969696969697,0.242424242424242,0.0202020202020202,0
19660,0,0,0,0,0
20778,1,0.96969696969697,0.606060606060606,0.0101010101010101,0
237636,0.0808080808080808,0.0101010101010101,0,0,0
15446,0.95959595959596,0.838383838383838,0.131313131313131,0,0
74442,0.848484848484849,0.656565656565657,0,0,0
74182,0.00670640834575261,0.00670640834575261,0.00670640834575261,0.0060967348597751,0.00237095244546809
64602,1,1,0.97979797979798,0.747474747474748,0.191919191919192
78801,0.00440319739872646,0.00284514293456171,0.000270965993767782,0,0
11636,1,1,1,1,0.252525252525253
11566,0.00670640834575261,0.00670640834575261,0.00670640834575261,0.00623221785665899,0.000745156482861401
11565,0.97979797979798,0.96969696969697,0.636363636363636,0.0303030303030303,0
114863,0,0,0,0,0
11846,0.000677414984419455,0.000203224495325837,6.77414984419455e-05,0,0
12892,0.00670640834575261,0.00670640834575261,0.00629995935510093,0.00291288443300366,0
51797,1,1,0.94949494949495,0.242424242424242,0
55936,0.00670640834575261,0.00670640834575261,0.00643544235198483,0.00101612247662918,0
14923,0.00670640834575261,0.00670640834575261,0.0060967348597751,0.00514835388158786,0.00203224495325837
110391,0.00670640834575261,0.00670640834575261,0.00670640834575261,0.0060967348597751,0.00480964638937813
14593,1,1,1,0.535353535353535,0.121212121212121
433182,0,0,0,0,0
13806,0.94949494949495,0.94949494949495,0.94949494949495,0.94949494949495,0.868686868686869
13808,0.98989898989899,0.737373737373737,0.0202020202020202,0,0
13807,0.00670640834575261,0.00670640834575261,0.00670640834575261,0.00670640834575261,0.00650318385042677
15203,0.00616447635821704,0.00575802736756537,0.000812897981303346,0,0
319945,1,1,0.757575757575758,0.111111111111111,0
216558,0.00670640834575261,0.00670640834575261,0.00670640834575261,0.00643544235198483,0.00209998645170031
14433,0.00657092534886872,0.00575802736756537,0.00528383687847175,0.00433545590028451,0.0038612654111909
100042025,0,0,0,0,0
14447,0.585858585858586,0.454545454545455,0.0101010101010101,0,0
14583,0.00670640834575261,0.00670640834575261,0.00596125186289121,0.00528383687847175,0.00121934697195502
14584,0.919191919191919,0.656565656565657,0.0202020202020202,0,0
14645,0.00670640834575261,0.00670640834575261,0.00670640834575261,0.00670640834575261,0.00670640834575261
266744,0,0,0,0,0
13479,0,0,0,0,0
218138,0.97979797979798,0.95959595959596,0.0606060606060606,0,0
14528,0.454545454545455,0.292929292929293,0,0,0
12350,0.121212121212121,0.0505050505050505,0.0101010101010101,0.0101010101010101,0
11826,0.393939393939394,0.323232323232323,0.0303030303030303,0,0
11829,0.00670640834575261,0.00670640834575261,0.00670640834575261,0.00643544235198483,0.00494512938626202
17339,0.000135482996883891,0,0,0,0
11827,0,0,0,0,0
11830,0.0505050505050505,0.0303030303030303,0,0,0
15288,0.00670640834575261,0.00670640834575261,0.00155805446416475,0.000270965993767782,0
12035,1,1,1,0.878787878787879,0.353535353535354
23917,0.00670640834575261,0.00663866684731066,0.00629995935510093,0.00203224495325837,0
23918,1,0.97979797979798,0.878787878787879,0.0404040404040404,0
12215,1,1,1,1,1
110119,1,1,1,0.212121212121212,0.0707070707070707
665563,0.95959595959596,0.929292929292929,0.191919191919192,0.0101010101010101,0
192185,1,1,1,0.636363636363636,0.0101010101010101
110895,0.00135482996883891,0.00101612247662918,0.000338707492209728,0.000135482996883891,0
277973,0.98989898989899,0.96969696969697,0.747474747474748,0.0909090909090909,0
14751,0.00670640834575261,0.00670640834575261,0.00670640834575261,0.00670640834575261,0.00670640834575261
18655,0.00670640834575261,0.00670640834575261,0.00643544235198483,0.00623221785665899,0.00582576886600732
338366,0,0,0,0,0
18663,0,0,0,0,0
72157,1,0.95959595959596,0.525252525252525,0.373737373737374,0.111111111111111
66681,0.00663866684731066,0.00663866684731066,0.00325159192521339,0.00304836742988755,0.000812897981303346
29858,0.00670640834575261,0.00670640834575261,0.00670640834575261,0.00541931987535564,0.00359029941742311
54128,1,0.98989898989899,0.424242424242424,0.0404040404040404,0
17025,1,1,0.747474747474748,0.0707070707070707,0
66812,0.00670640834575261,0.00670640834575261,0.000880639479745292,6.77414984419455e-05,0
106564,0.96969696969697,0.929292929292929,0.121212121212121,0,0
56189,6.77414984419455e-05,6.77414984419455e-05,0,0,0
246049,0.000474190489093619,0.000338707492209728,0,0,0
75456,6.77414984419455e-05,0,0,0,0
19139,1,1,1,0.888888888888889,0.262626262626263
110639,0.00663866684731066,0.00663866684731066,0.00629995935510093,0.000270965993767782,0
107272,0.00670640834575261,0.00670640834575261,0.00670640834575261,0.00636770085354288,0.00325159192521339
100678,1,1,0.353535353535354,0.0909090909090909,0
54391,1,1,1,0.909090909090909,0.222222222222222
21351,0.00670640834575261,0.00670640834575261,0.00670640834575261,0.00602899336133315,0.00237095244546809
208967,0.00670640834575261,0.00670640834575261,0.0053515783769137,0.00121934697195502,0
21881,0.00670640834575261,0.00670640834575261,0.00670640834575261,0.00663866684731066,0.00331933342365533
74419,0,0,0,0,0
83553,0.0101010101010101,0.0101010101010101,0,0,0
29807,0.00487738788782008,0.00182902045793253,0,0,0
21991,1,1,1,1,0.97979797979798
74246,0.00670640834575261,0.00670640834575261,0.00142257146728086,6.77414984419455e-05,0
107652,0.00670640834575261,0.00670640834575261,0.00629995935510093,0.00257417694079393,0.000135482996883891
227620,1,1,0.282828282828283,0.0101010101010101,0
22276,1,1,0.515151515151515,0.131313131313131,0.0202020202020202
108052,0.00670640834575261,0.00650318385042677,0.00325159192521339,0.000135482996883891,0
27411,0.141414141414141,0.0707070707070707,0,0,0
104816,0.00365804091586506,0.000677414984419455,6.77414984419455e-05,0,0
107476,0.00670640834575261,0.00663866684731066,0.00602899336133315,0.0046064218940523,0.000338707492209728
78914,0.00616447635821704,0.00318385042677144,0,0,0
11534,0.00670640834575261,0.00670640834575261,0.00670640834575261,0.00487738788782008,0.000948380978187237
69519,1,1,0.696969696969697,0.222222222222222,0.0808080808080808
75572,0.97979797979798,0.97979797979798,0.585858585858586,0.131313131313131,0.0101010101010101
66204,0.00670640834575261,0.00663866684731066,0.00318385042677144,0.00060967348597751,0
245847,0.00670640834575261,0.00643544235198483,0.00182902045793253,0,0
108147,0.00663866684731066,0.00657092534886872,0.00514835388158786,0.000135482996883891,0
109900,1,0.98989898989899,0.333333333333333,0.0101010101010101,0
69634,0.00670640834575261,0.00670640834575261,0.00325159192521339,0.000812897981303346,0.000270965993767782
67980,1,1,0.666666666666667,0.151515151515152,0.0909090909090909
26384,0.00670640834575261,0.00670640834575261,0.00426771440184257,0,0
14635,0.909090909090909,0.898989898989899,0.242424242424242,0,0
69976,0.00670640834575261,0.00670640834575261,0.00487738788782008,0.000338707492209728,0
14430,0.00670640834575261,0.00670640834575261,0.00629995935510093,0.000812897981303346,0.000135482996883891
231327,0.00670640834575261,0.00670640834575261,0.00359029941742311,0,0
68977,1,1,1,0.656565656565657,0.141414141414141
15109,0.000338707492209728,0.000338707492209728,6.77414984419455e-05,0,0
71761,0.0404040404040404,0.0303030303030303,0,0,0
109801,0.00670640834575261,0.00670640834575261,0.00670640834575261,0.00596125186289121,0.00162579596260669
55980,1,1,0.98989898989899,0.828282828282828,0.141414141414141
114663,0.00596125186289121,0.00257417694079393,0,0,0
53332,0.00670640834575261,0.00670640834575261,0.00663866684731066,0.00135482996883891,0
14913,0,0,0,0,0
18263,1,1,0.98989898989899,0.666666666666667,0.0303030303030303
56421,0.00670640834575261,0.00670640834575261,0.00670640834575261,0.00670640834575261,0.00636770085354288
18642,1,1,1,1,0.96969696969697
319848,0,0,0,0,0
105355,0,0,0,0,0
218103,0.0101010101010101,0.0101010101010101,0,0,0
20505,0,0,0,0,0
20531,0,0,0,0,0
237823,0.94949494949495,0.898989898989899,0.737373737373737,0.0303030303030303,0
257635,0.00467416339249424,0.00345481642053922,0,0,0
22171,0.00250643544235198,0.00128708847039697,0,0,0
243537,0.0101010101010101,0.0101010101010101,0,0,0
19703,0.868686868686869,0.303030303030303,0.0202020202020202,0,0
320685,0.00562254437068148,0.00487738788782008,0.000203224495325837,0,0
116914,0.98989898989899,0.98989898989899,0.474747474747475,0,0
269378,0.00670640834575261,0.00650318385042677,0.00392900690963284,0.000203224495325837,0
229709,1,1,1,1,1
55951,0,0,0,0,0
70456,0,0,0,0,0
54670,0.00440319739872646,0.00169353746104864,0,0,0
54667,0.96969696969697,0.95959595959596,0.838383838383838,0.656565656565657,0
50770,1,1,0.888888888888889,0.636363636363636,0.0202020202020202
320940,0.98989898989899,0.96969696969697,0.494949494949495,0.0606060606060606,0
18669,0.646464646464647,0.282828282828283,0,0,0
66834,0.00670640834575261,0.00670640834575261,0.00643544235198483,0.00243869394391004,0.0014903129657228
22227,0,0,0,0,0
329910,0.00663866684731066,0.00663866684731066,0.00555480287223953,0.0022354694485842,0
74104,0.686868686868687,0.616161616161616,0.242424242424242,0,0
56315,0.0606060606060606,0.0101010101010101,0,0,0
12491,0.313131313131313,0.0808080808080808,0.0202020202020202,0,0
19765,1,1,1,0.868686868686869,0.171717171717172
18104,0.00650318385042677,0.00508061238314592,0.000474190489093619,0,0
68312,0.00670640834575261,0.00670640834575261,0.00419997290340062,0.000203224495325837,0
171168,0,0,0,0,0
66190,1,1,0.595959595959596,0.0101010101010101,0
230379,0.00636770085354288,0.00575802736756537,6.77414984419455e-05,0,0
19156,0.00670640834575261,0.00670640834575261,0.00670640834575261,0.00670640834575261,0.00663866684731066
14667,1,1,1,0.909090909090909,0.161616161616162
230101,0.00670640834575261,0.00670640834575261,0.00670640834575261,0.00521609538002981,0.000135482996883891
23956,0.454545454545455,0.272727272727273,0.0101010101010101,0,0
50877,0.00508061238314592,0.00209998645170031,0.000270965993767782,0,0
20452,0.00663866684731066,0.00650318385042677,0.00392900690963284,0.000203224495325837,0
16890,0.98989898989899,0.919191919191919,0.0202020202020202,0,0
16891,0.00237095244546809,0.00101612247662918,0,0,0
67758,0.0101010101010101,0.0101010101010101,0,0,0
269060,0.00663866684731066,0.00623221785665899,0.00569028586912342,0.00528383687847175,0.00101612247662918
231871,1,1,1,0.191919191919192,0.0808080808080808
18947,0,0,0,0,0
69060,0.000270965993767782,6.77414984419455e-05,0,0,0
66853,1,1,0.676767676767677,0,0
67717,0,0,0,0,0
18946,0,0,0,0,0
14077,0.00670640834575261,0.00670640834575261,0.0060967348597751,0.00338707492209728,0.00101612247662918
14079,0,0,0,0,0
12140,0.00670640834575261,0.00670640834575261,0.0060967348597751,0.00250643544235198,0.000745156482861401
16592,0.00670640834575261,0.00670640834575261,0.00643544235198483,0.00494512938626202,0.00196450345481642
16204,0,0,0,0,0
11770,0,0,0,0,0
75497,0,0,0,0,0
21884,0,0,0,0,0
20216,0.222222222222222,0.181818181818182,0.0101010101010101,0,0
233799,0,0,0,0,0
272428,0.0707070707070707,0.0101010101010101,0,0,0
233801,0,0,0,0,0
67469,1,1,0.656565656565657,0.0101010101010101,0
218121,0.00447093889716841,0.00142257146728086,0,0,0
225010,1,1,0.909090909090909,0,0
64898,1,1,1,0.717171717171717,0.0101010101010101
235044,0,0,0,0,0
229791,0,0,0,0,0
216152,0,0,0,0,0
64899,0.000135482996883891,6.77414984419455e-05,0,0,0
14245,0.00670640834575261,0.00670640834575261,0.00562254437068148,0.000338707492209728,0
71910,0,0,0,0,0
381925,0,0,0,0,0
28042,0,0,0,0,0
18807,0.00670640834575261,0.00670640834575261,0.00670640834575261,0.00582576886600732,0.00562254437068148
104759,0.868686868686869,0.727272727272727,0.0808080808080808,0,0
194908,0.343434343434343,0.0909090909090909,0,0,0
12038,0.909090909090909,0.797979797979798,0.0303030303030303,0,0
69923,0.00670640834575261,0.00657092534886872,0.00562254437068148,0.000203224495325837,0
67260,0,0,0,0,0
71949,0,0,0,0,0
76893,0,0,0,0,0
545975,0,0,0,0,0
241447,0,0,0,0,0
93898,0,0,0,0,0
54447,0.898989898989899,0.848484848484849,0.444444444444444,0,0
76485,1,1,0.878787878787879,0.0505050505050505,0
68273,0.00670640834575261,0.00670640834575261,0.00670640834575261,0.00487738788782008,0.000474190489093619
66435,1,1,0.737373737373737,0,0
67909,0,0,0,0,0
74782,0.00419997290340062,0.00338707492209728,0.00142257146728086,0.000203224495325837,0
56375,1,1,0.595959595959596,0.0101010101010101,0
654821,0.0505050505050505,0.0101010101010101,0,0,0
16430,1,1,0.93939393939394,0.292929292929293,0
320011,0.00670640834575261,0.00670640834575261,0.0060967348597751,0.00406448990651673,0.000135482996883891
330406,0,0,0,0,0
108155,0.00670640834575261,0.00670640834575261,0.00670640834575261,0.00670640834575261,0.00650318385042677
26878,0.00670640834575261,0.00670640834575261,0.00643544235198483,0.00291288443300366,0.000677414984419455
97884,0.00670640834575261,0.00670640834575261,0.00284514293456171,6.77414984419455e-05,0
224143,1,1,1,0.585858585858586,0.0707070707070707
68292,0.00670640834575261,0.00670640834575261,0.00670640834575261,0.00582576886600732,0.00128708847039697
14422,0.0101010101010101,0,0,0,0
268510,0.00663866684731066,0.00663866684731066,0.0060967348597751,0.003725782414307,0.000812897981303346
26877,1,1,0.94949494949495,0.272727272727273,0
171167,1,0.97979797979798,0.111111111111111,0,0
14347,0.0101010101010101,0,0,0,0
330671,1,0.98989898989899,0.929292929292929,0.626262626262626,0
381694,0,0,0,0,0
208211,1,1,0.717171717171717,0.0101010101010101,0
14345,0.000948380978187237,0.000270965993767782,0,0,0
73068,0.00670640834575261,0.00670640834575261,0.00541931987535564,6.77414984419455e-05,0
71103,0,0,0,0,0
67555,0,0,0,0,0
97440,0,0,0,0,0
56356,1,1,0.96969696969697,0.404040404040404,0.0505050505050505
238023,0.00670640834575261,0.00670640834575261,0.00243869394391004,0,0
74577,0.00670640834575261,0.00629995935510093,0.000338707492209728,0,0
20448,0.00670640834575261,0.00670640834575261,0.00589351036444926,0.000541931987535564,0
241159,0.95959595959596,0.858585858585859,0.111111111111111,0.0303030303030303,0
14344,0.0606060606060606,0.0101010101010101,0,0,0
71519,0.00636770085354288,0.0060967348597751,0.000270965993767782,0,0
69590,0.00636770085354288,0.00514835388158786,0.000677414984419455,0.000135482996883891,0
71854,0,0,0,0,0
319446,0,0,0,0,0
56351,0.00670640834575261,0.00670640834575261,0.00670640834575261,0.00643544235198483,0.00216772795014226
67053,1,1,0.96969696969697,0.222222222222222,0.0404040404040404
224024,0.00501287088470397,0.00325159192521339,6.77414984419455e-05,0,0
105349,0,0,0,0,0
676527,0,0,0,0,0
98386,0.00663866684731066,0.00663866684731066,0.00169353746104864,0,0
17919,0.00623221785665899,0.00589351036444926,0.003725782414307,0.00142257146728086,0.000203224495325837
110611,0.00670640834575261,0.00670640834575261,0.00670640834575261,0.00575802736756537,0.00508061238314592
18145,0.00670640834575261,0.00670640834575261,0.00650318385042677,0.00413223140495868,6.77414984419455e-05
102294,0.00657092534886872,0.00636770085354288,0.00101612247662918,0,0
57357,0.00670640834575261,0.00670640834575261,0.00196450345481642,6.77414984419455e-05,0
27400,0,0,0,0,0
56348,1,1,1,0.95959595959596,0.141414141414141
114664,0.00623221785665899,0.00569028586912342,0.00548706137379759,0.00121934697195502,0
54325,1,1,0.444444444444444,0.0505050505050505,0
12686,0,0,0,0,0
74559,0.00670640834575261,0.00670640834575261,0.00440319739872646,0.00060967348597751,0
57874,0,0,0,0,0
67044,0.00670640834575261,0.00670640834575261,0.00670640834575261,0.00338707492209728,0.00169353746104864
30963,0,0,0,0,0
66775,0,0,0,0,0
70757,0,0,0,0,0
106529,0.00670640834575261,0.00670640834575261,0.00670640834575261,0.00670640834575261,0.00636770085354288
243078,0,0,0,0,0
328035,0.898989898989899,0.818181818181818,0.525252525252525,0.222222222222222,0.101010101010101
60527,0.00670640834575261,0.00670640834575261,0.00494512938626202,0.000270965993767782,0
66411,1,1,1,0.707070707070707,0.191919191919192
214663,0.00663866684731066,0.00650318385042677,0.00176127895949058,0,0
14187,0.0505050505050505,0.0202020202020202,0,0,0
215015,0.00670640834575261,0.00670640834575261,0.00670640834575261,0.00629995935510093,0.0022354694485842
238024,0.0053515783769137,0.0053515783769137,0.00494512938626202,0.000541931987535564,0
74035,0.00657092534886872,0.00650318385042677,0.00399674840807479,0,0
63828,1,0.98989898989899,0.808080808080808,0.0101010101010101,0
75578,0.97979797979798,0.868686868686869,0.161616161616162,0.0202020202020202,0
100503991,0,0,0,0,0
235534,0,0,0,0,0
101744,0,0,0,0,0
331487,0.00508061238314592,0.00453868039561035,0.000270965993767782,0,0
319518,0.96969696969697,0.929292929292929,0.545454545454545,0.0808080808080808,0
18452,0.00670640834575261,0.00670640834575261,0.000406448990651673,0,0
18451,1,1,1,0.333333333333333,0
320452,0.767676767676768,0.535353535353535,0.0202020202020202,0,0
67870,1,1,0.98989898989899,0.262626262626263,0.0505050505050505
104923,1,1,0.858585858585859,0.202020202020202,0.0101010101010101
100328588,0,0,0,0,0
14204,6.77414984419455e-05,0,0,0,0
67712,0.98989898989899,0.98989898989899,0.747474747474748,0.0101010101010101,0
246696,1,1,0.787878787878788,0.0303030303030303,0
54384,1,1,1,0.828282828282828,0.0404040404040404
75454,0.00657092534886872,0.00623221785665899,0.00440319739872646,0.00264191843923588,0.000541931987535564
219135,0.00670640834575261,0.00670640834575261,0.00670640834575261,0.00670640834575261,0.00562254437068148
209039,0,0,0,0,0
103466,0.00663866684731066,0.00657092534886872,0.00589351036444926,0.00541931987535564,0.00264191843923588
103199,0.00670640834575261,0.00670640834575261,0.0060967348597751,0.00108386397507113,0.000270965993767782
75769,0,0,0,0,0
329506,1,1,0.878787878787879,0.181818181818182,0
237523,0,0,0,0,0
72102,1,1,0.96969696969697,0.393939393939394,0.101010101010101
218232,0.00670640834575261,0.00670640834575261,0.00623221785665899,0.000338707492209728,0
227721,0,0,0,0,0
97287,0.00670640834575261,0.00670640834575261,0.00169353746104864,0,0
66865,1,1,1,1,0.141414141414141
101490,1,1,1,0.97979797979798,0.656565656565657
74411,0,0,0,0,0
83493,0.00670640834575261,0.00670640834575261,0.00643544235198483,0.00555480287223953,0.00250643544235198
67881,0.00670640834575261,0.00670640834575261,0.00657092534886872,0.00176127895949058,0.000474190489093619
17330,1,1,0.97979797979798,0.505050505050505,0.0303030303030303
217837,0.00670640834575261,0.00670640834575261,0.00663866684731066,0.00359029941742311,0
227733,0.818181818181818,0.414141414141414,0,0,0
22262,0.000338707492209728,0.000270965993767782,6.77414984419455e-05,6.77414984419455e-05,0
241452,0,0,0,0,0
20148,0.00663866684731066,0.00663866684731066,0.000880639479745292,0.000203224495325837,0
791260,0.444444444444444,0.414141414141414,0.111111111111111,0,0
107585,0.00142257146728086,0.000541931987535564,0.000135482996883891,0,0
13371,1,0.98989898989899,0.797979797979798,0.505050505050505,0.121212121212121
13370,6.77414984419455e-05,0,0,0,0
56362,0,0,0,0,0
69083,0.000270965993767782,0,0,0,0
52064,0.00670640834575261,0.00670640834575261,0.00670640834575261,0.00189676195637447,0
69188,0,0,0,0,0
231051,0,0,0,0,0
233904,0.00643544235198483,0.00602899336133315,0.00487738788782008,0.00169353746104864,0
20937,0.00670640834575261,0.00670640834575261,0.0053515783769137,0,0
208266,0.00657092534886872,0.00650318385042677,0.00548706137379759,0.00264191843923588,0.000203224495325837
75410,0,0,0,0,0
107823,0,0,0,0,0
225888,0,0,0,0,0
192195,1,1,1,0.888888888888889,0.616161616161616
214162,0,0,0,0,0
232811,0,0,0,0,0
239122,0.676767676767677,0.464646464646465,0,0,0
208043,0.888888888888889,0.858585858585859,0.787878787878788,0.323232323232323,0
84505,0.00670640834575261,0.00670640834575261,0.00623221785665899,0.00162579596260669,0
73251,1,1,0.878787878787879,0.787878787878788,0.737373737373737
234135,0,0,0,0,0
64707,1,0.616161616161616,0.0101010101010101,0,0
18193,0.00670640834575261,0.00670640834575261,0.00670640834575261,0.00555480287223953,0.00419997290340062
381022,0,0,0,0,0
74729,0.00670640834575261,0.00453868039561035,0.000135482996883891,0,0
77683,1,1,0.898989898989899,0.111111111111111,0.0202020202020202
235626,0.00670640834575261,0.00670640834575261,0.00650318385042677,0.0046064218940523,0.00142257146728086
67956,0,0,0,0,0
69726,0.00670640834575261,0.00670640834575261,0.00650318385042677,0.000406448990651673,0
110147,0.00670640834575261,0.00670640834575261,0.00663866684731066,0.00528383687847175,0.003725782414307
69019,0.00670640834575261,0.00670640834575261,0.00670640834575261,0.00453868039561035,0.00162579596260669
66624,1,1,1,0.868686868686869,0.292929292929293
76687,0.00670640834575261,0.00670640834575261,0.00670640834575261,0.00480964638937813,0.00128708847039697
56529,1,1,0.787878787878788,0.131313131313131,0.0404040404040404
66286,0.00670640834575261,0.00670640834575261,0.00657092534886872,0.00406448990651673,0.00135482996883891
57170,0.00670640834575261,0.00670640834575261,0.00230321094702615,0,0
107895,1,0.97979797979798,0.838383838383838,0.545454545454545,0.272727272727273
67569,0.00670640834575261,0.00636770085354288,0.00155805446416475,0.000203224495325837,0
69675,0.00670640834575261,0.00670640834575261,0.00467416339249424,0.00176127895949058,0.000270965993767782
227399,0.00670640834575261,0.00670640834575261,0.00643544235198483,0.000541931987535564,0
327655,1,1,0.96969696969697,0.787878787878788,0.393939393939394
225913,0,0,0,0,0
70974,1,1,1,0.97979797979798,0.878787878787879
67935,6.77414984419455e-05,0,0,0,0
13909,6.77414984419455e-05,6.77414984419455e-05,0,0,0
382053,0.0202020202020202,0.0101010101010101,0,0,0
104158,0.000541931987535564,0.000203224495325837,6.77414984419455e-05,0,0
109791,0,0,0,0,0
67473,0.00406448990651673,0.00230321094702615,6.77414984419455e-05,0,0
380701,0,0,0,0,0
75750,0.0101010101010101,0,0,0,0
20521,0.0303030303030303,0,0,0,0
235386,0,0,0,0,0
66065,0.0101010101010101,0,0,0,0
71412,0,0,0,0,0
53415,0.888888888888889,0.777777777777778,0.101010101010101,0,0
234309,1,1,0.181818181818182,0.0101010101010101,0
13016,1,1,1,1,0.909090909090909
69772,0.00352255791898117,0.00115160547351307,0,0,0
70061,0,0,0,0,0
436008,0,0,0,0,0
74032,0.93939393939394,0.828282828282828,0,0,0
80707,0.00670640834575261,0.00670640834575261,0.00419997290340062,6.77414984419455e-05,0
67861,1,1,0.272727272727273,0.0606060606060606,0
320981,0.00663866684731066,0.00602899336133315,0.00162579596260669,0.000270965993767782,6.77414984419455e-05
72947,0,0,0,0,0
76768,0,0,0,0,0
11650,0,0,0,0,0
330962,0,0,0,0,0
106407,0,0,0,0,0
94215,0,0,0,0,0
72094,0.0101010101010101,0.0101010101010101,0,0,0
269823,0.00359029941742311,0.00128708847039697,6.77414984419455e-05,0,0
22273,0.00670640834575261,0.00670640834575261,0.00670640834575261,0.00643544235198483,0.00616447635821704
66576,1,1,1,0.93939393939394,0.717171717171717
17711,0,0,0,0,0
66152,1,1,0.96969696969697,0.717171717171717,0.323232323232323
66594,0.00670640834575261,0.00670640834575261,0.00643544235198483,0.00474190489093619,0.00209998645170031
67003,1,1,1,0.95959595959596,0.898989898989899
66694,0.00670640834575261,0.00670640834575261,0.00670640834575261,0.00657092534886872,0.00419997290340062
66445,0.00670640834575261,0.00670640834575261,0.00670640834575261,0.00657092534886872,0.00487738788782008
22272,0.00670640834575261,0.00670640834575261,0.00650318385042677,0.00501287088470397,0.00399674840807479
67530,1,1,0.97979797979798,0.747474747474748,0.353535353535354
20523,0.00670640834575261,0.00670640834575261,0.0060967348597751,0.00230321094702615,0.000745156482861401
22229,0.00521609538002981,0.00203224495325837,0,0,0
22228,0.98989898989899,0.96969696969697,0.737373737373737,0.151515151515152,0
74011,0.00670640834575261,0.00670640834575261,0.00650318385042677,0.000474190489093619,0.000135482996883891
66218,1,0.98989898989899,0.909090909090909,0.838383838383838,0.545454545454545
226646,1,1,1,1,0.888888888888889
227197,0.00670640834575261,0.00670640834575261,0.00670640834575261,0.00643544235198483,0.00508061238314592
67130,1,1,0.98989898989899,0.757575757575758,0.242424242424242
66414,0.00670640834575261,0.00670640834575261,0.00629995935510093,0.00480964638937813,0.00176127895949058
66495,1,1,0.94949494949495,0.666666666666667,0.292929292929293
68194,0.00670640834575261,0.00670640834575261,0.00555480287223953,0.00291288443300366,0.000541931987535564
100041273,0,0,0,0,0
100042503,0,0,0,0,0
407785,1,1,0.919191919191919,0.595959595959596,0.191919191919192
68197,1,1,1,0.878787878787879,0.383838383838384
66091,1,0.98989898989899,0.878787878787879,0.555555555555556,0.333333333333333
54405,1,1,0.898989898989899,0.525252525252525,0.252525252525253
75406,0.00670640834575261,0.00670640834575261,0.00636770085354288,0.00494512938626202,0.00230321094702615
225887,1,1,1,0.727272727272727,0.212121212121212
230075,0.00670640834575261,0.00670640834575261,0.00657092534886872,0.00426771440184257,0.00142257146728086
66377,0.00670640834575261,0.00670640834575261,0.00589351036444926,0.00243869394391004,0.0014903129657228
67273,0.00670640834575261,0.00670640834575261,0.00670640834575261,0.00629995935510093,0.00433545590028451
595136,0.00650318385042677,0.00650318385042677,0.00623221785665899,0.00426771440184257,0.00169353746104864
68342,0.00670640834575261,0.00670640834575261,0.00663866684731066,0.00629995935510093,0.00284514293456171
17718,0,0,0,0,0
80286,0,0,0,0,0
68349,0.00670640834575261,0.00670640834575261,0.00670640834575261,0.00582576886600732,0.00128708847039697
17722,0,0,0,0,0
17720,0,0,0,0,0
102631912,0,0,0,0,0
66416,0.00670640834575261,0.00670640834575261,0.00569028586912342,0.00433545590028451,0.00162579596260669
17995,0.00670640834575261,0.00670640834575261,0.00670640834575261,0.00629995935510093,0.00480964638937813
68202,0.00670640834575261,0.00670640834575261,0.00643544235198483,0.00487738788782008,0.00311610892832949
17719,0,0,0,0,0
17992,0.00670640834575261,0.00670640834575261,0.00670640834575261,0.00643544235198483,0.00521609538002981
67184,1,1,1,0.888888888888889,0.535353535353535
67264,0.00670640834575261,0.00670640834575261,0.00650318385042677,0.00508061238314592,0.00419997290340062
66108,0.00670640834575261,0.00670640834575261,0.00663866684731066,0.00623221785665899,0.00311610892832949
69875,1,1,0.878787878787879,0.585858585858586,0.232323232323232
66046,1,1,1,0.898989898989899,0.303030303030303
17993,1,1,0.98989898989899,0.747474747474748,0.181818181818182
66916,1,1,1,0.707070707070707,0.161616161616162
17717,0,0,0,0,0
17991,0.00670640834575261,0.00670640834575261,0.0060967348597751,0.0038612654111909,0.00209998645170031
68375,1,1,0.95959595959596,0.838383838383838,0.484848484848485
68198,0.00670640834575261,0.00670640834575261,0.00589351036444926,0.00379352391274895,0.00115160547351307
17716,0,0,0,0,0
78330,0.00670640834575261,0.00670640834575261,0.00670640834575261,0.00440319739872646,0.00128708847039697
70316,1,1,0.929292929292929,0.565656565656566,0.131313131313131
72900,1,1,0.98989898989899,0.95959595959596,0.717171717171717
17721,0,0,0,0,0
104130,1,1,0.97979797979798,0.858585858585859,0.353535353535354
12868,0.00670640834575261,0.00670640834575261,0.00670640834575261,0.00643544235198483,0.00562254437068148
12866,1,1,0.95959595959596,0.919191919191919,0.494949494949495
12859,0.00670640834575261,0.00670640834575261,0.00670640834575261,0.0060967348597751,0.00467416339249424
12857,1,1,1,1,0.98989898989899
75483,0,0,0,0,0
20463,0.00670640834575261,0.00670640834575261,0.00670640834575261,0.00636770085354288,0.00331933342365533
12867,1,1,0.96969696969697,0.878787878787879,0.595959595959596
17708,0,0,0,0,0
66142,1,1,1,0.919191919191919,0.686868686868687
12862,0.00528383687847175,0.00399674840807479,0.00135482996883891,0,0
12864,1,1,0.98989898989899,0.94949494949495,0.808080808080808
17709,0,0,0,0,0
12858,1,0.98989898989899,0.94949494949495,0.93939393939394,0.444444444444444
333182,0.00440319739872646,0.00176127895949058,0,0,0
17710,0,0,0,0,0
78174,0.000541931987535564,0.000203224495325837,0,0,0
12865,0.00270965993767782,0.00121934697195502,0,0,0
110323,1,1,0.96969696969697,0.94949494949495,0.808080808080808
84682,0.00101612247662918,0.000338707492209728,0,0,0
12861,1,1,1,0.97979797979798,0.919191919191919
268756,0.0202020202020202,0.0101010101010101,0,0,0
58865,0,0,0,0,0
11950,0,0,0,0,0
11951,0,0,0,0,0
11957,0,0,0,0,0
11958,0,0,0,0,0
18195,0.00670640834575261,0.00670640834575261,0.00670640834575261,0.00670640834575261,0.00670640834575261
27425,0,0,0,0,0
57423,0,0,0,0,0
71679,0,0,0,0,0
228033,0,0,0,0,0
67942,0,0,0,0,0
11946,0,0,0,0,0
11947,0,0,0,0,0
11949,0,0,0,0,0
66043,0,0,0,0,0
67126,0,0,0,0,0
68055,0,0,0,0,0
28080,0,0,0,0,0
26464,0.0202020202020202,0,0,0,0
22361,0.000135482996883891,0,0,0,0
225326,1,1,0.95959595959596,0.313131313131313,0
67292,1,1,0.313131313131313,0.0101010101010101,0
56176,0.00670640834575261,0.00670640834575261,0.00474190489093619,0.00101612247662918,0.000270965993767782
110417,0.00670640834575261,0.00514835388158786,0.00155805446416475,0.000203224495325837,0
18700,0.97979797979798,0.93939393939394,0.0404040404040404,0,0
14755,1,1,1,0.868686868686869,0.0303030303030303
140494,0,0,0,0,0
114143,0.00670640834575261,0.00670640834575261,0.00670640834575261,0.00663866684731066,0.00528383687847175
11984,1,0.929292929292929,0.868686868686869,0.767676767676768,0.747474747474748
11974,0.00670640834575261,0.00670640834575261,0.00528383687847175,0.00101612247662918,0.000135482996883891
242341,0,0,0,0,0
11972,0.00670640834575261,0.00670640834575261,0.00670640834575261,0.00670640834575261,0.00602899336133315
11975,1,1,1,0.98989898989899,0.888888888888889
27060,0.00650318385042677,0.00555480287223953,0.000406448990651673,0,0
21871,0.00670640834575261,0.00670640834575261,0.00663866684731066,0.00487738788782008,0
73834,1,1,1,1,0.909090909090909
66144,0.00670640834575261,0.00670640834575261,0.00670640834575261,0.0053515783769137,0.00270965993767782
11973,0.00670640834575261,0.00670640834575261,0.00670640834575261,0.00657092534886872,0.00623221785665899
68775,0.00155805446416475,0.00060967348597751,0,0,0
11964,0.00670640834575261,0.00670640834575261,0.00670640834575261,0.00670640834575261,0.00670640834575261
108664,1,1,1,0.95959595959596,0.838383838383838
66290,1,1,1,0.94949494949495,0.323232323232323
11966,0.00670640834575261,0.00670640834575261,0.00670640834575261,0.00670640834575261,0.00670640834575261
338375,0,0,0,0,0
110935,0.0101010101010101,0,0,0,0
74915,0.0101010101010101,0.0101010101010101,0,0,0
66237,0.00670640834575261,0.00670640834575261,0.00670640834575261,0.00670640834575261,0.00636770085354288
66335,1,1,1,0.919191919191919,0.878787878787879
