mets,mets_name,genes,rxns,subsystems
h[c],Proton,100039707,UAGDP,Aminosugar metabolism
acgam1p[c],N-Acetyl-D-Glucosamine 1-Phosphate,100040843,AMY1e,Starch and sucrose metabolism
ppi[c],Diphosphate,100041273,EX_n5m2masn_e,Exchange/demand reaction
utp[c],Uridine-5-TrIphosphate,100041585,BTNt2i,"Transport, extracellular"
uacgam[c],Uridine-5-Diphosphate-N-Acetyl-Alpha-D-Glucosamine,100042503,HMR_3708,Cholesterol metabolism
h2o[e],Water,100043684,EX_3octdece1crn_e,Exchange/demand reaction
strch1[e],"Starch, Structure 1 (1,6-{7[1,4-Glc], 4[1,4-Glc]})",100043686,NDP7ex,Nucleotide interconversion
glc__D[e],D-Glucose,100043688,r0795,Miscellaneous
strch2[e],"Starch, Structure 2 (1,6-{2[1,4-Glc], [1,4-Glc]})",100163,ACOAD8m,"Valine, leucine, and isoleucine metabolism"
n5m2masn[e],((N-Acetyl-D-Glucosaminyl)5-(Alpha-D-Mannosyl)2-Beta-D-Mannosyl-Diacetylchitobiosyl)-L-Asparagine (Protein),100198,HMR_3714,Cholesterol metabolism
h[e],Proton,100328588,DHPM1,Pyrimidine catabolism
btn[c],Biotin,100417514,ARGORNt7,"Transport, extracellular"
btn[e],Biotin,100503991,RE1526M,Fatty acid oxidation
h[r],Proton,100678,PE17_HSABCt,"Transport, extracellular"
h2o[r],Water,100705,HMR_0810,Glycosphingolipid metabolism
chsterol[r],Cholesterol,100862375,EX_M01111_e,Exchange/demand reaction
M01235[r],9Z-Eicosenoic Acid,101488,HMR_0272,Fatty acid oxidation
M01484[r],Cholesterol-Ester-9-Eicose,101490,NTD6,Nucleotide interconversion
3octdece1crn[e],3-Hydroxy-Octadecenoyl Carnitine,101502,CYTK10,Nucleotide interconversion
pi[e],Orthophosphate,101744,PRPPS,Pentose phosphate pathway
udp[e],Uridine Diphosphate,102247,DPGase,Glycolysis/gluconeogenesis
ump[e],Uridine-5-Monophosphate,102294,AMY2e,Starch and sucrose metabolism
h2o[c],Water,102448,LACZe,Galactose metabolism
so4[c],Sulfate,102570,HMR_0003,Glycerophospholipid metabolism
HC00250[c],Hydrosulfide,102631912,RE2625C,Bile acid synthesis
HC01501[c],Thiosulfate,102632,PHYTt,"Transport, extracellular"
fad[m],Flavin Adenine Dinucleotide Oxidized,102680,HISDC,Histidine metabolism
fadh2[m],Flavin Adenine Dinucleotide Reduced,102857,GGH_5DHFe,Folate metabolism
ivcoa[m],Isovaleryl Coenzyme A,103142,EBP2r,Cholesterol metabolism
3mb2coa[m],3-Methylbut-2-Enoyl Coenzyme A,103149,HMR_0586,Glycerophospholipid metabolism
M01582[r],11Z-Docosenoic Acid,103199,ACS2,Propanoate metabolism
M01457[r],Cholesterol-Ester-11-Docose,103466,PCHOLPALME_HSPLA2,Glycerophospholipid metabolism
56dura[c],"5,6-Dihydrouracil",103850,r1900,"Transport, extracellular"
cala[c],N-Carbamoyl-Beta-Alaninate,103988,r1779,"Transport, extracellular"
orn[c],Ornithine,104015,EX_fvs_e,Exchange/demand reaction
arg__L[e],L-Arginine,104086,C160CRNt,Fatty acid oxidation
arg__L[c],L-Arginine,104110,ACGAMtly,"Transport, lysosomal"
orn[e],Ornithine,104111,GLUDym,Glutamate metabolism
h[m],Proton,104112,C4DCCACT,Fatty acid oxidation
nad[m],Nicotinamide Adenine Dinucleotide,104130,R00100,
nadh[m],Nicotinamide Adenine Dinucleotide - Reduced,104174,EX_aracheth_e,Exchange/demand reaction
CE2417[m],"3(S)-Hydroxy-5Z,8Z-Tetradecadienoyl Coenzyme A",104245,HMR_2964,Fatty acid synthesis
CE2424[m],"3-Oxo-Cis,Cis-5,8-Tetradecadienoyl Coenzyme A",104418,GLUDC,Glutamate metabolism
atp[c],Adenosine Triphosphate,104759,LCAT15e,Cholesterol metabolism
adp[c],Adenosine Diphosphate,104776,ACOADH120_m,Fatty acid oxidation
pi[c],Orthophosphate,104816,HMR_0389,Fatty acid synthesis
pe17_hs[e],1-Heptadecanoylglycerophosphoethanolamine (C17:0 Pe),104923,CHSTEROLt1,"Transport, mitochondrial"
pe17_hs[c],1-Heptadecanoylglycerophosphoethanolamine (C17:0 Pe),105014,MTHFD2i,Folate metabolism
udp[c],Uridine Diphosphate,105243,OCT11EFATP_1,Fatty acid oxidation
gbside_hs[c],Globoside,105349,HMR_0634,Glycerophospholipid metabolism
udpacgal[c],Uridine-5-Diphosphate-N-Acetyl-D-Galactosamine,105355,RE3113C,Fatty acid oxidation
M02197[c],"N-Acetyl-D-galactosaminyl-N-Acetyl-D-galactosaminyl-1,3-D-galactosyl-1,4-D-galactosyl-1,4-D-glucosylceramide",105446,HMR_2673,"Transport, mitochondrial"
M01111[e],5-L-Gamma-Glutamyl Amino Acid,105663,HMR_2193,Fatty acid synthesis
coa[c],Coenzyme A,105727,LDH_Lm,Pyruvate metabolism
M00115[c],7Z-Octadecenoic Acid,106407,PPMI12346Ptn,"Transport, nuclear"
M00116[c],7Z-Octadecenoyl Coenzyme A,106529,NABTNO,Arginine and proline metabolism
damp[c],Deoxyadenosine Monophosphate,106557,UMPK5n,Nucleotide interconversion
dad_2[c],2-Deoxyadenosine,106564,HMR_2884,"Transport, endoplasmic reticular"
cmp[c],Cytidine 5-Monophosphate,106648,ACNMCT,Aminosugar metabolism
dgtp[c],Deoxyguanosine-5-Triphosphate,107029,r2113,"Transport, extracellular"
cdp[c],Cytidine-5-DIphosphate,107146,HOXG,Heme degradation
dgdp[c],Deoxyguanosine-5-Diphosphate,107239,HMR_0629,Glycerophospholipid metabolism
amp[c],Adenosine Monophosphate,107272,GALASE20ly,Keratan sulfate degradation
prpp[c],5-Phospho-Alpha-D-Ribose 1-Diphosphate,107476,HMR_3072,Fatty acid oxidation
r5p[c],Alpha-D-Ribose 5-Phosphate,107569,PCHOLN201_HSABCt,"Transport, extracellular"
23dpg[c],"2,3-Bisphosphonato-D-Glycerate",107585,HSD17B4x,Bile acid synthesis
3pg[c],3-Phospho-D-Glycerate,107605,HMR_3235,Fatty acid oxidation
glygn2[e],"Glycogen, Structure 2 (Glycogenin-1,6-{7[1,4-Glc], 4[1,4-Glc]})",107650,ALAPAT4te,"Transport, extracellular"
glygn4[e],"Glycogen, Structure 4 (Glycogenin-1,6-{2[1,4-Glc], [1,4-Glc]})",107652,DATPtn,"Transport, nuclear"
gal[e],D-Galactose,107723,OMPDC,Pyrimidine synthesis
lcts[e],Lactose,107747,HMR_7758,"Transport, mitochondrial"
M00234[e],"1,2-Diacylglycerol-Chylomicron-Pool",107766,r0221_1,Miscellaneous
M01807[e],Fatty-Acid-Chylomicron-Pool,107823,HMR_3625,Cholesterol metabolism
M00503[e],Monoacylglycerol-Chylomicron-Pool,107869,HMR_1242,"Transport, peroxisomal"
nad[c],Nicotinamide Adenine Dinucleotide,107885,HMR_0271,Fatty acid synthesis
nadh[c],Nicotinamide Adenine Dinucleotide - Reduced,107895,C226CPT1,Fatty acid oxidation
xoltetrol[c],"5Beta-Cholestane-3Alpha,7Alpha,12Alpha,26-Tetrol",108037,r1664,"Transport, extracellular"
CE4872[c],"3Alpha,7Alpha,12Alpha-Trihydroxy-5Beta-Cholestan-27-Al",108052,CPK1,Nucleotide interconversion
phyt[e],Phytanate,108083,SPTc,"Glycine, serine, alanine, and threonine metabolism"
phyt[c],Phytanate,108096,HMR_2700,"Transport, mitochondrial"
co2[c],Carbon Dioxide,108105,LYStn,"Transport, nuclear"
his__L[c],L-Histidine,108114,MI4PP,Inositol phosphate metabolism
hista[c],Histamine,108115,LDH_L,Glycolysis/gluconeogenesis
glu__L[e],L-Glutamate,108116,HMR_8580,Starch and sucrose metabolism
5dhf[e],Pentaglutamyl Folate (Dhf),108147,PCHOLSTE_HSABCt,"Transport, extracellular"
dhf[e],"7,8-Dihydrofolate",108148,HMR_0298,Fatty acid oxidation
zymstnl[r],Cholesta-8(9)-En-3Beta-Ol,108150,G5SDym,Urea cycle
lthstrl[r],5Alpha-Cholest-7-En-3Beta-Ol,108155,ACACT1r,Tryptophan metabolism
cdpdag_hs[m],Cytidine-5-Diphosphate-Diacylglycerol,108156,HEXA2l,Sphingolipid metabolism
cmp[m],Cytidine 5-Monophosphate,108645,PEDH14_HSPLA2,Glycerophospholipid metabolism
pglyc_hs[m],Phosphatidylglycerol,108664,MI14PP,Inositol phosphate metabolism
clpn_hs[m],Cardiolipin,108682,ADNtm,"Transport, mitochondrial"
ppa[c],Propionate,108841,r0358,Fructose and mannose metabolism
ppcoa[c],Propanoyl Coenzyme A,108902,LNLNCGCPT1,Fatty acid oxidation
Rtotal2[c],R Total 2 Position,109264,HMR_2757,"Transport, mitochondrial"
pchol_hs[c],Phosphatidylcholine,109342,SPHMYLN18115_hs_ATPt,"Transport, extracellular"
pcholpalme_hs[c],1-Palmitoleoylglycerophosphocholine (Delta 9),109652,CRVSM23hr,Drug metabolism
na1[e],Sodium,109674,ACONT,Citric acid cycle
na1[c],Sodium,109685,CVM23GLUChc,Drug metabolism
ser__L[c],L-Serine,109731,KHK,Fructose and mannose metabolism
ser__L[e],L-Serine,109754,r0441,Fatty acid oxidation
ile__L[e],L-Isoleucine,109778,ESTRONESt,"Transport, extracellular"
ile__L[c],L-Isoleucine,109785,RE3247X,Fatty acid oxidation
h2o[l],Water,109801,PCHOLN183_HSABCt,"Transport, extracellular"
gal[l],D-Galactose,109857,HMR_2985,Fatty acid synthesis
gln__L[c],L-Glutamine,109900,HMR_3716,Cholesterol metabolism
gln__L[e],L-Glutamine,109959,EX_cyan_e,Exchange/demand reaction
tyr__L[c],L-Tyrosine,110006,HMR_0188,Fatty acid synthesis
tyr__L[e],L-Tyrosine,110074,HPYRDCm,Glyoxylate and dicarboxylate metabolism
fvs[e],fluvastatin,110078,DEOXFVShc,Drug metabolism
pmtcrn[c],L-Palmitoylcarnitine,110095,IMPC,Purine synthesis
pmtcrn[m],L-Palmitoylcarnitine,110119,HPDECECOAm,Fatty acid oxidation
acgam[c],N-Acetyl-D-Glucosamine,110147,PCHOLOLE_HSPLA2,Glycerophospholipid metabolism
acgam[l],N-Acetyl-D-Glucosamine,110173,3HCO3_NAt,"Transport, extracellular"
nadph[m],Nicotinamide Adenine Dinucleotide Phosphate - Reduced,110175,PHPYRte,"Transport, extracellular"
h2o[m],Water,110196,RE1522M,Fatty acid oxidation
nadp[m],Nicotinamide Adenine Dinucleotide Phosphate,110197,EX_M00234_e,Exchange/demand reaction
akg[m],2-Oxoglutarate,110198,HMR_2705,Fatty acid oxidation
glu__L[m],L-Glutamate,110208,APNPT,CoA synthesis
nh4[m],Ammonium,110323,CERT1rt,"Transport, endoplasmic reticular"
c4dc[x],Succinyl Carnitine,110385,AKGDm,Citric acid cycle
c4dc[c],Succinyl Carnitine,110391,PGESc,Eicosanoid metabolism
focytb5[c],Ferrocytochrome b5,110446,PCHOL2STE_HSPLA2,Glycerophospholipid metabolism
ficytb5[c],Ferricytochrome b5,110460,SMPD3g,Sphingolipid metabolism
aracheth[e],O-Arachidonoyl Ethanolamine,110524,RE3228C,Fatty acid synthesis
atp[r],Adenosine Triphosphate,110611,TRYPTAOX,Tryptophan metabolism
amp[r],Adenosine Monophosphate,110639,RE2649M,Bile acid synthesis
ppi[r],Diphosphate,110695,EX_7thf_e,Exchange/demand reaction
coa[r],Coenzyme A,110826,GLNS,Glutamate metabolism
lneldc[r],Linoelaidic Acid (All Trans C18:2),110842,r1967,"Transport, extracellular"
lneldccoa[r],"(6Z,9Z)-Octadecadienoyl Coenzyme A",110855,PA_HStn,"Transport, nuclear"
glu__L[c],L-Glutamate,110877,HMR_2215,Fatty acid synthesis
4abut[c],4-Aminobutanoate,110891,GGH_6DHFe,Folate metabolism
chsterol[e],Cholesterol,110893,HPDECEm,Fatty acid oxidation
pchol_hs[e],Phosphatidylcholine,110895,r0750,Bile acid synthesis
xolest2_hs[e],Cholesterol Ester,110911,EX_biocyt_e,Exchange/demand reaction
pcholste_hs[e],1-Stearoylglycerophosphocholine,110935,ADMDC,Arginine and proline metabolism
dd2coa[m],Trans-Dodec-2-Enoyl Coenzyme A,110948,HMR_0290,Fatty acid oxidation
ddcacoa[m],Lauroyl Coenzyme A,111175,LCAT10e,Cholesterol metabolism
CE4854[c],"10Z,13Z,16Z,19Z-Docosatetraenoyl Coenzyme A",11303,HMR_2621,"Transport, mitochondrial"
M00260[c],"10Z,13Z,16Z,19Z-Docosatetraenoic Acid",11363,HMR_2989,Fatty acid synthesis
chsterol[l],Cholesterol,11364,GUACYC,Nucleotide interconversion
chsterol[m],Cholesterol,11370,PEAR_HSABCt,"Transport, extracellular"
c226coa[m],Cervonyl Coenzyme A,11409,MDRPD,Arginine and proline metabolism
mlthf[c],"5,10-Methylenetetrahydrofolate",114143,GK1,Nucleotide interconversion
methf[c],"5,10-Methenyltetrahydrofolate",11416,PROAKGOX1,Arginine and proline metabolism
octd11ecoa[c],11-Octadecenoyl Coenzyme A,11423,HMR_8476,"Transport, nuclear"
vacc[e],Vaccenic Acid,11428,RE3120C,Fatty acid oxidation
chsterol[c],Cholesterol,11429,PGL,Pentose phosphate pathway
lpchol_hs[c],1-Acyl-Sn-Glycero-3-Phosphocholine,11430,r2502,"Transport, peroxisomal"
xolest2_hs[c],Cholesterol Ester,114304,DM_pcreat_c,Exchange/demand reaction
CE4812[c],"Eicosa-2E,8Z,11Z,14Z,17Z-Pentaenoyl Coenzyme A",11431,GASNASE2ly,N-glycan degradation
CE4810[c],"3(S)-Hydroxy-All-Cis-8,11,14,17-Eicosatetraenoyl Coenzyme A",11432,EX_didecaeth_e,Exchange/demand reaction
crn[c],L-Carnitine,11433,HMR_3670,Cholesterol metabolism
crn[m],L-Carnitine,114479,RE3241C,Fatty acid synthesis
lneldccrn[c],"6Z,9Z-Octadecadienoylcarnitine",114644,RE2999M,Fatty acid oxidation
lneldccrn[m],"6Z,9Z-Octadecadienoylcarnitine",114663,PNTK,CoA synthesis
od2coa[c],(2E)-Octadecenoyl Coenzyme A,114664,XOLEST183CEH,Cholesterol metabolism
CE2248[c],3-Hydroxyoctadecanoyl Coenzyme A,11486,ACER31r,Sphingolipid metabolism
pyr[m],Pyruvate,114863,HMR_0814,Glycosphingolipid metabolism
lac__L[m],(S)-Lactate,114875,RE3178M,Fatty acid oxidation
ppmi12346p[c],5-Diphosphoinositol Pentakisphosphate,11512,r2225,"Transport, extracellular"
ppmi12346p[n],5-Diphosphoinositol Pentakisphosphate,11513,PHYHx,Fatty acid oxidation
n4abutn[c],4-Acetamidobutanal,11514,GARFT,Purine synthesis
4aabutn[c],4-Acetamidobutanoate,11515,r2093,"Transport, extracellular"
datp[n],Deoxyadenosine Triphosphate,11522,HMR_8579,Starch and sucrose metabolism
dadp[n],Deoxyadenosine Diphosphate,11529,THYOXt2,"Transport, extracellular"
udp[n],Uridine Diphosphate,11532,GGH_10FTHF5GLUl,Folate metabolism
ump[n],Uridine-5-Monophosphate,11534,GLYOXm,Pyruvate metabolism
crn[r],L-Carnitine,11564,ACNAMlt,"Transport, lysosomal"
lnlncgcrn[c],Gamma-Linolenoylcarnitine,11565,RE3168C,Fatty acid oxidation
lnlncgcrn[r],Gamma-Linolenoylcarnitine,11566,PPM,Pentose phosphate pathway
sphmyln1824_hs[e],"Sm (D18:0/24:0), Sphingomyelin",11593,PCHOLMYR_HsABCt,"Transport, extracellular"
dag_hs[n],Diglyceride,11605,PI3P4K,Inositol phosphate metabolism
crm_hs[n],N-Acylsphingosine,11611,HMR_3651,Cholesterol metabolism
pchol_hs[n],Phosphatidylcholine,11628,EX_hepdeceth_e,Exchange/demand reaction
sphmyln_hs[n],Sphingomyelin,11636,HMR_2263,Fatty acid synthesis
acnam[c],N-Acetylneuraminate,11637,LCAT16e,Cholesterol metabolism
ctp[c],Cytidine-5-Triphosphate,11639,r1150,"Transport, lysosomal"
cmpacna[c],Cytidine-5-Monophosphate-N-Acetyl-Beta-Neuraminate,11647,NDPK3m,Nucleotide interconversion
ac[c],Acetate,11648,FAOXC164C165x,Fatty acid oxidation
ac[e],Acetate,11655,HMR_2264,Fatty acid synthesis
but[c],Butyrate,11656,HMR_3627,Cholesterol metabolism
but[e],Butyrate,11666,PCHOLN1836_HSABCt,"Transport, extracellular"
o2[c],Oxygen,11668,RE3169C,Fatty acid oxidation
nadph[c],Nicotinamide Adenine Dinucleotide Phosphate - Reduced,11669,BUTt,"Transport, extracellular"
nadp[c],Nicotinamide Adenine Dinucleotide Phosphate,11670,HSD3A2r,Steroid metabolism
biliverd[c],Biliverdin,11671,NAt5,"Transport, extracellular"
co[c],Carbon Monoxide,11674,HMR_3205,Fatty acid oxidation
fe2[c],Iron (Fe2+),11676,PGDI,Eicosanoid metabolism
pheme[c],Protoheme,11677,GALASE18ly,Keratan sulfate degradation
chol[c],Choline,11684,EX_strch1_e,Exchange/demand reaction
HC02050[c],Phosphatidate-Ld-Pc-Pool,11687,R01115,Aminosugar metabolism
ksii_core4_deg2[l],"Keratan Sulfate Ii (Core 4-Linked), Degradation Product 2",11688,HMR_8570,Starch and sucrose metabolism
ksii_core4_deg3[l],"Keratan Sulfate Ii (Core 4-Linked), Degradation Product 3",11689,3MOX4HOXPGALDOX_NADP,Tyrosine metabolism
h[x],Proton,116914,HMR_3664,Cholesterol metabolism
nadh[x],Nicotinamide Adenine Dinucleotide - Reduced,116939,DOLGPP_Ler,N-glycan synthesis
nad[x],Nicotinamide Adenine Dinucleotide,11702,HMR_2348,Fatty acid synthesis
CE2247[x],3-Hydroxyeicosanoyl Coenzyme A,117147,HMR_2622,"Transport, mitochondrial"
CE2251[x],3-Oxoeicosanoyl Coenzyme A,117150,MI1345PP,Inositol phosphate metabolism
pcholn201_hs[e],"1-Eicosenoylglycerophosphocholine (Delta 11) ,Sn1-Lpc (20:1)",11717,r0220_1,Miscellaneous
pcholn201_hs[c],"1-Eicosenoylglycerophosphocholine (Delta 11) ,Sn1-Lpc (20:1)",11720,ADRNCRNt,Fatty acid oxidation
o2[x],Oxygen,11722,RE3103C,Fatty acid oxidation
cholcoads[x],"3Alpha,7Alpha,12Alpha-Trihydroxy-5Beta-Cholest-24-Enoyl Coenzyme A",11739,RE2998M,Fatty acid oxidation
h2o[x],Water,11740,HMR_1743,Bile acid synthesis
nadph[x],Nicotinamide Adenine Dinucleotide Phosphate - Reduced,11754,BILIRED2,Heme synthesis
nadp[x],Nicotinamide Adenine Dinucleotide Phosphate,11757,r0541,Tryptophan metabolism
cholcoaone[x],"3A,7A,12A-Trihydroxy-5B-24-Oxocholestanoyl Coenzyme A",11758,GLCNACT3g,Chondroitin synthesis
gdp[c],Guanosine-5-Diphosphate,117591,HMR_2364,Fatty acid synthesis
M03022[m],"Trans,Cis-Myristo-2,5-Dienoyl Coenzyme A",117592,ST6GALNAC31_1,Sphingolipid metabolism
M01573[m],Cis-(3S)-Hydroxytetradec-5-Enoyl Coenzyme A,11761,CHOLK,Glycerophospholipid metabolism
ala__L[e],L-Alanine,11770,r1908,"Transport, extracellular"
ala__L[c],L-Alanine,11816,EX_7dhf_e,Exchange/demand reaction
datp[c],Deoxyadenosine Triphosphate,11821,HMR_3704,Cholesterol metabolism
orot5p[c],Orotidine 5-Phosphate,11826,SPHS1Ptr,"Transport, endoplasmic reticular"
ump[c],Uridine-5-Monophosphate,11827,HMR_3425,Fatty acid oxidation
cholcoa[c],Choloyl Coenzyme A,11828,HMR_3696,Cholesterol metabolism
cholcoa[m],Choloyl Coenzyme A,11829,EBP1r,Cholesterol metabolism
coa[m],Coenzyme A,11830,PEPALM_HSASBCt,"Transport, extracellular"
ppcoa[m],Propanoyl Coenzyme A,11832,HMR_0428,"Transport, extracellular"
amp[m],Adenosine Monophosphate,11833,HMR_0824,Glycosphingolipid metabolism
HC01668[m],Propinol Adenylate,11846,STRDNCCOAtxc,"Transport, peroxisomal"
pchol2ste_hs[e],2-Stearoylglycerophosphocholine,11847,DHORD9,Pyrimidine synthesis
ddcacoa[r],Lauroyl Coenzyme A,11886,r1448,Fatty acid oxidation
M01498[r],Cholest-5-En-3Beta-Yl Dodecanoate,11898,r1253,Fatty acid oxidation
CE5947[c],"20-COOH-10,11-Dihydro-Leukotriene B4",11928,RE2626M,Bile acid synthesis
CE5947[x],"20-COOH-10,11-Dihydro-Leukotriene B4",11931,TPI,Glycolysis/gluconeogenesis
M00020[c],13Z-Octadecenoyl Coenzyme A,11932,HMR_3694,Cholesterol metabolism
c226coa[c],Cervonyl Coenzyme A,11933,HMR_2261,Fatty acid synthesis
c226crn[c],Docosahexaenoylcarnitine,11941,CPPPGO,Heme synthesis
lys__L[c],L-Lysine,11944,HMR_0192,Fatty acid synthesis
lys__L[e],L-Lysine,11945,LCAT36e,Cholesterol metabolism
pyr[c],Pyruvate,11946,HMR_0847,Glycosphingolipid metabolism
hpyr[c],3-Hydroxypyruvate,11947,HMR_2689,"Transport, mitochondrial"
M02051[c],Heneicosanoylcarnitine,11949,HMR_0305,Fatty acid synthesis
M02051[m],Heneicosanoylcarnitine,11950,HMR_0245,Fatty acid synthesis
m2mn[l],(Alpha-D-Mannosyl)2-Beta-D-Mannosyl-N-Acetylglucosamine,11951,PAPStg,"Transport, golgi apparatus"
lys__L[n],L-Lysine,11957,S6T2g,Keratan sulfate synthesis
inost[c],Myo-Inositol,11958,OCTAt,"Transport, extracellular"
mi4p__D[c],1D-Myo-Inositol 4-Phosphate,11964,HMR_9803,Propanoate metabolism
lac__L[c],(S)-Lactate,11966,G14T21g,Keratan sulfate synthesis
fru[c],D-Fructose,11972,PE161_HSABCt,"Transport, extracellular"
malt[c],Maltose,11973,GLUt7l,"Transport, lysosomal"
malttr[c],Maltotriose,11974,RE0958C,Starch and sucrose metabolism
pcholste_hs[c],1-Stearoylglycerophosphocholine,11975,r1826,"Transport, extracellular"
h[g],Proton,11980,PLA2_2e,Glycerophospholipid metabolism
udp[g],Uridine Diphosphate,11982,r2520,"Transport, mitochondrial"
udpglcur[g],Uridine-5-Diphosphate-Glucuronate,11984,HMR_0244,"Transport, extracellular"
M01235[c],9Z-Eicosenoic Acid,11987,r0443,Fatty acid oxidation
M01236[c],9Z-Eicosenoyl Coenzyme A,11988,NDP7er,Nucleotide interconversion
pi[m],Orthophosphate,11989,CBPS,Pyrimidine synthesis
glu5sa[m],L-Glutamate 5-Semialdehyde,11992,HMR_2857,"Transport, endoplasmic reticular"
glu5p[m],L-Glutamate 5-Phosphate,12012,RE3247M,Fatty acid oxidation
accoa[c],Acetyl Coenzyme A,12035,PCHOLEIC_HSABCt,"Transport, extracellular"
aacoa[c],Acetoacetyl Coenzyme A,12036,DUTCP,Nucleotide interconversion
acgal[l],N-Acetyl-D-Galactosamine,12038,FAOXC184C164x,Fatty acid oxidation
gd2_hs[l],GalNac-Beta1->4(Neuac-Alpha2->8Neuac2->3)Gal-Beta1->4Glc-Beta1->1Cer,12039,FVStu,Drug metabolism
gd3_hs[l],Gd3,12040,PROPAT4te,"Transport, extracellular"
pe_hs[c],Phosphatidylethanolamine,12091,r1167,Miscellaneous
pe14_hs[c],1-Myristoylglycerophosphoethanolamine (C14:0 Pe),12116,HMR_3662,Cholesterol metabolism
mi14p[c],"(1R,2R,3R,4R,5R,6S)-2,3,5,6-Tetrahydroxy-4-(Phosphonatooxy)Cyclohexyl Phosphate",12140,HMR_3686,Cholesterol metabolism
adn[c],Adenosine,12183,HMR_0209,Fatty acid synthesis
adn[m],Adenosine,12215,HMR_3680,Cholesterol metabolism
dadp[c],Deoxyadenosine Diphosphate,12319,FAOXC164C143x,Fatty acid oxidation
f6p[c],D-Fructose 6-Phosphate,12346,EICOSTETCPT1,Fatty acid oxidation
lnlncgcoa[c],Gamma-Linolenoyl Coenzyme A,12349,HMR_3647,Cholesterol metabolism
arachdcrn[c],C20:4 Carnitine,12350,HMR_1665,"Transport, peroxisomal"
arachdcrn[m],C20:4 Carnitine,12351,IND3ACt,"Transport, extracellular"
sphmyln18115_hs[c],"Sm (D18:1/15:0), Sphingomyelin",12352,BILIRUBt2,"Transport, extracellular"
sphmyln18115_hs[e],"Sm (D18:1/15:0), Sphingomyelin",12353,r0669,"Valine, leucine, and isoleucine metabolism"
pcholn183_hs[e],"1-Octadeca-Trienoylglycerophosphocholine, Sn1-Lpc (18:3, Delta 9, 12, 15)",12354,HMR_0306,Fatty acid oxidation
glcur[r],D-Glucuronate,12359,HMR_0382,Fatty acid oxidation
crvsm23[r],cerivastatin-M23,12408,C12DCACOT,Fatty acid oxidation
cvm23gluc[r],cerivastatin-M23-glucuronide,12411,HMR_3646,Cholesterol metabolism
cit[c],Citrate,12491,NDPK1,Nucleotide interconversion
icit[c],Isocitric Acid,12495,HMR_8582,Starch and sucrose metabolism
udp[r],Uridine Diphosphate,12496,RE3176C,Fatty acid oxidation
udpglcur[r],Uridine-5-Diphosphate-Glucuronate,12497,SPHMYLN181221_hs_ATPt,"Transport, extracellular"
f1p[c],D-Fructose 1-Phosphate,12499,RE3628M,Fatty acid oxidation
arachdcoa[r],Arachidonoyl Coenzyme A,12583,PGMT,Glycolysis/gluconeogenesis
arachdcrn[r],C20:4 Carnitine,12613,CYSO,Taurine and hypotaurine metabolism
hco3[e],Bicarbonate,12642,HMR_0309,Fatty acid synthesis
hco3[c],Bicarbonate,12647,ORNt4m,"Transport, mitochondrial"
estrones[e],Estrone 3-Sulfate,12651,HMR_3650,Cholesterol metabolism
estrones[c],Estrone 3-Sulfate,12660,SBPP3er,Sphingolipid metabolism
h2o2[x],Hydrogen Peroxide,12686,SPHMYLN1824_hs_ATPt,"Transport, extracellular"
CE5166[x],25(S)-Trihydroxycoprostanoyl Coenzyme A,12709,UGALNACtg,"Transport, golgi apparatus"
pcholn183_hs[c],"1-Octadeca-Trienoylglycerophosphocholine, Sn1-Lpc (18:3, Delta 9, 12, 15)",12715,r0009,Purine catabolism
clpnd[r],Docosapentaenoic Acid,12716,LNLNCACRNt,Fatty acid oxidation
clpndcoa[r],"Docosa-7,10,13,16,19-All-Cis-Pentaenoyl Coenzyme A",12764,HMR_0345,Fatty acid synthesis
lgnc[r],Lignocerate,12780,AMACR2p,Bile acid synthesis
M01508[r],Cholesterol-Ester-Tetraco,12846,H2Ot,"Transport, extracellular"
cyan[e],Hydrogen Cyanide,12857,RE3167C,Fatty acid oxidation
ddca[c],Dodecanoic Acid,12858,LCAT17e,Cholesterol metabolism
ddcacoa[c],Lauroyl Coenzyme A,12859,GALC,Sphingolipid metabolism
co2[m],Carbon Dioxide,12861,PRAGSr,Purine synthesis
gcald[m],Glycolaldehyde,12862,DHCRD1,Sphingolipid metabolism
hpyr[m],3-Hydroxypyruvate,12864,4MPTNLte,"Transport, extracellular"
accoa[x],Acetyl Coenzyme A,12865,r1812,"Transport, extracellular"
coa[x],Coenzyme A,12866,r0145,Arginine and proline metabolism
fvs[x],fluvastatin,12867,HMR_2334,Fatty acid synthesis
deoxfvs[x],deoxy-fluvastatin-dinor,12868,SSALxm,Glutamate metabolism
imp[c],Inosine-5-Monophosphate,12870,EX_profvs_e,Exchange/demand reaction
fprica[c],5-Formamido-1-(5-Phospho-D-Ribosyl)Imidazole-4-Carboxamide,12892,HMR_0981,Arachidonic acid metabolism
hpdcacoa[m],Heptadecanoyl Coenzyme A,12894,UDPGALtg,"Transport, golgi apparatus"
hpdececoa[m],Trans-Delta-2-Heptadecanoyl Coenzyme A,12895,PCHOLHEP_HSPLA2,Glycerophospholipid metabolism
pcholn203_hs[e],"1-Dihomo-Linolenoylglycerophosphocholine (20:3, Delta 8, 11, 14), Lysopc A C20:3",12896,EX_glygn4_e,Exchange/demand reaction
pcholole_hs[c],1-Oleoylglycerophosphocholine (Delta 9),12908,HMR_3108,Fatty acid oxidation
phpyr[c],Keto-Phenylpyruvate,12934,HMR_6595,Inositol phosphate metabolism
phpyr[e],Keto-Phenylpyruvate,12974,HMR_3246,Fatty acid oxidation
CE2433[m],"Trans,Cis,Cis-2,7,10-Hexadecatrienoyl Coenzyme A",13016,NTD4l,Pyrimidine catabolism
CE2418[m],"(3S)-3-Hydroxy-Cis,Cis-Palmito-7,10-Dienoyl Coenzyme A",13026,HMR_2368,Fatty acid synthesis
CE5155[c],Docosenoyl Coenzyme A,13070,ETFQO,Fatty acid oxidation
M01727[c],Docosenoylcarnitine,13074,NTD9l,Purine catabolism
pan4p[c],Pantetheine 4-Phosphate,13075,HMR_2773,"Transport, mitochondrial"
ptth[c],Pantetheine,13076,PCHOLN2254_HSPLA2,Glycerophospholipid metabolism
crm_hs[c],N-Acylsphingosine,13077,HMR_3636,Cholesterol metabolism
crm_hs[r],N-Acylsphingosine,13078,CHOLtu,"Transport, extracellular"
h[l],Proton,13106,MI134PP,Inositol phosphate metabolism
so4[l],Sulfate,13113,GSNt,"Transport, extracellular"
succoa[m],Succinyl Coenzyme A,13116,UMPK5,Nucleotide interconversion
prostge2[c],Prostaglandin E2,13117,GLCURtly,"Transport, lysosomal"
prostgh2[c],Prostaglandin H2,13121,HMR_0240,"Transport, extracellular"
pchol2ste_hs[c],2-Stearoylglycerophosphocholine,13122,NEU24,Sphingolipid metabolism
h2o[g],Water,13124,r0403,Tetrahydrobiopterin metabolism
crm_hs[g],N-Acylsphingosine,13139,4HOXPACDOX_NADP,Tyrosine metabolism
cholp[g],Choline Phosphate,13142,HMR_2946,Fatty acid synthesis
sphmyln_hs[g],Sphingomyelin,13162,HMR_2955,Fatty acid synthesis
CE5148[c],3(S)-Hydroxy-11-Cis-Eicosenoyl Coenzyme A,13166,HMR_0820,Glycosphingolipid metabolism
CE5150[c],"Trans,Cis-2,11-Eicosadienoyl Coenzyme A",13167,HMR_2659,"Transport, mitochondrial"
h2o2[c],Hydrogen Peroxide,13171,PTRCAT1,Arginine and proline metabolism
nh4[c],Ammonium,13177,HMR_3063,Fatty acid oxidation
id3acald[c],Indol-3-Ylacetaldehyde,13178,SMS1,Glycerophospholipid metabolism
trypta[c],Tryptamine,13180,ACP1_FMN,Vitamin B2 metabolism
pcholeic_hs[e],"1-Eicosadienoylglycerophosphocholine (Delta 11,14)",13195,PAN4PP,CoA catabolism
ppa[m],Propionate,13244,PNTEH,CoA catabolism
7thf[e],Heptaglutamyl Folate (Thf),13340,SPHINGStg,"Transport, golgi apparatus"
udpacgal[g],Uridine-5-Diphosphate-N-Acetyl-D-Galactosamine,13350,RE2649C,Bile acid synthesis
cs_hs_linkage[g],Chondroitin Sulfate/Heparan Sulfate Linkage Region (Glca-(Gal)2-Xyl-L-Ser (Protein)),13358,GLCAT9g,Chondroitin synthesis
asn__L[c],L-Asparagine,13360,r0450,Lysine metabolism
asn__L[e],L-Asparagine,13361,G14T2g,Keratan sulfate synthesis
pa_hs[c],Phosphatidate,13370,r0097,Miscellaneous
pa_hs[n],Phosphatidate,13371,HMR_0302,Fatty acid oxidation
ttccoa[c],Tetracosanoyl Coenzyme A,13382,FAOXC12DCTc,Fatty acid oxidation
malcoa[c],Malonyl Coenzyme A,13479,CSNATm,Fatty acid oxidation
3ohxccoa[c],3-Oxohexacosyl Coenzyme A,13487,UMPK2,Nucleotide interconversion
6dhf[e],Hexaglutamyl Folate (Dhf),13521,RE1527M,Fatty acid oxidation
hpdece[m],Trans-Delta-2-Heptadecanoic Acid,13595,r0649_1,Miscellaneous
xoldioloneh[c],"7Alpha,12Alpha-Dihydroxy-5Beta-Cholestan-3-One",13806,SQLEr,Cholesterol metabolism
xoltriol[c],"5Beta-Cholestane-3Alpha,7Alpha,12Alpha-Triol",13807,HMR_2634,"Transport, mitochondrial"
biocyt[e],Biocytin,13808,PIK5,Inositol phosphate metabolism
amet[c],S-Adenosyl-L-Methionine,13861,r1174,Miscellaneous
ametam[c],S-Adenosylmethioninamine,13885,HMR_3635,Cholesterol metabolism
M00017[c],13Z-Eicosenoic Acid,14042,PRFGS,Purine synthesis
M00018[c],13Z-Eicosenoyl Coenzyme A,14043,HMR_2259,Fatty acid synthesis
pcholmyr_hs[e],1-Myristoylglycerophosphocholine,140483,HMR_2736,Fatty acid oxidation
M02976[c],Tetradecenoylcarnitine(9),140494,PEOLE_HSPLA2,Glycerophospholipid metabolism
M02976[m],Tetradecenoylcarnitine(9),14077,r2122,"Transport, extracellular"
M00010[r],"11Z,14Z,17Z-Eicosatrienoic Acid",14080,r2121,"Transport, extracellular"
M00012[r],"11Z,14Z,17Z-Eicosatrienoyl Coenzyme A",14081,HMR_7330,"Transport, golgi apparatus"
35cgmp[c],"3,5-Cyclic Guanosine Monophosphate",14085,LCAT30e,Cholesterol metabolism
gtp[c],Guanosine-5-Triphosphate,140919,PCREATtmdiffir,Urea cycle
pear_hs[e],1-Arachidonoyl-Sn-Glycero-3-Phosphoethanolamine,14104,4HATVLACthc,Drug metabolism
pear_hs[c],1-Arachidonoyl-Sn-Glycero-3-Phosphoethanolamine,14120,SERt2r,"Transport, extracellular"
dkmpp[c],"2,3-Diketo-5-Methylthio-1-Phosphopentane",14121,LCAT31e,Cholesterol metabolism
5mdru1p[c],5-Methylthio-5-Deoxy-D-Ribulose 1-Phosphate,14137,r1762,"Transport, extracellular"
gmp[c],Guanosine-5-Monophosphate,14151,PCHOL_HStn,"Transport, nuclear"
akg[c],2-Oxoglutarate,14187,DURIK1,Nucleotide interconversion
succ[c],Succinate,14194,R01803,Aminosugar metabolism
pro__L[c],L-Proline,14204,AMETt2m,"Transport, mitochondrial"
4hpro_LT[c],Trans-4-Hydroxy-L-Proline,14245,HMR_2537,Fatty acid synthesis
dcyt[n],Deoxycytidine,142681,RE1834X,Bile acid synthesis
dcyt[c],Deoxycytidine,14275,PCHOLN203_HSPLA2,Glycerophospholipid metabolism
tmndnccoa[c],"Eicosa-5,8,11,14,17-All-Cis-Pentaenoyl Coenzyme A",14276,HMR_3175,Fatty acid oxidation
CE4819[c],"3-Oxo-Docosa-7,10,13,16,19-All-Cis-Pentaenoyl Coenzyme A",14287,PYRt2,"Transport, extracellular"
6pgc[c],6-Phospho-D-Gluconate,14317,GND,Pentose phosphate pathway
6pgl[c],"6-Phospho-D-Glucono-1,5-Lactone",14319,HMR_1102,Leukotriene metabolism
lnlccoa[c],Linoleic Coenzyme A,14325,r2094,"Transport, extracellular"
lnlccoa[x],Linoleic Coenzyme A,14345,HMR_2965,Fatty acid synthesis
pcreat[c],Phosphocreatine,14347,HMR_3058,Fatty acid oxidation
Asn_X_Ser_Thr[l],Protein Asparagine,14348,HMR_2434,Fatty acid synthesis
n2m2nm[l],N2M2Nmasn (W/O Peptide Linkage),14377,HMR_3099,Fatty acid oxidation
n2m2nmasn[l],"N-Acetyl-Beta-D-Glucosaminyl-1,2-Alpha-D-Mannosyl-1,3-(N-Acetyl-Beta-D-Glucosaminyl-1,2-Alpha-D-Mannosyl-1,6)-(N-Acetyl-Beta-D-Glucosaminyl-1,4)-Beta-D-Mannosyl-1,4-N-Acetyl-Beta-D-Glucosaminyl-R",14378,DESAT24_1,Fatty acid synthesis
didecaeth[e],"C12:0-Ethanolamide, Didecanoyl Ethanolamide",14381,S3T3g,Chondroitin synthesis
M00343[r],"13Z,16Z,19Z-Docosatrienoyl Coenzyme A",14385,XSERtg,"Transport, golgi apparatus"
M01460[r],"Cholesterol-Ester-13,16,19-Doco",14387,PCHOLN225_HSABCt,"Transport, extracellular"
hdcoa[c],Palmitoleyl Coenzyme A,14411,DIHOLINETH,Glycerophospholipid metabolism
CE5160[c],3-Oxo-Cis-9-Octadecenoyl Coenzyme A,14412,FACOAE140,Fatty acid oxidation
CE2432[m],"Trans-2-Cis,Cis-5,8-Tetradecatrienoyl Coenzyme A",14415,GLCNACT5g,Chondroitin synthesis
CE5117[m],"(3E,5Z,8Z)-Tetradecatrienoyl Coenzyme A",14417,SPHINGStr,"Transport, endoplasmic reticular"
pnto__R[c],(R)-Pantothenate,14420,r1380,Cholesterol metabolism
4ppan[c],D-4-Phosphopantothenate,14421,r1259,Fatty acid oxidation
pe_hs[r],Phosphatidylethanolamine,14422,r2261,"Transport, extracellular"
lnlncg[l],Gamma-Linolenate,14423,DHAAt1r,"Transport, extracellular"
xolest183_hs[l],"1-Gamma-Linolenoyl-Cholesterol, Cholesterol-Ester (18:3, Delta 6, 9, 12)",14425,HMR_1651,Steroid metabolism
Rtotal[r],R Total,14426,RE3242C,Fatty acid synthesis
phcrm_hs[r],Phytoceramide,14430,SMVGLUChep,Drug metabolism
phsphings[r],Phytosphingosine,14431,CRVSM1hr,Drug metabolism
M02491[c],Monosialylgalactosylgloboside,14433,L_LACt2r,"Transport, extracellular"
M03131[c],V3(Neuac)2-Gb5Cer ((Gal)3 (GalNAc)1 (Glc)1 (Neu5Ac)2 (Cer)1),14447,HMR_2668,"Transport, mitochondrial"
CE4800[m],"3(S)-Hydroxy-2(S),6-Dimethyl-Heptanoyl Coenzyme A",14450,HMR_6385,"Transport, endoplasmic reticular"
CE4796[m],3-Oxo-(2S)-Methylisocapryloyl Coenzyme A,14466,3HLYTCL,Tyrosine metabolism
HC02200[c],"1-(S-Glutathionyl)-2,4-Dinitrobenzene",14537,PCHOLDEIC_HSPLA2,Glycerophospholipid metabolism
HC02200[e],"1-(S-Glutathionyl)-2,4-Dinitrobenzene",14544,OCTDECCACT,Fatty acid oxidation
akg[x],2-Oxoglutarate,14555,HMR_0963,Arachidonic acid metabolism
co2[x],Carbon Dioxide,14571,EX_HC02160_e,Exchange/demand reaction
phyt2ohcoa[x],2-Hydroxyphytanoyl Coenzyme A,14583,RE0915E,Starch and sucrose metabolism
phytcoa[x],Phytanoyl Coenzyme A,14584,TYROXDAc,Tyrosine metabolism
succ[x],Succinate,14590,PRGNLONEtm,"Transport, mitochondrial"
10fthf[c],10-Formyltetrahydrofolate,14593,MALTly,Starch and sucrose metabolism
thf[c],"5,6,7,8-Tetrahydrofolate",14595,41R1H2MAE12BOOX,Tyrosine metabolism
gar[c],N1-(5-Phospho-D-Ribosyl)Glycinamide,14598,HMR_2712,"Transport, mitochondrial"
fgam[c],N2-Formyl-N1-(5-Phospho-D-Ribosyl)Glycinamide,14626,r2102,"Transport, extracellular"
akg[e],2-Oxoglutarate,14629,4AABUTNt,"Transport, extracellular"
pyr[e],Pyruvate,14630,PEDH161_HSPLA2,Glycerophospholipid metabolism
malttr[e],Maltotriose,14635,DADK,Nucleotide interconversion
M02451[e],Maltotetraose,14645,HMR_3629,Cholesterol metabolism
thyox__L[e],L-Thyroxine,14651,PCHOLDOC_HSABCt,"Transport, extracellular"
thyox__L[c],L-Thyroxine,14660,BTND1n,Biotin metabolism
10fthf5glu[l],10-Formyltetrahydrofolate-[Glu](5),14661,HMR_2288,Fatty acid synthesis
10fthf[l],10-Formyltetrahydrofolate,14664,CHOLPtn,"Transport, nuclear"
glu__L[l],L-Glutamate,14667,HMR_3408,Fatty acid oxidation
lac__D[m],(R)-Lactate,14711,HMR_3710,Cholesterol metabolism
lgt__S[m],(R)-S-Lactoylglutathionate,14718,RDH1a,Vitamin A metabolism
gthrd[m],Reduced Glutathione,14719,HEPDECETH,Glycerophospholipid metabolism
acnam[l],N-Acetylneuraminate,14732,RE1520M,Fatty acid oxidation
CE4846[c],"Trans,Cis,Cis,Cis-2,10,13,16-Docosatetraenoyl Coenzyme A",14751,GCC2cm,"Glycine, serine, alanine, and threonine metabolism"
CE4847[c],"10Z,13Z,16Z-Docosatrienoyl Coenzyme A",14775,LNELDCCPT2,Fatty acid oxidation
r1p[c],Alpha-D-Ribose 1-Phosphate,14776,HISt4,"Transport, extracellular"
pcholmyr_hs[c],1-Myristoylglycerophosphocholine,14778,r0355,Glycolysis/gluconeogenesis
pail34p_hs[c],"1-Phosphatidyl-1D-Myo-Inositol 3,4-Bisphosphate",14780,HMR_2775,"Transport, mitochondrial"
pail3p_hs[c],1-Phosphatidyl-1D-Myo-Inositol 3-Phosphate,14782,GLPASE2,Starch and sucrose metabolism
M00101[r],"5Z,8Z,11Z-Eicosatrienoyl Coenzyme A",14854,O2St,"Transport, extracellular"
M01469[r],"Cholesterol-Ester-5,8,11-Eico",14874,PCHOL2PALM_HSPLA2,Glycerophospholipid metabolism
sphmyln18117_hs[e],"Sm (D18:1/17:0), Sphingomyelin",14913,HMR_3110,Fatty acid oxidation
hepdeceth[e],Heptadecanoyl Thanolamide (C17:0),14917,DIDECAETH,Glycerophospholipid metabolism
M02612[c],Nonadecanoyl Coenzyme A,14919,NTD3,Pyrimidine catabolism
M00873[c],3-Oxoheneicosanoyl Coenzyme A,14923,HMR_7711,"Transport, lysosomal"
pe_hs[e],Phosphatidylethanolamine,14933,SMVthep,Drug metabolism
peste_hs[e],1-Stearoylglycerophosphoethanolamine,14936,DESAT18_6,Fatty acid synthesis
pi[l],Orthophosphate,14979,HMR_3203,Fatty acid oxidation
atp[m],Adenosine Triphosphate,15107,3M4HDXPAC,Tyrosine metabolism
adp[m],Adenosine Diphosphate,15108,HMR_3116,Fatty acid oxidation
ctp[m],Cytidine-5-Triphosphate,15109,BGAL1e,Sphingolipid metabolism
cdp[m],Cytidine-5-DIphosphate,15112,ACONTm,Citric acid cycle
4hexdtetcoa[x],"4,7,10,13-Hexadecatetraenoyl Coenzyme A",15116,EX_no_e,Exchange/demand reaction
hexdpencoa[x],"2,4,7,10,13-Hexadecapentaenoyl Coenzyme A",15117,C226CPT2,Fatty acid oxidation
M00778[c],3-Hydroxyheneicosanoyl Coenzyme A,15118,FORtr,"Transport, endoplasmic reticular"
tdcoa[r],Myristoyl Coenzyme A,15186,GGH_6THFe,Folate metabolism
M01501[r],Cholest-5-En-3Beta-Yl Tetradecanoate,15203,NAGLCAly,Keratan sulfate degradation
ala_B[m],Beta-Alanine,15211,HMR_2961,Fatty acid synthesis
ala_B[c],Beta-Alanine,15212,DHORTS,Pyrimidine synthesis
pcholn1836_hs[e],"1-Octadeca-Trienoylglycerophosphocholine, Sn1-Lpc (18:3, Delta 6, 9, 12)",15233,SPHK21c,Sphingolipid metabolism
pcholn1836_hs[c],"1-Octadeca-Trienoylglycerophosphocholine, Sn1-Lpc (18:3, Delta 6, 9, 12)",15275,HMR_3242,Fatty acid oxidation
hdca[r],Hexadecanoate (N-C16:0),15277,C161CRN2t,Fatty acid oxidation
CE4852[c],"Trans,Cis,Cis,Cis,Cis-2,10,13,16,19-Docosapentaenoyl Coenzyme A",15288,HMR_3736,Cholesterol metabolism
andrstrn[r],Androsterone,15356,HMR_0434,Fatty acid oxidation
nadph[r],Nicotinamide Adenine Dinucleotide Phosphate - Reduced,15357,C181CRNt,Fatty acid oxidation
nadp[r],Nicotinamide Adenine Dinucleotide Phosphate,15360,SUCCtp,"Transport, peroxisomal"
andrstandn[r],"5Alpha-Androstane-3,17-Dione",15368,EX_ditp_e,Exchange/demand reaction
nh4[e],Ammonium,15369,r0319,Miscellaneous
accoa[m],Acetyl Coenzyme A,15445,HMR_0293,Fatty acid synthesis
M00899[m],3-Oxopentanoyl Coenzyme A,15450,CMPSASn,Aminosugar metabolism
prostgd2[c],Prostaglandin D2,15452,S23T4g,Keratan sulfate synthesis
ksii_core2_deg8[l],"Keratan Sulfate Ii (Core 2-Linked), Degradation Product 8",15476,HOCTDACBP,Fatty acid oxidation
ksii_core2_deg9[l],"Keratan Sulfate Ii (Core 2-Linked), Degradation Product 9",15478,HMR_2354,Fatty acid synthesis
cmpglna[c],CMP-N-glycoloylneuraminate,15483,S3T2g,Chondroitin synthesis
CE2838[c],Maltononaose,15484,PETHCT,Glycerophospholipid metabolism
M02446[c],Maltoheptaose,15485,GLCATg,Chondroitin synthesis
3m4hpga[c],3-Methoxy-4-Hydroxyphenylglycolaldehyde,15486,DAGK_hs,Glycerophospholipid metabolism
3mox4hoxm[c],3-Methoxy-4-Hydroxymandelate,15487,r0548,Miscellaneous
tmndnccoa[r],"Eicosa-5,8,11,14,17-All-Cis-Pentaenoyl Coenzyme A",15488,DPCOAKm,CoA synthesis
M01468[r],"Cholest-5-En-3Beta-Yl (5Z,8Z,11Z,14Z,17Z-Eicosapentaenoate)",15490,r0968,"Transport, endoplasmic reticular"
glc__D[r],D-Glucose,15492,r1454,"Transport, mitochondrial"
dolglcp__L[r],"Dolichyl Beta-D-Glucosyl Phosphate, Human Liver Homolog",15493,HMR_3230,Fatty acid oxidation
dolp__L[r],Dolichyl Phosphate,15494,C02712te,"Transport, extracellular"
M00852[c],3-Oxo-9-Cis-Eicosenoyl Coenzyme A,15497,PHEACGLYsec,"Transport, extracellular"
M00707[c],3(S)-Hydroxy-9-Cis-Eicosenoyl Coenzyme A,15531,PE224_HSPLA2,Glycerophospholipid metabolism
M01141[m],5Z-Tetradecenoyl Coenzyme A,15567,CRVSthc,Drug metabolism
ksii_core2[e],Keratan Sulfate Ii (Core 2-Linked),15926,r2107,"Transport, extracellular"
ksii_core2[l],Keratan Sulfate Ii (Core 2-Linked),15929,PROFVSCOAhc,Drug metabolism
mi1345p[c],"1D-Myo-Inositol 1,3,4,5-Tetrakisphosphate",15930,HMR_1928,Steroid metabolism
mi134p[c],"1D-Myo-Inositol 1,3,4-Trisphosphate",16204,HMR_2731,"Transport, mitochondrial"
HC01668[c],Propinol Adenylate,16329,HMR_3645,Cholesterol metabolism
xolest183_hs[c],"1-Gamma-Linolenoyl-Cholesterol, Cholesterol-Ester (18:3, Delta 6, 9, 12)",16330,CLS_hs,Glycerophospholipid metabolism
galgluside_hs[g],Galactosyl Glucosyl Ceramide,16331,VLCSp,Bile acid synthesis
uacgam[g],Uridine-5-Diphosphate-N-Acetyl-Alpha-D-Glucosamine,16332,FAOXC13BRC11BRx,Fatty acid oxidation
adrncrn[c],Ocosatetraenoylcarnitine,16430,EX_diholineth_e,Exchange/demand reaction
adrncrn[m],Ocosatetraenoylcarnitine,16434,r1671,"Transport, extracellular"
CE4793[c],3-Oxo-Dihomo-Gama-Linolenoyl Coenzyme A,16514,B3GALT41g,Sphingolipid metabolism
o2[m],Oxygen,16523,DOCOSACTDr,Fatty acid oxidation
h2o2[m],Hydrogen Peroxide,16548,CMPACNAtn,"Transport, nuclear"
CE0785[m],"Cis,Cis-Myristo-5,8-Dienoyl Coenzyme A",16591,PPNCL3,CoA synthesis
M01083[c],"7Alpha,24Alpha-Dihydroxy-5Beta-Cholestan-3-One",16592,LNLCCPT1,Fatty acid oxidation
M01080[c],"5Beta-Cholestane-3Alpha,7Alpha,24-Triol",16770,LTDCL,Tryptophan metabolism
bilirub[c],Bilirubin,16790,PEAR_HSPLA2,Glycerophospholipid metabolism
glutcoa[m],Glutaryl Coenzyme A,16816,ALDD20x,Tryptophan metabolism
b2coa[m],Crotonoyl Coenzyme A,16828,HMR_0597,Glycerophospholipid metabolism
q10[m],Ubiquinone-10,16832,HPROb,Arginine and proline metabolism
q10h2[m],Ubiquinol-10,16833,r2244,"Transport, extracellular"
hs_pre4[g],Glca-GlcNac-Glca-GlcNac-Glca-Gal-Gal-Xyl-L-Ser (Protein),16889,AICART,Purine synthesis
hs_pre5[g],(GlcNac-Glca)2-GlcNac-Glca-Gal-Gal-Xyl-L-Ser (Protein),16890,HMR_2704,"Transport, mitochondrial"
M00123[c],"8Z,11Z-Eicosadienoyl Coenzyme A",16891,HMR_9804,Propanoate metabolism
M03017[c],"Trans,Cis-2,8,11-Eicosatrienoyl Coenzyme A",16922,HMR_0243,"Transport, extracellular"
cmp[g],Cytidine 5-Monophosphate,16956,HMR_0823,Glycosphingolipid metabolism
cmpacna[g],Cytidine-5-Monophosphate-N-Acetyl-Beta-Neuraminate,16987,HMGLm,Cholesterol metabolism
gm1b_hs[g],Gm1B,16993,CHAT,Glycerophospholipid metabolism
gd1a_hs[g],N-Acetylneuraminosyl-D-Galactosyl-N-Acetyl-D-Galactosaminyl-(N-Acetylneuraminosyl)-D-Galactosyl-D-Glucosylceramide Dianion,17001,PE203_HSPLA2,Glycerophospholipid metabolism
cholp[c],Choline Phosphate,17025,CYTK12n,Nucleotide interconversion
7dhf[e],Heptaglutamyl Folate (Dhf),170439,HMR_1747,Bile acid synthesis
M02613[r],Nonadecanoic Acid,170441,r2086,"Transport, extracellular"
M01502[r],Cholest-5-En-3Beta-Yl Nonadecanoate,170442,r0860,Purine catabolism
ahcys[m],S-Adenosyl-L-Homocysteine,170716,TAURt4_2_r,"Transport, extracellular"
amet[m],S-Adenosyl-L-Methionine,170718,SMS16,Glycerophospholipid metabolism
sphs1p[r],Sphingosine 1-Phosphate,170768,MALTSULtm,"Transport, mitochondrial"
sphs1p[c],Sphingosine 1-Phosphate,170789,DPGM,Glycolysis/gluconeogenesis
CE4847[m],"10Z,13Z,16Z-Docosatrienoyl Coenzyme A",170835,HOMOVALte,"Transport, extracellular"
M01238[r],9Z-Heptadecenoic Acid,171167,RE3146R,Fatty acid oxidation
M01485[r],Cholesterol-Ester-9-Heptade,171168,AGPAT1_1,Triacylglycerol synthesis
zymst[r],Zymosterol,17117,PACCOALm,Phenylalanine metabolism
chlstol[r],"5Alpha-Cholesta-7,24-Dien-3Beta-Ol",171210,OCTDECE1CRNe,Fatty acid oxidation
pcholpalm_hs[e],1-Palmitoylglycerophosphocholine,171212,VACCCPT2,"Transport, mitochondrial"
pcholpalm_hs[c],1-Palmitoylglycerophosphocholine,171281,HMR_3725,Cholesterol metabolism
M00008[e],"11Z,14Z-Eicosadienoic Acid",171282,HMR_1637,Bile acid synthesis
M00008[c],"11Z,14Z-Eicosadienoic Acid",171405,MLTHFte,"Transport, extracellular"
galgluside_hs[c],Galactosyl Glucosyl Ceramide,171429,RE3165C,Fatty acid oxidation
gm3_hs[c],Alpha-N-Acetylneuraminosyl-(2->3)-Beta-D-Galactosyl-(1->4)-Beta-D-Glucosylceramide,171567,HMR_3065,Fatty acid oxidation
strdnccoa[c],Stearidonoyl Coenzyme A,17159,PI5P4K,Inositol phosphate metabolism
strdnccoa[x],Stearidonoyl Coenzyme A,17161,HMR_2540,Fatty acid synthesis
dhor__S[c],(S)-Dihydroorotate,17250,PEAMNO,Phenylalanine metabolism
orot[c],Orotate,17252,PEDH203_HSABCt,"Transport, extracellular"
occoa[m],Octanoyl Coenzyme A (N-C8:0 Coenzyme A),17254,CYTK3n,Nucleotide interconversion
HC01415[m],(2E)-Octenoyl Coenzyme A,17330,NH4tp,"Transport, peroxisomal"
strdnc[r],"Stearidonic Acid C18:4, N-3",17339,GTHPm,Glutathione metabolism
stcoa[r],Stearoyl Coenzyme A (N-C18:0 Coenzyme A),17423,ACACT1x,Cholesterol metabolism
thcholstoic[m],"3Alpha,7Alpha,12Alpha-Trihydroxy-5Beta-Cholestanoate",17436,TAUPAT1c,"Transport, extracellular"
CE4872[m],"3Alpha,7Alpha,12Alpha-Trihydroxy-5Beta-Cholestan-27-Al",17448,HMR_2265,Fatty acid synthesis
g3p[c],Glyceraldehyde 3-Phosphate,17449,CORE2GTg,O-glycan metabolism
dhap[c],Dihydroxyacetone Phosphate,17708,PCHOLN264_HSABCt,"Transport, extracellular"
hpdca[r],Margaric Acid,17709,HMR_6975,Lysine metabolism
M01495[r],Cholest-5-En-3B-Yl (Heptadecanoate),17710,RE3011R,Eicosanoid metabolism
M00790[c],3-Hydroxynonadecanoyl Coenzyme A,17711,RE3012M,Eicosanoid metabolism
M00054[c],(2E)-Nonadecenoyl Coenzyme A,17716,ORPT,Pyrimidine synthesis
pppg9[c],Protoporphyrinogen Ix,17717,EX_4mptnl_e,Exchange/demand reaction
cpppg3[c],Coproporphyrinogen Iii,17718,DOCO13EFATP,Fatty acid oxidation
M03051[c],Tridecanoic Acid,17719,RE3189M,Fatty acid oxidation
M03050[c],Tridecanoyl Coenzyme A,17720,LDH_D,Pyruvate metabolism
pcholn224_hs[e],"1-Docosatetraenoylglycerophosphocholine (Delta 7, 10, 13, 16), Sn1-Lpc (22:4)",17721,LCADi_D,Pyruvate metabolism
gq1b_hs[c],Gq1B,17722,CYTK8n,Nucleotide interconversion
gt1b_hs[c],Gt1B,17768,r1815,"Transport, extracellular"
M01775[m],Eicosenoylcarnitine(11),17769,FACOAL150,Fatty acid oxidation
M01236[m],9Z-Eicosenoyl Coenzyme A,17850,LYSt5r,"Transport, extracellular"
M02457[c],"5Z,8Z,11Z-Eicosatrienoic Acid",17855,HMR_3446,Fatty acid synthesis
M00101[c],"5Z,8Z,11Z-Eicosatrienoyl Coenzyme A",17919,CSNATr,Fatty acid oxidation
M01238[c],9Z-Heptadecenoic Acid,17939,HMR_3654,Cholesterol metabolism
M01237[c],9Z-Heptadecenoyl Coenzyme A,17991,CK_cho,Urea cycle
paps[c],3-Phosphoadenylyl Sulfate,17992,TRIODTHYt2,"Transport, extracellular"
paps[g],3-Phosphoadenylyl Sulfate,17993,10FTHF7GLUtl,"Transport, lysosomal"
ksii_core2_pre8[g],"Keratan Sulfate Ii Biosynthesis, Precursor 8",17995,HMR_2611,Fatty acid oxidation
ksii_core2_pre9[g],"Keratan Sulfate Ii Biosynthesis, Precursor 9",18010,HMR_2764,"Transport, mitochondrial"
pap[g],"Adenosine 3,5-Bismonophosphate",18102,GALT2g,Chondroitin synthesis
octa[e],Octanoate (N-C8:0),18103,MINOHPtn,"Transport, nuclear"
octa[c],Octanoate (N-C8:0),18104,PEOLE_HSABCt,"Transport, extracellular"
malcoa[m],Malonyl Coenzyme A,18115,HMR_2690,Fatty acid oxidation
M03168[m],3-Oxopropionyl Coenzyme A,18125,RE3006M,Fatty acid oxidation
udpgal[g],Uridine-5-Diphosphate-D-Galactose,18126,HMR_0241,Fatty acid synthesis
ksii_core4_pre9[g],"Keratan Sulfate Ii Biosynthesis, Precursor 9",18127,HMR_1392,"Transport, endoplasmic reticular"
ksii_core4_pre10[g],"Keratan Sulfate Ii Biosynthesis, Precursor 10",18145,HMR_1749,Bile acid synthesis
pe161_hs[e],"1-Hexadecenoylglycerophosphoethanolamine (C16:1 Pe, Delta 9)",18160,HMR_3219,Fatty acid oxidation
pe161_hs[c],"1-Hexadecenoylglycerophosphoethanolamine (C16:1 Pe, Delta 9)",18174,PCt,"Transport, extracellular"
sphmyln18118_hs[e],"Sm (D18:1/18:0), Sphingomyelin",18193,HMR_6977,Lysine metabolism
CE2839[c],Maltodecaose,18194,HMR_0642,Glycerophospholipid metabolism
met__L[c],L-Methionine,18195,HMR_3171,Fatty acid oxidation
met__L[e],L-Methionine,18242,4MPTNLtm,"Transport, mitochondrial"
pro__L[e],L-Proline,18263,HMR_0854,Glycosphingolipid metabolism
lpchol_hs[e],1-Acyl-Sn-Glycero-3-Phosphocholine,18293,PTPATi,CoA synthesis
Rtotal2[e],R Total 2 Position,18399,HMR_3128,Fatty acid oxidation
gthrd[c],Reduced Glutathione,18408,GGH_6THFl,Folate metabolism
M01238[e],9Z-Heptadecenoic Acid,18416,r1435,"Transport, mitochondrial"
arachdcoa[x],Arachidonoyl Coenzyme A,18451,PCHOLN261_HSPLA2,Glycerophospholipid metabolism
crn[x],L-Carnitine,18452,CO2ter,"Transport, endoplasmic reticular"
arachdcrn[x],C20:4 Carnitine,18472,H2Otg,"Transport, golgi apparatus"
pi[r],Orthophosphate,18475,HMR_3296,Fatty acid oxidation
ump[r],Uridine-5-Monophosphate,18476,GLXO1,Glyoxylate and dicarboxylate metabolism
cbp[c],Carbamoyl Phosphate,18477,2HATVACIDthc,Drug metabolism
M02637[c],Octadecatrienoylcarnitine,18478,GLPASE1,Starch and sucrose metabolism
M02637[r],Octadecatrienoylcarnitine,18534,GAPD,Glycolysis/gluconeogenesis
CE5166[m],25(S)-Trihydroxycoprostanoyl Coenzyme A,18563,ATVACIDOATPtu,Drug metabolism
cholcoads[m],"3Alpha,7Alpha,12Alpha-Trihydroxy-5Beta-Cholest-24-Enoyl Coenzyme A",18573,EX_lineth_e,Exchange/demand reaction
pcholeic_hs[c],"1-Eicosadienoylglycerophosphocholine (Delta 11,14)",18574,EX_trideceth_e,Exchange/demand reaction
cytd[c],Cytidine,18575,ALR2,Pyruvate metabolism
dudp[c],Deoxyuridine-5-Diphosphate,18576,ASP1DC,Beta-Alanine metabolism
dutp[c],Deoxyuridine-5-Triphosphate,18577,ADSL1r,Nucleotide interconversion
fvs[c],fluvastatin,18578,r2437,"Transport, mitochondrial"
odecoa[r],Octadecenoyl Coenzyme A (N-C18:1 Coenzyme A),18582,3HPVSTETteb,Drug metabolism
HC02023[r],Cholest-5-En-3B-Yl (9Z-Octadecenoate),18583,EX_strch2_e,Exchange/demand reaction
strdnccoa[r],Stearidonoyl Coenzyme A,18584,CYSAMO_cho,Taurine and hypotaurine metabolism
M01473[r],"Cholesterol-Ester-6,9,12,15-Octa",18585,HMR_6580,Inositol phosphate metabolism
ttdca[r],Tetradecanoic Acid,18587,FOLOATPtc,"Transport, extracellular"
M02745[c],5Z-Tetradecenoic Acid,18588,ACGAMPM,Aminosugar metabolism
M01141[c],5Z-Tetradecenoyl Coenzyme A,18597,HMR_3177,Fatty acid oxidation
dcsptn1coa[r],"(4Z,7Z,10Z,13Z,16Z)-Docosapentaenoyl Coenzyme A",18598,NOS2_2,Arginine and proline metabolism
M01467[r],"Cholesterol-Ester-4,7,10,13,16-Docosa",18605,HMR_3451,Fatty acid synthesis
5tedtricoa[x],"5,8,11-Tetradecatrienoyl Coenzyme A",18606,HMR_3457,Fatty acid synthesis
2hexdtetcoa[x],"2,7,10,13-Hexadecatetraenoyl Coenzyme A",18618,ACACT8p,Fatty acid oxidation
eicostetcoa[c],"(8Z,11Z,14Z,17Z)-Eicosatetraenoyl Coenzyme A",18639,RNDR2,Nucleotide interconversion
eicostetcrn[c],"8Z,11Z,14Z,17Z-Eicosatetraenoylcarnitine",18640,RE0570C,Fatty acid synthesis
M00018[r],13Z-Eicosenoyl Coenzyme A,18641,UDPG4DOPA,Tyrosine metabolism
M01463[r],Cholesterol-Ester-13-Eicose,18642,PHACCOAGLYACm,Phenylalanine metabolism
pmtcoa[c],Palmitoyl Coenzyme A (N-C16:0 Coenzyme A),18648,NACHEX25ly,Keratan sulfate degradation
cholate[c],Cholate,18655,DCK2n,Nucleotide interconversion
cholate[x],Cholate,18663,KHK2,Glyoxylate and dicarboxylate metabolism
ind3ac[c],Indole-3-Acetate,18669,HMR_3675,Cholesterol metabolism
ind3ac[e],Indole-3-Acetate,18670,HMR_3426,Fatty acid oxidation
bilirub[e],Bilirubin,18675,HMR_6397,Lipoate metabolism
2mp2coa[m],2-Methylprop-2-Enoyl Coenzyme A,18704,EHGLATm,Arginine and proline metabolism
HC01223[m],3-Hydroxyisobutyryl Coenzyme A,18705,GLCNACT2g,Chondroitin synthesis
M00010[c],"11Z,14Z,17Z-Eicosatrienoic Acid",18706,LCAT22e,Cholesterol metabolism
M00012[c],"11Z,14Z,17Z-Eicosatrienoyl Coenzyme A",18707,PAILAR_HSPLA2,Glycerophospholipid metabolism
c12dccoa[x],Dodecanedioyl Coenzyme A,18708,HMR_9647,"Transport, extracellular"
dodecanac[x],Dodecanedioic Acid,18709,HMR_3247,Fatty acid oxidation
arachcoa[r],Arachidoyl Coenzyme A,18710,MLTHFte1,"Transport, extracellular"
M01492[r],Cholest-5-En-3Beta-Yl Eicosanoate,18711,DHCR72r,Cholesterol metabolism
CE4849[c],"3(S)-Hydroxy-Tetracosa-12,15,18,21-All-Cis-Tetraenoyl Coenzyme A",18717,HMR_3197,Fatty acid oxidation
CE4853[c],"Trans,Cis,Cis,Cis,Cis-2,12,15,18,21-Tetracosapentaenoyl Coenzyme A",18718,HMR_3678,Cholesterol metabolism
sphmyln181221_hs[c],"Sm (D18:1/22:1), Sphingomyelin",18719,PI45P3K,Inositol phosphate metabolism
sphmyln181221_hs[e],"Sm (D18:1/22:1), Sphingomyelin",18720,IPDDI,Squalene and cholesterol synthesis
dc2coa[m],Trans-Dec-2-Enoyl Coenzyme A,18746,SPHS1Pt2e,"Transport, extracellular"
dece3coa[m],3-Decenoyl Coenzyme A,18770,FACOAE180,Fatty acid synthesis
g6p[c],D-Glucose 6-Phosphate,18778,r2380,"Transport, mitochondrial"
g1p[c],D-Glucose 1-Phosphate,18780,CGLYt3_2,"Transport, extracellular"
3sala[c],3-Sulfino-L-Alanine,18782,ACNAMPH,Aminosugar metabolism
cys__L[c],L-Cysteine,18783,D_LACt2,"Transport, extracellular"
M02053[c],Heneicosanoic Acid,18784,GLCNACT4g,Chondroitin synthesis
M02052[c],Heneicosanoyl Coenzyme A,18795,BGAL3l,Sphingolipid metabolism
orn[m],Ornithine,18796,r0398,Tetrahydrobiopterin metabolism
citr__L[c],L-Citrulline,18797,SPHMYLN18116_hs_ATPt,"Transport, extracellular"
citr__L[m],L-Citrulline,18798,ETF,Fatty acid oxidation
M00123[r],"8Z,11Z-Eicosadienoyl Coenzyme A",18799,FBA4,Glyoxylate and dicarboxylate metabolism
M01481[r],"Cholesterol-Ester-8,11-Eico",18802,RE3119C,Fatty acid oxidation
sphings[r],Sphingosine,18803,HMR_7278,N-glycan metabolism
sphmyln1824_hs[c],"Sm (D18:0/24:0), Sphingomyelin",18805,RE3161C,Fatty acid oxidation
ump[g],Uridine-5-Monophosphate,18806,ADSK,Nucleotide interconversion
ppi[x],Diphosphate,18807,RE3012R,Eicosanoid metabolism
pi[x],Orthophosphate,18946,r0318,Miscellaneous
lnlncacrn[c],Alpha-Linolenyl Carnitine,18947,HMR_2603,"Transport, mitochondrial"
lnlncacrn[m],Alpha-Linolenyl Carnitine,18948,SEBACACT,Fatty acid oxidation
M03153[c],17Z-Hexacosenoic Acid,18950,HMR_3649,Cholesterol metabolism
M02112[c],17Z-Hexacosenoyl Coenzyme A,19012,EX_M01807_e,Exchange/demand reaction
dhcholoylcoa[x],"3Alpha,7Alpha-Dihydroxy-5Beta-Cholest-24-Enoyl Coenzyme A",19025,HMR_2670,"Transport, mitochondrial"
dhcholestancoa[x],"3Alpha,7Alpha-Dihydroxy-5Beta-Cholestanoyl Coenzyme A",19044,CITt4_1,"Transport, extracellular"
CE4844[c],"3(S)-Hydroxy-10,13,16-All-Cis-Docosatrienoyl Coenzyme A",19063,EX_4aabutn_e,Exchange/demand reaction
pail_hs[e],1-Phosphatidyl-1D-Myo-Inositol,19125,DESAT14_9,Fatty acid synthesis
pailste_hs[e],1-Stearoylglycerophosphoinositol,19139,HMR_2862,"Transport, endoplasmic reticular"
galside_hs[l],D-Galactosyl-N-Acylsphingosine,19156,HMR_0614,Glycerophospholipid metabolism
crm_hs[l],N-Acylsphingosine,19193,FACOAL1831,Fatty acid oxidation
gly[c],Glycine,19210,PYRt2m,"Transport, mitochondrial"
pram[c],5-Phospho-Beta-D-Ribosylamine,19211,r2110,"Transport, extracellular"
dhcrm_hs[c],Dihydroceramide,19215,HMR_2395,Fatty acid synthesis
4mptnl[c],4-Methylpentanal,192156,2HBt2,"Transport, extracellular"
4mptnl[e],4-Methylpentanal,192166,URIK1,Pyrimidine synthesis
leu__L[e],L-Leucine,192185,GDRm,Glutathione metabolism
leu__L[c],L-Leucine,192195,PAFHe,Glycerophospholipid metabolism
trp__L[c],L-Tryptophan,19224,HMR_2211,Fatty acid synthesis
trp__L[e],L-Tryptophan,19225,SO4tl,"Transport, lysosomal"
no[c],Nitric Oxide,192289,AG13T17g,Keratan sulfate synthesis
M00879[c],3-Oxo-Hexacosenoyl Coenzyme A,19299,HMR_1744,"Transport, mitochondrial"
M00715[c],3(S)-Hydroxy-Hexacosenoyl Coenzyme A,19309,HPROxm,Arginine and proline metabolism
sucsal[m],Succinic Semialdehyde,19378,ELAIDCRNt,Fatty acid oxidation
succ[m],Succinate,194908,r0444,Fatty acid oxidation
profvs[e],des-isoproylpropionic-acid-fluvastatin,195646,HMR_3644,Cholesterol metabolism
CE6247[c],"5,12,20-Trihete",19682,Rtotalter,"Transport, endoplasmic reticular"
CE6246[c],"5,12-Dihydroxy-6,8,10,14-Eicosatetraenoic Acid",19683,HMR_3734,Cholesterol metabolism
udpgal[c],Uridine-5-Diphosphate-D-Galactose,19703,CRVSATPtu,Drug metabolism
pcholhep_hs[c],1-Heptadecanoylglycerophosphocholine,19743,ACS,Glycolysis/gluconeogenesis
CE2242[m],(2E)-Docosenoyl Coenzyme A,19879,HMR_2945,Fatty acid synthesis
CE2246[m],3-Hydroxydocosanoyl Coenzyme A,19895,r1170,Miscellaneous
asp__D[e],D-Aspartate,20133,GPAM_hs_1,Triacylglycerol synthesis
pail345p_hs[c],"1-Phosphatidyl-1D-Myo-Inositol 3,4,5-Trisphosphate",20135,MEVK1,Squalene and cholesterol synthesis
pail35p_hs[c],"1-Phosphatidyl-1D-Myo-Inositol 3,5-Bisphosphate",20216,PEDH17_HSPLA2,Glycerophospholipid metabolism
M00170[m],(S)-3-Hydroxy-11-Cis-Octadecenoyl Coenzyme A,20229,HMR_3182,Fatty acid oxidation
M00841[m],3-Oxo-11-Cis-Octadecenoyl Coenzyme A,20249,PGPPT,Glycerophospholipid metabolism
cytd[l],Cytidine,20280,HMR_2954,Fatty acid synthesis
cmp[l],Cytidine 5-Monophosphate,20322,r1777,"Transport, extracellular"
pe224_hs[e],"1-Docosatetraenoyglycerophosphoethanolamine (22:4, Delta 7, 10, 13, 16)",20397,DOCTETETH,Glycerophospholipid metabolism
pe224_hs[c],"1-Docosatetraenoyglycerophosphoethanolamine (22:4, Delta 7, 10, 13, 16)",20425,EICOSTETCPT2,Fatty acid oxidation
etfox[m],Electron Transfer Flavoprotein Oxidized,20442,RDH3a,Vitamin A metabolism
etfrd[m],Electron Transfer Flavoprotein Reduced,20443,PCHOLET_HSABCt,"Transport, extracellular"
gsn[l],Guanosine,20444,r1670,"Transport, extracellular"
gmp[l],Guanosine-5-Monophosphate,20446,HMR_3406,Fatty acid oxidation
M00022[m],"13Z,16Z-Docosadienoylcarnitine",20447,HMR_1280,Leukotriene metabolism
M00023[m],"13Z,16Z-Docosadienoyl Coenzyme A",20448,FORtm,"Transport, mitochondrial"
pcholn2254_hs[c],"1-Docosapentenoylglycerophosphocholine (Delta 4, 7, 10, 13, 16), Sn1-Lpc (22:5)-W6",20449,ACRNtp,"Transport, peroxisomal"
M00004[r],10Z-Heptadecenoyl Coenzyme A,20454,2HBO,Propanoate metabolism
M01454[r],Cholest-5-En-3B-Yl (9Z-Heptadecenoate),20463,NEU22,Sphingolipid metabolism
chol[e],Choline,20493,NT5C,NAD metabolism
mi34p[c],"1D-Myo-Inositol 3,4-Bisphosphate",20494,GLYALDDr,Miscellaneous
gsn[e],Guanosine,20495,GLUCYS,Glutathione metabolism
gsn[c],Guanosine,20496,SQLSr,Cholesterol metabolism
glcur[l],D-Glucuronate,20497,HMR_8023,"Transport, extracellular"
glcur[c],D-Glucuronate,20498,r1175,Miscellaneous
M00003[e],10Z-Heptadecenoic Acid,20499,HMGCOAR,Cholesterol metabolism
M00003[c],10Z-Heptadecenoic Acid,20500,RE3273C_1,Phosphatidylinositol phosphate metabolism
gm1_hs[c],Ganglioside Gm1,20501,HMR_3069,Fatty acid oxidation
ga1_hs[c],Gibberellin A1,20502,SK_octdececoa_c,Fatty acid oxidation
5htrp[c],5-Hydroxy-L-Tryptophan,20503,FCLTm,Heme synthesis
dhbpt[c],"6,7-Dihydrobiopterin",20504,GALGT3,Sphingolipid metabolism
thbpt[c],"5,6,7,8-Tetrahydrobiopterin",20505,HEXDECEETH,Glycerophospholipid metabolism
4hoxpacd[c],(4-Hydroxyphenyl)Acetaldehyde,20508,r1007,"Transport, peroxisomal"
4hphac[c],4-Hydroxyphenylacetate,20509,MTHFDm,Folate metabolism
ttdcea[r],9E-Tetradecenoic Acid (N-C14:1),20510,HMR_3223,Fatty acid oxidation
M00129[r],9E-Tetradecenoyl Coenzyme A,20511,PCHOLN205_HSABCt,"Transport, extracellular"
M00003[r],10Z-Heptadecenoic Acid,20512,HMR_3724,Cholesterol metabolism
odecrn[m],L-Oleoylcarnitine,20513,HMR_2967,Fatty acid synthesis
M00020[m],13Z-Octadecenoyl Coenzyme A,20514,HMR_2975,Fatty acid synthesis
aprut[c],N-Acetylputrescine,20515,UPP3S,Heme synthesis
ptrc[c],Putrescine,20516,HMR_3201,Fatty acid oxidation
CE2245[x],(2E)-Tetracosenoyl Coenzyme A,20517,TRDR,Nucleotide interconversion
CE2249[x],3-Hydroxytetracosanoyl Coenzyme A,20518,GGH_7THFl,Folate metabolism
dag_hs[c],Diglyceride,20519,PCHOLN28_HSPLA2,Glycerophospholipid metabolism
sphmyln18114_hs[c],"Sm (D18:1/14:0), Sphingomyelin",20520,NAIt,"Transport, extracellular"
fmn[c],Flavin Mononucleotide,20521,DURAD,Pyrimidine catabolism
ribflv[c],Riboflavin,20522,6EPVSthc,Drug metabolism
cysam[c],Cysteamine,20523,r1837,"Transport, extracellular"
sphings[c],Sphingosine,20524,SUBERCACT,Fatty acid oxidation
sphings[g],Sphingosine,20525,APOCF,Biotin metabolism
hs_pre7[g],(GlcNac-Glca)3-GlcNac-Glca-Gal-Gal-Xyl-L-Ser (Protein),20526,SMS3,Glycerophospholipid metabolism
hs_pre8[g],Glca-(GlcNac-Glca)3-GlcNac-Glca-Gal-Gal-Xyl-L-Ser (Protein),20527,FPGS9,Folate metabolism
L2aadp[m],L-2-Aminoadipate,20528,HACD9m,"Valine, leucine, and isoleucine metabolism"
2oxoadp[m],2-Oxoadipate,20531,r1750,"Transport, extracellular"
ksii_core2_pre2[g],"Keratan Sulfate Ii Biosynthesis, Precursor 2",20532,PPPGOm,Heme synthesis
ksii_core2_pre1[g],"Keratan Sulfate Ii Biosynthesis, Precursor 1",20533,RE3234C,Fatty acid synthesis
HC01672[c],Acetyl Adenylate,20535,HMR_3431,Fatty acid oxidation
M01207[c],"8Z,11Z-Eicosadienoic Acid",20536,PI34P5K,Inositol phosphate metabolism
c12dc[c],Dodecanedioyl Carnitine,20537,HAtly,"Transport, lysosomal"
c12dc[x],Dodecanedioyl Carnitine,20538,r1811,"Transport, extracellular"
acrn[m],O-Acetylcarnitine,20539,HMR_7329,N-glycan metabolism
CE2420[m],(3S)-3-Hydroxydodec-Cis-6-Enoyl Coenzyme A,20540,HMR_0817,Glycosphingolipid metabolism
CE0693[m],3-Oxolaur-6-Cis-Enoyl Coenzyme A,20541,PI5P3K,Inositol phosphate metabolism
HC01700[e],Gamma-Glutamyl-3-Aminopropiononitrile,20544,HMR_2535,Fatty acid synthesis
HC00955[e],L-3-Cyanoalanine,20597,r0047,Purine catabolism
co2[e],Carbon Dioxide,20598,HMR_7757,"Transport, mitochondrial"
o2[r],Oxygen,20603,ETHAK,Glycerophospholipid metabolism
Ssq23epx[r],"Squalene 2,3-Epoxide",20652,SERPT,Sphingolipid metabolism
sql[r],Squalene,20655,FACOAL170,Fatty acid oxidation
hdd2crn[c],Trans-Hexadec-2-Enoyl Carnitine,20656,r0641,Fatty acid oxidation
hdd2crn[m],Trans-Hexadec-2-Enoyl Carnitine,20657,EX_dopa4glcur_e,Exchange/demand reaction
pail_hs[c],1-Phosphatidyl-1D-Myo-Inositol,20698,C4x,"Transport, peroxisomal"
pail5p_hs[c],1-Phosphatidyl-1D-Myo-Inositol 5-Phosphate,207151,EX_M03131_e,Exchange/demand reaction
HC02021[r],Cholest-5-En-3Beta-Yl (9Z-Hexadecenoate),207182,SPHMYLN18121_hs_ATPt,"Transport, extracellular"
hdcea[r],Hexadecenoate (N-C16:1),207728,PCHOL2STE_HSABCt,"Transport, extracellular"
hpdcacoa[r],Heptadecanoyl Coenzyme A,20773,r0779,Miscellaneous
fpram[c],2-(Formamido)-N1-(5-Phospho-D-Ribosyl)Acetamidine,20775,HMR_0433,Fatty acid synthesis
hpdcacoa[c],Heptadecanoyl Coenzyme A,207839,PCm,Pyruvate metabolism
M00887[c],3-Oxononadecanoyl Coenzyme A,208043,RSVATPtu,Drug metabolism
M00343[c],"13Z,16Z,19Z-Docosatrienoyl Coenzyme A",20810,HMR_0851,Glycosphingolipid metabolism
M00342[c],"13Z,16Z,19Z-Docosatrienoylcarnitine",208211,NOt,"Transport, extracellular"
peole_hs[c],1-Oleoylglycerophosphoethanolamine (Delta 9),208266,PCHOL2LINL_HSPLA2,Glycerophospholipid metabolism
ppa[e],Propionate,208449,HMR_2859,"Transport, endoplasmic reticular"
lac__L[e],(S)-Lactate,20860,r1957,"Transport, extracellular"
M01870[g],(GlcNAc)7 (Man)3 (Asn)1,208665,NTD9e,Nucleotide interconversion
M01870[e],(GlcNAc)7 (Man)3 (Asn)1,208715,HMR_3100,Fatty acid oxidation
pcreat[m],Phosphocreatine,20887,HMR_8573,Starch and sucrose metabolism
4hatvlac[c],4-hydroxy-atorvastatin-lactone / para-hydroxy-atorvastatin lactone,208890,RE2912M,Fatty acid oxidation
4hatvlac[e],4-hydroxy-atorvastatin-lactone / para-hydroxy-atorvastatin lactone,208967,RBFK,Vitamin B2 metabolism
gq1b_hs[g],Gq1B,208982,LCAT35e,Cholesterol metabolism
gly[e],Glycine,209027,G14T20g,Keratan sulfate synthesis
phe__L[e],L-Phenylalanine,209039,HMR_2979,Fatty acid synthesis
phe__L[c],L-Phenylalanine,20905,HMR_3243,Fatty acid oxidation
duri[c],Deoxyuridine,20916,ASPT,Glutamate metabolism
dump[c],Deoxyuridine-5-Monophosphate,20917,HMR_3184,Fatty acid oxidation
HC01115[c],NeuNGc,209176,PIK4,Glycerophospholipid metabolism
ahcys[c],S-Adenosyl-L-Homocysteine,20927,ABTArm,Glutamate metabolism
M03005[c],"Trans,Cis,Cis,Cis-2,11,14,17-Eicosatetraenoyl Coenzyme A",20928,HMR_3117,Fatty acid oxidation
cholcoa[x],Choloyl Coenzyme A,20937,HMR_2391,Fatty acid synthesis
pcholn203_hs[c],"1-Dihomo-Linolenoylglycerophosphocholine (20:3, Delta 8, 11, 14), Lysopc A C20:3",209558,HMR_2218,Fatty acid synthesis
M00054[m],(2E)-Nonadecenoyl Coenzyme A,20975,GTHS,Glutathione metabolism
M00790[m],3-Hydroxynonadecanoyl Coenzyme A,209837,CYTK2_1,Nucleotide interconversion
ru5p__D[c],D-Ribulose 5-Phosphate,210004,EX_ind3ac_e,Exchange/demand reaction
leuktrB4[m],Leukotriene B4,210044,C6COAt,"Transport, peroxisomal"
CE4990[m],12-Oxo-Leukotriene B4,211347,PCHOLN204_HSPLA2,Glycerophospholipid metabolism
M02612[r],Nonadecanoyl Coenzyme A,211389,LNELDCCPT1,Fatty acid oxidation
M00049[x],(2E)-Hexacosenoyl Coenzyme A,211429,r0357,Fructose and mannose metabolism
M00783[x],3-Hydroxyhexacosanoyl Coenzyme A,211488,ADPACDAc,Fatty acid oxidation
M00860[c],"3-Oxodocasa-Cis,Cis-13,16-Dienoyl Coenzyme A",212032,LCAT4e,Cholesterol metabolism
M00085[c],"(3S)-Hydroxy-Docasa-Cis,Cis-13,16-Dienoyl Coenzyme A",212111,3ISPVSthc,Drug metabolism
hx2coa[x],Trans-Hex-2-Enoyl Coenzyme A,212647,HEXCCOAtx,"Transport, peroxisomal"
HC01407[x],3S-Hydroxy-Hexanoyl Coenzyme A,212862,FACOAL1821,Fatty acid oxidation
tetpent3coa[c],"(9Z,12Z,15Z,18Z,21Z)-Tetracosapentaenoyl Coenzyme A",21351,PTVSTATPtu,Drug metabolism
tethex3coa[c],"Tetracosa-6,9,12,15,18,21-All-Cis-Hexaenoyl Coenzyme A",21366,GGTAe2,Glutathione metabolism
hspg[g],Heparan Sulfate Proteoglycan,214084,FTHFLmi,Folate metabolism
hs_pre15[g],"Heparan Sulfate, Precursor 15",214111,HMR_2819,"Transport, endoplasmic reticular"
xser[g],Xyl-L-Ser (Protein),214162,FACOAE1829Z12Z,Fatty acid oxidation
xser[r],Xyl-L-Ser (Protein),214253,HMR_2609,"Transport, mitochondrial"
pcholn225_hs[e],"1-Docosapentenoylglycerophosphocholine (Delta 7, 10, 13, 16, 19), Sn1-Lpc (22:5)-W3",214579,HMR_3068,Fatty acid oxidation
pcholn225_hs[c],"1-Docosapentenoylglycerophosphocholine (Delta 7, 10, 13, 16, 19), Sn1-Lpc (22:5)-W3",214593,LEUKTRC4t,"Transport, extracellular"
pedh203_hs[e],"1-Dihomo-Linolenoylglycerophosphoethanolamine (20:3, Delta 8, 11, 14)",214663,EX_etoh_e,Exchange/demand reaction
pa_hs[e],Phosphatidate,215015,r2112,"Transport, extracellular"
diholineth[e],Dihomo-Gamma-Linolenoyl Ethanolamide,215113,HMR_1742,Bile acid synthesis
ttdca[c],Tetradecanoic Acid,215335,LCAT48e,Cholesterol metabolism
tdcoa[c],Myristoyl Coenzyme A,215446,HMR_2365,Fatty acid synthesis
hs_pre9[g],(GlcNac-Glca)4-GlcNac-Glca-Gal-Gal-Xyl-L-Ser (Protein),216019,RE0576C_1,Fatty acid synthesis
lnlncgcoa[r],Gamma-Linolenoyl Coenzyme A,216134,ACALDtm,"Transport, mitochondrial"
lnlnca[r],Alpha-Linolenate,216152,HMR_0260,Fatty acid oxidation
HC02203[e],Prostaglandin-A2,216188,ACER23g,Sphingolipid metabolism
HC02203[c],Prostaglandin-A2,216225,RE3430M,Eicosanoid metabolism
dhdascb[c],Dehydroascorbide,216227,HMR_0913,"Transport, lysosomal"
dhdascb[e],Dehydroascorbide,216343,HMR_0193,Fatty acid oxidation
HC01459[m],"(24R,25R)-3Alpha,7Alpha,12Alpha,24-Tetrahydroxy-5Beta-Cholestan-26-Oyl Coenzyme A",216453,EX_oleth_e,Exchange/demand reaction
cholcoaone[m],"3A,7A,12A-Trihydroxy-5B-24-Oxocholestanoyl Coenzyme A",216454,PPAer,Miscellaneous
CE5161[c],3(S)-Hydroxy-Cis-9-Octadecenoyl Coenzyme A,216456,RE3014R,Eicosanoid metabolism
pe2linl_hs[e],2-Linoleoylglycerophosphoethanolamine,216558,APOC_LYS_BTNPm,Biotin metabolism
simvgluc[r],simvastatin-acyl-glucuronide,21672,r1754,"Transport, extracellular"
smvacid[r],simvastatin dihydroxy acid form,216739,SBPP1,Sphingolipid metabolism
crvsm1[r],cerivastatin-M1,217119,PCHOLN19_HSPLA2,Glycerophospholipid metabolism
cvm1gluc[r],cerivastatin-M1-glucuronide,217214,HMR_2374,Fatty acid synthesis
elaidcrn[m],Elaidic carnitine,217480,MTHFC,Folate metabolism
M00127[m],9E-Octadecenoic Acid,217593,GMPtg,"Transport, golgi apparatus"
udpgal[r],Uridine-5-Diphosphate-D-Galactose,217700,41R2A1H12BOOX,Tyrosine metabolism
34dhphe[c],L-Dopa,217707,HMR_2686,"Transport, mitochondrial"
dopa[c],Dopamine,217837,RE3175C,Fatty acid oxidation
octdececrn[c],"Octadecenoyl Carnitine (Hypothetical, Position Of Double Bond Unknown)",218103,FUMm,Citric acid cycle
octdececrn[m],"Octadecenoyl Carnitine (Hypothetical, Position Of Double Bond Unknown)",218121,HMR_1738,Bile acid synthesis
pchollinl_hs[e],"1-Linoleoylglycerophosphocholine (Delta 9,12)",21823,SPHMYLN18123_hs_ATPt,"Transport, extracellular"
gthox[m],Glutathione Disulfide (Oxidized Glutathione),218232,ARGSL,Alanine and aspartate metabolism
C04805[m],5-Hydroxyeicosatetraenoate,218271,FACOAL206,Fatty acid oxidation
5HPET[m],5(S)-Hydroperoxyeicosatetraenoic Acid,218461,HMR_0962,"Transport, mitochondrial"
HC02160[e],Gm2-Pool,218476,SBTD_D2,Fructose and mannose metabolism
maltttr[e],Maltotetraose,21871,ADADir,Pyrimidine catabolism
tym[c],Tyramine,218756,HMR_3224,Fatty acid oxidation
prgnlone[c],Pregnenolone,21877,GGH_7DHFl,Folate metabolism
prgnlone[m],Pregnenolone,21881,GCALDD,Glyoxylate and dicarboxylate metabolism
glc__D[l],D-Glucose,21884,r1809,"Transport, extracellular"
malt[l],Maltose,218865,GLYOX,Pyruvate metabolism
34dhmald[c],"3,4-Dihydroxymandelaldehyde",219135,HMR_3663,Cholesterol metabolism
adrnl[c],Adrenaline,21915,HMR_0207,"Transport, extracellular"
mma[c],Methylammonium,21990,HMR_3456,Fatty acid synthesis
M02637[m],Octadecatrienoylcarnitine,21991,HMR_0386,Fatty acid oxidation
for[c],Formate,22117,r1910,"Transport, extracellular"
for[e],Formate,22169,HMR_3186,Fatty acid oxidation
4aabutn[e],4-Acetamidobutanoate,22171,SMS,Sphingolipid metabolism
HC10784[r],Cis-Myrist-7-Enoyl Coenzyme A,22173,C9BRxtc,"Transport, peroxisomal"
M01479[r],Cholesterol-Ester-7-Tetrade,22227,CYTK14n,Nucleotide interconversion
pcholdoc_hs[e],1-Docosahexaenoylglycerophosphocholine,22228,PE12_HSABCt,"Transport, extracellular"
pcholdoc_hs[c],1-Docosahexaenoylglycerophosphocholine,22229,HMR_3189,Fatty acid oxidation
biocyt[n],Biocytin,22232,RE1531M,Fatty acid oxidation
h2o[n],Water,22234,S6T25g,Chondroitin synthesis
btn[n],Biotin,22235,THFtl,"Transport, lysosomal"
HC02057[c],"1,2-Diacylglycerol-Ld-Pe-Pool",22236,FUM,Citric acid cycle
M00004[c],10Z-Heptadecenoyl Coenzyme A,22240,HMR_2675,Fatty acid oxidation
cholp[n],Choline Phosphate,22245,HMR_2610,"Transport, mitochondrial"
M00116[m],7Z-Octadecenoyl Coenzyme A,22247,HMR_3711,Cholesterol metabolism
M02457[r],"5Z,8Z,11Z-Eicosatrienoic Acid",22271,TYRTA,Tyrosine metabolism
retinal[c],Retinal,22272,HMR_8575,Starch and sucrose metabolism
retinol[c],Retinol,22273,PDE4,Nucleotide interconversion
pe15_hs[e],1-Pentadecanoylglycerophosphoethanolamine (C15:0 Pe),22275,ELAIDCPT2,Fatty acid oxidation
C05279[m],"Trans,Cis-Lauro-2,6-Dienoyl Coenzyme A",22276,HMR_3194,Fatty acid oxidation
lpam[m],Lipoamide,22348,EX_pendecaeth_e,Exchange/demand reaction
dhlam[m],Dihydrolipoamide,22361,SPMD3n,Sphingolipid metabolism
lneldccoa[m],"(6Z,9Z)-Octadecadienoyl Coenzyme A",223646,HMR_3709,Cholesterol metabolism
his__L[e],L-Histidine,223753,AKR1D2,Bile acid synthesis
glc__D[c],D-Glucose,223920,ECOAH9m,"Valine, leucine, and isoleucine metabolism"
M00263[c],"10Z,13Z,16Z-Docosatrienoylcarnitine",224020,SALMCOM,Tyrosine metabolism
M00263[m],"10Z,13Z,16Z-Docosatrienoylcarnitine",224024,HMR_3692,Cholesterol metabolism
Tyr_ggn[c],Tyr-194 Of Apo-Glycogenin Protein (Primer For Glycogen Synthesis),224129,r1842,"Transport, extracellular"
glygn3[c],"Glycogen, Structure 3 (Glycogenin-7[1,4-Glc])",224143,HMR_1321,Eicosanoid metabolism
o2s[c],Superoxide,22436,3HPVSTETCOAitx,Drug metabolism
o2s[e],Superoxide,224530,GLCt1,"Transport, extracellular"
pchol2palm_hs[c],2-Palmitoylglycerophosphocholine,224661,APAT2rm,Beta-Alanine metabolism
arachcoa[m],Arachidoyl Coenzyme A,224674,r2472,"Transport, mitochondrial"
CE2250[m],3-Oxodocosanoyl Coenzyme A,225010,HMR_3666,Cholesterol metabolism
pe12_hs[e],1-Didecanoylglycerophosphoethanolamine (C12:0 Pe),225326,SMPD3l,Sphingolipid metabolism
dcmp[c],Deoxycytidylic Acid,225579,GALtly,"Transport, lysosomal"
amp[l],Adenosine Monophosphate,225600,HMR_3712,Cholesterol metabolism
smv[e],simvastatin lactone form,225742,NTD7l,Purine catabolism
smv[c],simvastatin lactone form,225791,C161CPT1,Fatty acid oxidation
odecoa[c],Octadecenoyl Coenzyme A (N-C18:1 Coenzyme A),225887,HMR_0758,Sphingolipid metabolism
lneldccoa[c],"(6Z,9Z)-Octadecadienoyl Coenzyme A",225888,r2120,"Transport, extracellular"
M00063[m],(2E)-Pentenoyl Coenzyme A,225913,EX_lpam_e,Exchange/demand reaction
M00797[m],3-Hydroxypentanoyl Coenzyme A,22598,HMR_3071,Fatty acid oxidation
homoval[c],Homovanillate,225994,HMR_2776,"Transport, mitochondrial"
3mox4hpac[c],(4-Hydroxy-3-Methoxyphenyl)Acetaldehyde,226413,HMR_0853,Glycosphingolipid metabolism
od2coa[m],(2E)-Octadecenoyl Coenzyme A,226518,HMR_3703,Cholesterol metabolism
CE2248[m],3-Hydroxyoctadecanoyl Coenzyme A,226646,PEPALM_HSPLA2,Glycerophospholipid metabolism
galgluside_hs[e],Galactosyl Glucosyl Ceramide,226999,HMR_2739,Fatty acid oxidation
gluside_hs[e],D-Glucosyl-N-Acylsphingosine,227095,HMR_3187,Fatty acid oxidation
cit[m],Citrate,227120,HMR_3630,Cholesterol metabolism
icit[m],Isocitric Acid,227197,N2M2NMASNtly,"Transport, lysosomal"
no[e],Nitric Oxide,227231,ACER11r,Sphingolipid metabolism
c226crn[m],Docosahexaenoylcarnitine,227327,CSNAT2x,Fatty acid oxidation
for[r],Formate,227333,RE0926E,Starch and sucrose metabolism
5thf[e],Pentaglutamyl Folate (Thf),227399,HMR_1129,Leukotriene metabolism
6thf[e],Hexaglutamyl Folate (Thf),227620,ST3GAL21g,Sphingolipid metabolism
core6[l],Core 6,227659,r2087,"Transport, extracellular"
Tn_antigen[l],Tn Antigen,227671,HMR_2669,Fatty acid oxidation
elaid[r],(9E)-Octadecenoic Acid,227721,FACOAL244_1,Fatty acid oxidation
M00127[r],9E-Octadecenoic Acid,227733,GALT,Galactose metabolism
cbasp[c],N-Carbamoyl-L-Aspartate,228033,CORE4GTg,O-glycan metabolism
M00702[m],3(S)-Hydroxy-13-Cis-Eicosenoyl Coenzyme A,228550,r1784,"Transport, extracellular"
M00843[m],3-Oxo-13-Cis-Eicosenoyl Coenzyme A,228677,SUCCCROT,Fatty acid oxidation
adrn[r],Adrenic Acid,229211,HCO3_CLt,"Transport, extracellular"
M01476[r],"Cholest-5-En-3Beta-Yl (7Z,10Z,13Z,16Z-Docosatetraenoate)",229363,DESAT18_9,Fatty acid synthesis
M00021[c],"13Z,16Z-Docosadienoic Acid",229665,HMR_3659,Cholesterol metabolism
M00023[c],"13Z,16Z-Docosadienoyl Coenzyme A",229709,HMR_3098,Fatty acid oxidation
odecrn[c],L-Oleoylcarnitine,229782,THYMDtl,"Transport, lysosomal"
ditp[e],Deoxyinosine-5-Triphosphate,229791,HMR_1968,Androgen and estrogen synthesis and metabolism
ppi[m],Diphosphate,229949,RE3226C,Fatty acid synthesis
CE5151[c],11Z-Eicosenoyl Coenzyme A,230075,PCHOLN1836_HSPLA2,Glycerophospholipid metabolism
CE2510[c],11-Cis-Eicosenoate,230099,r0817,"Transport, extracellular"
acnam[n],N-Acetylneuraminate,230101,HMR_9648,"Transport, extracellular"
cmpacna[n],Cytidine-5-Monophosphate-N-Acetyl-Beta-Neuraminate,230103,HMR_3658,Cholesterol metabolism
ctp[n],Cytidine-5-Triphosphate,230145,HMR_2861,"Transport, endoplasmic reticular"
ppi[n],Diphosphate,230163,HMR_2543,Fatty acid synthesis
ksii_core4_pre2[g],"Keratan Sulfate Ii Boisynthesis, Precursor 2",230379,RE3151C,Fatty acid oxidation
ksii_core4_pre1[g],"Keratan Sulfate Ii Biosynthesis, Precursor 1",230612,HMR_1746,Bile acid synthesis
3octdece1coa[c],3-Hydroxyoctadecenoyl Coenzyme A,230718,MDH,Citric acid cycle
3octdece1coa[m],3-Hydroxyoctadecenoyl Coenzyme A,230801,ASCBt4,"Transport, extracellular"
M00839[c],3-Oxo-11Cis-Docosenoyl Coenzyme A,231050,CRNtim,"Transport, mitochondrial"
M00699[c],3(S)-Hydroxy-11Cis-Docosenoyl Coenzyme A,231051,3HPVSTEThc,Drug metabolism
hs_pre14[g],"Heparan Sulfate, Precursor 14",231086,HMR_2284,Fatty acid synthesis
cdpea[c],Cytidine-5-Diphosphate-Ethanolamine,231327,HMR_3429,Fatty acid oxidation
ethamp[c],Ethanolamine Phosphate,231396,ADNt,"Transport, extracellular"
l2xser[g],(Gal)2-Xyl-L-Ser (Protein),231583,C30CPT1,Fatty acid oxidation
pacald[m],Phenylacetaldehyde,231605,HMR_6976,Lysine metabolism
pac[m],Phenylacetate,231691,DDPGAm,Arginine and proline metabolism
dpcoa[m],Dephospho Coenzyme A,231727,HMR_0835,Glycosphingolipid metabolism
acmana[e],N-Acetyl-D-Mannosamine,231871,MLTHFte2,"Transport, extracellular"
acmana[r],N-Acetyl-D-Mannosamine,232087,EX_phpyr_e,Exchange/demand reaction
2obut[c],2-Oxobutanoate,232156,UDPG3DOPA,Tyrosine metabolism
2obut[m],2-Oxobutanoate,232333,NCKt,"Transport, extracellular"
M01191[m],7Z-Hexadecenoyl Coenzyme A,232449,TMLYSOX,Lysine metabolism
M03019[m],"Trans,Cis-Hexadeca-2,7-Dienoyl Coenzyme A",232493,PEDH15_HSPLA2,Glycerophospholipid metabolism
C02712[c],N-Acetylmethionine,232714,HMR_2944,Fatty acid synthesis
C02712[e],N-Acetylmethionine,232811,RE3230C,Fatty acid synthesis
pheacgly[c],Phenylacetylglycine,232975,HMR_0593,Glycerophospholipid metabolism
pheacgly[e],Phenylacetylglycine,232984,r1179,Miscellaneous
crvs[e],cerivastatin,233011,HMR_1627,Bile acid synthesis
crvs[c],cerivastatin,233016,HMR_2942,Fatty acid synthesis
retn[e],All-Trans-Retinoate,233549,EX_urea_e,Exchange/demand reaction
retn[c],All-Trans-Retinoate,233781,LCAT27e,Cholesterol metabolism
fvscoa[x],fluvastatin-CoA form,233799,UDPGLCAtg,"Transport, golgi apparatus"
profvscoa[x],des-isoproylpropionic-acid-fluvastatin-CoA,233801,PCHOLN224_HSPLA2,Glycerophospholipid metabolism
M00606[m],"Cholest-5-En-3Beta,22R-Diol",233836,HMR_2681,Fatty acid oxidation
M00579[m],"Cholest-5-En-3Beta,20R,22R-Triol",233904,RE1521M,Fatty acid oxidation
cdpdag_hs[c],Cytidine-5-Diphosphate-Diacylglycerol,234129,HMR_3191,Fatty acid oxidation
pglyc_hs[c],Phosphatidylglycerol,234135,EX_10fthf_e,Exchange/demand reaction
clpn_hs[c],Cardiolipin,234309,C160CPT2,Fatty acid oxidation
cholcoar[x],"(25R)-3Alpha,7Alpha,12Alpha-Trihydroxy-5Beta-Cholestan-26-Oyl Coenzyme A",234356,EX_o2s_e,Exchange/demand reaction
amp[x],Adenosine Monophosphate,234515,HMR_6549,Inositol phosphate metabolism
atp[x],Adenosine Triphosphate,234724,BPNT,Nucleotide interconversion
thcholstoic[x],"3Alpha,7Alpha,12Alpha-Trihydroxy-5Beta-Cholestanoate",234779,PCHOLN225_HSPLA2,Glycerophospholipid metabolism
tmuncoa[x],"2,6,10-Trimethyl Undecanoyl Coenzyme A",234889,Htmi,"Transport, mitochondrial"
tmtrdcoa[x],"4,8,12-Trimethyl Tridecanoyl Coenzyme A",234967,G6PDH2er,Pentose phosphate pathway
citr__L[e],L-Citrulline,235033,HMR_2999,Fatty acid synthesis
ga2_hs[g],Gibberellin A2,235044,HMR_2376,Fatty acid synthesis
ga1_hs[g],Gibberellin A1,235293,ASNS1,Alanine and aspartate metabolism
docosac[c],Docosanoic Acid,235339,HMR_2683,"Transport, mitochondrial"
docosac[r],Docosanoic Acid,235504,G6PDH2r,Pentose phosphate pathway
4ppcys[c],N-((R)-4-Phosphopantothenoyl)-L-Cysteine,235534,PUNP3,Purine catabolism
lnlccrn[c],Linoleyl Carnitine,235582,CTPS1,Nucleotide interconversion
HC02056[c],"1,2-Diacylglycerol-Ld-Pc-Pool",235626,PIPLC,Inositol phosphate metabolism
1p3h5c[c],L-1-Pyrroline-3-Hydroxy-5-Carboxylate,235674,HMR_0843,Glycosphingolipid metabolism
leuktrA4[c],Leukotriene A4,236149,GLUt2m,"Transport, mitochondrial"
leuktrA4[e],Leukotriene A4,236293,GMPR,Nucleotide interconversion
HC02201[c],S-Glutathionyl-Ethacrynic-Acid,236539,r2098,"Transport, extracellular"
HC02201[e],S-Glutathionyl-Ethacrynic-Acid,236899,FBA2,Fructose and mannose metabolism
aicar[c],5-Amino-1-(5-Phospho-D-Ribosyl)Imidazole-4-Carboxamide,237523,SMS13,Glycerophospholipid metabolism
M01724[m],Docosanoylcarnitine,237625,r2108,"Transport, extracellular"
docoscoa[m],Docosanoyl Coenzyme A,237823,FVSCOAitx,Drug metabolism
3hpcoa[m],3-Hydroxypropanoyl Coenzyme A,237831,HMR_0255,Fatty acid synthesis
gd1a_hs[c],N-Acetylneuraminosyl-D-Galactosyl-N-Acetyl-D-Galactosaminyl-(N-Acetylneuraminosyl)-D-Galactosyl-D-Glucosylceramide Dianion,237928,SMS5,Glycerophospholipid metabolism
gm1b_hs[c],Gm1B,237940,HMR_0324,Fatty acid oxidation
acac[m],Acetoacetate,238011,TETDECAETH,Glycerophospholipid metabolism
hmgcoa[m],Hydroxymethylglutaryl Coenzyme A,238023,MI145PK,Inositol phosphate metabolism
ach[c],Acetylcholine,238024,TKT2,Pentose phosphate pathway
pe203_hs[c],"1-Eicosatrienoylglycerophosphoethanolamine (Delta 11, 14, 17), Lpe (20:3)",23827,R_group_phosphotase_1,Miscellaneous
dcmp[n],Deoxycytidylic Acid,23831,HMR_2293,Fatty acid synthesis
dcdp[n],Deoxycytidine-5-Diphosphate,238384,r2438,"Transport, mitochondrial"
dctp[n],Deoxycytidine-5-Triphosphate,238505,HCO3_NAt,"Transport, extracellular"
M01080[m],"5Beta-Cholestane-3Alpha,7Alpha,24-Triol",23887,PTPATim,CoA synthesis
M01079[m],"5Beta-Cholestane-3Alpha,7Alpha,24,26-Tetrol",238871,r1255,Fatty acid oxidation
2hb[c],2-Hydroxybutyrate,23900,EX_C02712_e,Exchange/demand reaction
2hb[e],2-Hydroxybutyrate,23908,RE0565C,Fatty acid synthesis
adp[x],Adenosine Diphosphate,239122,PGLer,Pentose phosphate pathway
taur[c],Taurine,23917,PI3P5K,Inositol phosphate metabolism
taur[e],Taurine,23918,DES21,Sphingolipid metabolism
sphmyln18123_hs[c],"Sm (D18:1/23:0), Sphingomyelin",23923,HMR_3073,Fatty acid oxidation
mal__L[c],(S)-Malate,239273,HMR_2963,Fatty acid synthesis
mal__L[m],(S)-Malate,23945,SPHMYLN181201_hs_ATPt,"Transport, extracellular"
tsul[m],Thiosulfate,239559,C12DCACT,Fatty acid oxidation
tsul[c],Thiosulfate,23956,RNDR3,Nucleotide interconversion
13dpg[c],3-Phospho-D-Glyceroyl Phosphate,23959,HMR_2356,Fatty acid synthesis
homoval[e],Homovanillate,239606,r0363,Aminosugar metabolism
tethex3[r],"6Z,9Z,12Z,15Z,18Z,21Z-Tetracosahexaenoic Acid",23971,HMR_2219,Fatty acid synthesis
tethex3coa[r],"Tetracosa-6,9,12,15,18,21-All-Cis-Hexaenoyl Coenzyme A",23972,r0739,Bile acid synthesis
Rtotal2coa[c],R Total 2 Coenzyme A,239827,FACOAL204,Fatty acid oxidation
alpa_hs[c],Lysophosphatidic Acid,23984,PGLc,Pentose phosphate pathway
phaccoa[m],Phenylacetyl Coenzyme A,23985,HMR_4079,Beta-Alanine metabolism
3octdece1crn[c],3-Hydroxy-Octadecenoyl Carnitine,23986,FACOAE1836Z9Z12Z,Fatty acid oxidation
vacccrn[m],Octadecenoylcarnitine(7),240215,CE2537ATP,"Transport, extracellular"
vacccoa[m],11Z-Octadecenoyl Coenzyme A,240332,HMR_1927,Steroid metabolism
tetpent3[r],"9Z,12Z,15Z,18Z,21Z-Tetracosapentaenoic Acid",24059,AHCi,Methionine and cysteine metabolism
M01482[r],"Cholesterol-Ester-9,12,15,18,21-Tetra",24060,HCO3Em,Miscellaneous
cholcoas[m],"(25S)-3Alpha,7Alpha,12Alpha-Trihydroxy-5Beta-Cholestan-26-Oyl Coenzyme A",240752,EX_HC02161_e,Exchange/demand reaction
mlthf[e],"5,10-Methylenetetrahydrofolate",241159,METAT,Methionine and cysteine metabolism
dlnlcgcoa[c],Dihomo-Gamma-Linolenyl Coenzyme A,241391,HMR_3706,Cholesterol metabolism
CE4845[c],"3-Oxo-Docosa-Cis,Cis,Cis-10,13,16-Trienoyl Coenzyme A",241447,HMR_3453,Fatty acid synthesis
docoscoa[x],Docosanoyl Coenzyme A,241489,PCHOLMYR_HSPLA2,Glycerophospholipid metabolism
CE2253[x],3-Oxotetracosanoyl Coenzyme A,241612,CARN140t_m,"Transport, mitochondrial"
pail45p_hs[c],"Phosphatidylinositol 4,5-Bisphosphate",242202,HMR_2602,Fatty acid oxidation
M00862[c],"3-Oxo-Docosa-13,16,19-All-Cis-Trienoyl Coenzyme A",242285,HMR_2983,Fatty acid synthesis
peamn[c],2-Phenylethanaminium,242341,NTD4,Pyrimidine catabolism
pacald[c],Phenylacetaldehyde,242585,PGSr,Eicosanoid metabolism
pedh203_hs[c],"1-Dihomo-Linolenoylglycerophosphoethanolamine (20:3, Delta 8, 11, 14)",242607,HMR_0233,Fatty acid synthesis
cdp[n],Cytidine-5-DIphosphate,243078,EX_lipoate_e,Exchange/demand reaction
nh4[x],Ammonium,243085,CYTK9,Nucleotide interconversion
aacoa[x],Acetoacetyl Coenzyme A,243328,HMR_3115,Fatty acid oxidation
M00044[c],(2E)-Heneicosenoyl Coenzyme A,243537,HMR_3225,Fatty acid oxidation
T_antigen[g],T-Antigen (Core 1),243616,LCAT57e,Cholesterol metabolism
core2[g],Core 2,243755,r2514,"Transport, endoplasmic reticular"
pcholn24_hs[e],"1-Lignocericylglycerophosphocholine (24:0), Lysopc A C24",245650,NADPPPS,NAD metabolism
pcholn24_hs[c],"1-Lignocericylglycerophosphocholine (24:0), Lysopc A C24",245847,HMR_6755,Phenylalanine metabolism
peplys[c],Peptidyl-L-Lysine,246049,PPA,Oxidative phosphorylation
M00213[c],Protein N6-Methyl-L-Lysine,246221,HACD1x,Tryptophan metabolism
nad[r],Nicotinamide Adenine Dinucleotide,246277,HMR_1630,"Transport, mitochondrial"
nadh[r],Nicotinamide Adenine Dinucleotide - Reduced,246696,PE14_HSABCt,"Transport, extracellular"
leuktrB4woh[r],W-Hydroxyl Leukotriene B4,246787,HMR_2484,Fatty acid synthesis
CE2053[r],20-Oxo-Leukotriene B4,257635,EX_malthp_e,Exchange/demand reaction
CE2053[m],20-Oxo-Leukotriene B4,26357,LCAT21e,Cholesterol metabolism
leuktrB4wcooh[m],W-Carboxy Leukotriene B4,26363,C12DCTD,Fatty acid oxidation
doco13ecoa[c],13-Docosenoyl Coenzyme A,26378,HMR_6647,Vitamin A metabolism
doco13ac[e],13-Docosenoate,26384,HMR_1761,Bile acid synthesis
CE4803[m],"3-Oxo-4(R),8-Dimethyl-Nonanoyl Coenzyme A",26457,DHCRMtg,"Transport, golgi apparatus"
CE4797[m],"2(R),6-Dimethyl-Heptanoyl Coenzyme A",26458,HMR_2217,Fatty acid synthesis
lac__D[c],(R)-Lactate,26459,RE0935E,Starch and sucrose metabolism
lald__D[c],(R)-Lactaldehyde,26462,PCHOLP_hs,Glycerophospholipid metabolism
cmp[n],Cytidine 5-Monophosphate,26464,HMR_3640,Cholesterol metabolism
cys__L[e],L-Cysteine,26565,DOPABMO_1,Tyrosine metabolism
ptdca[c],Pentadecanoic Acid,26568,CDSm,Glycerophospholipid metabolism
ptdcacoa[c],Pentadecanoyl Coenzyme A,26569,HEX1,Glycolysis/gluconeogenesis
CE4795[m],"2-Trans-Cis,Cis,Cis,Cis-4,8,11,14-Eicosapentaenoyl Coenzyme A",266645,RE3110C,Fatty acid oxidation
CE5116[m],"Trans-3-Cis-8,11,14-Eicosatetraenoyl Coenzyme A",266744,HMR_2296,Fatty acid synthesis
acrn[c],O-Acetylcarnitine,268510,PCHOLN24_HSPLA2,Glycerophospholipid metabolism
CE5155[r],Docosenoyl Coenzyme A,268512,G14T5g,Keratan sulfate synthesis
M01462[r],Cholest-5-En-3B-Yl (13Z-Docosenoate),268656,SERDGLYexR,"Transport, extracellular"
creat[m],Creatine,26874,EX_steeth_e,Exchange/demand reaction
triodthy[e],"3,3,5-Triiodo-L-Thyronine",268756,r1447,Fatty acid oxidation
triodthy[c],"3,3,5-Triiodo-L-Thyronine",26876,EX_HC01440_e,Exchange/demand reaction
10fthf7glu[c],10-Formyltetrahydrofolate-[Glu](7),26877,4MOPt2im,"Transport, mitochondrial"
10fthf7glu[l],10-Formyltetrahydrofolate-[Glu](7),26878,r1807,"Transport, extracellular"
ttdcrn[c],Tetradecenoylcarnitine(5),268782,TMNDNCCPT2,Fatty acid oxidation
M00129[c],9E-Tetradecenoyl Coenzyme A,26879,HMR_0329,"Transport, extracellular"
dcsptn1crn[c],"4Z,7Z,10Z,13Z,16Z-Docosapentaenoylcarnitine",268860,HMR_2581,Fatty acid synthesis
dcsptn1crn[m],"4Z,7Z,10Z,13Z,16Z-Docosapentaenoylcarnitine",26887,HMR_2344,Fatty acid synthesis
lxser[g],Gal-Xyl-L-Ser (Protein),269060,HMR_2620,Fatty acid oxidation
tetpent6coa[c],"Tetracosa-6,9,12,15,18-All-Cis-Pentaenoyl Coenzyme A",26912,MEVK1x,Cholesterol metabolism
minohp[c],Myo-Inositol Hexakisphosphate,269180,PTDCACRNt,Fatty acid oxidation
minohp[n],Myo-Inositol Hexakisphosphate,26922,r2090,"Transport, extracellular"
peole_hs[e],1-Oleoylglycerophosphoethanolamine (Delta 9),269346,r1892,"Transport, extracellular"
M00122[c],"8Z,11Z-Eicosadienoylcarnitine",269378,HPDECEtm,"Transport, mitochondrial"
CE4792[m],3-Oxo-Cis-8-Tetradecenoyl Coenzyme A,26938,GGH_10FTHF6GLUl,Folate metabolism
CE4794[m],Cis-6-Dodecenoyl Coenzyme A,269437,DEOXFVStev,Drug metabolism
CE6234[c],Prostaglandin H1,269614,NAt3_1,"Transport, extracellular"
CE6232[c],Prostaglandin G1,269615,LCAT12e,Cholesterol metabolism
M00753[m],"3Alpha,7Alpha,24-Trihydroxy-5Beta-Cholestan-26-Al",26970,FACOAL160,Fatty acid oxidation
CE5154[m],"Trans,Cis-2,13-Docosadienoyl Coenzyme A",26971,LNS14DMr,Cholesterol metabolism
CE5153[m],3(S)-Hydroxy-13Cis-Docosenoyl Coenzyme A,269823,HMR_3240,Fatty acid oxidation
Ndmelys[c],"Protein N6,N6-Dimethyl-L-Lysine",269941,r1989,"Transport, extracellular"
Ntmelys[c],"Protein N6,N6,N6-Trimethyl-L-Lysine",269951,r2081,"Transport, extracellular"
etha[c],Ethanolamine,270076,HMR_2350,Fatty acid synthesis
HC02051[c],Phosphatidate-Ld-Pe-Pool,270198,DURIPP,Nucleotide interconversion
M00044[m],(2E)-Heneicosenoyl Coenzyme A,27053,PVSATPtu,Drug metabolism
M00778[m],3-Hydroxyheneicosanoyl Coenzyme A,27060,HMR_0672,Glycerophospholipid metabolism
4mptnl[m],4-Methylpentanal,270685,HMR_1305,Eicosanoid metabolism
gt1a_hs[c],Gt1A,271424,RE3086X,Fatty acid oxidation
dpcoa[c],Dephospho Coenzyme A,271639,HMR_6584,Inositol phosphate metabolism
tdcoa[m],Myristoyl Coenzyme A,271786,HMR_2733,Fatty acid oxidation
HC01412[m],(2E)-Tetradecenoyl Coenzyme A,27222,HMR_3739,Cholesterol metabolism
5thf[l],Pentaglutamyl Folate (Thf),27226,HMR_3170,Fatty acid oxidation
6thf[l],Hexaglutamyl Folate (Thf),272411,HMR_2342,Fatty acid synthesis
ser__L[m],L-Serine,272428,LPAMtm,"Transport, mitochondrial"
pcholn261_hs[c],Lysopc A C26:1 (Delta 5),27357,GTHOr,Glutamate metabolism
co2[r],Carbon Dioxide,27369,CE6247t,"Transport, extracellular"
dec24dicoa[m],"2,4-Decadienoyl Coenzyme A",27376,r2091,"Transport, extracellular"
oxa[c],Oxalate,27388,TRPt,"Transport, extracellular"
glx[c],Glyoxylate,27399,NDP3ex,Nucleotide interconversion
2hatvacid[c],2-hydroxy-atorvastatin-acid / ortho-hydroxy-atorvastatin acid,27402,HMR_3631,Cholesterol metabolism
2hatvacid[e],2-hydroxy-atorvastatin-acid / ortho-hydroxy-atorvastatin acid,27404,HMR_3637,Cholesterol metabolism
glygn2[c],"Glycogen, Structure 2 (Glycogenin-1,6-{7[1,4-Glc], 4[1,4-Glc]})",27409,FAOXC16DCC14DCx,Fatty acid oxidation
dxtrn[c],"Phosphorylase-Limit Dextrin (Glycogenin-1,6{4[1,4-Glc], 4[1,4-Glc]})",27410,RE3163C,Fatty acid oxidation
pcholar_hs[e],1-Arachidonoyl-Glycero-3-Phosphocholine,27411,r2126,"Transport, extracellular"
atvacid[e],atorvastatin-acid,27413,S6T18g,Keratan sulfate synthesis
atvacid[c],atorvastatin-acid,27416,HMR_0811,Glycosphingolipid metabolism
lineth[e],Linoleoyl Ethanolamide,27425,HMR_2980,Fatty acid synthesis
trideceth[e],Tridecanoyl Thanolamide (C13:0),277973,HMR_0204,Fatty acid synthesis
mthgxl[c],Methylglyoxal,28042,GLCNACT1g,Chondroitin synthesis
acetol[c],Hydroxyacetone,280645,CYTK5n,Nucleotide interconversion
asp__L[c],L-Aspartate,28080,HMR_2691,"Transport, mitochondrial"
dcamp[c],"N6-(1,2-Dicarboxyethyl)-Adenosine Monophosphate",28169,FAEL204,Fatty acid synthesis
fum[c],Fumarate,28200,HMR_2347,Fatty acid synthesis
pcrn[c],O-Propanoylcarnitine,28253,HMR_3057,Fatty acid oxidation
pcrn[m],O-Propanoylcarnitine,29807,2HCO3_NAt,"Transport, extracellular"
3hpvstet[c],3-S-hydroxy-pravastatin-tetranor,29859,SPHMYLN1825_hs_ATPt,"Transport, extracellular"
3hpvstet[e],3-S-hydroxy-pravastatin-tetranor,29863,r1765,"Transport, extracellular"
hyptaur[c],Hypotaurine,30805,ME2m,Pyruvate metabolism
atp[g],Adenosine Triphosphate,30955,HMR_3723,Cholesterol metabolism
adp[g],Adenosine Diphosphate,30956,CYTK7,Nucleotide interconversion
pail5p_hs[g],1-Phosphatidyl-1D-Myo-Inositol 5-Phosphate,30962,HMR_9667,"Transport, golgi apparatus"
pail_hs[g],1-Phosphatidyl-1D-Myo-Inositol,30963,r2100,"Transport, extracellular"
fol[c],Folate,319415,OPAH,Glutathione metabolism
fol[e],Folate,319446,RE3346M,Bile acid synthesis
acgam6p[c],N-Acetyl-D-Glucosamine 6-Phosphate,319518,HMR_3687,Cholesterol metabolism
M00887[m],3-Oxononadecanoyl Coenzyme A,319554,r0113,Aminosugar metabolism
nwharg[c],N-(Omega)-Hydroxyarginine,319800,r2132,"Transport, extracellular"
lnlncgcoa[m],Gamma-Linolenoyl Coenzyme A,319848,HMR_1752,"Transport, mitochondrial"
CE4793[m],3-Oxo-Dihomo-Gama-Linolenoyl Coenzyme A,319945,CARN1829Z12Zt_m,"Transport, mitochondrial"
CE2442[m],"3Z,7Z,10Z-Hexadecatrienoyl Coenzyme A",320011,PCHOLN19_HSABCt,"Transport, extracellular"
CE2441[m],"2E,4Z,7Z,10Z-Hexadecatetraenoyl Coenzyme A",320127,RE3430C_1,Eicosanoid metabolism
3ohodcoa[x],3-Oxooctadecanoyl Coenzyme A,320207,PNTOt5_1,"Transport, extracellular"
pmtcoa[x],Palmitoyl Coenzyme A (N-C16:0 Coenzyme A),320208,HMR_0830,Glycosphingolipid metabolism
trdox[c],Oxidized Thioredoxin,320404,PIter,"Transport, endoplasmic reticular"
trdrd[c],Reduced Thioredoxin,320452,G14T3g,Keratan sulfate synthesis
CE2250[c],3-Oxodocosanoyl Coenzyme A,320581,HGNTOR,Tyrosine metabolism
CE2246[c],3-Hydroxydocosanoyl Coenzyme A,320634,ALDD2xm,Glycolysis/gluconeogenesis
udpglcur[c],Uridine-5-Diphosphate-Glucuronate,320635,RE3170C,Fatty acid oxidation
dopa4glcur[c],Dopamine-4-O-Glucuronide,320685,HMR_3174,Fatty acid oxidation
gly[m],Glycine,320707,S6T1g,Keratan sulfate synthesis
pheacgly[m],Phenylacetylglycine,320718,HMR_3220,Fatty acid oxidation
f1a[l],F1Alpha,320940,HCO3Ee,Miscellaneous
h[n],Proton,320951,AG13T1g,Keratan sulfate synthesis
utp[n],Uridine-5-TrIphosphate,320981,UMPK2n,Nucleotide interconversion
xu1p__D[c],D-Xylulose 1-Phosphate,320997,HMR_1740,Bile acid synthesis
xylu__D[c],D-Xylulose,327655,PCHOLOLE_HSABCt,"Transport, extracellular"
dlnlcgcoa[r],Dihomo-Gamma-Linolenyl Coenzyme A,327951,NTD12,Nucleotide interconversion
M01490[r],"Cholest-5-En-3Beta-Yl (8Z,11Z,14Z-Eicosatrienoate)",328035,RDH3,Vitamin A metabolism
lnlncacoa[m],Alpha-Linolenoyl Coenzyme A,328779,FA160COAabcp_1,"Transport, peroxisomal"
lipoate[c],Lipoate,328845,GAL3ST12,Sphingolipid metabolism
dhlam[c],Dihydrolipoamide,329502,HMR_3684,Cholesterol metabolism
e4hglu[m],Erythro-4-Hydroxy-L-Glutamate,329506,S6TASE24ly,Keratan sulfate degradation
4h2oglt[m],4-Hydroxy-2-Oxoglutarate,330064,r2106,"Transport, extracellular"
hs_pre2[g],"Heparan Sulfate, Precursor 2",330406,FAOXC61x,Fatty acid oxidation
hs_pre3[g],GlcNac-Glca-GlcNac-Glca-Gal-Gal-Xyl-L-Ser (Protein),330671,PCHOLN183_HSPLA2,Glycerophospholipid metabolism
pailar_hs[c],1-Arachidonoylglycerophosphoinositol,330836,CDIPTr,Glycerophospholipid metabolism
M03131[e],V3(Neuac)2-Gb5Cer ((Gal)3 (GalNAc)1 (Glc)1 (Neu5Ac)2 (Cer)1),330962,SK_cmpglna_c,
hdcoa[m],Palmitoleyl Coenzyme A,331487,r0743,Bile acid synthesis
7dhchsterol[r],"Cholesta-5,7-Dien-3Beta-Ol",333182,HMR_1532,N-glycan metabolism
M02107[m],Heptanoyl Coenzyme A,333424,CYTK12,Nucleotide interconversion
M00889[m],3-Oxononanoyl Coenzyme A,338366,HMR_0261,"Transport, extracellular"
tettet6coa[r],"(9Z,12Z,15Z,18Z)-Tetracosatetraenoyl Coenzyme A",338375,G6Pter,"Transport, endoplasmic reticular"
M01483[r],"Cholesterol-Ester-9,12,15,18-Tetraco",338403,HMR_2267,Fatty acid synthesis
pe203_hs[e],"1-Eicosatrienoylglycerophosphoethanolamine (Delta 11, 14, 17), Lpe (20:3)",353169,KAT180_m,Fatty acid oxidation
ipdp[c],Isopentenyl Diphosphate,353371,AG13T3g,Keratan sulfate synthesis
dmpp[c],Dimethylallyl Diphosphate,380660,EX_34dhoxmand_e,Exchange/demand reaction
sphs1p[e],Sphingosine 1-Phosphate,380921,FAEL184,Fatty acid synthesis
stcoa[c],Stearoyl Coenzyme A (N-C18:0 Coenzyme A),381022,SCP3x,Bile acid synthesis
ocdca[c],Octadecanoate (N-C18:0),381290,HMR_3003,Fatty acid synthesis
HC00342[m],Cis-Aconitate,381694,LNELDCCRNt,Fatty acid oxidation
HC00342[c],Cis-Aconitate,381925,ACACT9p,Fatty acid oxidation
oxa[m],Oxalate,382985,HMR_3424,Fatty acid oxidation
cgly[e],L-Cysteinylglycine,394430,r1763,"Transport, extracellular"
cgly[c],L-Cysteinylglycine,394432,r1254,Fatty acid oxidation
acnamp[c],N-Acetylneuraminate 9-Phosphate,394433,r1669,"Transport, extracellular"
lac__D[e],(R)-Lactate,394434,r0686,Arginine and proline metabolism
hs_pre6[g],Glca-(GlcNac-Glca)2-GlcNac-Glca-Gal-Gal-Xyl-L-Ser (Protein),394435,HMR_6408,"Transport, mitochondrial"
gd1b_hs[l],Gd1B,394436,r0741,Bile acid synthesis
sphmyln18122_hs[e],"Sm (D18:1/22:0), Sphingomyelin",407785,NAGA2ly,Keratan sulfate degradation
sphmyln18116_hs[c],"Sm (D18:1/16:0), Sphingomyelin",432530,HMR_3178,Fatty acid oxidation
sphmyln18116_hs[e],"Sm (D18:1/16:0), Sphingomyelin",433022,42A12BOOX,Tyrosine metabolism
gcald[c],Glycolaldehyde,433182,HMR_3407,Fatty acid oxidation
clpndcoa[c],"Docosa-7,10,13,16,19-All-Cis-Pentaenoyl Coenzyme A",433256,EX_HC02213_e,Exchange/demand reaction
CE4821[c],"2-Trans-7,10,13,16,19-All-Cis-Docosahexaenoyl Coenzyme A",433323,HMR_3398,Fatty acid oxidation
udpg[r],Uridine-5-Diphosphate-Glucose,434203,HMR_3713,Cholesterol metabolism
CE4841[c],"3-Oxoeicosa-Cis,Cis-11,14-Dienoyl Coenzyme A",434264,DGAT,Triacylglycerol synthesis
aps[c],5-Adenylyl Sulfate,434437,RE0575C,Fatty acid synthesis
leuktrB4wcooh[r],W-Carboxy Leukotriene B4,434674,RNDR1,Nucleotide interconversion
M01729[c],Dodecanoylcarnitine,435818,HMR_3626,Cholesterol metabolism
M01729[m],Dodecanoylcarnitine,436008,PCRNtm,Fatty acid oxidation
sebcoa[c],Sebacoyl Coenzyme A,50493,r1262,Fatty acid oxidation
sebacid[c],Sebacicacid,50770,HMR_2343,Fatty acid synthesis
M01236[r],9Z-Eicosenoyl Coenzyme A,50773,ACACt2,"Transport, extracellular"
M02638[c],Octadecenoylcarnitine(11),50784,HMR_3241,Fatty acid oxidation
M02638[m],Octadecenoylcarnitine(11),50785,HMR_3667,Cholesterol metabolism
cit[e],Citrate,50786,r2434,"Transport, mitochondrial"
ttdceacoa[c],Tetradecenoyl Coenzyme A (N-C14:1),50787,PCHOLN281_HSPLA2,Glycerophospholipid metabolism
strdnccrn[r],"6Z,9Z,12Z,15Z-Octadecatetraenoylcarnitine",50790,LCAT40e,Cholesterol metabolism
lnlncg[c],Gamma-Linolenate,50798,3MOXTYROX,Tyrosine metabolism
adrncoa[c],Adrenoyl Coenzyme A,50799,LCAT50e,Cholesterol metabolism
CE4834[c],"3-Oxo-Tetracosa-9,12,15,18-All-Cis-Tetraenoyl Coenzyme A",50877,PI4P5K,Glycerophospholipid metabolism
uri[c],Uridine,50917,DCIm,Fatty acid oxidation
ak2lgchol_hs[e],1-Alkyl 2-Lysoglycerol 3-Phosphocholine,50934,DCSPTN1CPT1,Fatty acid oxidation
paf_hs[e],1-Alkyl 2-Acteylglycerol 3-Phosphocholine,50935,HMR_3741,Cholesterol metabolism
CE2253[c],3-Oxotetracosanoyl Coenzyme A,51797,HMR_0849,Glycosphingolipid metabolism
docoscoa[c],Docosanoyl Coenzyme A,51798,UGLCNACtg,"Transport, golgi apparatus"
ksii_core4_pre4[g],"Keratan Sulfate Ii Biosynthesis, Precursor 4",52123,NTD7e,Nucleotide interconversion
ksii_core4_pre5[g],"Keratan Sulfate Ii Biosynthesis, Precursor 5",52466,FAOXC11BRC9BRx,Fatty acid oxidation
M01077[c],"5Beta-Cholestan-3Alpha,7Alpha,12Alpha,24(S)-Tetrol",52538,HMR_1126,Leukotriene metabolism
M01077[m],"5Beta-Cholestan-3Alpha,7Alpha,12Alpha,24(S)-Tetrol",52633,EX_tetpent3_e,Exchange/demand reaction
1p3h5c[m],L-1-Pyrroline-3-Hydroxy-5-Carboxylate,52710,r1252,Fatty acid oxidation
4hpro_LT[m],Trans-4-Hydroxy-L-Proline,52815,LCAT14e,Cholesterol metabolism
elaidcrn[c],Elaidic carnitine,52858,ARACHETH,Glycerophospholipid metabolism
hdcoa[r],Palmitoleyl Coenzyme A,53332,HMR_2741,"Transport, mitochondrial"
hdcecrn[r],Palmitoleoyl-Carnitine,53357,HMR_2667,"Transport, mitochondrial"
M01474[r],"Cholesterol-Ester-6,9-Octa",53374,PELINL_HSABCt,"Transport, extracellular"
Rtotal[c],R Total,53415,NDPK8,Nucleotide interconversion
dlnlcg[r],Dihomo-Gamma-Linolenate,53418,SCP21x,"Transport, peroxisomal"
sphmyln18121_hs[e],"Sm (D18:1/21:0), Sphingomyelin",53625,RE3174C,Fatty acid oxidation
M02745[r],5Z-Tetradecenoic Acid,53881,AKGt4_3,"Transport, extracellular"
M01141[r],5Z-Tetradecenoyl Coenzyme A,53893,ACOAO8p,Fatty acid oxidation
HC02026[r],Cholesterol-Ester-Gamma-Lin,53896,C3STDH1Pr,Cholesterol metabolism
Rtotalcoa[c],R Total Coenzyme A,53897,HMR_1307,Eicosanoid metabolism
glyc3p[c],Glycerol 3-Phosphate,53945,PE2LINL_HSABCt,"Transport, extracellular"
mev__R[c],(R)-Mevalonate,54122,HMR_2973,Fatty acid synthesis
5pmev[c],(R)-5-Phosphonatomevalonate,54150,r1171,Miscellaneous
ptdcacoa[m],Pentadecanoyl Coenzyme A,54195,A_MANASEly,N-glycan degradation
M00061[m],(2E)-Pentadecenoyl Coenzyme A,54200,PCHOLLINL_HSPLA2,Glycerophospholipid metabolism
pgp_hs[c],Phosphatidyl Glycerol Phosphate,54218,SALMCOM2,Tyrosine metabolism
docteteth[e],"Docosatetraenoyl Ethanolamide (22:4, Delta 7, 10, 13, 16)",54325,CYSTA,Methionine and cysteine metabolism
eicostetcrn[m],"8Z,11Z,14Z,17Z-Eicosatetraenoylcarnitine",54326,DOPA3GLCURt,"Transport, extracellular"
eicostetcoa[m],"(8Z,11Z,14Z,17Z)-Eicosatetraenoyl Coenzyme A",54338,HMR_3668,Cholesterol metabolism
retinol_cis_11[c],11-Cis-Retinol,54342,GGH_5THFl,Folate metabolism
retinal_11_cis[c],11-Cis-Retinal,54369,NTD10,Nucleotide interconversion
pcholet_hs[e],"1-Eicosatrienoylglycerophosphocholine (Delta 11, 14, 17)",54371,3HPVSCOAitx,Drug metabolism
pcholet_hs[c],"1-Eicosatrienoylglycerophosphocholine (Delta 11, 14, 17)",54384,SUCCOAPET,Fatty acid oxidation
CE5944[c],"10,11-Dihydro-12-Oxo-Ltb4",54391,FAOXC81C61x,Fatty acid oxidation
CE4988[c],"10,11-Dihydro-12-Epi-Leukotriene B4",54397,BETALDHx,"Glycine, serine, alanine, and threonine metabolism"
for[m],Formate,54403,CORE3GTg,O-glycan metabolism
acrn[x],O-Acetylcarnitine,54405,HMR_0268,Fatty acid oxidation
gd1b_hs[c],Gd1B,54447,FAEL183,Fatty acid synthesis
nicrns[c],Nicotinate D-Ribonucleoside,54486,ACOADH160_m,Fatty acid oxidation
nicrnt[c],Nicotinate D-Ribonucleotide,545975,ADNtl,"Transport, lysosomal"
pcholn226_hs[e],"1-Docosahexenoylglycerophosphocholine (Delta 4, 7, 10, 13, 16, 19), Sn1-Lpc (22:6)",54611,P5CR,Arginine and proline metabolism
glyald[c],D-Glyceraldehyde,54616,Uritl,"Transport, lysosomal"
glyc__R[c],D-Glycerate,54667,DHCRMter,"Transport, endoplasmic reticular"
glucys[c],Gamma-L-Glutamyl-L-Cysteine,54670,r1747,"Transport, extracellular"
frdp[r],Farnesyl Diphosphate,54710,NEU23,Sphingolipid metabolism
peplys[e],Peptidyl-L-Lysine,55936,ADSL2r,Purine synthesis
HC02022[r],Cholest-5-En-3Beta-Yl Octadecanoate,55951,HMR_1756,Bile acid synthesis
ocdca[r],Octadecanoate (N-C18:0),55961,HMR_3455,Fatty acid synthesis
hmgcoa[c],Hydroxymethylglutaryl Coenzyme A,55963,PGS,Eicosanoid metabolism
arachcoa[x],Arachidoyl Coenzyme A,55979,HMR_2735,"Transport, mitochondrial"
CE2250[x],3-Oxodocosanoyl Coenzyme A,55980,S23T2g,Keratan sulfate synthesis
octdececoa[c],Octadecenoyl Coenzyme A,55981,LCAT19e,Cholesterol metabolism
fe2[m],Iron (Fe2+),56012,PEPALM,Glycerophospholipid metabolism
ppp9[m],Protoporphyrin,56017,LCAT11e,Cholesterol metabolism
pheme[m],Protoheme,56050,HMR_0242,Fatty acid oxidation
gd2_hs[g],GalNac-Beta1->4(Neuac-Alpha2->8Neuac2->3)Gal-Beta1->4Glc-Beta1->1Cer,56077,FOLt,"Transport, extracellular"
gd3_hs[g],Gd3,56078,RE3185M,Fatty acid oxidation
hexdeceeth[e],"Hexadecenoyl Ethanolamide, C16:1-Ethanolamide (Delta 9)",56174,HMR_1737,Bile acid synthesis
mlthf[m],"5,10-Methylenetetrahydrofolate",56185,DOPA4GLCURt,"Transport, extracellular"
methf[m],"5,10-Methenyltetrahydrofolate",56189,CSNAT2m,Fatty acid oxidation
CE5150[m],"Trans,Cis-2,11-Eicosadienoyl Coenzyme A",56219,GTHRDH_syn,Glutathione metabolism
CE5148[m],3(S)-Hydroxy-11-Cis-Eicosenoyl Coenzyme A,56248,HMR_0410,Fatty acid oxidation
pcholn205_hs[e],"1-Eicosapentenoylglycerophosphocholine (Delta 5, 8, 11, 14, 17), Sn1-Lpc (20:5)",56315,r1260,Fatty acid oxidation
pcholn205_hs[c],"1-Eicosapentenoylglycerophosphocholine (Delta 5, 8, 11, 14, 17), Sn1-Lpc (20:5)",56318,ACOAR4m,Fatty acid oxidation
M01475[r],"Cholest-5-En-3Beta-Yl (7Z,10Z,13Z,16Z,19Z-Docosapentaenoate)",56336,NTD2e,Nucleotide interconversion
CE2510[r],11-Cis-Eicosenoate,56348,D_LACtm,"Transport, mitochondrial"
CE5151[r],11Z-Eicosenoyl Coenzyme A,56351,HMR_7724,"Transport, lysosomal"
M00006[r],11Z-Docosenoyl Coenzyme A,56356,RE3229C,Fatty acid synthesis
uppg3[c],Uroporphyrinogen Iii,56357,r1411,Miscellaneous
hmbil[c],Hydroxymethylbilane,56362,HMR_0807,Glycosphingolipid metabolism
M02694[m],Pentanoyl Coenzyme A,56375,HMR_3173,Fatty acid oxidation
M00877[m],3-Oxoheptanoyl Coenzyme A,56386,ORNt,"Transport, extracellular"
7thf[l],Heptaglutamyl Folate (Thf),56421,S6T16g,Keratan sulfate synthesis
pcholn28_hs[c],Lysopc A C28:0,56451,PPDOy,Pyruvate metabolism
i[c],Iodide,56454,ADPACTD,Fatty acid oxidation
i[e],Iodide,56473,NDPK5,Nucleotide interconversion
ura[c],Uracil,56485,HMR_3198,Fatty acid oxidation
6epvs[c],6-epipravastatin,56520,SMS15,Glycerophospholipid metabolism
6epvs[e],6-epipravastatin,56529,PEDH13_HSPLA2,Glycerophospholipid metabolism
c8dc[c],Suberyl Carnitine,56632,5HLTDL,Tryptophan metabolism
c8dc[x],Suberyl Carnitine,56690,GCPNn,Nucleotide interconversion
apoC[c],Apocarboxlase (No Lys Residue),56720,STEETH,Glycerophospholipid metabolism
apoC_Lys[c],Apoc-Lysine,56727,FAOXC4C4DCc,Fatty acid oxidation
sphmyln181161_hs[c],"Sm (D18:1/16:1), Sphingomyelin",56749,GALNTg,O-glycan metabolism
10fthf6glu[c],10-Formyltetrahydrofolate-[Glu](6),56752,HMR_3428,Fatty acid oxidation
2maacoa[m],2-Methylacetoacetyl Coenzyme A,56773,DGNSK,Nucleotide interconversion
3hmbcoa[m],"(2S,3S)-3-Hydroxy-2-Methylbutanoyl Coenzyme A",56774,EX_acmana_e,Exchange/demand reaction
pppg9[m],Protoporphyrinogen Ix,56794,MALT,Starch and sucrose metabolism
CE5156[c],3-Oxo-Cis-15-Tetracosaenoyl Coenzyme A,56847,r1165,Miscellaneous
CE5157[c],3(S)-Hydroxy-Cis-15-Tetracosaenoyl Coenzyme A,57028,EX_pheacgly_e,Exchange/demand reaction
M00012[m],"11Z,14Z,17Z-Eicosatrienoyl Coenzyme A",57138,CDS,Glycerophospholipid metabolism
ha[e],Hyaluronan,57274,ADPCOAPTE,Fatty acid oxidation
ha[l],Hyaluronan,57279,ATP1ter,"Transport, endoplasmic reticular"
M01869[g],(GlcNAc)6 (Man)3 (Asn)1,57370,HMR_2817,"Transport, endoplasmic reticular"
M00086[c],"(3S)-Hydroxy-Eicosa-Cis,Cis,Cis-11,14,17-Trienoyl Coenzyme A",57394,INSt,"Transport, extracellular"
succoa[c],Succinyl Coenzyme A,57423,2HATVLACthc,Drug metabolism
3dsphgn[c],(2S)-1-Hydroxy-3-Oxooctadecan-2-Aminium,57738,HMR_3633,Cholesterol metabolism
hpdca[c],Margaric Acid,57813,35CGMPtn,"Transport, nuclear"
leuktrC4[c],Leukotriene C4,57874,HMR_1644,Steroid metabolism
leuktrD4[c],Leukotriene D4,58176,r1891,"Transport, extracellular"
dopa4glcur[e],Dopamine-4-O-Glucuronide,58193,CYTK4n,Nucleotide interconversion
ksii_core4[e],Keratan Sulfate Ii (Core 4-Linked),58246,NACHEX23ly,Keratan sulfate degradation
c4crn[x],Butyryl Carnitine,58807,GACMTRc,Urea cycle
btcoa[x],Butanoyl Coenzyme A,58810,HMR_3234,Fatty acid oxidation
sphmyln18121_hs[c],"Sm (D18:1/21:0), Sphingomyelin",58865,NCNt,"Transport, extracellular"
3hmp[m],3-Hydroxy-2-Methylpropanoate,58875,UAG2EMA,Aminosugar metabolism
hco3[m],Bicarbonate,58994,ACGALtly,"Transport, lysosomal"
oaa[m],Oxaloacetate,59012,DMATTx,Cholesterol metabolism
rsv[e],rosuvastatin,59027,CYTK9n,Nucleotide interconversion
rsv[c],rosuvastatin,59033,RE3104C,Fatty acid oxidation
gm2_hs[c],N-Acetyl-Beta-D-Galactosaminyl-(1->4)-[Alpha-N-Acetylneuraminosyl-(2->3)]-Beta-D-Galactosyl-Beta-D-Glucosyl-(1<->1)-Ceramide Anion,59045,r0737,Miscellaneous
gd2_hs[c],GalNac-Beta1->4(Neuac-Alpha2->8Neuac2->3)Gal-Beta1->4Glc-Beta1->1Cer,595136,RE2992M,Fatty acid oxidation
pchol2linl_hs[c],2-Linoleoylglycerophosphocholine,60525,HMR_3185,Fatty acid oxidation
lnlncacoa[r],Alpha-Linolenoyl Coenzyme A,60527,CYTDK2,Pyrimidine synthesis
gmp[e],Guanosine-5-Monophosphate,60596,r1808,"Transport, extracellular"
HC01408[x],3-Oxo-Hexanoyl Coenzyme A,621603,6EPSteb,Drug metabolism
M02446[e],Maltoheptaose,622127,HMR_3195,Fatty acid oxidation
M02447[e],Maltohexaose,625249,r2085,"Transport, extracellular"
hdcea[m],Hexadecenoate (N-C16:1),628779,HMR_7727,"Transport, lysosomal"
ksii_core4_pre7[g],"Keratan Sulfate Ii Biosynthesis, Precursor 7",631304,RE3227C,Fatty acid synthesis
ksii_core4_pre6[g],"Keratan Sulfate Ii Biosynthesis, Precursor 6",63828,CLPNDCPT1,Fatty acid oxidation
hexc[r],Cerotic Acid,63959,PSDm_hs,Glycerophospholipid metabolism
hexccoa[r],Hexacosanoyl Coenzyme A,63993,r0360,Fructose and mannose metabolism
M00795[m],3-Hydroxypentadecanoyl Coenzyme A,64008,r2104,"Transport, extracellular"
M00897[m],3-Oxopentadecanoyl Coenzyme A,64292,APOCFm,Biotin metabolism
pail4p_hs[c],1-Phosphatidyl-1D-Myo-Inositol 4-Phosphate,64385,PPPG9tm,Heme synthesis
4abut[m],4-Aminobutanoate,64436,PROt2r,"Transport, extracellular"
3ohodcoa[m],3-Oxooctadecanoyl Coenzyme A,64580,SUCOAS1m,Citric acid cycle
CE4835[c],"2E,7Z,10Z,13Z,16Z-Docosapentaenoyl Coenzyme A",64602,HMR_3064,Fatty acid oxidation
M00783[c],3-Hydroxyhexacosanoyl Coenzyme A,64705,HMR_8571,Starch and sucrose metabolism
M00049[c],(2E)-Hexacosenoyl Coenzyme A,64707,LCAT38e,Cholesterol metabolism
dcdp[c],Deoxycytidine-5-Diphosphate,64898,RE3231C,Fatty acid synthesis
hxcoa[x],Hexanoyl Coenzyme A (N-C6:0Coenzyme A),64899,C204CPT2,Fatty acid oxidation
c6crn[x],Hexanoyl Carnitine,64918,r1984,"Transport, extracellular"
pcholn204_hs[c],"1-Eicosatetraenoylglycerophosphocholine (Delta 8, 11, 14, 17), Sn1-Lpc (20:4)",654821,PROFVSCOAitx,Drug metabolism
itp[c],Iinosine-5-Triphosphate,66043,FAOXC123C102x,Fatty acid oxidation
idp[c],Inosine-5-Diphosphate,66046,ADRNCPT1,Fatty acid oxidation
adpac[c],Adipic Acid,66052,PHSPHINGStg,"Transport, golgi apparatus"
adpcoa[c],Adipoyl Coenzyme A,66054,r1450,Fatty acid oxidation
pailar_hs[e],1-Arachidonoylglycerophosphoinositol,66065,HMR_3176,Fatty acid oxidation
3ispvs[c],3-alpha-iso-pravastatin,66091,HMR_3717,Cholesterol metabolism
3ispvs[e],3-alpha-iso-pravastatin,66108,HMR_0753,Sphingolipid metabolism
hexccoa[c],Hexacosanoyl Coenzyme A,66142,BILGLCURt,"Transport, extracellular"
hexccoa[x],Hexacosanoyl Coenzyme A,66144,HMR_0839,Glycosphingolipid metabolism
lnlc[c],Linoleate,66152,HMR_0328,Fatty acid oxidation
ptvst[e],pitavastatin,66171,S6T17g,Keratan sulfate synthesis
ptvst[c],pitavastatin,66190,ST8SIA12,Sphingolipid metabolism
gthrd[e],Reduced Glutathione,66194,FACOAL181,Fatty acid oxidation
10fthf[m],10-Formyltetrahydrofolate,66204,UNK3,Methionine and cysteine metabolism
thf[m],"5,6,7,8-Tetrahydrofolate",66218,DNDPt38m,"Transport, mitochondrial"
stcrn[r],O-Octadecanoyl-R-Carnitine,66234,HMR_2682,"Transport, mitochondrial"
M02973[c],Tetradecanoylcarnitine,66237,RE3074X,Fatty acid oxidation
M02973[m],Tetradecanoylcarnitine,66248,ACCOAtr,"Transport, endoplasmic reticular"
CE2246[x],3-Hydroxydocosanoyl Coenzyme A,66286,HMR_0678,Glycerophospholipid metabolism
leuktrC4[e],Leukotriene C4,66290,NICRNS,NAD metabolism
etoh[e],Ethanol,66335,HMR_2697,"Transport, mitochondrial"
M01081[c],"7Alpha,24-Dihydroxy-5Beta-Cholestan-3-One",66350,HMR_3075,Fatty acid oxidation
CE2245[c],(2E)-Tetracosenoyl Coenzyme A,66355,C110CPT2m,Fatty acid oxidation
acald[m],Acetaldehyde,66377,UMPK3n,Nucleotide interconversion
acald[c],Acetaldehyde,66411,r2079,"Transport, extracellular"
vacc[c],Vaccenic Acid,66414,r2117,"Transport, extracellular"
vacccoa[c],11Z-Octadecenoyl Coenzyme A,66416,LNSTLSr,Cholesterol metabolism
Rtotal[g],R Total,66422,r1182,Miscellaneous
phcrm_hs[g],Phytoceramide,66435,r0365,Propanoate metabolism
phsphings[g],Phytosphingosine,66445,HMR_1741,Bile acid synthesis
CE5944[m],"10,11-Dihydro-12-Oxo-Ltb4",66454,GRTTx,Cholesterol metabolism
C01747[l],Psychosine,66461,LSTO1r,Cholesterol metabolism
C01747[c],Psychosine,66495,HMR_2260,Fatty acid synthesis
oleth[e],Oleoyl Ethanolamide,66514,PSP_L,"Glycine, serine, alanine, and threonine metabolism"
CE2056[r],20-Dihydroxyleukotriene B4,665563,PMEVKx,Cholesterol metabolism
apoC[m],Apocarboxlase (No Lys Residue),66576,HMR_1565,Cholesterol metabolism
apoC_Lys_btn[m],Holocarboxylase (Biotin Covalent Bound To Lys Residue Of Apoc),66586,HMR_1760,Bile acid synthesis
biocyt[m],Biocytin,66588,34DHXMANDACOX_NADP,Tyrosine metabolism
sphgn[c],Sphinganine,66594,UMPK,Nucleotide interconversion
sph1p[c],"(2S,3R)-2-Azaniumyl-3-Hydroxyoctadecyl Phosphate",666168,DM_phsph1p_c,Exchange/demand reaction
pcholn19_hs[c],"1-Nonadecanoylglycerophosphocholine, Sn1-Lpc (19:0)",66624,4HATVACIDthc,Drug metabolism
CE4791[c],3(S)-Hydroxy-Dihomo-Gama-Linolenoyl Coenzyme A,66646,EX_docteteth_e,Exchange/demand reaction
gmp[g],Guanosine-5-Monophosphate,66659,HMR_3413,Fatty acid oxidation
nrpphr[c],Norepinephrine,66681,r1251,Fatty acid oxidation
M01777[m],Eicosenoylcarnitine(9),66694,RDH2,Vitamin A metabolism
CE5151[m],11Z-Eicosenoyl Coenzyme A,667034,HMR_3409,Fatty acid oxidation
CE4851[c],"3-Oxo-Tetracosa-12,15,18,21-All-Cis-Tetraenoyl Coenzyme A",66775,SPH1Pter,"Transport, endoplasmic reticular"
fum[m],Fumarate,66812,SPHMYLN180241_hs_ATPt,"Transport, extracellular"
xoltri24[c],"(24S)-7Alpha,24-Dihydroxycholesterol",66834,r0596,CoA synthesis
M00978[c],"7Alpha,24-Dihydroxycholest-4-En-3-One",66841,PROFVShc,Drug metabolism
sphmyln18123_hs[e],"Sm (D18:1/23:0), Sphingomyelin",66853,PE15_HSABCt,"Transport, extracellular"
argsuc[c],L-Arginosuccinic Acid,66865,r2115,"Transport, extracellular"
phytcoa[c],Phytanoyl Coenzyme A,66885,CYTDtl,"Transport, lysosomal"
sphmyln180241_hs[e],"Sm (D18:0/24:1), Sphingomyelin",66902,FACOAE161,Fatty acid oxidation
5HPET[c],5(S)-Hydroperoxyeicosatetraenoic Acid,66916,GLCAASE8ly,Hyaluronan metabolism
sbt__D[c],D-Sorbitol,66925,PI45PLC,Inositol phosphate metabolism
CE5144[m],3-Oxo-11-Cis-Eicosenoyl Coenzyme A,66945,BAAT3x,Bile acid synthesis
6dhf[l],Hexaglutamyl Folate (Dhf),66948,SACCD4m,Lysine metabolism
7dhf[l],Heptaglutamyl Folate (Dhf),67003,r1169,Miscellaneous
glyclt[c],Glycolate,67041,ATVACIDMCTtu,Drug metabolism
lgt__S[c],(R)-S-Lactoylglutathionate,67044,C14STRr,Cholesterol metabolism
eicostetcoa[r],"(8Z,11Z,14Z,17Z)-Eicosatetraenoyl Coenzyme A",67053,HMR_2679,"Transport, mitochondrial"
M01480[r],"Cholesterol-Ester-8,11,14,17-Eico",67054,PRAIS,Purine synthesis
M00117[e],7Z-Tetradecenoic Acid,67092,r2125,"Transport, extracellular"
M00117[c],7Z-Tetradecenoic Acid,67115,HMR_3648,Cholesterol metabolism
CE2440[m],"4Z,7Z,10Z-Hexadecatrienoyl Coenzyme A",67126,GLUNm,Glutamate metabolism
M00341[c],"13Z,16Z,19Z-Docosatrienoic Acid",67130,RE3186M,Fatty acid oxidation
thr__L[c],L-Threonine,67184,HMR_3915,Methionine and cysteine metabolism
thr__L[e],L-Threonine,67216,FUMAC,Tyrosine metabolism
M03050[m],Tridecanoyl Coenzyme A,67260,RE3225C,Fatty acid synthesis
M00069[m],(2E)-Tridecenoyl Coenzyme A,67264,HMR_2041,Steroid metabolism
sphmyln_hs[c],Sphingomyelin,67273,LCAT44e,Cholesterol metabolism
dmnoncrn[x],"4,8-Dimethylnonanoyl Carnitine",67283,C181OHc,Fatty acid oxidation
dmnoncrn[c],"4,8-Dimethylnonanoyl Carnitine",67305,HMR_0795,Sphingolipid metabolism
pe12_hs[c],1-Didecanoylglycerophosphoethanolamine (C12:0 Pe),67311,PSERT,"Glycine, serine, alanine, and threonine metabolism"
M03116[m],Undecanoyl Coenzyme A,67375,HPCLx_1,Fatty acid oxidation
M00909[m],3-Oxotridecanoyl Coenzyme A,67460,RE3195M,Fatty acid oxidation
CE0713[m],3-Oxolinoleoyl Coenzyme A,67464,5HOXINDACTOX,Tryptophan metabolism
CE0849[m],"Cis,Cis-Palmito-7,10-Dienoyl Coenzyme A",67469,URIt,"Transport, extracellular"
hs_pre12[g],Glcn2S-Idoa-Glcn2S-Glca2S-Glcn2S-Idoa2S-Glcn2S-Glca-GlcNac-Glca-Gal-Gal-Xyl-L-Ser (Protein),67470,FAOXC14C14OHm,Fatty acid oxidation
hs_pre13[g],"Glcn2S-Idoa-Glcn2,6Dis-Glca2S-Glcn2,6Dis-Idoa2S-Glcn2,6Dis-Glca-GlcNac-Glca-Gal-Gal-Xyl-L-Ser (Protein)",67512,EX_pmeth_e,Exchange/demand reaction
thf[l],"5,6,7,8-Tetrahydrofolate",67530,ATPH2e,Nucleotide interconversion
M02611[c],Nonadecanoylcarnitine,67555,HMR_7900,"Transport, extracellular"
M02053[r],Heneicosanoic Acid,67556,RE0574C,Fatty acid synthesis
M01494[r],Cholesterol-Ester-Heneico,67569,RE3153C,Fatty acid oxidation
34hpp[c],3-(4-Hydroxyphenyl)Pyruvate,67582,STRDNCCRNt,Fatty acid oxidation
M02449[e],Maltopentaose,67680,ACtp,"Transport, peroxisomal"
M02616[m],Nonanoyl Coenzyme A,67689,GSNtl,"Transport, lysosomal"
M00056[m],(2E)-Nonenoyl Coenzyme A,67712,DGSNtm,"Transport, mitochondrial"
pendecaeth[e],Pentadecanoyl Thanolamide (C15:0),67717,CARN180t_m,"Transport, mitochondrial"
M01207[r],"8Z,11Z-Eicosadienoic Acid",67758,FAOXC102C103x,Fatty acid oxidation
xoldiolone[c],"7Alpha,12Alpha-Dihydroxycholest-4-En-3-One",67760,FACOAL245_2,Fatty acid oxidation
2mb2coa[m],2-Methylcrotonoyl Coenzyme A,67800,GHMT2rm,"Glycine, serine, alanine, and threonine metabolism"
normete__L[c],L-Normetanephrine,67821,r2099,"Transport, extracellular"
M01197[r],7Z-Hexadecenoic Acid,67834,BTNDe,Biotin metabolism
M01477[r],Cholesterol-Ester-7-Hexa,67861,FACOAL191,Fatty acid oxidation
3hpvstetcoa[x],3-S-hydroxy-pravastatin-tetranor-CoA,67863,HMR_1284,"Transport, mitochondrial"
3hpvstetcoa[c],3-S-hydroxy-pravastatin-tetranor-CoA,67870,HMR_3244,Fatty acid oxidation
msa[m],3-Oxopropanoate,67880,LPAMt,"Transport, extracellular"
glyc3p[m],Glycerol 3-Phosphate,67881,HMR_2713,"Transport, mitochondrial"
tetpent3coa[r],"(9Z,12Z,15Z,18Z,21Z)-Tetracosapentaenoyl Coenzyme A",67883,HMR_7715,"Transport, lysosomal"
cholp[l],Choline Phosphate,67895,EX_CE6247_e,Exchange/demand reaction
sphmyln_hs[l],Sphingomyelin,67909,HMR_0822,Glycosphingolipid metabolism
gal[c],D-Galactose,67916,HMR_3107,Fatty acid oxidation
M01491[r],Cholest-5-En-3Beta-Yl Docosanoate,67942,RE3190M,Fatty acid oxidation
adn[l],Adenosine,67956,HMR_3245,Fatty acid oxidation
galgluside_hs[r],Galactosyl Glucosyl Ceramide,67972,RE0512M,Fatty acid oxidation
hdcecrn[c],Palmitoleoyl-Carnitine,67980,CYTDt,"Transport, extracellular"
HC02048[c],Acyl Coenzyme A-Ld-Sm-Pool,67993,RE3010C,Eicosanoid metabolism
bhb[e],(R)-3-Hydroxybutyrate,68018,FORMCOAtx,"Transport, peroxisomal"
bhb[c],(R)-3-Hydroxybutyrate,68055,SPHK11,Sphingolipid metabolism
lpam[e],Lipoamide,68133,r2289,"Transport, extracellular"
CE2243[x],(2E)-Eicosenoyl Coenzyme A,68194,HEX10,Aminosugar metabolism
pepalm_hs[c],1-Palmitoylglycerophosphoethanolamine,68197,2AMACSULT,Methionine and cysteine metabolism
M00261[c],"10Z,13Z,16Z,19Z-Docosatetraenoylcarnitine",68198,C180CPT2,Fatty acid oxidation
M00804[m],3-Hydroxytridecanoyl Coenzyme A,68202,C3STDH1r,Cholesterol metabolism
M01470[r],Cholesterol-Ester-5-Tetra,68262,HCO3E,Miscellaneous
n2m2nmasn[e],"N-Acetyl-Beta-D-Glucosaminyl-1,2-Alpha-D-Mannosyl-1,3-(N-Acetyl-Beta-D-Glucosaminyl-1,2-Alpha-D-Mannosyl-1,6)-(N-Acetyl-Beta-D-Glucosaminyl-1,4)-Beta-D-Mannosyl-1,4-N-Acetyl-Beta-D-Glucosaminyl-R",68263,HMR_6545,Inositol phosphate metabolism
dmnoncoa[x],"4,8 Dimethylnonanoyl Coenzyme A",68267,METS,Methionine and cysteine metabolism
maltpt[e],Maltopentaose,68273,r1665,"Transport, extracellular"
CE2053[c],20-Oxo-Leukotriene B4,68292,HMR_3475,Fatty acid oxidation
leuktrB4woh[c],W-Hydroxyl Leukotriene B4,68342,PELINL_HSPLA2,Glycerophospholipid metabolism
xolest183_hs[e],"1-Gamma-Linolenoyl-Cholesterol, Cholesterol-Ester (18:3, Delta 6, 9, 12)",68349,HMR_2708,Fatty acid oxidation
tettet6[c],"9Z,12Z,15Z,18Z-Tetracosatetraenoic Acid",68375,HMR_2988,Fatty acid synthesis
tettet6coa[c],"(9Z,12Z,15Z,18Z)-Tetracosatetraenoyl Coenzyme A",68393,HMR_3639,Cholesterol metabolism
gal1p[c],"(2R,3R,4S,5R,6R)-3,4,5-Trihydroxy-6-(Hydroxymethyl)Oxan-2-Yl Phosphate",68401,LCAT52e,Cholesterol metabolism
core3[g],Core 3,68556,PTVSTtu,Drug metabolism
core4[g],Core 4,68603,PCHOLSTE_HSPLA2,Glycerophospholipid metabolism
succoa[x],Succinyl Coenzyme A,68671,RE1523M,Fatty acid oxidation
cl[e],Chloride,68738,HMR_3001,Fatty acid synthesis
cl[c],Chloride,68775,HMR_0323,Fatty acid synthesis
M01496[r],Cholesterol-Ester-Hexacosa,68801,LCAT3e,Cholesterol metabolism
thymd[l],Thymidine,68977,r1827,"Transport, extracellular"
thymd[c],Thymidine,69019,EX_HC00955_e,Exchange/demand reaction
dhea[r],3Beta-Hydroxyandrost-5-En-17-One,69051,FAOXC102C101m,Fatty acid oxidation
M01075[r],"Androst-5-Ene-3,17-Dione",69060,RE3235C,Fatty acid synthesis
n5m2masn[c],((N-Acetyl-D-Glucosaminyl)5-(Alpha-D-Mannosyl)2-Beta-D-Mannosyl-Diacetylchitobiosyl)-L-Asparagine (Protein),69083,R_group_phosphotase_3,Miscellaneous
nrvnccoa[r],Cis-15-Tetracosenoyl Coenzyme A,69156,GLYt2r,"Transport, extracellular"
M01465[r],Cholest-5-En-3Beta-Yl (15Z-Tetracosenoate),69188,BAMPPALDOX,Beta-Alanine metabolism
strdnccrn[c],"6Z,9Z,12Z,15Z-Octadecatetraenoylcarnitine",69215,GLCAASE9ly,Hyaluronan metabolism
M03006[c],"Trans,Cis,Cis,Cis-2,13,16,19-Docosatetraenoyl Coenzyme A",69354,SMS4,Glycerophospholipid metabolism
arachdcoa[c],Arachidonoyl Coenzyme A,69367,CHOLATEt,"Transport, extracellular"
CE4833[c],"3-Oxo-Docosa-7,10,13,16-All-Cis-Tetraenoyl Coenzyme A",69519,PAFABCt,"Transport, extracellular"
M01076[m],"5Beta-Cholestan-3Alpha,7Alpha,12Alpha,24(S),27-Pentol",69590,RE3171C,Fatty acid oxidation
oaa[c],Oxaloacetate,69634,MAOLNOR,Tyrosine metabolism
ascb__L[c],L-Ascorbate,69675,CREATtmdiffir,Urea cycle
ascb__L[e],L-Ascorbate,69698,LNLNCGCRNt,Fatty acid oxidation
clpndcoa[m],"Docosa-7,10,13,16,19-All-Cis-Pentaenoyl Coenzyme A",69719,HMR_2671,"Transport, mitochondrial"
adn[e],Adenosine,69726,NTD7,Nucleotide interconversion
glx[m],Glyoxylate,69772,UMPK7n,Nucleotide interconversion
gm2_hs[l],N-Acetyl-Beta-D-Galactosaminyl-(1->4)-[Alpha-N-Acetylneuraminosyl-(2->3)]-Beta-D-Galactosyl-Beta-D-Glucosyl-(1<->1)-Ceramide Anion,69875,FAOXC165C164x,Fatty acid oxidation
M02012[l],Gm2A,69888,DEOXFVSitx,Drug metabolism
M02013[l],Gm2A:Gm2-Ganglioside,69923,C4tcx,"Transport, peroxisomal"
oh1[c],Hydroxide Ion,69976,PE226_HSPLA2,Glycerophospholipid metabolism
oh1[e],Hydroxide Ion,69983,ABUTt4_2_r,"Transport, extracellular"
dopa3glcur[c],Dopamine-3-O-Glucuronide,70008,HMR_2210,Fatty acid synthesis
k[c],Potassium,70025,LCAT34e,Cholesterol metabolism
k[e],Potassium,70059,HMR_3433,Fatty acid oxidation
ca2[c],Calcium,70061,SPHINGStl,"Transport, lysosomal"
ca2[e],Calcium,70266,HMR_0246,Fatty acid oxidation
3htmelys[c],"3-Hydroxy-N6,N6,N6-Trimethyl-L-Lysine",70316,ALDD2y,Glycolysis/gluconeogenesis
tmlys[c],"N6,N6,N6-Trimethyl-L-Lysine",70456,HMR_3688,Cholesterol metabolism
pe15_hs[c],1-Pentadecanoylglycerophosphoethanolamine (C15:0 Pe),70484,SPHGNtg,"Transport, golgi apparatus"
CE5152[c],3-Oxo-13Cis-Docosenoyl Coenzyme A,70503,RDH2a,Vitamin A metabolism
CE5153[c],3(S)-Hydroxy-13Cis-Docosenoyl Coenzyme A,70750,EX_gtp_e,Exchange/demand reaction
HC02042[c],1-Acylglycerol-3P-Ld-Sm-Pool,70757,SPHMYLN18114_hs_ATPt,"Transport, extracellular"
HC02054[c],Phosphatidate-Ld-Sm-Pool,70789,LCAT37e,Cholesterol metabolism
lnlc[r],Linoleate,70881,RE3597X,Eicosanoid metabolism
HC02024[r],"Cholest-5-En-3Beta-Yl (9Z,12Z-Octadecadienoate)",71147,HMR_2541,Fatty acid synthesis
thcholstoic[c],"3Alpha,7Alpha,12Alpha-Trihydroxy-5Beta-Cholestanoate",71279,S2T4g,Chondroitin synthesis
cholcoar[c],"(25R)-3Alpha,7Alpha,12Alpha-Trihydroxy-5Beta-Cholestan-26-Oyl Coenzyme A",71336,r2083,"Transport, extracellular"
ddca[r],Dodecanoic Acid,71412,FMNAT,Vitamin B2 metabolism
urea[e],Urea,71522,r2089,"Transport, extracellular"
xolest204_hs[e],"Cholesteryl Arachidonate, Cholesterol-Ester (20:4, Delta 5,8,11,14)",71562,LCAT7e,Cholesterol metabolism
pcholn224_hs[c],"1-Docosatetraenoylglycerophosphocholine (Delta 7, 10, 13, 16), Sn1-Lpc (22:4)",71679,PELINETH,Glycerophospholipid metabolism
M01776[c],Eicosenoylcarnitine(7),71685,RE0453N,Pyrimidine synthesis
M00071[m],(2E)-Undecenoyl Coenzyme A,71743,r0308,Fatty acid oxidation
M00806[m],3-Hydroxyundecanoyl Coenzyme A,71760,3SPYRSP,Methionine and cysteine metabolism
10fthf[e],10-Formyltetrahydrofolate,71761,SMS6,Glycerophospholipid metabolism
pmtcoa[m],Palmitoyl Coenzyme A (N-C16:0 Coenzyme A),71780,FPGS7_1,Folate metabolism
pap[c],"Adenosine 3,5-Bismonophosphate",71803,r2118,"Transport, extracellular"
h[i],Proton,71854,CAATPS_1,"Transport, extracellular"
g6p[r],D-Glucose 6-Phosphate,71910,HMR_1748,Bile acid synthesis
6pgl[r],"6-Phospho-D-Glucono-1,5-Lactone",71934,HMR_2687,Fatty acid oxidation
tettet6[r],"9Z,12Z,15Z,18Z-Tetracosatetraenoic Acid",71949,HMR_3491,Fatty acid oxidation
CE5114[c],"Trans-2-Cis,Cis,Cis-8,11,14-Eicosatetraenoyl Coenzyme A",72017,EX_4hphac_e,Exchange/demand reaction
M01776[m],Eicosenoylcarnitine(7),72039,HMR_0393,Fatty acid synthesis
M00018[m],13Z-Eicosenoyl Coenzyme A,72054,ACRNtm,"Transport, mitochondrial"
gua[c],Guanine,72077,GLCtg,"Transport, golgi apparatus"
ksii_core4[l],Keratan Sulfate Ii (Core 4-Linked),72090,HMR_3414,Fatty acid oxidation
pcholole_hs[e],1-Oleoylglycerophosphocholine (Delta 9),72102,HMR_2262,Fatty acid synthesis
mi1p__D[c],1D-Myo-Inositol 1-Phosphate,72157,CITtbm,"Transport, mitochondrial"
sphmyln180241_hs[c],"Sm (D18:0/24:1), Sphingomyelin",72269,PI45P5P,Inositol phosphate metabolism
fvscoa[c],fluvastatin-CoA form,72297,SR5AR2r,Steroid metabolism
M00019[c],13Z-Octadecenoic Acid,72303,SPODM,ROS detoxification
sphmyln18117_hs[c],"Sm (D18:1/17:0), Sphingomyelin",72401,GLYAMDTRc,Urea cycle
M01582[c],11Z-Docosenoic Acid,72469,r0463,Cholesterol metabolism
M00006[c],11Z-Docosenoyl Coenzyme A,72472,G14T4g,Keratan sulfate synthesis
tetdecaeth[e],"C14:0-Ethanolamide, Tetradecanoyl Ethanolamide",72535,HMR_2604,"Transport, mitochondrial"
mi145p[c],"1D-Myo-Inositol 1,4,5-Trisphosphate",72727,CITt4_4,"Transport, extracellular"
xu5p__D[c],D-Xylulose 5-Phosphate,72900,HMR_3109,Fatty acid oxidation
e4p[c],D-Erythrose 4-Phosphate,72961,GGH_10FTHF7GLUe,Folate metabolism
Ser_Gly_Ala_X_Gly[l],Protein-Linked Serine Residue (Glycosaminoglycan Attachment Site),73068,GLACO,Vitamin C metabolism
udp[l],Uridine Diphosphate,73132,PYNP2r,Pyrimidine catabolism
udpacgal[l],Uridine-5-Diphosphate-N-Acetyl-D-Galactosamine,73166,HMR_4777,Arginine and proline metabolism
c4crn[c],Butyryl Carnitine,73251,HMR_3737,Cholesterol metabolism
c4crn[m],Butyryl Carnitine,73333,FAOXC102C81x,Fatty acid oxidation
pan4p[m],Pantetheine 4-Phosphate,73458,DOCOHEXETHc,Glycerophospholipid metabolism
ocdcea[r],Octadecenoate (N-C18:1),73649,HMR_2644,"Transport, mitochondrial"
CE2251[c],3-Oxoeicosanoyl Coenzyme A,73834,r2202,"Transport, extracellular"
6pgc[r],6-Phospho-D-Gluconate,73836,RE3012C,Eicosanoid metabolism
phcrm_hs[c],Phytoceramide,74011,C8DCc,Fatty acid oxidation
stcoa[x],Stearoyl Coenzyme A (N-C18:0 Coenzyme A),74032,HMR_2994,Fatty acid synthesis
vacc[r],Vaccenic Acid,74035,URIK2,Purine synthesis
vacccoa[r],11Z-Octadecenoyl Coenzyme A,74055,PELPALM_HSABCt,"Transport, extracellular"
sphmyln181201_hs[c],"Sm (D18:1/20:1), Sphingomyelin",74080,HMR_0582,Glycerophospholipid metabolism
sphmyln181201_hs[e],"Sm (D18:1/20:1), Sphingomyelin",74104,HMR_9719,Fatty acid oxidation
dodecanac[c],Dodecanedioic Acid,74114,DCSPTN1CPT2,Fatty acid oxidation
c12dccoa[c],Dodecanedioyl Coenzyme A,74129,SUBEACTD,Fatty acid oxidation
M03011[c],"Trans,Cis-2,11-Docosadienoyl Coenzyme A",74147,4HPROLTASCT1,"Transport, extracellular"
gam6p[c],D-Glucosamine-6-Phosphate,74156,C6DCCACT,Fatty acid oxidation
gam[c],D-Glucosamine,74182,HMR_2336,Fatty acid synthesis
pcholn15_hs[e],"1-Pentadecanoylglycerophosphocholine, Sn1-Lpc (15:0)",74185,MTHFCm,Folate metabolism
xol7ah2al[c],"3Alpha,7Alpha-Dihydroxy-5Beta-Cholestan-26-Al",74205,HMR_0430,Fatty acid oxidation
xol7ah3[c],"5Beta-Cholestane-3Alpha,7Alpha,26-Triol",74241,BBHOX,Lysine metabolism
arachd[c],Arachidonate,74246,r2133,"Transport, extracellular"
bamppald[c],Beta-Aminopropion Aldehyde,74302,C4STMO2r,Cholesterol metabolism
CE2537[c],"15-Hydroxy-(8Z,11Z,13E)-Eicosatrienoate",74338,C204CRNt,Fatty acid oxidation
CE2537[e],"15-Hydroxy-(8Z,11Z,13E)-Eicosatrienoate",74411,HPROx,Arginine and proline metabolism
hcys__L[c],L-Homocysteine,74419,HMR_0438,Fatty acid oxidation
HC02161[e],Gm1-Pool,74442,RE1532M,Fatty acid oxidation
M00017[r],13Z-Eicosenoic Acid,74450,HMR_0346,Fatty acid oxidation
CE2437[m],"2E,6Z,9Z,12Z-Octadecatetraenoyl Coenzyme A",74451,FAOXC123x,Fatty acid oxidation
CE2438[m],"3(S)-Hydroxy-6Z,9Z,12Z-Octadecatrienoyl Coenzyme A",74551,HMR_3422,Fatty acid oxidation
ttdcrn[m],Tetradecenoylcarnitine(5),74559,HMR_8567,"Transport, extracellular"
eicostet[r],Omega-3-Arachidonic Acid,74577,r1835,"Transport, extracellular"
arachd[r],Arachidonate,74596,HMR_1929,Steroid metabolism
prostgh2[r],Prostaglandin H2,74729,HMR_0200,Fatty acid synthesis
M01197[c],7Z-Hexadecenoic Acid,74754,HMR_2363,Fatty acid synthesis
M01191[c],7Z-Hexadecenoyl Coenzyme A,74769,HMR_3002,Fatty acid synthesis
lipoate[e],Lipoate,74776,HMR_8574,Starch and sucrose metabolism
dctp[c],Deoxycytidine-5-Triphosphate,74782,CYTK10n,Nucleotide interconversion
stcoa[m],Stearoyl Coenzyme A (N-C18:0 Coenzyme A),74915,HMR_2968,Fatty acid synthesis
odecoa[m],Octadecenoyl Coenzyme A (N-C18:1 Coenzyme A),75320,HMR_0765,Sphingolipid metabolism
hdcea[c],Hexadecenoate (N-C16:1),75406,AG13T2g,Keratan sulfate synthesis
digalsgalside_hs[c],Digalactosylceramidesulfate,75410,NTD5l,Pyrimidine catabolism
digalsgalside_hs[g],Digalactosylceramidesulfate,75454,HMR_3200,Fatty acid oxidation
34dhoxmand[c],"3,4-Dihydroxymandelate",75475,NTD5,Pyrimidine catabolism
3hbcoa[x],(S)-3-Hydroxybutanoyl Coenzyme A,75483,r1769,"Transport, extracellular"
cholcoar[m],"(25R)-3Alpha,7Alpha,12Alpha-Trihydroxy-5Beta-Cholestan-26-Oyl Coenzyme A",75497,LCAT23e,Cholesterol metabolism
pe14_hs[e],1-Myristoylglycerophosphoethanolamine (C14:0 Pe),75512,NDPK9,Nucleotide interconversion
malthp[e],Maltoheptaose,75572,r2096,"Transport, extracellular"
pchol2palm_hs[e],2-Palmitoylglycerophosphocholine,75578,RE3112C,Fatty acid oxidation
retn[r],All-Trans-Retinoate,75612,HMR_3236,Fatty acid oxidation
retinal[r],Retinal,75735,PCHOLN224_HSABCt,"Transport, extracellular"
thcholoylcoa[x],"3Alpha,7Alpha,24-Trihydroxy-5Beta-Cholestanoyl Coenzyme A",75750,HMR_0601,Glycerophospholipid metabolism
M00743[x],"3,7,24Thca Coenzyme A",75769,PHSPHINGStr,"Transport, endoplasmic reticular"
dhcrm_hs[g],Dihydroceramide,76025,RE1448R_1,Phosphatidylinositol phosphate metabolism
malthx[e],Maltohexaose,76051,SADT,Nucleotide interconversion
M01489[r],Cholesterol-Ester-Cis-Vac,76113,GLU5Km,Urea cycle
pa_hs[m],Phosphatidate,76187,SBTR,Fructose and mannose metabolism
CE4811[c],"3-Keto-Eicosa-8,11,14,17-All-Cis-Tetraenoyl Coenzyme A",76238,HEX4,Fructose and mannose metabolism
ksii_core2_pre10[g],"Keratan Sulfate Ii Biosynthesis, Precursor 10",76257,DLNLCGCPT2,Fatty acid oxidation
ser__D[e],D-Serine,76267,HMR_0836,Glycosphingolipid metabolism
ser__D[c],D-Serine,76282,HMR_3690,Cholesterol metabolism
steeth[e],Stearoyl Ethanolamide,76376,EX_homoval_e,Exchange/demand reaction
HC01440[e],3-Keto-Beta-D-Galactose,76408,PETOHMm_hs,Glycerophospholipid metabolism
4mop[c],4-Methyl-2-Oxopentanoate,76429,HMR_2718,"Transport, mitochondrial"
4mop[m],4-Methyl-2-Oxopentanoate,76459,PDE1,Nucleotide interconversion
tmndnccoa[m],"Eicosa-5,8,11,14,17-All-Cis-Pentaenoyl Coenzyme A",76485,FALDH,Tyrosine metabolism
tmndnccrn[m],"5Z,8Z,11Z,14Z,17Z-Eicosapentaenoylcarnitine",76500,HMR_2270,Fatty acid synthesis
M03045[e],Tricosanoic Acid,76507,HMR_3505,Fatty acid oxidation
M03045[c],Tricosanoic Acid,76654,BACCL,Biotin metabolism
tmndnc[c],"Timnodonic Acid C20:5, N-3",76668,TYRCBOX,Tyrosine metabolism
CE7088[c],Prostaglandin H3,76687,HMR_3059,Fatty acid oxidation
M00702[c],3(S)-Hydroxy-13-Cis-Eicosenoyl Coenzyme A,76722,PCHOLN205_HSPLA2,Glycerophospholipid metabolism
M03014[c],"Trans,Cis-2,13-Eicosadienoyl Coenzyme A",76893,SMS11,Glycerophospholipid metabolism
mev__R[x],(R)-Mevalonate,76898,EX_gam_e,Exchange/demand reaction
5pmev[x],(R)-5-Phosphonatomevalonate,76952,RE3194M,Fatty acid oxidation
ptdcacrn[c],Pentadecanoylcarnitine,76969,A4GALTc,Sphingolipid metabolism
ptdcacrn[m],Pentadecanoylcarnitine,77116,r0426,Miscellaneous
gd3_hs[c],Gd3,77337,ADPCOACROT,Fatty acid oxidation
hom__L[e],L-Homoserine,77559,UMPK6n,Nucleotide interconversion
hom__L[c],L-Homoserine,77626,DASCBR_1,Vitamin C metabolism
hpdece[c],Trans-Delta-2-Heptadecanoic Acid,77683,MI34PP,Inositol phosphate metabolism
10fthf6glu[l],10-Formyltetrahydrofolate-[Glu](6),77974,LCAT25e,Cholesterol metabolism
deoxfvs[c],deoxy-fluvastatin-dinor,78038,HMR_2998,Fatty acid synthesis
deoxfvs[e],deoxy-fluvastatin-dinor,78070,HMR_3179,Fatty acid oxidation
hdca[c],Hexadecanoate (N-C16:0),78174,PEDH203_HSPLA2,Glycerophospholipid metabolism
44mctr[r],"4,4-Dimethyl-5Alpha-Cholesta-8,14,24-Trien-3Beta-Ol",78330,GHMT3,Lysine metabolism
lanost[r],Lanosterol,78600,HMR_0256,Fatty acid oxidation
M03014[m],"Trans,Cis-2,13-Eicosadienoyl Coenzyme A",78752,RE0571C,Fatty acid synthesis
acac[c],Acetoacetate,78754,SEBCOACROT,Fatty acid oxidation
acac[e],Acetoacetate,78801,HMR_3448,Fatty acid synthesis
ksii_core4[g],Keratan Sulfate Ii (Core 4-Linked),78830,HPACtr,"Transport, extracellular"
M03018[c],"Trans,Cis-2,9-Eicosadienoyl Coenzyme A",78894,HMR_2737,"Transport, mitochondrial"
2dr1p[c],2-Deoxy-D-Ribose 1-Phosphate,78914,r0068,Miscellaneous
pvs[c],pravastatin,78920,CTPtn,"Transport, nuclear"
pvs[e],pravastatin,78923,r1748,"Transport, extracellular"
HC02060[c],"1,2-Diacylglycerol-Ld-Sm-Pool",78925,RE1441R_1,Phosphatidylinositol phosphate metabolism
HC02070[c],Fatty-Acid-Ld-Sm-Pool,79059,3HPVSthc,Drug metabolism
HC02076[c],1-Acylglycerol-Ld-Sm-Pool,791260,PACALDtm,"Transport, mitochondrial"
HC02217[r],Prostaglandin-G2,79235,RDH1,Vitamin A metabolism
CE5125[x],(2S)-Pristanoyl Coenzyme A,80286,C180CRNt,Fatty acid oxidation
CE2038[x],"Trans-2,3-Dehydropristanoyl Coenzyme A",80707,HPROym,Arginine and proline metabolism
pi[g],Orthophosphate,80721,HMR_0388,"Transport, extracellular"
M00011[c],"11Z,14Z,17Z-Eicosatrienoylcarnitine",80879,CARN160t_m,"Transport, mitochondrial"
dcsptn1[r],"(4Z,7Z,10Z,13Z,16Z)-Docosa-4,7,10,13,16-Pentaenoic Acid",80911,HMR_8578,Starch and sucrose metabolism
M02052[m],Heneicosanoyl Coenzyme A,80914,PCHOLN15_HSABCt,"Transport, extracellular"
M00843[c],3-Oxo-13-Cis-Eicosenoyl Coenzyme A,81535,RE2985M,Fatty acid oxidation
lpam[c],Lipoamide,83398,PCHLN225_HSABCt,"Transport, extracellular"
gthox[c],Glutathione Disulfide (Oxidized Glutathione),83493,HMR_2661,"Transport, mitochondrial"
CE6247[e],"5,12,20-Trihete",83553,MI1PP,Inositol phosphate metabolism
gdp[e],Guanosine-5-Diphosphate,83603,ST8SIA53g,Sphingolipid metabolism
ptdcacoa[r],Pentadecanoyl Coenzyme A,83702,HMR_2969,Fatty acid synthesis
M01506[r],Cholest-5-En-3B-Yl (Pentadecanoate),83885,HMR_0587,"Transport, mitochondrial"
M01237[r],9Z-Heptadecenoyl Coenzyme A,84095,RE0569C,Fatty acid synthesis
c14dccoa[x],Tetradecanedioyl Coenzyme A,84505,r2222,"Transport, extracellular"
hexdicoa[x],Hexadecanedioyl Coenzyme A,84682,r1446,Miscellaneous
CE4840[c],"(3S)-Hydroxy-Eicosa-Cis,Cis-11,14-Dienoyl Coenzyme A",93683,GALGT1,Sphingolipid metabolism
CE4842[c],"Trans,Cis,Cis-2,11,14-Eicosatrienoyl Coenzyme A",93692,HMR_3689,Cholesterol metabolism
acgal[c],N-Acetyl-D-Galactosamine,93732,SPODMm,ROS detoxification
M03153[r],17Z-Hexacosenoic Acid,93747,r1822,"Transport, extracellular"
M02112[r],17Z-Hexacosenoyl Coenzyme A,93898,S6TASE26ly,Keratan sulfate degradation
HC10784[c],Cis-Myrist-7-Enoyl Coenzyme A,93961,r1823,"Transport, extracellular"
gd1c_hs[c],Gd1C,94180,NOS2,Arginine and proline metabolism
gd1c_hs[g],Gd1C,94181,CYTK13n,Nucleotide interconversion
hs_pre1[g],"Heparan Sulfate, Precursor 1",94192,EX_phyt_e,Exchange/demand reaction
gtp[n],Guanosine-5-Triphosphate,94224,HMR_3669,Cholesterol metabolism
gdp[n],Guanosine-5-Diphosphate,94229,CHLPCTD,Glycerophospholipid metabolism
M00122[m],"8Z,11Z-Eicosadienoylcarnitine",94249,r1872,"Transport, extracellular"
sphmyln1825_hs[c],"Sm (D18:0/25:0), Sphingomyelin",94284,UGALGTg,Galactose metabolism
sphmyln1825_hs[e],"Sm (D18:0/25:0), Sphingomyelin",96979,3HPVSCOAhc,Drug metabolism
tmndnc[r],"Timnodonic Acid C20:5, N-3",97212,ALATA_Lm,Citric acid cycle
n5m2masn[g],((N-Acetyl-D-Glucosaminyl)5-(Alpha-D-Mannosyl)2-Beta-D-Mannosyl-Diacetylchitobiosyl)-L-Asparagine (Protein),97287,RE3160R,Fatty acid oxidation
5oxpro[c],5-Oxoprolinate,97440,Rtotaltg,"Transport, golgi apparatus"
M01487[r],Cholest-5-En-3B-Yl (9Z-Tetradecenoate),97884,GALKr,Galactose metabolism
uacgam[r],Uridine-5-Diphosphate-N-Acetyl-Alpha-D-Glucosamine,98256,r2116,"Transport, extracellular"
M02977[m],TetraHCA,98660,HMR_0279,Fatty acid synthesis
M02977[c],TetraHCA,98711,r1766,"Transport, extracellular"
lnlccrn[m],Linoleyl Carnitine,99439,HMR_2353,Fatty acid synthesis
pcholn19_hs[e],"1-Nonadecanoylglycerophosphocholine, Sn1-Lpc (19:0)",99586,RE3016R,Eicosanoid metabolism
CE4990[c],12-Oxo-Leukotriene B4,99712,S6TASE22ly,Keratan sulfate degradation
pnto__R[e],(R)-Pantothenate,,COt,"Transport, extracellular"
ksii_core2_pre3[g],"Keratan Sulfate Ii Biosynthesis, Precursor 3",,HMR_6834,Phenylalanine metabolism
ksii_core2_pre4[g],"Keratan Sulfate Ii Biosynthesis, Precursor 4",,CYTK2,Nucleotide interconversion
hgentis[c],Homogentisate,,C10DCCACT,Fatty acid oxidation
4mlacac[c],4-Maleylacetoacetate,,r0652_1,Fatty acid oxidation
ac[m],Acetate,,RE3236C,Fatty acid synthesis
CE4850[c],"3-Oxo-Docosa-10,13,16,19-All-Cis-Tetraenoyl Coenzyme A",,r2111,"Transport, extracellular"
M02612[m],Nonadecanoyl Coenzyme A,,HEXDICOAACBPx,Fatty acid oxidation
ksii_core2_pre5[g],"Keratan Sulfate Ii Biosynthesis, Precursor 5",,HMR_2966,Fatty acid synthesis
ksii_core2_pre6[g],"Keratan Sulfate Ii Biosynthesis, Precursor 6",,HSD17B42x_1,Bile acid synthesis
CE5152[m],3-Oxo-13Cis-Docosenoyl Coenzyme A,,RE3179M,Fatty acid oxidation
M00976[c],"4-Cholesten-7,12,24-Triol-3-One",,HMR_2266,Fatty acid synthesis
din[c],Deoxyinosine,,GGH_6DHFl,Folate metabolism
dimp[c],2-Deoxyinosine 5-Phosphate,,PE226_HSABCt,"Transport, extracellular"
digalside_hs[g],Digalactosylceramide,,NEU11l,Sphingolipid metabolism
ksii_core2_deg6[l],"Keratan Sulfate Ii (Core 2-Linked), Degradation Product 6",,DESAT18_8,Fatty acid synthesis
ksii_core2_deg7[l],"Keratan Sulfate Ii (Core 2-Linked), Degradation Product 7",,RE3173C,Fatty acid oxidation
hexe3coa[x],3-Hexenoyl Coenzyme A,,UDPG4E,Galactose metabolism
HC01459[x],"(24R,25R)-3Alpha,7Alpha,12Alpha,24-Tetrahydroxy-5Beta-Cholestan-26-Oyl Coenzyme A",,CYTDK1,Nucleotide interconversion
frdp[c],Farnesyl Diphosphate,,PI4P3K,Inositol phosphate metabolism
ttc_ggdp[c],"Trans,Trans,Cis-Geranylgeranyl Diphosphate",,ARACHCRNt,Fatty acid oxidation
M00907[c],3-Oxotricosanoyl Coenzyme A,,r0648,Miscellaneous
pcholn281_hs[e],Lysopc A C28:1 (Delta 5),,FAOXC164x,Fatty acid oxidation
ksii_core2_pre7[g],"Keratan Sulfate Ii Biosynthesis, Precursor 7",,PIK3,Inositol phosphate metabolism
34dhoxmand[e],"3,4-Dihydroxymandelate",,HMR_1971,Androgen and estrogen synthesis and metabolism
pcholn28_hs[e],Lysopc A C28:0,,RE2972M_1,Phosphatidylinositol phosphate metabolism
dcholcoa[x],Chenodeoxycholoyl Coenzyme A,,NDP10ex,Nucleotide interconversion
ppcoa[x],Propanoyl Coenzyme A,,HPDCACRNCPT2,Fatty acid oxidation
M00021[r],"13Z,16Z-Docosadienoic Acid",,PTE3x,Fatty acid oxidation
M00023[r],"13Z,16Z-Docosadienoyl Coenzyme A",,r2516,"Transport, peroxisomal"
3ohxccoa[x],3-Oxohexacosyl Coenzyme A,,KCCt,"Transport, extracellular"
ttccoa[x],Tetracosanoyl Coenzyme A,,LCAT6e,Cholesterol metabolism
strdnc[c],"Stearidonic Acid C18:4, N-3",,HMR_0812,Glycosphingolipid metabolism
Ser_Thr[l],Protein-Linked Serine Or Threonine Residue (O-Glycosylation Site),,HMR_6826,Phenylalanine metabolism
M00046[m],(2E)-Heptadecenoyl Coenzyme A,,CYTK14,Nucleotide interconversion
34dhpac[c],"3,4-Dihydroxyphenylacetaldehyde",,CSNAT3x,Fatty acid oxidation
HC02213[e],Prostaglandin-E3,,HMR_0846,Glycosphingolipid metabolism
M00129[m],9E-Tetradecenoyl Coenzyme A,,r1002,"Transport, endoplasmic reticular"
doco13ac[r],13-Docosenoate,,Pe13_HSABCt,"Transport, extracellular"
Rtotal3coa[c],R Total 3 Coenzyme A,,RE3172C,Fatty acid oxidation
tag_hs[c],Triglyceride,,SPHMYLN18118_hs_ATPt,"Transport, extracellular"
CE2249[c],3-Hydroxytetracosanoyl Coenzyme A,,C4tmc,"Transport, mitochondrial"
M03050[r],Tridecanoyl Coenzyme A,,HMR_2753,"Transport, mitochondrial"
M01510[r],Cholesterol-Ester-Tridec,,TCYNTt,"Transport, extracellular"
M01471[r],"Cholesterol-Ester-6,9,12,15,18,21-Tetra",,ATPH1e,Nucleotide interconversion
c8crn[m],Octanoyl Carnitine,,SMS9,Glycerophospholipid metabolism
c8crn[c],Octanoyl Carnitine,,FPGS5,Folate metabolism
pcholn281_hs[c],Lysopc A C28:1 (Delta 5),,3SALACBOXL_cho,Taurine and hypotaurine metabolism
pcholn261_hs[e],Lysopc A C26:1 (Delta 5),,EX_M00503_e,Exchange/demand reaction
3moxtyr[c],3-Methoxytyramine,,3AIBTm,"Valine, leucine, and isoleucine metabolism"
dd3coa[m],Cis-Dodec-3-Enoyl Coenzyme A,,RE3001M,Fatty acid oxidation
dcsptn1coa[c],"(4Z,7Z,10Z,13Z,16Z)-Docosapentaenoyl Coenzyme A",,HMR_2268,Fatty acid synthesis
M01461[r],"Cholest-5-En-3Beta-Yl (13Z,16Z-Docosadienoate)",,SEBCOAPET,Fatty acid oxidation
ga2_hs[c],Gibberellin A2,,r1814,"Transport, extracellular"
amp[e],Adenosine Monophosphate,,GLB1,Sphingolipid metabolism
leuktrB4[c],Leukotriene B4,,r1382_1,Folate metabolism
tetpent3[e],"9Z,12Z,15Z,18Z,21Z-Tetracosapentaenoic Acid",,HMR_3726,Cholesterol metabolism
hdd2coa[c],Trans-Hexadec-2-Enoyl Coenzyme A,,HMR_1750,Bile acid synthesis
M00261[m],"10Z,13Z,16Z,19Z-Docosatetraenoylcarnitine",,GAMt1r,"Transport, extracellular"
CE4854[m],"10Z,13Z,16Z,19Z-Docosatetraenoyl Coenzyme A",,HMR_3188,Fatty acid oxidation
pelinl_hs[e],"1-Linoleoylglycerophosphoethanolamine (Delta 9,12)",,BILDGLCURt,"Transport, extracellular"
pelinl_hs[c],"1-Linoleoylglycerophosphoethanolamine (Delta 9,12)",,ST8SIA54g,Sphingolipid metabolism
od2coa[x],(2E)-Octadecenoyl Coenzyme A,,FACOAL80,Fatty acid oxidation
4mzym_int1[r],4Alpha-Methylzymosterol-4-Carboxylate,,ENO,Glycolysis/gluconeogenesis
4mzym_int2[r],3-Keto-4-Methylzymosterol,,HMR_3111,Fatty acid oxidation
pe2linl_hs[c],2-Linoleoylglycerophosphoethanolamine,,SBCOAACOTx,Fatty acid oxidation
docoscoa[r],Docosanoyl Coenzyme A,,HMR_0819,Glycosphingolipid metabolism
HC02027[r],"Cholest-5-En-3Beta-Yl (5Z,8Z,11Z,14Z-Eicosatetraenoate)",,FAOXC12DCx,Fatty acid oxidation
man[l],D-Mannose,,MAOX,Tyrosine metabolism
mn[l],"Beta-1,4-Mannose-N-Acetylglucosamine",,RE2759X,Fatty acid oxidation
pchollinl_hs[c],"1-Linoleoylglycerophosphocholine (Delta 9,12)",,FCOAH2,Fatty acid oxidation
mepi[c],Metanephrine,,HEX7,Fructose and mannose metabolism
mercppyr[c],3-Mercaptopyruvate,,HMR_8576,Starch and sucrose metabolism
dopa3glcur[e],Dopamine-3-O-Glucuronide,,BILIRED,Heme degradation
c226coa[r],Cervonyl Coenzyme A,,HMR_1739,Bile acid synthesis
M01466[r],"Cholest-5-En-3Beta-Yl (4Z,7Z,10Z,13Z,16Z,19Z-Docosahexaenoate)",,PCHOLAR_HSPLA2,Glycerophospholipid metabolism
xmp[c],Xanthylic Acid,,CSNATer,Fatty acid oxidation
xtsn[c],Xanthosine,,HMR_0390,Fatty acid oxidation
3hpvscoa[x],3-S-hydroxy-pravastatin-CoA,,r1164,Miscellaneous
3hpvscoa[c],3-S-hydroxy-pravastatin-CoA,,HMR_2970,Fatty acid synthesis
octe5coa[x],5-Octenoyl Coenzyme A,,HMR_2734,"Transport, mitochondrial"
glyb[c],Glycine Betaine,,r1963,"Transport, extracellular"
betald[c],Betaine Aldehyde,,AMPDA,Nucleotide interconversion
Tn_antigen[g],Tn Antigen,,B3GALT43g,Sphingolipid metabolism
elaid[c],(9E)-Octadecenoic Acid,,r1825,"Transport, extracellular"
M00127[c],9E-Octadecenoic Acid,,PHYCBOXL,Phenylalanine metabolism
hdd2coa[m],Trans-Hexadec-2-Enoyl Coenzyme A,,HMR_2769,"Transport, mitochondrial"
1pyr5c[c],1-Pyrroline-5-Carboxylate,,THFt2_1,"Transport, extracellular"
uri[l],Uridine,,HMR_2771,Fatty acid oxidation
dhcrm_hs[r],Dihydroceramide,,PI35P3P,Phosphatidylinositol phosphate metabolism
25aics[c],(S)-2-[5-Amino-1-(5-Phospho-D-Ribosyl)Imidazole-4-Carboxamido]Succinate,,r1841,"Transport, extracellular"
M00742[c],"3,7,24THCA",,ACOAR5m,Fatty acid oxidation
M00743[c],"3,7,24Thca Coenzyme A",,HMR_2710,"Transport, mitochondrial"
CE2439[m],"3-Oxo-6Z,9Z,12Z-Octadecatrienoyl Coenzyme A",,4ABUTtm,"Transport, mitochondrial"
M00011[m],"11Z,14Z,17Z-Eicosatrienoylcarnitine",,HMR_2951,Fatty acid synthesis
pepalm_hs[e],1-Palmitoylglycerophosphoethanolamine,,THYMDtm,"Transport, mitochondrial"
pmeth[e],Palmitoylethanolamide,,HMR_0960,Arachidonic acid metabolism
adp[r],Adenosine Diphosphate,,HMR_3181,Fatty acid oxidation
CE4798[m],"2(S),6-Dimethyl-Heptanoyl Coenzyme A",,DUTUP,Nucleotide interconversion
CE4799[m],"2,6-Dimethyl-Trans-2-Heptenoyl Coenzyme A",,HMR_2760,"Transport, mitochondrial"
xol24oh[c],(24S)-24-Hydroxycholesterol,,r1674,"Transport, extracellular"
lnlncg[r],Gamma-Linolenate,,LCAT53e,Cholesterol metabolism
dcacoa[m],Decanoyl Coenzyme A (N-C10:0 Coenzyme A),,LCAT41e,Cholesterol metabolism
uri[e],Uridine,,PYRt2p,D-alanine metabolism
dtmp[l],Deoxythymidine-5-Phosphate,,HMR_3657,Cholesterol metabolism
dtmp[c],Deoxythymidine-5-Phosphate,,HMR_1127,Leukotriene metabolism
thcrm_hs[c],Trihexosyl Ceramide,,FPGS8,Folate metabolism
M00873[m],3-Oxoheneicosanoyl Coenzyme A,,SPHMYLN181161_hs_ATPt,"Transport, extracellular"
12ppd__R[c],"(R)-Propane-1,2-Diol",,EX_2hb_e,Exchange/demand reaction
adpac[x],Adipic Acid,,THYOXt,"Transport, extracellular"
M00048[m],(2E)-Heptenoyl Coenzyme A,,DPCOAK,CoA synthesis
pe13_hs[c],1-Tridecanoylglycerophosphoethanolamine (C13:0 Pe),,VLCS2p,Bile acid synthesis
srtn[c],Serotonin,,PHEMEtm,"Transport, mitochondrial"
35cgmp[n],"3,5-Cyclic Guanosine Monophosphate",,FAOXC16DCr,Fatty acid oxidation
gmp[n],Guanosine-5-Monophosphate,,HMR_3070,Fatty acid oxidation
Ser_Thr[g],Protein-Linked Serine Or Threonine Residue (O-Glycosylation Site),,r2198,"Transport, extracellular"
dgsn[c],Deoxyguanosine,,RE3166C,Fatty acid oxidation
dgmp[c],Dgmp,,RE0958E,Starch and sucrose metabolism
hdd2coa[r],Trans-Hexadec-2-Enoyl Coenzyme A,,UPPDC1,Heme synthesis
adpcoa[x],Adipoyl Coenzyme A,,CYTK1n,Nucleotide interconversion
stcrn[c],O-Octadecanoyl-R-Carnitine,,r2539,"Transport, mitochondrial"
ins[c],Inosine,,34DHPLACOX_NADP,Tyrosine metabolism
ins[e],Inosine,,HPDECEte,"Transport, extracellular"
2hatvlac[c],2-hydroxy-atorvastatin-lactone / ortho-hydroxy-atorvastatin lactone,,r2082,"Transport, extracellular"
2hatvlac[e],2-hydroxy-atorvastatin-lactone / ortho-hydroxy-atorvastatin lactone,,SPMS,Urea cycle
M01191[r],7Z-Hexadecenoyl Coenzyme A,,r1829,"Transport, extracellular"
ksii_core2_deg5[l],"Keratan Sulfate Ii (Core 2-Linked), Degradation Product 5",,r1884,"Transport, extracellular"
ksii_core2_deg4[l],"Keratan Sulfate Ii (Core 2-Linked), Degradation Product 4",,HMR_2706,"Transport, mitochondrial"
creat[c],Creatine,,HMR_0808,Glycosphingolipid metabolism
gudac[c],Guanidinoacetic Acid,,CSNATp,Fatty acid oxidation
acmana[c],N-Acetyl-D-Mannosamine,,HMR_0980,Arachidonic acid metabolism
dmpp[x],Dimethylallyl Diphosphate,,HMR_3233,Fatty acid oxidation
ipdp[x],Isopentenyl Diphosphate,,ID3ACALDtm,"Transport, mitochondrial"
grdp[x],Geranyl Diphosphate,,LSTO2r,Cholesterol metabolism
HC01446[e],3-Ketolactose,,SBPP1er,Sphingolipid metabolism
M00792[m],3-Hydroxynonanoyl Coenzyme A,,DPMVD,Squalene and cholesterol synthesis
CE5144[c],3-Oxo-11-Cis-Eicosenoyl Coenzyme A,,C6DCc,Fatty acid oxidation
clpndcrn[c],"7Z,10Z,13Z,16Z,19Z-Docosapentaenoylcarnitine",,HMR_2349,Fatty acid synthesis
pe_hs[m],Phosphatidylethanolamine,,TMABADH,Lysine metabolism
ps_hs[m],Phosphatidylserine,,NDPK4,Nucleotide interconversion
man6p[c],D-Mannose 6-Phosphate,,PGK,Glycolysis/gluconeogenesis
man[c],D-Mannose,,EX_dopa3glcur_e,Exchange/demand reaction
lys__L[m],L-Lysine,,HMR_3454,Fatty acid synthesis
apoC_Lys[m],Apoc-Lysine,,HMR_2947,Fatty acid synthesis
gtp[m],Guanosine-5-Triphosphate,,RE3496C,Eicosanoid metabolism
gdp[m],Guanosine-5-Diphosphate,,3ISPVSteb,Drug metabolism
CE2838[e],Maltononaose,,r1166,Miscellaneous
pcholn2254_hs[e],"1-Docosapentenoylglycerophosphocholine (Delta 4, 7, 10, 13, 16), Sn1-Lpc (22:5)-W6",,DCSPTN1CRNt,Fatty acid oxidation
CE5154[c],"Trans,Cis-2,13-Docosadienoyl Coenzyme A",,EX_HC01446_e,Exchange/demand reaction
arachdcoa[m],Arachidonoyl Coenzyme A,,GLDBRAN,Starch and sucrose metabolism
profvscoa[c],des-isoproylpropionic-acid-fluvastatin-CoA,,RNDR4,Nucleotide interconversion
dec47dicoa[x],"4,7-Decadienoyl Coenzyme A",,PMEVK,Squalene and cholesterol synthesis
2dodtricoa[x],"2,6,9-Dodecatrienoyl Coenzyme A",,IND3ACtm,"Transport, mitochondrial"
phsphings[c],Phytosphingosine,,CSm,Citric acid cycle
hxcoa[m],Hexanoyl Coenzyme A (N-C6:0Coenzyme A),,ACACt2m,"Transport, mitochondrial"
hx2coa[m],Trans-Hex-2-Enoyl Coenzyme A,,AKGMALtm,"Transport, mitochondrial"
nrvnc[r],Nervonic Acid,,ARGt5r,"Transport, extracellular"
bilglcur[e],Mono(Glucosyluronic Acid)Bilirubin,,r2243,"Transport, extracellular"
bilglcur[c],Mono(Glucosyluronic Acid)Bilirubin,,NACHEX27ly,Hyaluronan metabolism
M03047[c],Tricosanoyl Coenzyme A,,RE3000M,Fatty acid oxidation
ksii_core4_pre8[g],"Keratan Sulfate Ii Biosynthesis, Precursor 8",,RE3587C,Eicosanoid metabolism
gm3_hs[g],Alpha-N-Acetylneuraminosyl-(2->3)-Beta-D-Galactosyl-(1->4)-Beta-D-Glucosylceramide,,DPMVDx,Cholesterol metabolism
crvnc[c],"Cervonic Acid, C22:6 N-3",,G6PDA,Aminosugar metabolism
pailpalm_hs[e],1-Palmitoylglycerophosphoinositol,,ACER21g,Exchange/demand reaction
pailpalm_hs[c],1-Palmitoylglycerophosphoinositol,,HMR_1243,"Transport, mitochondrial"
ocdcea[c],Octadecenoate (N-C18:1),,HMR_0210,Fatty acid oxidation
2kmb[c],2-Keto-4-Methylthiobutyrate,,RE3132R,Fatty acid oxidation
dudp[m],Deoxyuridine-5-Diphosphate,,r1449,Fatty acid oxidation
dutp[m],Deoxyuridine-5-Triphosphate,,LCAT56e,Cholesterol metabolism
prist[x],Pristanic Acid,,ATPtg,"Transport, golgi apparatus"
accoa[r],Acetyl Coenzyme A,,RE3597M,Eicosanoid metabolism
M00100[m],"5Z,8Z,11Z-Eicosatrienoylcarnitine",,MI145PP,Inositol phosphate metabolism
M00101[m],"5Z,8Z,11Z-Eicosatrienoyl Coenzyme A",,RE3122C,Fatty acid oxidation
CE2248[x],3-Hydroxyoctadecanoyl Coenzyme A,,r2103,"Transport, extracellular"
dmnoncrn[m],"4,8-Dimethylnonanoyl Carnitine",,TTDCEAc,Fatty acid oxidation
dmnoncoa[m],"4,8 Dimethylnonanoyl Coenzyme A",,HMR_3193,Fatty acid oxidation
3hpp[m],3-Hydroxypropionate,,r1298,"Transport, lysosomal"
frdp[x],Farnesyl Diphosphate,,AKR1D,Bile acid synthesis
ddsmsterol[r],"Cholesta-5,7,24-Trien-3Beta-Ol",,ACER12r,Exchange/demand reaction
pser__L[c],O-Phospho-L-Serine,,PCHOL2LINL_HSABCt,"Transport, extracellular"
5dpmev[x],(R)-5-Diphosphomevalonate,,3HPVSTETCOAhcx,Drug metabolism
7dhchsterol[c],"Cholesta-5,7-Dien-3Beta-Ol",,r1886,"Transport, extracellular"
M00615[x],25(R)Tetrahca Coenzyme A,,AG13T18g,Keratan sulfate synthesis
phsph1p[c],Phytosphingosine-1-Phosphate,,HMR_2976,Fatty acid synthesis
4hatvacid[c],4-hydroxy-atorvastatin-acid / para-hydroxy-atorvastatin acid,,HMR_2433,Fatty acid synthesis
4hatvacid[e],4-hydroxy-atorvastatin-acid / para-hydroxy-atorvastatin acid,,HMR_2707,"Transport, mitochondrial"
M00123[m],"8Z,11Z-Eicosadienoyl Coenzyme A",,HMR_2740,"Transport, mitochondrial"
retinol_9_cis[c],9-Cis-Retinol,,PCHOLN226_HSPLA2,Glycerophospholipid metabolism
retinal_cis_9[c],All-Trans-Retinal,,LCAT33e,Cholesterol metabolism
sph1p[r],"(2S,3R)-2-Azaniumyl-3-Hydroxyoctadecyl Phosphate",,FAOXC14DCC12DCx,Fatty acid oxidation
profvs[c],des-isoproylpropionic-acid-fluvastatin,,GLCNACDASg,Chondroitin synthesis
ha_deg1[l],Hyaluronan Degradation Product 1,,TRIODTHYt,"Transport, extracellular"
gly[x],Glycine,,NDPK2,Nucleotide interconversion
dgcholcoa[x],Chenodeoxyglycocholoyl Coenzyme A,,UMPKn,Nucleotide interconversion
dgchol[x],Glycochenodeoxycholate,,PEDH12_HSPLA2,Glycerophospholipid metabolism
L2aadp6sa[m],L-Allysine,,SMS2,Glycerophospholipid metabolism
saccrp__L[m],L-Saccharopinate,,HSPGt,"Transport, extracellular"
HC02025[r],"Cholest-5-En-3Beta-Yl (9Z,12Z,15Z-Octadecatrienoate)",,r0407,Miscellaneous
44mzym[r],14-Demethyllanosterol,,SMS10,Glycerophospholipid metabolism
arachcrn[c],Eicosanoylcarnitine,,PCHOLAR_HSABCt,"Transport, extracellular"
arachcrn[m],Eicosanoylcarnitine,,r0845,"Transport, endoplasmic reticular"
air[c],5-Amino-1-(5-Phospho-D-Ribosyl)Imidazole,,RE3011M,Eicosanoid metabolism
M01458[r],Cholest-5-En-3Beta-Yl (11Z-Eicosenoate),,HMR_3218,Fatty acid oxidation
gln__L[m],L-Glutamine,,r2101,"Transport, extracellular"
CE4808[m],4-Methyl-Pentanoyl Coenzyme A,,RE0581C,Fatty acid synthesis
CE4807[m],4-Methyl-Trans-2-Pentenoyl Coenzyme A,,RE1573M,Fatty acid oxidation
5mthf[c],5-Methyltetrahydrofolate,,HMR_3738,Cholesterol metabolism
4fumacac[c],4-Fumarylacetoacetate,,r0595,Methionine and cysteine metabolism
estradiol[r],Estradiol,,HMR_3172,Fatty acid oxidation
estrone[r],Estrone,,SPHMYLN18117_hs_ATPt,"Transport, extracellular"
3php[c],3-Phosphonatooxypyruvate,,HMR_3102,Fatty acid oxidation
forcoa[x],Formyl Coenzyme A,,BTND1,Biotin metabolism
pristanal[x],Pristanal,,HMR_0238,Fatty acid oxidation
5hoxindact[c],(5-Hydroxyindol-3-Yl)Acetaldehyde,,MACACI,Tyrosine metabolism
5hoxindoa[c],5-Hydroxyindoleacetate,,HMR_0319,Fatty acid synthesis
3htdcoa[m],(S)-3-Hydroxytetradecanoyl Coenzyme A,,r1172,Miscellaneous
adp[e],Adenosine Diphosphate,,DCK1n,Nucleotide interconversion
ditp[c],Deoxyinosine-5-Triphosphate,,RE1447M_1,Phosphatidylinositol phosphate metabolism
CE4831[c],"3(S)-Hydroxy-Docosa-7,10,13,16-All-Cis-Tetraenoyl Coenzyme A",,HMR_3101,Fatty acid oxidation
strdnccrn[m],"6Z,9Z,12Z,15Z-Octadecatetraenoylcarnitine",,r2105,"Transport, extracellular"
ac[x],Acetate,,r0954,"Transport, peroxisomal"
ibup__R[e],ibuprofen-R,,PItx,"Transport, peroxisomal"
dgsn[m],Deoxyguanosine,,r1257,Fatty acid oxidation
stcrn[m],O-Octadecanoyl-R-Carnitine,,r0643,"Valine, leucine, and isoleucine metabolism"
dectricoa[x],"2,4,7-Decatrienoyl Coenzyme A",,r2114,"Transport, extracellular"
tetpent3[c],"9Z,12Z,15Z,18Z,21Z-Tetracosapentaenoic Acid",,GGH_10FTHF5GLUe,Folate metabolism
prist[c],Pristanic Acid,,FVSCOAhc,Drug metabolism
pristcoa[c],Pristanoyl Coenzyme A,,PAILPALM_HSPLA2,Glycerophospholipid metabolism
CE4988[m],"10,11-Dihydro-12-Epi-Leukotriene B4",,RE3081X,Fatty acid oxidation
M03024[m],"Trans,Cis-Octadeca-2,11-Dienoyl Coenzyme A",,LCAT29e,Cholesterol metabolism
ump[l],Uridine-5-Monophosphate,,PGESr,Eicosanoid metabolism
CE2421[m],(3S)-3-Hydroxylinoleoyl Coenzyme A,,ADNCYC,Nucleotide interconversion
cytd[e],Cytidine,,HMR_6747,Phenylalanine metabolism
forcoa[c],Formyl Coenzyme A,,FAOXC1811602m_1,Fatty acid oxidation
HC02213[c],Prostaglandin-E3,,OCTDECCPT1,Fatty acid oxidation
2amac[c],2-Aminoacrylic Acid,,SPHMYLN181181_hs_ATPt,"Transport, extracellular"
Lcyst[c],L-Cysteic Acid,,NTD11,Purine catabolism
M01726[c],Docosenoylcarnitine(11),,GALASE19ly,Keratan sulfate degradation
crvnc[r],"Cervonic Acid, C22:6 N-3",,DAGKn_hs,Glycerophospholipid metabolism
M00020[r],13Z-Octadecenoyl Coenzyme A,,HMR_3113,Fatty acid oxidation
M01464[r],Cholesterol-Ester-13-Octade,,MTAP,Arginine and proline metabolism
CE2434[m],"Trans,Cis,Cis-2,9,12-Octadecatrienoyl Coenzyme A",,HMR_6515,Methionine and cysteine metabolism
CE5158[c],"Trans,Cis-2,15-Tetracosadienoyl Coenzyme A",,HMR_3411,Fatty acid oxidation
Rtotal3[c],R Total 3 Position,,HMR_8776,"Transport, mitochondrial"
ha_pre1[l],"Hyaluronan Biosynthesis, Precursor 1",,HMR_2355,Fatty acid synthesis
cholate[e],Cholate,,HMR_0297,Fatty acid synthesis
paf_hs[c],1-Alkyl 2-Acteylglycerol 3-Phosphocholine,,R04215,Aminosugar metabolism
CE4848[c],"3(S)-Hydroxy-Docosa-10,13,16,19-All-Cis-Tetraenoyl Coenzyme A",,3AIBtm,"Transport, mitochondrial"
lnlncgcrn[m],Gamma-Linolenoylcarnitine,,EX_dhf_e,Exchange/demand reaction
dgtp[n],Deoxyguanosine-5-Triphosphate,,OCD11CRNCPT2_1,Fatty acid oxidation
dgdp[n],Deoxyguanosine-5-Diphosphate,,RE3624M,Fatty acid oxidation
3hexdtetcoa[x],"3,7,10,13-Hexadecatetraenoyl Coenzyme A",,FPGS6,Folate metabolism
pe226_hs[c],"1-Docosahexenoylglyceroethanolamine (Delta 4, 7, 10, 13, 16, 19), Lpe (22:6)",,HMR_1653,Bile acid synthesis
5adtststerone[c],17Beta-Hydroxy-5Alpha-Androstan-3-One,,HMR_0381,Fatty acid synthesis
tststerone[c],Testosterone,,HMR_3066,Fatty acid oxidation
4abut[e],4-Aminobutanoate,,3SALATAi,Methionine and cysteine metabolism
CE2242[c],(2E)-Docosenoyl Coenzyme A,,PCHOLDET_HSPLA2,Glycerophospholipid metabolism
pcholn204_hs[e],"1-Eicosatetraenoylglycerophosphocholine (Delta 8, 11, 14, 17), Sn1-Lpc (20:4)",,NACHEX26ly,Keratan sulfate degradation
sphings[l],Sphingosine,,EX_3hpvstet_e,Exchange/demand reaction
M00117[r],7Z-Tetradecenoic Acid,,CYTK2n,Nucleotide interconversion
sphgn[g],Sphinganine,,GLGNS1,Starch and sucrose metabolism
gtp[e],Guanosine-5-Triphosphate,,DASPO1p,Alanine and aspartate metabolism
sphmyln18114_hs[e],"Sm (D18:1/14:0), Sphingomyelin",,r2088,"Transport, extracellular"
leuktrB4wcooh[x],W-Carboxy Leukotriene B4,,DHCR71r,Cholesterol metabolism
M00712[c],"3(S)-Hydroxy-Docosa-13,16,19-All-Cis-Trienoyl Coenzyme A",,LCAT47e,Cholesterol metabolism
hs_pre11[g],(Glcn2S-Idoa-Glcn2S-Glca)2-GlcNac-Glca-Gal-Gal-Xyl-L-Ser (Protein),,HMR_0821,Glycosphingolipid metabolism
fad[c],Flavin Adenine Dinucleotide Oxidized,,CYTK13,Nucleotide interconversion
pcholhep_hs[e],1-Heptadecanoylglycerophosphocholine,,NTD4e,Nucleotide interconversion
dttp[n],Deoxythymidine-5-Triphosphate,,r0354,Glycolysis/gluconeogenesis
dtdp[n],Deoxythymidine-5-Diphosphate,,LCTStg,"Transport, extracellular"
arachd[x],Arachidonate,,CRNCARtm,"Transport, mitochondrial"
3snpyr[c],3-Sulfinopyruvate,,HMR_2684,Fatty acid oxidation
so3[c],Sulfite,,N3Tg,O-glycan metabolism
sphmyln18118_hs[c],"Sm (D18:1/18:0), Sphingomyelin",,LALDO,Pyruvate metabolism
10fthf5glu[c],10-Formyltetrahydrofolate-[Glu](5),,PCHOLN201_HSPLA2,Glycerophospholipid metabolism
M00746[m],"3Alpha,7Alpha,12Alpha,24-Tetrahydroxy-5Beta-Cholestan-26-Al",,HMR_2990,Fatty acid synthesis
M01775[c],Eicosenoylcarnitine(11),,FAOXC103C102x,Fatty acid oxidation
pristcoa[x],Pristanoyl Coenzyme A,,HMR_3196,Fatty acid oxidation
CE5126[x],(2R)-Pristanoyl Coenzyme A,,HMR_3416,Fatty acid oxidation
4hphac[e],4-Hydroxyphenylacetate,,r0973,"Transport, mitochondrial"
CE4855[c],"12Z,15Z,18Z,21Z-Tetracosatetraenoyl Coenzyme A",,HMR_2332,Fatty acid synthesis
M00315[c],"12Z,15Z,18Z,21Z-Tetracosatetraenoic Acid",,HMR_7328,N-glycan metabolism
glc__D[g],D-Glucose,,HMR_3522,Fatty acid oxidation
pep[c],Phosphoenolpyruvate,,EX_3hpvs_e,Exchange/demand reaction
pep[m],Phosphoenolpyruvate,,PCHOLN15_HSPLA2,Glycerophospholipid metabolism
andrstndn[r],"Androst-4-Ene-3,17-Dione",,r1962,"Transport, extracellular"
hmgcoa[x],Hydroxymethylglutaryl Coenzyme A,,GGH_7DHFe,Folate metabolism
10fthf6glu[e],10-Formyltetrahydrofolate-[Glu](6),,GGH_7THFe,Folate metabolism
10fthf7glu[e],10-Formyltetrahydrofolate-[Glu](7),,CARN1836Z9Z12Zt_m,"Transport, mitochondrial"
glac[c],"D-Glucurono-6,3-Lactone",,HMR_0841,Glycosphingolipid metabolism
glcr[c],D-Glucarate,,HMR_3062,Fatty acid oxidation
pro__L[m],L-Proline,,NTD1m,Nucleotide interconversion
2decdicoa[x],"2,7-Decadienoyl Coenzyme A",,NDP8ex,Nucleotide interconversion
pe226_hs[e],"1-Docosahexenoylglyceroethanolamine (Delta 4, 7, 10, 13, 16, 19), Lpe (22:6)",,CYTK7n,Nucleotide interconversion
docohxeth[e],Docosahexaenoyl Ethanolamide,,CLPNDCPT2,Fatty acid oxidation
hpdcacrn[c],Heptadecanoylcarnitine,,TETPENT3t,"Transport, extracellular"
hpdcacrn[m],Heptadecanoylcarnitine,,HMR_3450,Fatty acid synthesis
leuktrB4wcooh[c],W-Carboxy Leukotriene B4,,HMR_2774,Fatty acid oxidation
sbcoa[c],Suberyl Coenzyme A,,ST3GAL23g,Sphingolipid metabolism
pgp_hs[m],Phosphatidyl Glycerol Phosphate,,LCAT5e,Cholesterol metabolism
strdnccoa[m],Stearidonoyl Coenzyme A,,CYTK8,Nucleotide interconversion
dcsptn1coa[m],"(4Z,7Z,10Z,13Z,16Z)-Docosapentaenoyl Coenzyme A",,RE3003M,Fatty acid oxidation
subeac[x],Suberic Acid,,FAOXC12DCc,Fatty acid oxidation
subeac[c],Suberic Acid,,FPGS4_1,Folate metabolism
4hpro_LT[e],Trans-4-Hydroxy-L-Proline,,UMPK6,Nucleotide interconversion
c6dc[x],Adipoyl Carnitine,,r2503,"Transport, peroxisomal"
c6dc[c],Adipoyl Carnitine,,RE1834C,Bile acid synthesis
M03016[c],"Trans,Cis-2,17-Hexacosadienoyl Coenzyme A",,GALASE16ly,Keratan sulfate degradation
CE4843[c],"(11Z,14Z)-Icosadienoyl Coenzyme A",,STCOATxc,"Transport, peroxisomal"
4tmeabutn[c],4-(Trimethylammonio)Butanoate,,EX_oh1_e,Exchange/demand reaction
zym_int2[r],Zymosterol Intermediate 2,,PGCD,"Glycine, serine, alanine, and threonine metabolism"
M00265[c],"10Z,13Z,16Z-Docosatriynoic Acid",,EX_tcynt_e,Exchange/demand reaction
CE2422[m],"3-Oxo-Cis,Cis-7,10-Hexadecadienoyl Coenzyme A",,RE3154C,Fatty acid oxidation
3dodtricoa[x],"3,6,9-Dodecatrienoyl Coenzyme A",,MTRI,Arginine and proline metabolism
CE2839[e],Maltodecaose,,HMR_8577,Starch and sucrose metabolism
ttdcea[c],9E-Tetradecenoic Acid (N-C14:1),,DLNLCGCRNt,Fatty acid oxidation
M00704[c],3(S)-Hydroxy-3-Oxo-Eicosadienoyl Coenzyme A,,HMR_8572,Starch and sucrose metabolism
M00008[r],"11Z,14Z-Eicosadienoic Acid",,SCP2x_1,Bile acid synthesis
CE4843[r],"(11Z,14Z)-Icosadienoyl Coenzyme A",,CHOLPtg,"Transport, golgi apparatus"
M02447[c],Maltohexaose,,HMR_3192,Fatty acid oxidation
M02449[c],Maltopentaose,,r2095,"Transport, extracellular"
gluside_hs[r],D-Glucosyl-N-Acylsphingosine,,GLYCK,Miscellaneous
M00782[m],3-Hydroxyheptanoyl Coenzyme A,,LCAT46e,Cholesterol metabolism
M00885[m],3-Oxomyrist-5-Enoyl Coenzyme A,,FACOAL226,Fatty acid oxidation
pail_hs[r],1-Phosphatidyl-1D-Myo-Inositol,,RE1957R_1,Phosphatidylinositol phosphate metabolism
pail5p_hs[r],1-Phosphatidyl-1D-Myo-Inositol 5-Phosphate,,CYTK1,Nucleotide interconversion
dlnlcgcrn[m],"8Z,11Z,14Z-Eicosatrienoylcarnitine",,CMPACNAtg,"Transport, golgi apparatus"
dlnlcgcoa[m],Dihomo-Gamma-Linolenyl Coenzyme A,,r1906,"Transport, extracellular"
gm3_hs[l],Alpha-N-Acetylneuraminosyl-(2->3)-Beta-D-Galactosyl-(1->4)-Beta-D-Glucosylceramide,,r0027,Methionine and cysteine metabolism
ptdca[r],Pentadecanoic Acid,,ECOAH1x,Tryptophan metabolism
pchol_hs[m],Phosphatidylcholine,,UDPGLCter,"Transport, endoplasmic reticular"
camp[c],"3,5-Cyclic Adenosine Monophosphate",,r1844,"Transport, extracellular"
fald[c],Formaldehyde,,HMR_2709,"Transport, mitochondrial"
Sfglutth[c],S-Formylglutathionate,,LCAT20e,Cholesterol metabolism
M00067[c],(2E)-Tricosenoyl Coenzyme A,,SMS12,Glycerophospholipid metabolism
C07297[x],3-Oxopristanoyl Coenzyme A,,HMR_3067,Fatty acid oxidation
btamp[c],Biotinyl-5-Adenosine-5-Monophosphate,,RE2624X,Fatty acid oxidation
gam[e],D-Glucosamine,,FAOXC143C123x,Fatty acid oxidation
CE4802[m],3(S)-Hydroxy-4-Methyl-Pentanoyl Coenzyme A,,LCAT13e,Cholesterol metabolism
mi3p__D[c],1D-Myo-Inositol 3-Phosphate,,HMR_0214,Fatty acid oxidation
xolest181_hs[e],"1-Vaccenoyl-Cholesterol, Cholesterol-Ester (18:1, Delta 11)",,r1733,"Transport, extracellular"
adrncoa[r],Adrenoyl Coenzyme A,,HMR_3642,Cholesterol metabolism
M00780[m],3-Hydroxyheptadecanoyl Coenzyme A,,C6CRNtcx,"Transport, peroxisomal"
4tmeabut[c],4-Trimethylammoniobutanal,,PCHOLDOC_HSPLA2,Glycerophospholipid metabolism
c10dc[x],Sebacoyl Carnitine,,r1666,"Transport, extracellular"
sebcoa[x],Sebacoyl Coenzyme A,,HMR_2738,"Transport, mitochondrial"
CE5114[m],"Trans-2-Cis,Cis,Cis-8,11,14-Eicosatetraenoyl Coenzyme A",,NTPP10,Nucleotide interconversion
M00342[m],"13Z,16Z,19Z-Docosatrienoylcarnitine",,HMR_2269,Fatty acid synthesis
3hpvs[c],3-S-hydroxy-pravastatin,,PROSTGE2t2r,"Transport, endoplasmic reticular"
3hpvs[e],3-S-hydroxy-pravastatin,,GLCAT6g,Chondroitin synthesis
M00260[e],"10Z,13Z,16Z,19Z-Docosatetraenoic Acid",,MANtly,"Transport, lysosomal"
M02451[c],Maltotetraose,,r1181,Miscellaneous
pcholn15_hs[c],"1-Pentadecanoylglycerophosphocholine, Sn1-Lpc (15:0)",,EX_HC01441_e,Exchange/demand reaction
pcholn226_hs[c],"1-Docosahexenoylglycerophosphocholine (Delta 4, 7, 10, 13, 16, 19), Sn1-Lpc (22:6)",,BUTt2r,"Transport, extracellular"
vacccrn[c],Octadecenoylcarnitine(7),,r0747,Bile acid synthesis
gt1a_hs[g],Gt1A,,r2130,"Transport, extracellular"
arachcoa[c],Arachidoyl Coenzyme A,,VACCCPT1,Fatty acid oxidation
btcoa[m],Butanoyl Coenzyme A,,HMR_4701,Methionine and cysteine metabolism
o2s[m],Superoxide,,r2124,"Transport, extracellular"
ksii_core4_deg4[l],"Keratan Sulfate Ii (Core 4-Linked), Degradation Product 4",,S6TASE23ly,Keratan sulfate degradation
M01455[r],"Cholesterol-Ester-11,14,17-Eico",,HMR_2362,Fatty acid synthesis
cdpchol[c],Cytidine-5-Diphosphatecholine,,LNLNCACPT1,Fatty acid oxidation
lcts[g],Lactose,,HMR_0767,Sphingolipid metabolism
ala__L[m],L-Alanine,,RE3082X,Fatty acid oxidation
tetpent6[r],"6Z,9Z,12Z,15Z,18Z-Tetracosapentaenoic Acid",,SFGTHi,Tyrosine metabolism
tetpent6coa[r],"Tetracosa-6,9,12,15,18-All-Cis-Pentaenoyl Coenzyme A",,EX_hpdece_e,Exchange/demand reaction
M02613[c],Nonadecanoic Acid,,ABUTt2r,"Transport, extracellular"
CE3554[r],20-Trihydroxy-Leukotriene-B4,,HMR_3449,Fatty acid synthesis
ksii_core2_deg2[l],"Keratan Sulfate Ii (Core 2-Linked), Degradation Product 2",,C3STKR2r,Cholesterol metabolism
ksii_core2_deg1[l],"Keratan Sulfate Ii (Core 2-Linked), Degradation Product 1",,HMR_2436,Fatty acid synthesis
co[e],Carbon Monoxide,,r0438,Fatty acid oxidation
HC02187[c],"3,3,5-Triiodothyronine",,C60CPT1,Fatty acid oxidation
CE2866[c],"3,3-Diiodo-L-Thyronine",,RE3432M,Eicosanoid metabolism
c10dc[c],Sebacoyl Carnitine,,PGI,Glycolysis/gluconeogenesis
nrvnccoa[c],Cis-15-Tetracosenoyl Coenzyme A,,r0425,Miscellaneous
hexdicoa[r],Hexadecanedioyl Coenzyme A,,B_MANNASEly,N-glycan degradation
arach[r],Arachidic Acid,,r0636,Fatty acid oxidation
CE4804[m],3-Oxo-4-Methyl-Pentanoyl Coenzyme A,,RE1530M,Pyrimidine synthesis
5dhf[l],Pentaglutamyl Folate (Dhf),,HMR_9608,"Transport, extracellular"
galgluside_hs[l],Galactosyl Glucosyl Ceramide,,ACER22g,Sphingolipid metabolism
udpg[c],Uridine-5-Diphosphate-Glucose,,HMR_3452,Fatty acid synthesis
HC01577[e],Gamma-Glutamyl-Beta-Cyanoalanine,,HMR_3190,Fatty acid oxidation
pail45p_hs[m],"Phosphatidylinositol 4,5-Bisphosphate",,LEUKTRB4WOHt,"Transport, extracellular"
CE5101[m],1-Phosphatidyl-1D-Myo-Inositol 5-Phosphate,,CYTK6n,Nucleotide interconversion
idp[e],Inosine-5-Diphosphate,,ASPCT,Pyrimidine synthesis
imp[e],Inosine-5-Monophosphate,,LCAT49e,Cholesterol metabolism
pchol2linl_hs[e],2-Linoleoylglycerophosphocholine,,r1735,"Transport, extracellular"
lac__L[x],(S)-Lactate,,ETOHt,"Transport, extracellular"
galgbside_hs[c],Galactosylgloboside,,ASAH1,Sphingolipid metabolism
pcrn[x],O-Propanoylcarnitine,,r2288,"Transport, extracellular"
lnlccrn[r],Linoleyl Carnitine,,r1183,Miscellaneous
pe13_hs[e],1-Tridecanoylglycerophosphoethanolamine (C13:0 Pe),,34HPPOR,Tyrosine metabolism
dlnlcgcrn[c],"8Z,11Z,14Z-Eicosatrienoylcarnitine",,GLBRAN,Starch and sucrose metabolism
tcynt[e],Thiocyanate,,r1885,"Transport, extracellular"
tcynt[c],Thiocyanate,,HMR_0852,Glycosphingolipid metabolism
atp[e],Adenosine Triphosphate,,OCD11CRNCACT,Fatty acid oxidation
sphmyln18120_hs[c],"Sm (D18:1/20:0), Sphingomyelin",,r0083,Miscellaneous
5dhf[c],Pentaglutamyl Folate (Dhf),,NDPK7,Nucleotide interconversion
6dhf[c],Hexaglutamyl Folate (Dhf),,SBPP3,Sphingolipid metabolism
2mop[m],2-Methyl-3-Oxopropanoate,,EX_hexdeceeth_e,Exchange/demand reaction
3aib[m],(S)-3-Aminoisobutyric Acid,,HMR_0394,Fatty acid oxidation
CE5118[m],"Trans-2-Cis,Cis-4,8-Tetradecatrienoyl Coenzyme A",,HMR_2613,"Transport, mitochondrial"
CE5119[m],Trans-3-Cis-8-Tetradecadienoyl Coenzyme A,,13DAMPPOX,Beta-Alanine metabolism
M00802[c],3-Hydroxytricosanoyl Coenzyme A,,HMR_2971,Fatty acid synthesis
sebacid[x],Sebacicacid,,EX_idp_e,Exchange/demand reaction
gluside_hs[l],D-Glucosyl-N-Acylsphingosine,,SMVACIDhep,Drug metabolism
7thf[c],Heptaglutamyl Folate (Thf),,LCAT54e,Cholesterol metabolism
bildglcur[e],Bis(Beta-Glucosyluronate)Bilirubin,,HMR_2338,Fatty acid synthesis
bildglcur[c],Bis(Beta-Glucosyluronate)Bilirubin,,r1451,Fatty acid oxidation
occoa[c],Octanoyl Coenzyme A (N-C8:0 Coenzyme A),,r0317,Miscellaneous
2pg[c],2-Phospho-D-Glycerate,,DHFtl,"Transport, lysosomal"
CE2243[m],(2E)-Eicosenoyl Coenzyme A,,HMR_1084,Leukotriene metabolism
sbcoa[x],Suberyl Coenzyme A,,ACtg,"Transport, golgi apparatus"
pcholar_hs[c],1-Arachidonoyl-Glycero-3-Phosphocholine,,OCTDECCPT2,Fatty acid oxidation
acrn[r],O-Acetylcarnitine,,UMPK4,Nucleotide interconversion
pmtcoa[r],Palmitoyl Coenzyme A (N-C16:0 Coenzyme A),,r1008,"Transport, mitochondrial"
HC02020[r],Cholest-5-En-3Beta-Yl Hexadecanoate,,LNLCCPT2,Fatty acid oxidation
gd1b_hs[g],Gd1B,,r0568,Glutathione metabolism
M01770[c],"11Z,14Z-Eicosadienoylcarnitine",,RE3004M,Fatty acid oxidation
M01770[m],"11Z,14Z-Eicosadienoylcarnitine",,ACCOAL,Propanoate metabolism
thf[e],"5,6,7,8-Tetrahydrofolate",,ORNTArm,Urea cycle
M00022[c],"13Z,16Z-Docosadienoylcarnitine",,HMR_2770,"Transport, mitochondrial"
M01726[m],Docosenoylcarnitine(11),,Rtotaltl,"Transport, lysosomal"
M00006[m],11Z-Docosenoyl Coenzyme A,,BIOMASS_reaction,
thymd[m],Thymidine,,BGAL1l,Sphingolipid metabolism
C04805[c],5-Hydroxyeicosatetraenoate,,GLCAT7g,Chondroitin synthesis
M00875[m],3-Oxoheptadecanoyl Coenzyme A,,HMR_8590,"Transport, lysosomal"
pyr[x],Pyruvate,,HMR_3679,Cholesterol metabolism
ttccoa[r],Tetracosanoyl Coenzyme A,,LCAT39e,Cholesterol metabolism
leuktrB4woh[m],W-Hydroxyl Leukotriene B4,,HMR_3114,Fatty acid oxidation
sphmyln181161_hs[e],"Sm (D18:1/16:1), Sphingomyelin",,HMR_3695,Cholesterol metabolism
dhcholestanate[x],"3Alpha,7Alpha-Dihydroxy-5Beta-Cholestanate",,SMS7,Glycerophospholipid metabolism
hexdiac[r],Hexadecanediocacid,,GLYCLTtm,"Transport, mitochondrial"
atp[n],Adenosine Triphosphate,,RE3162C,Fatty acid oxidation
adp[n],Adenosine Diphosphate,,LNLNCACPT2,Fatty acid oxidation
L2aadp[c],L-2-Aminoadipate,,DOPAtu,"Transport, extracellular"
L2aadp6sa[c],L-Allysine,,ALDD2x,Glycolysis/gluconeogenesis
34dhpha[c],"(3,4-Dihydroxyphenyl)Acetate",,HMR_0625,Glycerophospholipid metabolism
hpdece[e],Trans-Delta-2-Heptadecanoic Acid,,G14T19g,Keratan sulfate synthesis
5mta[c],5-Methylthioadenosine,,RE2640C,Methionine and cysteine metabolism
spmd[c],Spermidine,,PCHOLN203_HSABCt,"Transport, extracellular"
M01727[m],Docosenoylcarnitine,,EX_docohxeth_e,Exchange/demand reaction
gbside_hs[l],Globoside,,HMR_3685,Cholesterol metabolism
thcrm_hs[l],Trihexosyl Ceramide,,SK_4abut_l,Exchange/demand reaction
CE2084[c],"5-Oxo-(6E,8Z,11Z,14Z)-Eicosatetraenoic Acid",,7THFtl,"Transport, lysosomal"
M00849[m],3-Oxo-7-Hexadecenoyl Coenzyme A,,EX_co_e,Exchange/demand reaction
id3acald[m],Indol-3-Ylacetaldehyde,,BGAL2l,Sphingolipid metabolism
sphgn[r],Sphinganine,,LCAT2e,Cholesterol metabolism
5dpmev[c],(R)-5-Diphosphomevalonate,,RPI,Pentose phosphate pathway
dtdp[c],Deoxythymidine-5-Diphosphate,,FAEL205,Fatty acid synthesis
dttp[c],Deoxythymidine-5-Triphosphate,,LCYSTCBOXL,Taurine and hypotaurine metabolism
ind3ac[m],Indole-3-Acetate,,HMR_2957,Fatty acid synthesis
asp__D[c],D-Aspartate,,HMR_2635,"Transport, mitochondrial"
asp__D[x],D-Aspartate,,HMR_0289,Fatty acid synthesis
prostge1[c],Prostaglandin E1,,GLCRt1,"Transport, extracellular"
CE5947[m],"20-COOH-10,11-Dihydro-Leukotriene B4",,DESAT18_10,Fatty acid synthesis
CE4817[c],"3(S)-Hydroxy-Docosa-7,10,13,16,19-All-Cis-Pentaenoyl Coenzyme A",,BACCLm,Biotin metabolism
M00911[m],3-Oxoundecanoyl Coenzyme A,,RE0566C,Fatty acid synthesis
xol7ah[c],7Alpha-Hydroxy-5Beta-Cholestan-3-One,,HMR_1681,Bile acid synthesis
xol7aone[c],7Alpha-Hydroxycholest-4-En-3-One,,HMR_2692,"Transport, mitochondrial"
M03045[r],Tricosanoic Acid,,RE3106C,Fatty acid oxidation
M03047[r],Tricosanoyl Coenzyme A,,PFK,Glycolysis/gluconeogenesis
CE5155[m],Docosenoyl Coenzyme A,,SPHMYLN18122_hs_ATPt,"Transport, extracellular"
ac[g],Acetate,,NTD2l,Pyrimidine catabolism
hs_pre10[g],(Glcn2S-Glca)4-GlcNac-Glca-Gal-Gal-Xyl-L-Ser (Protein),,HMR_2345,Fatty acid synthesis
hspg[e],Heparan Sulfate Proteoglycan,,HMR_3112,Fatty acid oxidation
HC00361[c],"Sedoheptulose 1,7-Bisphosphate",,HMR_1751,Bile acid synthesis
3ohodcoa[c],3-Oxooctadecanoyl Coenzyme A,,HMR_2361,Fatty acid synthesis
C05280[m],"Cis,Cis-3,6-Dodecadienoyl Coenzyme A",,LPASE,Glycerophospholipid metabolism
M01472[r],"Cholesterol-Ester-6,9,12,15,18-Tetraco",,RE3152C,Fatty acid oxidation
b2coa[x],Crotonoyl Coenzyme A,,HMR_1135,"Transport, peroxisomal"
biocyt[c],Biocytin,,HMR_1635,Bile acid synthesis
doco13ac[c],13-Docosenoate,,HMR_3432,Fatty acid oxidation
dolglcp__L[c],"Dolichyl Beta-D-Glucosyl Phosphate, Human Liver Homolog",,r0995,"Transport, endoplasmic reticular"
lnlccoa[r],Linoleic Coenzyme A,,FAOXC101C102m,Fatty acid oxidation
HC00900[m],Methylmalonate,,HMR_0912,Glycosphingolipid metabolism
10fthf5glu[e],10-Formyltetrahydrofolate-[Glu](5),,HMR_2624,"Transport, mitochondrial"
CE5934[x],3(R)-Hydroxy-Pristanoyl Coenzyme A,,r1487,Fatty acid oxidation
prostge2[r],Prostaglandin E2,,DGCHOLtx,"Transport, peroxisomal"
octd11ecoa[m],11-Octadecenoyl Coenzyme A,,O2ter,"Transport, endoplasmic reticular"
sphmyln181181_hs[c],"Sm (D18:1/18:1), Sphingomyelin",,HMR_0301,Fatty acid synthesis
sphmyln181181_hs[e],"Sm (D18:1/18:1), Sphingomyelin",,PGDIr,Eicosanoid metabolism
CE2247[m],3-Hydroxyeicosanoyl Coenzyme A,,AIRCr,Purine synthesis
CE2251[m],3-Oxoeicosanoyl Coenzyme A,,TRIDECETH,Glycerophospholipid metabolism
ade[c],Adenine,,FACOAL180,Fatty acid oxidation
5mdr1p[c],5-Methylthio-5-Deoxy-D-Ribose 1-Phosphate,,EX_3aib_e,Exchange/demand reaction
3aib[c],(S)-3-Aminoisobutyric Acid,,PCHOLPALME_HSABCt,"Transport, extracellular"
ocdececrn[m],11-Octadecenoyl Carnitine,,CYTK11,Nucleotide interconversion
7dhf[c],Heptaglutamyl Folate (Dhf),,HMR_0385,Fatty acid synthesis
CE2242[x],(2E)-Docosenoyl Coenzyme A,,NOS1,Arginine and proline metabolism
sphmyln18120_hs[e],"Sm (D18:1/20:0), Sphingomyelin",,HMR_2693,Fatty acid oxidation
ggn[c],"Primed Glycogenin (Glycogenin-8[1,4-Glc])",,EX_glygn2_e,Exchange/demand reaction
glygn1[c],"Glycogen, Structure 1 (Glycogenin-11[1,4-Glc])",,PAPtg,"Transport, golgi apparatus"
oaa[x],Oxaloacetate,,AG13T16g,Keratan sulfate synthesis
dsmsterol[r],Desmosterol,,FAOXC102x,Fatty acid oxidation
cmp[e],Cytidine 5-Monophosphate,,HMR_6978,Lysine metabolism
M01777[c],Eicosenoylcarnitine(9),,HMR_3421,Fatty acid oxidation
M00341[r],"13Z,16Z,19Z-Docosatrienoic Acid",,NTP3e,Nucleotide interconversion
3decdicoa[x],"3,7-Decadienoyl Coenzyme A",,C4STMO2Pr,Cholesterol metabolism
lnlc[l],Linoleate,,FAH3_1,Cytochrome metabolism
ptth[m],Pantetheine,,r1797,"Transport, extracellular"
CE4806[m],"4(R),8-Dimethyl-Trans-2-Nonenoyl Coenzyme A",,ALAt2r,"Transport, extracellular"
duri[m],Deoxyuridine,,HMR_0598,Glycerophospholipid metabolism
dump[m],Deoxyuridine-5-Monophosphate,,HMR_3427,Fatty acid oxidation
utp[e],Uridine-5-TrIphosphate,,NTD8,Nucleotide interconversion
clpndcrn[m],"7Z,10Z,13Z,16Z,19Z-Docosapentaenoylcarnitine",,HMR_3715,Cholesterol metabolism
CE4791[m],3(S)-Hydroxy-Dihomo-Gama-Linolenoyl Coenzyme A,,DURAD2,Pyrimidine catabolism
gt1b_hs[g],Gt1B,,r0380,Miscellaneous
CE5120[m],Trans-2-Cis-8-Tetradecadienoyl Coenzyme A,,HMR_3180,Fatty acid oxidation
dhf[c],"7,8-Dihydrofolate",,HMR_2435,Fatty acid synthesis
ksii_core2_deg3[l],"Keratan Sulfate Ii (Core 2-Linked), Degradation Product 3",,IMPD,Nucleotide interconversion
pail35p_hs[r],"1-Phosphatidyl-1D-Myo-Inositol 3,5-Bisphosphate",,HMR_3076,Fatty acid oxidation
pail345p_hs[r],"1-Phosphatidyl-1D-Myo-Inositol 3,4,5-Trisphosphate",,EX_deoxfvs_e,Exchange/demand reaction
cysi__L[c],L-Cystine,,10FTHFtl,"Transport, lysosomal"
pchol2ole_hs[e],2-Oleoylglycerophosphocholine,,CYTK1m,Nucleotide interconversion
sphmyln18122_hs[c],"Sm (D18:1/22:0), Sphingomyelin",,HMR_2530,Fatty acid synthesis
adrncoa[x],Adrenoyl Coenzyme A,,LCAT9e,Cholesterol metabolism
pcholpalme_hs[e],1-Palmitoleoylglycerophosphocholine (Delta 9),,ADK1,Nucleotide interconversion
M01486[r],Cholesterol-Ester-9-Octa,,LNLCCRNt,Fatty acid oxidation
c6crn[c],Hexanoyl Carnitine,,HMR_2533,Fatty acid synthesis
M00343[m],"13Z,16Z,19Z-Docosatrienoyl Coenzyme A",,BTNPLm,Biotin metabolism
HC01441[e],Lactose-6P,,FACOAL1812,Fatty acid synthesis
xol7ah2[c],"5Beta-Cholestane-3Alpha,7Alpha-Diol",,r2084,"Transport, extracellular"
dmgly[c],"N,N-Dimethylglycine",,TKT1,Pentose phosphate pathway
sarcs[c],Sarcosine,,HMR_3231,Fatty acid oxidation
M00871[c],3-Oxo-Eicosadienoyl Coenzyme A,,CYANt,"Transport, extracellular"
lnlncacoa[c],Alpha-Linolenoyl Coenzyme A,,PSFLIPm,"Transport, mitochondrial"
crmp_hs[c],Ceramide 1-Phosphate,,RE1533M,Fatty acid oxidation
M03008[c],"Trans,Cis,Cis-2,13,16-Docasatrienoyl Coenzyme A",,NDP7g,Nucleotide interconversion
hxcoa[c],Hexanoyl Coenzyme A (N-C6:0Coenzyme A),,HMR_2688,"Transport, mitochondrial"
HC01434[m],Oxalosuccinate,,LCAT51e,Cholesterol metabolism
dgdp[m],Deoxyguanosine-5-Diphosphate,,RE3244C,Fatty acid synthesis
dgtp[m],Deoxyguanosine-5-Triphosphate,,HMR_3740,Cholesterol metabolism
leuktrB4woh[e],W-Hydroxyl Leukotriene B4,,r0797,Bile acid synthesis
etoh[c],Ethanol,,HMR_2608,Fatty acid oxidation
Rtotal[l],R Total,,HMR_3652,Cholesterol metabolism
ocdececrn[c],11-Octadecenoyl Carnitine,,HMR_2542,Fatty acid synthesis
13dampp[c],Trimethylenediaminium,,r1767,"Transport, extracellular"
dhf[l],"7,8-Dihydrofolate",,FACOAL140,Fatty acid oxidation
leuktrD4[e],Leukotriene D4,,GDHm,Glutamate metabolism
octdececoa[m],Octadecenoyl Coenzyme A,,HMR_2956,Fatty acid synthesis
ksii_core2[g],Keratan Sulfate Ii (Core 2-Linked),,C161CRNt,Fatty acid oxidation
lnlccoa[m],Linoleic Coenzyme A,,LCAT32e,Cholesterol metabolism
CE4790[m],(3S)-3-Hydroxy-Cis-8-Tetradecenoyl Coenzyme A,,UDPDOLPT_L,N-glycan synthesis
CE4843[m],"(11Z,14Z)-Icosadienoyl Coenzyme A",,CVM1GLUChc,Drug metabolism
ps_hs[c],Phosphatidylserine,,HMR_0310,Fatty acid oxidation
val__L[c],L-Valine,,GNDc,Pentose phosphate pathway
gm1_hs[l],Ganglioside Gm1,,HMR_0793,Glycosphingolipid metabolism
malttr[l],Maltotriose,,SEBACIDTD,Fatty acid oxidation
glyclt[m],Glycolate,,HMR_2943,Fatty acid synthesis
dopa[e],Dopamine,,HEXAHBl,Sphingolipid metabolism
ksii_core4_pre3[g],"Keratan Sulfate Ii Biosynthesis, Precursor 3",,r0181,Purine catabolism
M03051[r],Tridecanoic Acid,,3DSPHR,Sphingolipid metabolism
4abut[l],4-Aminobutanoate,,ALASm,"Glycine, serine, alanine, and threonine metabolism"
ga1_hs[l],Gibberellin A1,,7DHFtl,"Transport, lysosomal"
ga2_hs[l],Gibberellin A2,,RE3224C,Fatty acid synthesis
glcr[e],D-Glucarate,,PROD2m,Arginine and proline metabolism
btn[m],Biotin,,HMR_3682,Cholesterol metabolism
btamp[m],Biotinyl-5-Adenosine-5-Monophosphate,,CHOLPtl,"Transport, lysosomal"
CE2247[c],3-Hydroxyeicosanoyl Coenzyme A,,EX_adrnl_e,Exchange/demand reaction
fdp[c],"D-Fructose 1,6-Bisphosphate",,LCAT18e,Cholesterol metabolism
M00742[m],"3,7,24THCA",,HMR_0206,Fatty acid oxidation
g3pc[c],Glycerophosphocholine,,MCCCrm,"Valine, leucine, and isoleucine metabolism"
C04717[c],13-L-Hydroperoxylinoleic Acid,,PE2LINL_HSPLA2,Glycerophospholipid metabolism
dece4coa[m],4-Decenoyl Coenzyme A,,RE3177M,Fatty acid oxidation
dgchol[c],Glycochenodeoxycholate,,ALCD21_D,Pyruvate metabolism
prostgd2[r],Prostaglandin D2,,PGM,Glycolysis/gluconeogenesis
5aizc[c],5-Amino-1-(5-Phospho-D-Ribosyl)Imidazole-4-Carboxylate,,UMPK3,Nucleotide interconversion
3aib[e],(S)-3-Aminoisobutyric Acid,,HMR_1753,"Transport, mitochondrial"
M00100[c],"5Z,8Z,11Z-Eicosatrienoylcarnitine",,EX_tetdecaeth_e,Exchange/demand reaction
gd1c_hs[e],Gd1C,,HMR_3728,Cholesterol metabolism
ga1_hs[e],Gibberellin A1,,PENDECAETH,Glycerophospholipid metabolism
adrncoa[m],Adrenoyl Coenzyme A,,LCAT8e,Cholesterol metabolism
whhdca[c],Omega Hydroxy Hexadecanoate (N-C16:0),,ASPTA,Alanine and aspartate metabolism
M01509[r],Cholesterol-Ester-Trico,,RE1525M,Fatty acid oxidation
56dthm[c],"5,6-Dihydrothymine",,LYStm,"Transport, mitochondrial"
thym[c],Thymine,,HMR_2986,Fatty acid synthesis
M00869[c],"3-Oxoeicosa-Cis,Cis,Cis-11,14,17-Trienoyl Coenzyme A",,HMR_7720,"Transport, lysosomal"
s7p[c],Sedoheptulose 7-Phosphate,,HMR_1331,"Transport, endoplasmic reticular"
M00172[m],(S)-3-Hydroxy-7-Hexadecenoyl Coenzyme A,,r2127,"Transport, extracellular"
cyan[c],Hydrogen Cyanide,,C161CPT2,Fatty acid oxidation
CE5162[c],"Trans,Cis-2,9-Octadecadienoyl Coenzyme A",,GGH_10FTHF7GLUl,Folate metabolism
M01456[r],"Cholest-5-En-3Beta-Yl (11Z,14Z-Eicosadienoate)",,BIOCYTtn,"Transport, nuclear"
dcholcoa[c],Chenodeoxycholoyl Coenzyme A,,HMR_2715,"Transport, mitochondrial"
M02052[r],Heneicosanoyl Coenzyme A,,SUBERICACT,Fatty acid oxidation
hdcecrn[m],Palmitoleoyl-Carnitine,,UDPGD,Starch and sucrose metabolism
dolp__L[c],Dolichyl Phosphate,,PI345P5P,Inositol phosphate metabolism
itp[e],Iinosine-5-Triphosphate,,r2109,"Transport, extracellular"
5aop[m],5-Amino-4-Oxopentanoate,,ABUTt2rL,"Transport, lysosomal"
1pyr5c[m],1-Pyrroline-5-Carboxylate,,CARN1819Zt_m,"Transport, mitochondrial"
adrnl[e],Adrenaline,,HMR_0380,"Transport, extracellular"
3mgcoa[m],Trans-3-Methylglutaconyl Coenzyme A,,THYMDt1,"Transport, extracellular"
CE4801[m],"3(S)-Hydroxy-4(R),8-Dimethyl-Nonanoyl Coenzyme A",,HMR_1745,"Transport, mitochondrial"
M00010[e],"11Z,14Z,17Z-Eicosatrienoic Acid",,r0688,Bile acid synthesis
thymd[e],Thymidine,,RE3243C,Fatty acid synthesis
dhcholestanate[c],"3Alpha,7Alpha-Dihydroxy-5Beta-Cholestanate",,HMR_2289,Fatty acid synthesis
n2m2nmn[l],Reducing GlcNac Removed Form Of N2M2Nmasn (W/O Peptide),,GGH_5DHFl,Folate metabolism
arachd[e],Arachidonate,,HMR_3447,Fatty acid synthesis
M01724[c],Docosanoylcarnitine,,AHEXASE2ly,N-glycan degradation
udpxyl[r],Uridine-5-Diphosphate-Alpha-D-Xylose,,SERHL,"Glycine, serine, alanine, and threonine metabolism"
sarcs[m],Sarcosine,,DGTPtn,"Transport, nuclear"
f26bp[c],"Beta-D-Fructofuranose 2,6-Bisphosphate",,HMR_0327,Fatty acid synthesis
acmanap[c],N-Acetyl-D-Mannosamine 6-Phosphate,,HMR_2190,Fatty acid synthesis
M02611[m],Nonadecanoylcarnitine,,PCHOLLINL_HSABCt,"Transport, extracellular"
ficytC[m],Ferricytochrome C,,r0361,Fructose and mannose metabolism
focytC[m],Ferrocytochrome C,,PIt8,"Transport, extracellular"
5aop[c],5-Amino-4-Oxopentanoate,,GGH_10FTHF6GLUe,Folate metabolism
dgmp[m],Dgmp,,RE3346C,Bile acid synthesis
Rtotal[e],R Total,,GMPtn,"Transport, nuclear"
gluala[e],5-L-Glutamyl-L-Alanine,,S6T3g,Keratan sulfate synthesis
apoC_Lys_btn[c],Holocarboxylase (Biotin Covalent Bound To Lys Residue Of Apoc),,PPAm,Oxidative phosphorylation
pchol2ole_hs[c],2-Oleoylglycerophosphocholine,,RSVtu,Drug metabolism
q10[c],Ubiquinone-10,,ADSS,Nucleotide interconversion
M01497[r],Cholesterol-Ester-Hexecose,,HMR_3655,Cholesterol metabolism
M00615[c],25(R)Tetrahca Coenzyme A,,PRASCSi,Purine synthesis
fe2[e],Iron (Fe2+),,r2219,"Transport, extracellular"
fe3[e],Iron (Fe3+),,HMR_2703,"Transport, mitochondrial"
M02613[e],Nonadecanoic Acid,,RE3268R_1,Phosphatidylinositol phosphate metabolism
ru5p__D[r],D-Ribulose 5-Phosphate,,HMR_3423,Fatty acid oxidation
2dr5p[c],2-Deoxy-D-Ribose 5-Phosphate,,HMR_4124,Aminosugar metabolism
ksii_core4_deg1[l],"Keratan Sulfate Ii (Core 4-Linked), Degradation Product 1",,SMS14,Glycerophospholipid metabolism
atvlac[c],atorvastatin-lactone,,ENGASE2ly,N-glycan degradation
atvlac[e],atorvastatin-lactone,,HMR_3656,Cholesterol metabolism
prostge1[e],Prostaglandin E1,,HMR_0234,Fatty acid oxidation
M00019[r],13Z-Octadecenoic Acid,,HMR_2977,Fatty acid synthesis
Ser_Gly_Ala_X_Gly[r],Protein-Linked Serine Residue (Glycosaminoglycan Attachment Site),,SARDHm,Urea cycle
ppbng[c],Porphobilinogen,,r1810,"Transport, extracellular"
oxa[e],Oxalate,,PFK26,Fructose and mannose metabolism
pi[n],Orthophosphate,,r2199,"Transport, extracellular"
hdca[e],Hexadecanoate (N-C16:0),,CITRtm,"Transport, mitochondrial"
chol[m],Choline,,UMPK4n,Nucleotide interconversion
digalsgalside_hs[e],Digalactosylceramidesulfate,,FAOXC181C181OHm,Fatty acid oxidation
ibcoa[m],Isobutyryl Coenzyme A,,R_group_phosphotase_2,Miscellaneous
ppp9[c],Protoporphyrin,,PI4PLC,Inositol phosphate metabolism
so3[m],Sulfite,,PMI12346PS,Inositol phosphate metabolism
M00315[e],"12Z,15Z,18Z,21Z-Tetracosatetraenoic Acid",,r2119,"Transport, extracellular"
CE2243[c],(2E)-Eicosenoyl Coenzyme A,,r1168,Miscellaneous
tststerone[r],Testosterone,,EICOSTETCRNt,Fatty acid oxidation
datp[m],Deoxyadenosine Triphosphate,,HMR_3204,Fatty acid oxidation
dadp[m],Deoxyadenosine Diphosphate,,r0408,Miscellaneous
ibup__R[c],ibuprofen-R,,HMR_2695,"Transport, mitochondrial"
hexdiac[c],Hexadecanediocacid,,C4CRNCPT2,Fatty acid oxidation
dlnlcg[c],Dihomo-Gamma-Linolenate,,FAOXC2252053m,Fatty acid oxidation
ibup__S[c],ibuprofen-S,,NTD9,Nucleotide interconversion
tmndnccrn[c],"5Z,8Z,11Z,14Z,17Z-Eicosapentaenoylcarnitine",,AMANK,Aminosugar metabolism
ala__D[e],D-Alanine,,HMR_2677,"Transport, mitochondrial"
ala__D[c],D-Alanine,,PHEACGLYtm,"Transport, mitochondrial"
HC02206[e],Prostaglandin-C1,,LCAT45e,Cholesterol metabolism
HC02206[c],Prostaglandin-C1,,CYOR_u10mi,Oxidative phosphorylation
dttp[m],Deoxythymidine-5-Triphosphate,,5AOPtm,Heme synthesis
dchac[c],Deoxycholate,,PVSOATPtu,Drug metabolism
dca3s[c],Deoxycholic acid 3-sulfate,,RE3193M,Fatty acid oxidation
cmp[r],Cytidine 5-Monophosphate,,NDPK3,Nucleotide interconversion
cdpchol[r],Cytidine-5-Diphosphatecholine,,HMR_2699,Fatty acid oxidation
sphmyln_hs[r],Sphingomyelin,,HMR_3232,Fatty acid oxidation
acnam[e],N-Acetylneuraminate,,r2497,"Transport, peroxisomal"
ala_B[e],Beta-Alanine,,DGNSKm,Nucleotide interconversion
dcyt[m],Deoxycytidine,,FBP26,Fructose and mannose metabolism
dcmp[m],Deoxycytidylic Acid,,HMR_2359,Fatty acid synthesis
val__L[e],L-Valine,,CYTK11n,Nucleotide interconversion
lneldc[c],Linoelaidic Acid (All Trans C18:2),,RE3301C_1,Glycerophospholipid metabolism
7dhcdchol[c],7-Dehydrochenodeoxycholic acid; 7oxo-3alpha-hydroxy-5beta-cholan-24-oic acid,,OLEETH,Glycerophospholipid metabolism
7dhcdchol[e],7-Dehydrochenodeoxycholic acid; 7oxo-3alpha-hydroxy-5beta-cholan-24-oic acid,,HMR_1735,Bile acid synthesis
tdchola[e],Taurochenodeoxycholate,,HMR_2727,"Transport, mitochondrial"
tdchola[c],Taurochenodeoxycholate,,HMR_3183,Fatty acid oxidation
pcrn[e],O-Propanoylcarnitine,,RE1516M,Fatty acid oxidation
7dhchsterol[e],"Cholesta-5,7-Dien-3Beta-Ol",,r1792,"Transport, extracellular"
gchola[e],Glycocholate,,CHOLESTle_1,"Transport, extracellular"
taur[x],Taurine,,HMR_0354,Fatty acid oxidation
tdchola[x],Taurochenodeoxycholate,,RE3015R,Eicosanoid metabolism
Rtotal3[e],R Total 3 Position,,HMR_3718,Cholesterol metabolism
glyc[e],Glycerol,,EX_gluala_e,Exchange/demand reaction
HC00005[e],ApoB100,,EX_glcr_e,Exchange/demand reaction
HC00009[e],ApoE,,DLNLCGCPT1,Fatty acid oxidation
idl_hs[e],Intermediate Density Lipoprotein,,LCAT42e,Cholesterol metabolism
cyst__L[c],L-Cystathionine,,r2128,"Transport, extracellular"
ocdca[e],Octadecanoate (N-C18:0),,PLA2_2,Glycerophospholipid metabolism
C05770[c],Coproporphyrin Iii,,GLUPRT,Purine synthesis
core6[g],Core 6,,BTNPL,Biotin metabolism
pail_hs[n],1-Phosphatidyl-1D-Myo-Inositol,,RE3005M,Fatty acid oxidation
pail5p_hs[n],1-Phosphatidyl-1D-Myo-Inositol 5-Phosphate,,PCHOLHEP_HSABCt,"Transport, extracellular"
camp[g],"3,5-Cyclic Adenosine Monophosphate",,HMR_3222,Fatty acid oxidation
amp[g],Adenosine Monophosphate,,PE203_HSABCt,"Transport, extracellular"
C02528[c],Chenodeoxycholate,,OCD11COACPT1_1,Fatty acid oxidation
C02528[e],Chenodeoxycholate,,PCHOL2OLE_HSPLA2,Glycerophospholipid metabolism
dcdp[m],Deoxycytidine-5-Diphosphate,,EX_HC01700_e,Exchange/demand reaction
normete__L[e],L-Normetanephrine,,LCAT1e,Fatty acid oxidation
so4[e],Sulfate,,FE2utm,"Transport, mitochondrial"
maltttr[c],Maltotetraose,,SIAASE3ly,Keratan sulfate degradation
xoldiolone[r],"7Alpha,12Alpha-Dihydroxycholest-4-En-3-One",,ORNt3m,"Transport, mitochondrial"
M03153[e],17Z-Hexacosenoic Acid,,q10tm,"Transport, mitochondrial"
fru[e],D-Fructose,,HMR_0809,Glycosphingolipid metabolism
sphmyln_hs[e],Sphingomyelin,,HMR_2676,"Transport, mitochondrial"
12HPET[c],"12-Hydroperoxyeicosa-5,8,10,14-tetraenoate",,HMR_3719,Cholesterol metabolism
HC02220[e],Sulfochenodeoxycholate,,HMR_1754,Bile acid synthesis
HC02220[c],Sulfochenodeoxycholate,,HMR_2685,"Transport, mitochondrial"
ala__L[x],L-Alanine,,RE1517M,Fatty acid oxidation
hpyr[x],3-Hydroxypyruvate,,APRTO2,Arginine and proline metabolism
ser__L[x],L-Serine,,FE3R2e_1,Heme synthesis
atvacid[r],atorvastatin-acid,,RE3232C,Fatty acid synthesis
atvethgluc[r],atorvastatin-ether-glucuronide -G1,,HMR_0278,"Transport, extracellular"
ile__L[m],L-Isoleucine,,r2514m,"Transport, mitochondrial"
aprgstrn[c],(20S)-20-Hydroxypregn-4-En-3-One,,HMR_0437,Fatty acid synthesis
aprgstrn[e],(20S)-20-Hydroxypregn-4-En-3-One,,r1893,"Transport, extracellular"
pail45p_hs[n],"Phosphatidylinositol 4,5-Bisphosphate",,PItg,"Transport, golgi apparatus"
pail345p_hs[n],"1-Phosphatidyl-1D-Myo-Inositol 3,4,5-Trisphosphate",,GTHOm,Glutamate metabolism
CE5021[c],Alpha-Tocopheryl Hydroquinone,,r2131,"Transport, extracellular"
CE5022[c],Alpha-Tocopheryl Quinone,,PPNCL2,CoA synthesis
mescoa[m],Mesaconyl Coenzyme A,,SMS8,Glycerophospholipid metabolism
melatn[c],Melatonin,,r0311,Fatty acid oxidation
HC02198[e],Sulfotaurolithocholate,,IPDDIx,Cholesterol metabolism
HC02198[c],Sulfotaurolithocholate,,ST8SIA52g,Sphingolipid metabolism
HC01842[c],Phosphodimethylethanolamine,,CLPNDCRNt,Fatty acid oxidation
pydx5p[c],Pyridoxal 5-Phosphate,,GNDer,Pentose phosphate pathway
pydx[c],Pyridoxal,,LCAT43e,Cholesterol metabolism
kynate[c],Kynurenic Acid,,DRPA,Pentose phosphate pathway
icdchol[c],"Isochenodeoxycholic acid; 3beta,7alpha-Dihydroxy-5beta-cholanic acid",,RE3476C,Arachidonic acid metabolism
icdchol[e],"Isochenodeoxycholic acid; 3beta,7alpha-Dihydroxy-5beta-cholanic acid",,GLCtly,"Transport, lysosomal"
estradiolglc[e],17Beta-Estradiol 3-Glucosiduronic Acid,,HMR_2768,Fatty acid oxidation
estradiolglc[c],17Beta-Estradiol 3-Glucosiduronic Acid,,HMR_3699,Cholesterol metabolism
35cgmp[g],"3,5-Cyclic Guanosine Monophosphate",,HMR_3729,Cholesterol metabolism
malt[e],Maltose,,FTHFDH,Folate metabolism
3m4hpga[m],3-Methoxy-4-Hydroxyphenylglycolaldehyde,,GDR,Glutathione metabolism
3mox4hoxm[m],3-Methoxy-4-Hydroxymandelate,,SIAASE4ly,Keratan sulfate degradation
o2[n],Oxygen,,ALDD20xm,Tryptophan metabolism
gchola[c],Glycocholate,,HMR_2982,Fatty acid synthesis
andrstndn[c],"Androst-4-Ene-3,17-Dione",,HMR_3237,Fatty acid oxidation
clpndcoa[x],"Docosa-7,10,13,16,19-All-Cis-Pentaenoyl Coenzyme A",,NACHEX24ly,Keratan sulfate degradation
HC00591[m],2-Oxoglutaramate,,S3T1g,Chondroitin synthesis
HC02199[c],Glutathionyl-Leuc4,,HMR_2380,Fatty acid synthesis
HC02199[e],Glutathionyl-Leuc4,,HMR_0267,Fatty acid synthesis
HC02194[e],Ursodeoxycholate,,SCPx,Bile acid synthesis
HC02194[c],Ursodeoxycholate,,ATVLACThc,Drug metabolism
crtsl[r],Cortisol,,PROSTGE1t3,"Transport, extracellular"
cortsn[r],Cortisone,,NDPK6,Nucleotide interconversion
pchol_hs[g],Phosphatidylcholine,,ACNAM9PL,Aminosugar metabolism
4tmeabutn[e],4-(Trimethylammonio)Butanoate,,r2092,"Transport, extracellular"
urate[c],Urate,,EX_peplys_e,Exchange/demand reaction
c8crn[x],Octanoyl Carnitine,,HMR_2962,Fatty acid synthesis
ach[e],Acetylcholine,,ACSm,Glycolysis/gluconeogenesis
glx[x],Glyoxylate,,HMR_3721,Cholesterol metabolism
2mop[c],2-Methyl-3-Oxopropanoate,,ACOAD1fm,Butanoate metabolism
acald[r],Acetaldehyde,,XYLTer,Chondroitin synthesis
17ahprgstrn[r],17Alpha-Hydroxyprogesterone,,r2123,"Transport, extracellular"
tchola[e],Taurocholic acid,,GCALDDm,Glyoxylate and dicarboxylate metabolism
tchola[c],Taurocholic acid,,HMBS,Heme synthesis
gdca3s[c],Glycodeoxycholic acid 3-sulfate,,EX_oxa_e,Exchange/demand reaction
gdca3s[e],Glycodeoxycholic acid 3-sulfate,,HMR_3727,Cholesterol metabolism
tag_hs[e],Triglyceride,,HMR_2701,"Transport, mitochondrial"
C05769[c],Coproporphyrin I,,HMR_1759,"Transport, peroxisomal"
C05769[e],Coproporphyrin I,,PMI12346PHn,Inositol phosphate metabolism
thyochol[c],"Taurohyocholic acid; N-(3alpha,6alpha,7alpha-Trihydroxy-5beta-cholan-24-oyl)taurine",,LCAT55e,Cholesterol metabolism
thyochol[e],"Taurohyocholic acid; N-(3alpha,6alpha,7alpha-Trihydroxy-5beta-cholan-24-oyl)taurine",,HMR_3701,Cholesterol metabolism
prostge2[e],Prostaglandin E2,,FATP1t,"Transport, extracellular"
lnlnca[c],Alpha-Linolenate,,CTPS2,Pyrimidine synthesis
retinal_cis_13[r],13-Cis-Retinal,,RE3010M,Eicosanoid metabolism
CE5586[c],Dehydrospermidine,,APOC_LYS_BTNP,Biotin metabolism
hLkynr[c],3-Hydroxy-L-Kynurenine,,SPHGNtr,"Transport, endoplasmic reticular"
HC02191[c],Lithocholate,,r1668,"Transport, extracellular"
3dhlchol[c],3-dehydro-Lithocholate,,HMR_2974,Fatty acid synthesis
M01197[e],7Z-Hexadecenoic Acid,,HMR_1758,"Transport, peroxisomal"
glyc[c],Glycerol,,GGH_5THFe,Folate metabolism
udca3s[c],Ursodeoxycholic acid 3-sulfate,,S6TASE25ly,Keratan sulfate degradation
udca3s[e],Ursodeoxycholic acid 3-sulfate,,ADRNCPT2,Fatty acid oxidation
dcsptn1[c],"(4Z,7Z,10Z,13Z,16Z)-Docosa-4,7,10,13,16-Pentaenoic Acid",,PCHOLPm_hs,Glycerophospholipid metabolism
mma[e],Methylammonium,,TTDCRNt,Fatty acid oxidation
tettet6[e],"9Z,12Z,15Z,18Z-Tetracosatetraenoic Acid",,EX_10fthf7glu_e,Exchange/demand reaction
tdechola[c],Taurodeoxycholic Acid,,r0310,Fatty acid oxidation
tdechola[e],Taurodeoxycholic Acid,,RE3114R,Fatty acid oxidation
3hanthrn[c],3-Hydroxyanthranilate,,ATP2ter,"Transport, endoplasmic reticular"
cmusa[c],"Cis,Cis-2-Amino-3-(3-Oxoprop-1-Enyl)But-2-Enedioate",,DIGALSGALSIDEATPte,"Transport, extracellular"
itaccoa[m],Itaconyl Coenzyme A,,MLTG1ly,Starch and sucrose metabolism
ddca[e],Dodecanoic Acid,,r1830,"Transport, extracellular"
ha_pre1[e],"Hyaluronan Biosynthesis, Precursor 1",,HMR_3199,Fatty acid oxidation
HC00319[c],Malonate,,EX_octa_e,Exchange/demand reaction
HC00319[m],Malonate,,ACOAD9m,"Valine, leucine, and isoleucine metabolism"
hdcea[e],Hexadecenoate (N-C16:1),,HMR_2886,"Transport, endoplasmic reticular"
HC02197[e],Sulfoglycolithocholate,,PPPGO2_1,Heme synthesis
HC02197[c],Sulfoglycolithocholate,,GALt1r,"Transport, extracellular"
HC02195[e],Tauroursodeoxycholate,,r0830,"Transport, mitochondrial"
HC02195[c],Tauroursodeoxycholate,,FBA,Glycolysis/gluconeogenesis
mi14p[n],"(1R,2R,3R,4R,5R,6S)-2,3,5,6-Tetrahydroxy-4-(Phosphonatooxy)Cyclohexyl Phosphate",,LPS,Triacylglycerol synthesis
pail4p_hs[n],1-Phosphatidyl-1D-Myo-Inositol 4-Phosphate,,HMR_0395,"Transport, extracellular"
2oxoadp[c],2-Oxoadipate,,GALTg,Chondroitin synthesis
galside_hs[c],D-Galactosyl-N-Acylsphingosine,,HMR_3221,Fatty acid oxidation
xol7aone[r],7Alpha-Hydroxycholest-4-En-3-One,,r0364,Aminosugar metabolism
5HPET[e],5(S)-Hydroperoxyeicosatetraenoic Acid,,HMR_3698,Cholesterol metabolism
C09642[c],(-)-Salsolinol,,RE0568C,Fatty acid synthesis
CE4890[c],N-Methylsalsolinol,,FACOAE120,Fatty acid oxidation
urea[c],Urea,,HMR_3707,Cholesterol metabolism
coprost[c],Coprostanol,,HMR_3202,Fatty acid oxidation
coprost[e],Coprostanol,,UMPK7,Nucleotide interconversion
prostgf2[c],Prostaglandin F2Alpha,,RE2624M,Fatty acid oxidation
CE5151[x],11Z-Eicosenoyl Coenzyme A,,ASPDt6,"Transport, extracellular"
CE5150[x],"Trans,Cis-2,11-Eicosadienoyl Coenzyme A",,HMR_2772,"Transport, mitochondrial"
ptvst[r],pitavastatin,,STRDNCCPT2,Fatty acid oxidation
occoa[x],Octanoyl Coenzyme A (N-C8:0 Coenzyme A),,DGK2m,Nucleotide interconversion
HC01415[x],(2E)-Octenoyl Coenzyme A,,RE1534M,Fatty acid oxidation
4hglusa[m],L-4-Hydroxyglutamic Semialdehyde,,G14T18g,Keratan sulfate synthesis
leuktrE4[c],Leukotriene E4,,GLYCTO1,"Glycine, serine, alanine, and threonine metabolism"
leuktrF4[c],Leukotriene F4,,r1177,Miscellaneous
cholate[r],Cholate,,r1383_1,Folate metabolism
HC02192[c],Taurolithocholate,,FVSitx,Drug metabolism
atvlac[r],atorvastatin-lactone,,HMR_0828,Glycosphingolipid metabolism
h2o2[e],Hydrogen Peroxide,,PCHOL2OLE_HSABCt,"Transport, extracellular"
o2[e],Oxygen,,HMR_2972,Fatty acid synthesis
6thf[m],Hexaglutamyl Folate (Thf),,MI3PP,Inositol phosphate metabolism
7thf[m],Heptaglutamyl Folate (Thf),,HMR_2657,Fatty acid oxidation
adrn[e],Adrenic Acid,,EX_n2m2nmasn_e,Exchange/demand reaction
adrn[c],Adrenic Acid,,RE3192M,Fatty acid oxidation
HC02214[e],Prostaglandin-F1Alpha,,RE3121C,Fatty acid oxidation
HC02214[c],Prostaglandin-F1Alpha,,HMR_3722,Cholesterol metabolism
dhcholestanate[r],"3Alpha,7Alpha-Dihydroxy-5Beta-Cholestanate",,TMDK1,Nucleotide interconversion
dhcholestancoa[r],"3Alpha,7Alpha-Dihydroxy-5Beta-Cholestanoyl Coenzyme A",,PCHOLN2254_HSABCt,"Transport, extracellular"
gthrd[r],Reduced Glutathione,,HMR_3677,Cholesterol metabolism
sprm[c],Spermine,,UDPGLCAter,"Transport, endoplasmic reticular"
prostgh2[e],Prostaglandin H2,,EX_HC01577_e,Exchange/demand reaction
3dhlchol[e],3-dehydro-Lithocholate,,PROFVStev,Drug metabolism
Lkynr[c],L-Kynurenine,,PCHOLPALM_HSPLA2,Glycerophospholipid metabolism
adprib[c],Adenosine-5-Diphosphate-Ribose,,SPHMYLN18120_hs_ATPt,"Transport, extracellular"
3odcoa[m],3-Oxodecanoyl Coenzyme A,,HPDCACRNCPT1,Fatty acid oxidation
3hdcoa[m],(S)-3-Hydroxydecanoyl Coenzyme A,,r0210,Methionine and cysteine metabolism
dd5ecoa[m],5-Dodecenoyl Coenzyme A,,GTHPi,Glutathione metabolism
tetd7ecoa[m],7-Tetradecenoyl Coenzyme A,,HMR_2948,Fatty acid synthesis
pvs[r],pravastatin,,C10DCc,Fatty acid oxidation
3hpvs[r],3-S-hydroxy-pravastatin,,HEXDIACtr,Fatty acid oxidation
acac[x],Acetoacetate,,C161CPT12,Fatty acid oxidation
drib[c],2-Deoxy-D-Ribose,,HMR_1390,Eicosanoid metabolism
hdca[x],Hexadecanoate (N-C16:0),,CRNCARtp,"Transport, peroxisomal"
M02686[c],Pe-Nme-Ld-Pool,,SUBERCROT,Fatty acid oxidation
dcsptn1coa[x],"(4Z,7Z,10Z,13Z,16Z)-Docosapentaenoyl Coenzyme A",,RE0567C,Fatty acid synthesis
HC02193[c],Glycolithocholate,,PPBNGS,Heme synthesis
hdca[l],Hexadecanoate (N-C16:0),,r1000,"Transport, endoplasmic reticular"
duri[n],Deoxyuridine,,FAOXC204184m,Fatty acid oxidation
adp[l],Adenosine Diphosphate,,LNLNCGCPT2,Fatty acid oxidation
atp[l],Adenosine Triphosphate,,GLCAT8g,Chondroitin synthesis
HC02210[e],Prostaglandin-D3,,HMR_2978,Fatty acid synthesis
HC02210[c],Prostaglandin-D3,,ACCOAC,Fatty acid oxidation
tcdca3s[c],Taurochenodeoxycholic acid 3-sulfate,,SIAT9g,Sphingolipid metabolism
tcdca3s[e],Taurochenodeoxycholic acid 3-sulfate,,HMR_3681,Cholesterol metabolism
cytd[n],Cytidine,,r1751,"Transport, extracellular"
xol27oh[r],27-Hydroxycholesterol,,SACCD3m,Lysine metabolism
gluside_hs[c],D-Glucosyl-N-Acylsphingosine,,HMR_0429,Fatty acid synthesis
12dhchol[c],"12-Dehydrocholic acid; 12-Oxodeoxycholic acid; 12oxo-3alpha,7alpha-Dihydroxy-5beta-cholan-24-oic acid",,GALASE17ly,Keratan sulfate degradation
12dhchol[e],"12-Dehydrocholic acid; 12-Oxodeoxycholic acid; 12oxo-3alpha,7alpha-Dihydroxy-5beta-cholan-24-oic acid",,RE3191M,Fatty acid oxidation
urate[e],Urate,,BTNDm,Biotin metabolism
3hddcoa[x],(S)-3-Hydroxydodecanoyl Coenzyme A,,r1672,"Transport, extracellular"
dd2coa[x],Trans-Dodec-2-Enoyl Coenzyme A,,34DHOXMANDte,"Transport, extracellular"
ahcys[r],S-Adenosyl-L-Homocysteine,,r2129,"Transport, extracellular"
amet[r],S-Adenosyl-L-Methionine,,HMR_4700,"Glycine, serine, alanine, and threonine metabolism"
h2o2[r],Hydrogen Peroxide,,r0579,CoA synthesis
fvs[r],fluvastatin,,TMNDNCCRNt,Fatty acid oxidation
btcoa[c],Butanoyl Coenzyme A,,EX_leuktrB4woh_e,Exchange/demand reaction
tmndnccoa[x],"Eicosa-5,8,11,14,17-All-Cis-Pentaenoyl Coenzyme A",,HPDCACRNt,Fatty acid oxidation
triodthysuf[c],Triiodothyronine Sulfate,,HMR_2722,"Transport, mitochondrial"
na1[x],Sodium,,r0173,Glycolysis/gluconeogenesis
13_cis_retn[r],13-Cis-Retinoate,,HMR_3660,Cholesterol metabolism
HC10858[m],3-Oxooleoyl Coenzyme A,,r2080,"Transport, extracellular"
inost[e],Myo-Inositol,,RE0944E,Starch and sucrose metabolism
dutp[n],Deoxyuridine-5-Triphosphate,,HMR_3628,Cholesterol metabolism
trdrd[n],Reduced Thioredoxin,,PCHOLN204_HSABCt,"Transport, extracellular"
trdox[n],Oxidized Thioredoxin,,ACACT10m,"Valine, leucine, and isoleucine metabolism"
dtdp[m],Deoxythymidine-5-Diphosphate,,HMR_3705,Cholesterol metabolism
strdnc[e],"Stearidonic Acid C18:4, N-3",,HMR_3665,Cholesterol metabolism
dag_hs[g],Diglyceride,,GGLUCT,Glutathione metabolism
M00019[e],13Z-Octadecenoic Acid,,HMR_0247,"Transport, extracellular"
5aop[e],5-Amino-4-Oxopentanoate,,GGNG,Starch and sucrose metabolism
M02112[x],17Z-Hexacosenoyl Coenzyme A,,EX_M01870_e,Exchange/demand reaction
duri[e],Deoxyuridine,,PPCDC,CoA synthesis
wharachd[e],W-Hydroxyl Arachidonic Acid,,DESAT18_12,Fatty acid synthesis
wharachd[c],W-Hydroxyl Arachidonic Acid,,HMR_3653,Cholesterol metabolism
pydxn[c],Pyridoxine,,HMR_2472,Fatty acid synthesis
3dhcdchol[c],3-Dehydrochenodeoxychollyc acid; 7oxo-3alpha-hydroxy-5beta-cholan-24-oic acid,,r1834,"Transport, extracellular"
3dhcdchol[e],3-Dehydrochenodeoxychollyc acid; 7oxo-3alpha-hydroxy-5beta-cholan-24-oic acid,,r2097,"Transport, extracellular"
thcholstoic[e],"3Alpha,7Alpha,12Alpha-Trihydroxy-5Beta-Cholestanoate",,DALAt2r,"Transport, extracellular"
dudp[n],Deoxyuridine-5-Diphosphate,,ALATA_L,Glutamate metabolism
coa[l],Coenzyme A,,RE2717L,Glycosphingolipid metabolism
HC01405[m],3S-Hydroxy-Octanoyl Coenzyme A,,SERt4,"Transport, extracellular"
xol27oh[m],27-Hydroxycholesterol,,PHEyLATthc,"Transport, extracellular"
xol7aone[m],7Alpha-Hydroxycholest-4-En-3-One,,r2270,"Transport, extracellular"
tudca3s[c],Tauroursodeoxycholic acid 3-sulfate,,DNDPt45m,"Transport, mitochondrial"
tudca3s[e],Tauroursodeoxycholic acid 3-sulfate,,GALt4_2,"Transport, extracellular"
HC01406[m],3-Oxo-Octanoyl Coenzyme A,,r1686,"Transport, extracellular"
lvstacid[c],lovastatin-hydroxyacid form,,HMR_0763,Sphingolipid metabolism
lvst[c],lovastatin lactone form,,HXCOAtx,"Transport, peroxisomal"
uchol[c],"Ursocholic acid; 3alpha,7beta,12alpha-Trihydroxy-5beta-cholan-24-oic acid; 3alpha,7beta,12alpha-Trihydroxy-5beta-cholanic acid; 7beta-Hydroxyisocholic acid; 7-Epicholic acid",,BALAVECSEC_1,"Transport, extracellular"
uchol[e],"Ursocholic acid; 3alpha,7beta,12alpha-Trihydroxy-5beta-cholan-24-oic acid; 3alpha,7beta,12alpha-Trihydroxy-5beta-cholanic acid; 7beta-Hydroxyisocholic acid; 7-Epicholic acid",,ACOAHim,Pyruvate metabolism
17ahprgnlone[c],17Alpha-Hydroxypregnenolone,,DCK1m,Nucleotide interconversion
CE1352[c],17Alpha-Hydroxypregnenolone Sulfate,,r1864,"Transport, extracellular"
3dhchol[c],"3-Dehydrocholic acid; 3oxo-7alpha,12alpha-Dihydroxy-5beta-cholan-24-oic acid",,r2012,"Transport, extracellular"
3dhchol[e],"3-Dehydrocholic acid; 3oxo-7alpha,12alpha-Dihydroxy-5beta-cholan-24-oic acid",,HMR_0276,Fatty acid oxidation
lnlncg[e],Gamma-Linolenate,,7DHCDCHOLabc,"Transport, extracellular"
2aobut[m],L-2-Amino-3-Oxobutanoic Acid,,EX_amp_e,Exchange/demand reaction
HC02208[e],Prostaglandin-D1,,r1052,"Transport, lysosomal"
HC02208[c],Prostaglandin-D1,,r2374,"Transport, mitochondrial"
pmtcrn[r],L-Palmitoylcarnitine,,r1028,"Transport, extracellular"
o2s[n],Superoxide,,PCRNte,"Transport, extracellular"
hexdiac[e],Hexadecanediocacid,,7DHCHSTEROLt,"Transport, extracellular"
dhcholestanate[m],"3Alpha,7Alpha-Dihydroxy-5Beta-Cholestanate",,EX_M00117_e,Exchange/demand reaction
docosac[e],Docosanoic Acid,,r2002,"Transport, extracellular"
12ppd__S[c],"(S)-Propane-1,2-Diol",,NACHEXA20ly,Keratan sulfate degradation
xol7ah2[m],"5Beta-Cholestane-3Alpha,7Alpha-Diol",,C160CPT1,Fatty acid oxidation
xol7ah3[m],"5Beta-Cholestane-3Alpha,7Alpha,26-Triol",,EX_estrones_e,Exchange/demand reaction
so4[r],Sulfate,,r1851,"Transport, extracellular"
smv[r],simvastatin lactone form,,FAOXC61C4m,Fatty acid oxidation
mal__L[x],(S)-Malate,,r1580,"Transport, extracellular"
tmd[e],Torasemide,,BAAT5x,Bile acid synthesis
tmd[c],Torasemide,,EX_hdca_e,Exchange/demand reaction
HC01408[m],3-Oxo-Hexanoyl Coenzyme A,,CYSTS,Methionine and cysteine metabolism
meracmp[c],acetaminophen-mercapturate-conjugate/N-acetyl-cysteine-acetaminophen,,HMR_0253,"Transport, extracellular"
meracmp[e],acetaminophen-mercapturate-conjugate/N-acetyl-cysteine-acetaminophen,,r1621,"Transport, extracellular"
tdca3s[c],Taurodeoxycholic acid 3-sulfate,,CORE6GTg,O-glycan metabolism
ak2lgchol_hs[c],1-Alkyl 2-Lysoglycerol 3-Phosphocholine,,RE1448N_1,Phosphatidylinositol phosphate metabolism
nh4[n],Ammonium,,SK_ficytb5_c,
dnad[n],Deamino-Nad+,,r1995,"Transport, extracellular"
nad[n],Nicotinamide Adenine Dinucleotide,,EX_arachd_e,Exchange/demand reaction
amp[n],Adenosine Monophosphate,,PDE1g,Nucleotide interconversion
estradiol[c],Estradiol,,SK_pro__L_c,Exchange/demand reaction
estrone[c],Estrone,,r1897,"Transport, extracellular"
glcur1p[c],D-Glucuronate 1-Phosphate,,NDPK3n,Nucleotide interconversion
HC02207[e],Prostaglandin-C2,,UDPACGALtl,"Transport, lysosomal"
HC02207[c],Prostaglandin-C2,,r0993,"Transport, extracellular"
4hatvlac[r],4-hydroxy-atorvastatin-lactone / para-hydroxy-atorvastatin lactone,,EX_6epvs_e,Exchange/demand reaction
HC02191[e],Lithocholate,,CATm,ROS detoxification
6thf[c],Hexaglutamyl Folate (Thf),,DNDPt63m,"Transport, mitochondrial"
prostgf2[e],Prostaglandin F2Alpha,,SK_5HPET_c,Exchange/demand reaction
dgchol[e],Glycochenodeoxycholate,,NORMETEVESSte,"Transport, extracellular"
o2s[x],Superoxide,,r1683,"Transport, extracellular"
5adtststerones[c],5Alpha-Dihydrotestosterone Sulfate,,EX_h2o_e,Exchange/demand reaction
3mox4hpac[m],(4-Hydroxy-3-Methoxyphenyl)Acetaldehyde,,DATPtm_cho,"Transport, mitochondrial"
homoval[m],Homovanillate,,r1162,"Transport, extracellular"
ptrc[e],Putrescine,,MALTTTRt,"Transport, extracellular"
mescon[m],Mesaconate,,r1025,Bile acid synthesis
pdx5p[c],Pyridoxine 5-Phosphate,,HMR_0347,"Transport, extracellular"
acgal1p[c],N-Acetyl-D-Galactosamine 1-Phosphate,,TMDS,Nucleotide interconversion
retfa[c],Fatty Acid Retinol,,FRUt1r,"Transport, extracellular"
dheas[e],3Beta-Hydroxyandrost-5-En-17-One 3-Sulfate,,SPHMYLNte,"Transport, extracellular"
dheas[c],3Beta-Hydroxyandrost-5-En-17-One 3-Sulfate,,FACOAE181,Fatty acid synthesis
Lkynr[e],L-Kynurenine,,ALOX12,Eicosanoid metabolism
hista[e],Histamine,,HC02220te,"Transport, extracellular"
aacoa[m],Acetoacetyl Coenzyme A,,SPTix,"Glycine, serine, alanine, and threonine metabolism"
12HPET[r],"12-Hydroperoxyeicosa-5,8,10,14-tetraenoate",,ATVETHGLUChc,Drug metabolism
CE7097[c],"5-Oxo-12(S)-Hydroxy-Eicosa-6E,8Z,10E,14Z-Tetraenoate",,EX_M02447_e,Exchange/demand reaction
mi1p__D[n],1D-Myo-Inositol 1-Phosphate,,r2020,"Transport, extracellular"
hdd2coa[x],Trans-Hexadec-2-Enoyl Coenzyme A,,r2521,"Transport, endoplasmic reticular"
HC01397[x],3S-Hydroxyhexadecanoyl Coenzyme A,,APRGSTRNt1e,"Transport, extracellular"
lgnc[e],Lignocerate,,PI345P3Pn,Inositol phosphate metabolism
lgnc[c],Lignocerate,,ACGAM2E,Aminosugar metabolism
dhea[c],3Beta-Hydroxyandrost-5-En-17-One,,r1925,"Transport, extracellular"
cbp[m],Carbamoyl Phosphate,,BALAtmr,"Transport, mitochondrial"
CE0347[c],12-Hydroxyeicosatetraenoate,,HMR_6500,Vitamin E metabolism
HC02216[e],Prostaglandin-F2Beta,,3SALAOX,Taurine and hypotaurine metabolism
HC02216[c],Prostaglandin-F2Beta,,r2508,"Transport, endoplasmic reticular"
lpro[m],Lipoylprotein,,CYOOm2i,Oxidative phosphorylation
alpro[m],S-Aminomethyldihydrolipoylprotein,,EX_prostge1_e,Exchange/demand reaction
cholate[m],Cholate,,FTHFLi,Folate metabolism
hxdcal[c],Hexadecanal,,HMR_9621,"Transport, extracellular"
arg__L[m],L-Arginine,,r0789,Sphingolipid metabolism
dcacoa[c],Decanoyl Coenzyme A (N-C10:0 Coenzyme A),,SPHMYLN18114_hs_SECt,"Transport, extracellular"
mmcoa__S[m],(S)-Methylmalonyl Coenzyme A,,PYDXPP,Vitamin B6 metabolism
dhcholestancoa[c],"3Alpha,7Alpha-Dihydroxy-5Beta-Cholestanoyl Coenzyme A",,ICDCHOLt2,"Transport, extracellular"
L_dpchrm[c],L-Dopachromate,,EX_dopa_e,Exchange/demand reaction
2c23dh56dhoxin[c],"2-Carboxy-2,3-Dihydro-5,6-Dihydroxyindole",,ESTRADIOLGLCt2,"Transport, extracellular"
pentcoa[m],Pentanoyl Coenzyme A,,PDE4g,Nucleotide interconversion
odecrn[r],L-Oleoylcarnitine,,MALTe,Starch and sucrose metabolism
tdca3s[e],Taurodeoxycholic acid 3-sulfate,,r0756,Miscellaneous
dpcoa[l],Dephospho Coenzyme A,,O2tn,"Transport, nuclear"
forglu[c],N-Formimidoyl-L-Glutamate,,r2156,"Transport, extracellular"
CE7097[m],"5-Oxo-12(S)-Hydroxy-Eicosa-6E,8Z,10E,14Z-Tetraenoate",,GLYC3Ptm,"Transport, mitochondrial"
nicrnt[n],Nicotinate D-Ribonucleotide,,PELINL_HSt1e,"Transport, extracellular"
pail3p_hs[n],1-Phosphatidyl-1D-Myo-Inositol 3-Phosphate,,2AMACHYD,"Glycine, serine, alanine, and threonine metabolism"
pmtcrn[x],L-Palmitoylcarnitine,,CLPNDCOAtx,"Transport, peroxisomal"
dhap[m],Dihydroxyacetone Phosphate,,FAOXC150m,Fatty acid oxidation
pchol_hs[r],Phosphatidylcholine,,HMR_2569,"Transport, endoplasmic reticular"
3sala[m],3-Sulfino-L-Alanine,,r0086,Urea cycle
3snpyr[m],3-Sulfinopyruvate,,r2175,"Transport, extracellular"
CE5155[x],Docosenoyl Coenzyme A,,EX_gthrd_e,Exchange/demand reaction
CE5154[x],"Trans,Cis-2,13-Docosadienoyl Coenzyme A",,r0986,"Transport, lysosomal"
dcacoa[x],Decanoyl Coenzyme A (N-C10:0 Coenzyme A),,r2158,"Transport, extracellular"
dc2coa[x],Trans-Dec-2-Enoyl Coenzyme A,,ALAyLATthc,"Transport, extracellular"
acmp[c],acetaminophen/paracetamol,,HSD11B1r,Steroid metabolism
dag_hs[e],Diglyceride,,ACOADH60_m,Fatty acid oxidation
mag_hs[e],Monoacylglycerol 2,,r1299,"Transport, lysosomal"
leu__L[m],L-Leucine,,H2Otn,"Transport, nuclear"
oxa[x],Oxalate,,PCHOL_HStg,"Transport, golgi apparatus"
quln[c],Quinolinic Acid,,4TMEABUTNt1,"Transport, extracellular"
dhmtp[c],"1,2-Dihydroxy-5-(Methylthio)Pent-1-En-3-One",,r0997,"Transport, peroxisomal"
phyt[x],Phytanate,,NDP6,Nucleotide interconversion
3dhdchol[c],3-dehydro-Deoxycholate,,PE203_HSt1e,"Transport, extracellular"
Ser_Gly_Ala_X_Gly[c],Protein-Linked Serine Residue (Glycosaminoglycan Attachment Site),,EX_asp__D_e,Exchange/demand reaction
hdd2crn[e],Trans-Hexadec-2-Enoyl Carnitine,,r1116,"Transport, extracellular"
HC02205[e],Prostaglandin-B2,,r2492,"Transport, extracellular"
HC02205[c],Prostaglandin-B2,,r2013,"Transport, extracellular"
xan[c],Xanthine,,GLXtp,"Transport, peroxisomal"
phom[c],O-Phosphonato-L-Homoserine,,2MOPtm,"Transport, mitochondrial"
M01207[e],"8Z,11Z-Eicosadienoic Acid",,P45017A4r,Steroid metabolism
ptvstlac[r],pitavastatin-lactone,,GALGLUSIDEtg,"Transport, golgi apparatus"
alpam[m],S-Aminomethyldihydrolipoamide,,r2141,"Transport, extracellular"
glac[r],"D-Glucurono-6,3-Lactone",,r1544,"Transport, extracellular"
HC02187[e],"3,3,5-Triiodothyronine",,GDCA3St,"Transport, extracellular"
HC00004[e],Apoa1,,r2017,"Transport, extracellular"
HC00006[e],ApoC1,,C05769te,"Transport, extracellular"
HC00007[e],ApoC2,,r2003,"Transport, extracellular"
HC00008[e],ApoC3,,ECOAR,Fatty acid synthesis
hdl_hs[e],High Density Lipoprotein,,THYOCHOLabc,"Transport, extracellular"
orot[e],Orotate,,3HPVSteb,Drug metabolism
dtmp[m],Deoxythymidine-5-Phosphate,,NACHEXA21ly,Keratan sulfate degradation
din[e],Deoxyinosine,,GQ1Btg,"Transport, golgi apparatus"
dhap[x],Dihydroxyacetone Phosphate,,r2216,"Transport, extracellular"
HC02196[e],Glycoursodeoxycholate,,HMR_0831,"Transport, lysosomal"
HC02196[c],Glycoursodeoxycholate,,r2495,"Transport, extracellular"
crn[e],L-Carnitine,,THYOCHOLt2,"Transport, extracellular"
HC01434[c],Oxalosuccinate,,RE2655R,Vitamin A metabolism
glyc3p[x],Glycerol 3-Phosphate,,r1911,"Transport, extracellular"
pyam5p[c],Pyridoxamine 5-Phosphate,,RE1897C,Urea cycle
pydam[c],Pyridoxamine,,HMR_0235,"Transport, extracellular"
succ[e],Succinate,,ALCD19y,Glycerophospholipid metabolism
M02103[c],Heptadecenoylcarnitine(8),,UDCA3St,"Transport, extracellular"
M02103[m],Heptadecenoylcarnitine(8),,FACOAL2251,Fatty acid oxidation
M02102[c],Heptadecenoylcarnitine(7),,ALAATB0tc,"Transport, extracellular"
M02102[m],Heptadecenoylcarnitine(7),,ILEPHELAT2tc,"Transport, extracellular"
xylu__L[c],L-Xylulose,,LEUATB0tc,"Transport, extracellular"
3dhguln[c],3-Dehydro-L-Gulonate,,MMAte,"Transport, extracellular"
3htdcoa[x],(S)-3-Hydroxytetradecanoyl Coenzyme A,,O16G2e,Starch and sucrose metabolism
HC01412[x],(2E)-Tetradecenoyl Coenzyme A,,FCLT,Heme synthesis
chsterols[c],Cholesterol Sulfate,,PIt9,"Transport, extracellular"
CE5665[c],Leukoaminochrome,,HMR_0419,"Transport, extracellular"
prgstrn[c],Progesterone,,NDPK6m,Nucleotide interconversion
HC02202[e],Prostaglandin-A1,,C05463t1,"Transport, extracellular"
HC02202[c],Prostaglandin-A1,,CLI2tex,"Transport, extracellular"
6dhf[m],Hexaglutamyl Folate (Dhf),,r2385,"Transport, mitochondrial"
7dhf[m],Heptaglutamyl Folate (Dhf),,Pe13_HSt1e,"Transport, extracellular"
ttdca[e],Tetradecanoic Acid,,r1533_1,"Transport, extracellular"
gm1_hs[e],Ganglioside Gm1,,3HAO,Tryptophan metabolism
thr__L[m],L-Threonine,,CARN1619Zt_m,"Transport, mitochondrial"
17ahprgstrn[c],17Alpha-Hydroxyprogesterone,,r2532,"Transport, extracellular"
gudac[e],Guanidinoacetic Acid,,r1528,"Transport, extracellular"
HC02110[r],4Alpha-Methylzymosterol,,MDHm,Citric acid cycle
itp[n],Iinosine-5-Triphosphate,,SPHMYLN18123_hs_SECt,"Transport, extracellular"
M00977[c],"7Alpha,12Alpha,26-Trihydroxycholest-4-En-3-One",,HAS2,Hyaluronan metabolism
M01082[c],"5Beta-Cholestan-7Alpha,12Alpha,27-Triol-3-One",,r1756,"Transport, extracellular"
grdp[c],Geranyl Diphosphate,,GMPS2,Nucleotide interconversion
acmpglut[e],acetaminophen-glutathione-conjugate,,r2338,"Transport, extracellular"
acmpglut[c],acetaminophen-glutathione-conjugate,,SK_tmndnc_c,Exchange/demand reaction
galside_hs[g],D-Galactosyl-N-Acylsphingosine,,DSAT,Sphingolipid metabolism
prostgd2[e],Prostaglandin D2,,GLCt4_2,"Transport, extracellular"
HC01118[r],Presqualene Diphosphate,,r2254,"Transport, extracellular"
his__L[m],L-Histidine,,r0836,"Transport, mitochondrial"
eicostet[c],Omega-3-Arachidonic Acid,,r1523,"Transport, extracellular"
q10h2[c],Ubiquinol-10,,r2149,"Transport, extracellular"
HC00900[c],Methylmalonate,,r2147,"Transport, extracellular"
HC00900[e],Methylmalonate,,r1983,"Transport, extracellular"
3mob[m],3-Methyl-2-Oxobutanoate,,EX_pcholdoc_hs_e,Exchange/demand reaction
val__L[m],L-Valine,,r0186,Glycerophospholipid metabolism
dsmsterol[c],Desmosterol,,FAOXC2251836m,Fatty acid oxidation
acald[x],Acetaldehyde,,ACALDtr,"Transport, endoplasmic reticular"
tetpent3coa[x],"(9Z,12Z,15Z,18Z,21Z)-Tetracosapentaenoyl Coenzyme A",,DNDPt42m,"Transport, mitochondrial"
caproic[c],Caproic Acid,,PI4PLCn,Inositol phosphate metabolism
3ohdcoa[m],3-Oxopalmitoyl Coenzyme A,,2OXOADPTm,Tryptophan metabolism
lnlccrn[x],Linoleyl Carnitine,,GALSIDEtl,"Transport, lysosomal"
gcdca3s[c],Glycochenodeoxycholic acid 3-sulfate,,EX_ala__L_e,Exchange/demand reaction
leuktrF4[e],Leukotriene F4,,r1024,"Transport, endoplasmic reticular"
carn[c],Carnosine,,5HPETATP,"Transport, extracellular"
dlnlcg[e],Dihomo-Gamma-Linolenate,,RE1923C,Tyrosine metabolism
dopaqn[c],L-Dopaquinone,,UREAt5,"Transport, extracellular"
HC01377[m],S-(3-Methylbutanoyl)-Dihydrolipoamide,,CHOLATEt3,"Transport, extracellular"
undcoa[m],Undecanoyl Coenzyme A,,PIK5n,Inositol phosphate metabolism
tridcoa[m],Tridecanoyl Coenzyme A,,COPROSTabc,"Transport, extracellular"
5mthf[e],5-Methyltetrahydrofolate,,L_LACtm,"Transport, mitochondrial"
betald[m],Betaine Aldehyde,,GLNASNNaEx,"Transport, extracellular"
prgnlone[r],Pregnenolone,,C05953t,"Transport, extracellular"
17ahprgnlone[r],17Alpha-Hydroxypregnenolone,,FAS180COA,Fatty acid synthesis
7dhchol[c],"7-Dehydrocholic acid; 7-Oxodeoxycholic acid; 7oxo-3alpha,12alpha-Dihydroxy-5beta-cholan-24-oic acid",,HMR_3106,"Transport, peroxisomal"
7dhchol[e],"7-Dehydrocholic acid; 7-Oxodeoxycholic acid; 7oxo-3alpha,12alpha-Dihydroxy-5beta-cholan-24-oic acid",,SO4OXAtex2,"Transport, extracellular"
HC01397[m],3S-Hydroxyhexadecanoyl Coenzyme A,,HMR_3338,Fatty acid oxidation
arach[e],Arachidic Acid,,r1871,"Transport, extracellular"
crvnc[e],"Cervonic Acid, C22:6 N-3",,r1648,"Transport, extracellular"
elaid[e],(9E)-Octadecenoic Acid,,EX_leuktrD4_e,Exchange/demand reaction
hpdca[e],Margaric Acid,,HMR_3094,Fatty acid oxidation
lnlc[e],Linoleate,,4HGLSDm,Arginine and proline metabolism
nrvnc[e],Nervonic Acid,,GGT6,Eicosanoid metabolism
ocdcea[e],Octadecenoate (N-C18:1),,r1935,"Transport, extracellular"
ptdca[e],Pentadecanoic Acid,,MTHFD2m,Folate metabolism
tmndnc[e],"Timnodonic Acid C20:5, N-3",,ATVLACitr,Drug metabolism
CE2510[e],11-Cis-Eicosenoate,,r1587,"Transport, extracellular"
ttdcea[e],9E-Tetradecenoic Acid (N-C14:1),,FPGS3m,Folate metabolism
M00017[e],13Z-Eicosenoic Acid,,NDPK1n,Nucleotide interconversion
M00021[e],"13Z,16Z-Docosadienoic Acid",,HMR_0406,Fatty acid oxidation
M00115[e],7Z-Octadecenoic Acid,,FE2DMT1,"Transport, extracellular"
M00265[e],"10Z,13Z,16Z-Docosatriynoic Acid",,RE0578C,Fatty acid synthesis
M00341[e],"13Z,16Z,19Z-Docosatrienoic Acid",,FATP6t,"Transport, extracellular"
M01235[e],9Z-Eicosenoic Acid,,HMR_0806,Glycosphingolipid metabolism
M01582[e],11Z-Docosenoic Acid,,HMR_1620,"Transport, mitochondrial"
M02053[e],Heneicosanoic Acid,,CHOLESACATc_1,Cholesterol metabolism
M02457[e],"5Z,8Z,11Z-Eicosatrienoic Acid",,ACNAMtr,"Transport, extracellular"
M02745[e],5Z-Tetradecenoic Acid,,r0924,"Transport, extracellular"
M03051[e],Tridecanoic Acid,,r2330,"Transport, extracellular"
thmpp[c],Thiamine Diphosphate,,VLCS2r,Bile acid synthesis
thmpp[m],Thiamine Diphosphate,,EX_met__L_e,Exchange/demand reaction
hyochol[c],Hyocholic acid; gamma-Muricholate,,GTHRDtr,"Transport, endoplasmic reticular"
hyochol[e],Hyocholic acid; gamma-Muricholate,,SMOX,Beta-Alanine metabolism
4abutn[c],4-Aminobutanal,,r1639,"Transport, extracellular"
3aib__D[m],D-3-Amino-Isobutanoate,,r2304,"Transport, extracellular"
thbpt4acam[c],4A-Hydroxytetrahydrobiopterin,,3DHLCAt,"Transport, extracellular"
3hibutcoa[m],(S)-3-Hydroxyisobutyryl Coenzyme A,,ARACHCPT2,Fatty acid oxidation
nmn[c],Nicotinamide Ribotide,,ADPRDP,Nucleotide interconversion
rnam[c],N-Ribosylnicotinamide,,HACD4m,Fatty acid oxidation
tca3s[c],Taurocholic acid 3-sulfate,,HMR_0431,"Transport, extracellular"
tca3s[e],Taurocholic acid 3-sulfate,,EX_ca2_e,Exchange/demand reaction
CE4989[c],"20-Oh-10,11-Dihydro-Leukotriene B4",,THRALANaEx,"Transport, extracellular"
dchac[e],Deoxycholate,,FAOXC141C121m,Fatty acid oxidation
c226coa[x],Cervonyl Coenzyme A,,EX_ala__D_e,Exchange/demand reaction
2mbcoa[m],2-Methylbutanoyl Coenzyme A,,r1943,"Transport, extracellular"
3mob[c],3-Methyl-2-Oxobutanoate,,GALGLUSIDEtg2,"Transport, extracellular"
andrstrn[c],Androsterone,,PCHOL2LINL_HSt1e,"Transport, extracellular"
andrstandn[c],"5Alpha-Androstane-3,17-Dione",,3HPVShc,Drug metabolism
thmmp[c],Thiamin Monophosphate,,HMGLx,Cholesterol metabolism
CE2873[c],"3,5-Diiodo-L-Thyronine 4-O-Sulfate",,EX_pcholn226_hs_e,Exchange/demand reaction
CE2872[c],"3,5-Diiodo-L-Thyronine",,EX_glc__D_e,Exchange/demand reaction
3ohdcoa[x],3-Oxopalmitoyl Coenzyme A,,r1968,"Transport, extracellular"
tdcoa[x],Myristoyl Coenzyme A,,DRBK,Pentose phosphate pathway
xol7ah2al[m],"3Alpha,7Alpha-Dihydroxy-5Beta-Cholestan-26-Al",,r2384,"Transport, mitochondrial"
nrvnccoa[x],Cis-15-Tetracosenoyl Coenzyme A,,DM_pe_hs_c,Exchange/demand reaction
M00879[x],3-Oxo-Hexacosenoyl Coenzyme A,,PTE2x,Fatty acid oxidation
leuktrB4[r],Leukotriene B4,,r1551,"Transport, extracellular"
CE0347[r],12-Hydroxyeicosatetraenoate,,IPDPtx,"Transport, peroxisomal"
M02758[c],Phosphatidyl-N-Dimethylethanolamine,,GALt4,"Transport, extracellular"
srtn[e],Serotonin,,EX_lcts_e,Exchange/demand reaction
HC02192[e],Taurolithocholate,,EX_cgly_e,Exchange/demand reaction
sarcs[x],Sarcosine,,r1788,"Transport, extracellular"
CE1944[c],1-Pyrroline,,r1785,"Transport, extracellular"
dnad[c],Deamino-Nad+,,HMR_0653,Glycerophospholipid metabolism
3hbcoa[m],(S)-3-Hydroxybutanoyl Coenzyme A,,ARACHCOAtx,"Transport, peroxisomal"
3mhis[c],3-Methylhistidine,,r2195,"Transport, extracellular"
3mhis[e],3-Methylhistidine,,DCSPTN1COAtxc,"Transport, peroxisomal"
gca3s[c],Glycocholic acid 3-sulfate,,HC02197c,Bile acid synthesis
gca3s[e],Glycocholic acid 3-sulfate,,EX_lys__L_e,Exchange/demand reaction
dmnoncoa[c],"4,8 Dimethylnonanoyl Coenzyme A",,r0936,"Transport, endoplasmic reticular"
peste_hs[c],1-Stearoylglycerophosphoethanolamine,,NADPHtru,"Transport, endoplasmic reticular"
lca3s[c],Lithocholic acid 3-sulfate,,r1636,"Transport, extracellular"
lca3s[e],Lithocholic acid 3-sulfate,,DURItn,"Transport, nuclear"
ttdcrn[e],Tetradecenoylcarnitine(5),,P45011A1m,Steroid metabolism
ldl_hs[e],Low Density Lipoprotein,,GLCter,"Transport, endoplasmic reticular"
tethex3coa[x],"Tetracosa-6,9,12,15,18,21-All-Cis-Hexaenoyl Coenzyme A",,r0859,Purine catabolism
lald__L[c],(S)-Lactaldehyde,,TCHOLAt3,"Transport, extracellular"
udpxyl[c],Uridine-5-Diphosphate-Alpha-D-Xylose,,EX_pvs_e,Exchange/demand reaction
tethex3[c],"6Z,9Z,12Z,15Z,18Z,21Z-Tetracosahexaenoic Acid",,r2283,"Transport, extracellular"
hdcecrn[e],Palmitoleoyl-Carnitine,,TCDCA3St,"Transport, extracellular"
odecoa[x],Octadecenoyl Coenzyme A (N-C18:1 Coenzyme A),,METyLATthc,"Transport, extracellular"
HC00718[c],N-Methylethanolaminium Phosphate,,CYTDtn,"Transport, nuclear"
arachd[l],Arachidonate,,EX_6dhf_e,Exchange/demand reaction
pac[c],Phenylacetate,,FACOAE160,Fatty acid oxidation
34dhmald[m],"3,4-Dihydroxymandelaldehyde",,EX_ha_e,Exchange/demand reaction
34dhoxmand[m],"3,4-Dihydroxymandelate",,AASAD3,Lysine metabolism
dgsn[e],Deoxyguanosine,,HMR_2495,Fatty acid synthesis
acetone[c],Acetone,,r1547,"Transport, extracellular"
asp__L[e],L-Aspartate,,PHCHGSm,Arginine and proline metabolism
hdcea[l],Hexadecenoate (N-C16:1),,GBA,Sphingolipid metabolism
nac[e],Nicotinate,,EX_M00010_e,Exchange/demand reaction
nac[c],Nicotinate,,12DHCHOLt2,"Transport, extracellular"
fald[x],Formaldehyde,,IBUP_Rtdhep,Drug metabolism
tcynt[m],Thiocyanate,,r1996,"Transport, extracellular"
cholcoa[r],Choloyl Coenzyme A,,HOMt4,"Transport, extracellular"
thm[c],Thiamin,,r1828,"Transport, extracellular"
nrpphr[e],Norepinephrine,,ECOAH5p,Fatty acid oxidation
3mop[m],3-Methyl-2-Oxopentanoate,,r1575,"Transport, extracellular"
4izp[c],4-Imidazolone-5-Propanoate,,PYK4,Glycolysis/gluconeogenesis
dlnlcgcrn[r],"8Z,11Z,14Z-Eicosatrienoylcarnitine",,r1011,"Transport, endoplasmic reticular"
23dh1i56dio[c],"2,3-Dihydro-1H-Indole-5,6-Dione",,TMNDNCCOAtx,"Transport, peroxisomal"
ala__D[x],D-Alanine,,HMR_6839,Phenylalanine metabolism
CE2084[m],"5-Oxo-(6E,8Z,11Z,14Z)-Eicosatetraenoic Acid",,HMR_9805,Glycerophospholipid metabolism
xol7aone[e],7Alpha-Hydroxycholest-4-En-3-One,,RE2659R,Vitamin A metabolism
56dthm[m],"5,6-Dihydrothymine",,FAOXC22C20x,Fatty acid oxidation
stcrn[e],O-Octadecanoyl-R-Carnitine,,HMR_3229,Fatty acid oxidation
CE1273[c],"5Beta-Cholestane-3Alpha,7Alpha,12Alpha,24S,25-Pentol",,INSTt4_2,"Transport, extracellular"
CE1273[e],"5Beta-Cholestane-3Alpha,7Alpha,12Alpha,24S,25-Pentol",,r1791,"Transport, extracellular"
acgam[r],N-Acetyl-D-Glucosamine,,r2010,"Transport, extracellular"
3odcoa[x],3-Oxodecanoyl Coenzyme A,,RE0456N,Pyrimidine synthesis
xoltetrol[m],"5Beta-Cholestane-3Alpha,7Alpha,12Alpha,26-Tetrol",,ACt2r,"Transport, extracellular"
thcholst[m],"3Alpha,7Alpha,12Alpha-Trihydroxy-5Beta-Cholestan-26-Al",,r1613,"Transport, extracellular"
CE4874[c],"5Beta-Cholestane-3Alpha,7Alpha,12Alpha,27,27-Pentaol",,PPAtr,"Transport, extracellular"
noncoa[m],Nonanoyl Coenzyme A,,XOLEST183te,"Transport, extracellular"
hepcoa[m],Heptanoyl Coenzyme A,,r1920,"Transport, extracellular"
ibup__S[e],ibuprofen-S,,DNDPt5m,"Transport, mitochondrial"
so4[m],Sulfate,,FOLt2_1,"Transport, extracellular"
HC01712[m],S-Glutaryldihydrolipoamide,,STRDNCt,"Transport, extracellular"
ncam[c],Nicotinamide,,DAG_HStg,"Transport, golgi apparatus"
3hpvscoa[m],3-S-hydroxy-pravastatin-CoA,,HMR_0254,"Transport, extracellular"
3hpvstetcoa[m],3-S-hydroxy-pravastatin-tetranor-CoA,,GLYCLTDym,Glyoxylate and dicarboxylate metabolism
3otdcoa[m],3-Oxotetradecanoyl Coenzyme A,,GLCt4,"Transport, extracellular"
CE4987[c],"10,11-Dihydro-Leukotriene B4",,Ht,"Transport, extracellular"
dad_2[e],2-Deoxyadenosine,,r2314,"Transport, extracellular"
tym[e],Tyramine,,5AOPt2,"Transport, extracellular"
pglyc_hs[e],Phosphatidylglycerol,,PYK2,Glycolysis/gluconeogenesis
lneldccrn[e],"6Z,9Z-Octadecadienoylcarnitine",,r1772,"Transport, extracellular"
HC02121[c],Hydroxymethylglutathione,,AMPtp,"Transport, peroxisomal"
cbp[r],Carbamoyl Phosphate,,PCHOLN183_HSt1e,"Transport, extracellular"
cala[e],N-Carbamoyl-Beta-Alaninate,,HMR_3023,"Transport, peroxisomal"
pa_hs[r],Phosphatidate,,r2447,"Transport, extracellular"
inost[r],Myo-Inositol,,r2237,"Transport, extracellular"
HC01376[m],S-(2-Methylbutanoyl)-Dihydrolipoamide,,HMR_0232,"Transport, extracellular"
CE5153[x],3(S)-Hydroxy-13Cis-Docosenoyl Coenzyme A,,3DHCDCHOLt2,"Transport, extracellular"
C04717[e],13-L-Hydroperoxylinoleic Acid,,THCHOLSTOICt,"Transport, extracellular"
malcoa[x],Malonyl Coenzyme A,,r1731,"Transport, extracellular"
M00004[m],10Z-Heptadecenoyl Coenzyme A,,FAOXC10C10OHm,Fatty acid oxidation
clpnd[c],Docosapentaenoic Acid,,KSII_CORE4tly,"Transport, lysosomal"
M01075[c],"Androst-5-Ene-3,17-Dione",,SK_focytb5_c,
xylt[c],Xylitol,,r2420,"Transport, mitochondrial"
gd1b_hs[e],Gd1B,,HMR_0467,"Transport, endoplasmic reticular"
gt1b_hs[e],Gt1B,,SPHMYLN181181_hs_SECt,"Transport, extracellular"
icit[x],Isocitric Acid,,UAG4Ei,Aminosugar metabolism
chol[r],Choline,,NDPK6n,Nucleotide interconversion
phpyr[m],Keto-Phenylpyruvate,,COAtl,"Transport, lysosomal"
glyb[e],Glycine Betaine,,r1787,"Transport, extracellular"
hxan[c],Hypoxanthine,,PHETA1,Phenylalanine metabolism
asp__L[m],L-Aspartate,,ADRNLPVESSEC_1,"Transport, extracellular"
asn__L[m],L-Asparagine,,r0731,Fatty acid oxidation
f1a[g],F1Alpha,,RE2814M,Bile acid synthesis
meoh[c],Methanol,,SK_34dhpac_c,Exchange/demand reaction
HC02136[c],Glycogenin-G7G1,,PCHOLDOC_HSt1e,"Transport, extracellular"
tetpent6[c],"6Z,9Z,12Z,15Z,18Z-Tetracosapentaenoic Acid",,NDPK4n,Nucleotide interconversion
thm[e],Thiamin,,TUDCA3Sabc,"Transport, extracellular"
ddcacoa[x],Lauroyl Coenzyme A,,r0732,Fatty acid oxidation
spc_hs[c],Sphingosylphosphorylcholine,,LVACLAChep,Drug metabolism
fvsgluc[r],fluvstatin-glucuronide,,UCHOLabc,"Transport, extracellular"
tlacfvs[r],trans-lactone-fluvastatin,,GLYCK2,Glyoxylate and dicarboxylate metabolism
ethamp[r],Ethanolamine Phosphate,,r2161,"Transport, extracellular"
M00979[c],"7Alpha,26-Dihydroxycholest-4-En-3-One",,RE1099C,Steroid metabolism
M01084[c],"7Alpha,26-Dihydroxy-5Beta-Cholestan-3-One",,DNDPt11m,"Transport, mitochondrial"
thmtp[c],Thiamine-Triphosphate,,3DHCHOLabc,"Transport, extracellular"
CE4990[x],12-Oxo-Leukotriene B4,,3DHLCAt2,"Transport, extracellular"
CE5944[x],"10,11-Dihydro-12-Oxo-Ltb4",,P5CRm,Arginine and proline metabolism
xol7ah3[e],"5Beta-Cholestane-3Alpha,7Alpha,26-Triol",,34DHALDD,Tyrosine metabolism
ribflv[e],Riboflavin,,r1520,"Transport, extracellular"
3mop[c],3-Methyl-2-Oxopentanoate,,r2375,"Transport, mitochondrial"
CE2870[c],"3,3-Diiodo-L-Thyronine 4-O-Sulfate",,EX_pailste_hs_e,Exchange/demand reaction
acetone[m],Acetone,,MCD,Fatty acid oxidation
glyclt[x],Glycolate,,MTHFR3,Folate metabolism
whhdca[r],Omega Hydroxy Hexadecanoate (N-C16:0),,ORNDC,Urea cycle
fmn[e],Flavin Mononucleotide,,GLYATm,"Glycine, serine, alanine, and threonine metabolism"
7klitchol[c],7-Ketolithocholate,,r2325,"Transport, extracellular"
xol7a[r],20-Hydroxycholesterol,,r0998,"Transport, endoplasmic reticular"
gullac[c],"L-Gulono-1,4-Lactone",,O2Stn,"Transport, nuclear"
dlnlcg[l],Dihomo-Gamma-Linolenate,,HEXDIACATP,"Transport, extracellular"
tsul[e],Thiosulfate,,THRPHELAT2tc,"Transport, extracellular"
HC00617[c],Ferricytochrome B5,,DHCHOLESTANATEtm,"Transport, peroxisomal"
HC00619[c],Ferrocytochrome B5,,ORNLEUrBATtc,"Transport, extracellular"
HC02180[c],"9S,11,15S-Trihydroxy-Thromboxa-5Z,13E-Dien-1-Oic Acid",,r2526,"Transport, extracellular"
gcdca3s[e],Glycochenodeoxycholic acid 3-sulfate,,HMR_0317,"Transport, extracellular"
rsv[r],rosuvastatin,,KSII_CORE4t,"Transport, extracellular"
xoltri27[c],"7Alpha,27-Dihydroxycholesterol",,H2OGLYAQPt,"Transport, extracellular"
xol27oh[c],27-Hydroxycholesterol,,EX_pelinl_hs_e,Exchange/demand reaction
nh4[r],Ammonium,,ALR3,Pyruvate metabolism
nrvnc[c],Nervonic Acid,,r2368,"Transport, extracellular"
eandrstrn[r],16Alpha-Hydroxydehydroepiandrosterone,,COAtp,"Transport, peroxisomal"
CE6230[c],"15-Hydroperoxyeicosa-8Z,11Z,13E-Trienoate",,P45027A14m,Bile acid synthesis
itacon[m],Itaconic Acid,,HIStiDF,"Transport, extracellular"
pristanal[c],Pristanal,,r1603,"Transport, extracellular"
gm1b_hs[e],Gm1B,,SMVitr,Drug metabolism
atvlacgluc[r],atorvastatin-lactone-ether-glucuronide / G3,,r0002,"Transport, endoplasmic reticular"
ptvstgluc[r],pitavastatin-glucuronide,,HMR_2633,Fatty acid oxidation
HC10857[m],(S)-3-Hydroxyoleyleoyl Coenzyme A,,r1990,"Transport, extracellular"
bilirub[r],Bilirubin,,ARTCOAL1_cho,R group synthesis
phe__L[m],L-Phenylalanine,,ETHAAL,Glycerophospholipid metabolism
M01237[m],9Z-Heptadecenoyl Coenzyme A,,MDHp,Citric acid cycle
dodecanac[e],Dodecanedioic Acid,,PCHOLN28_HSte,"Transport, extracellular"
prostgi2[c],Prostaglandin I2,,ALAGLNNaEx,"Transport, extracellular"
CE4988[x],"10,11-Dihydro-12-Epi-Leukotriene B4",,FRUt4,"Transport, extracellular"
hexc[c],Cerotic Acid,,TMDOATthc,Drug metabolism
creat[e],Creatine,,FAOXC2051843m,Fatty acid oxidation
odecrn[e],L-Oleoylcarnitine,,ARGB0AT3tc,"Transport, extracellular"
glyb[m],Glycine Betaine,,ALAB0AT3tc,"Transport, extracellular"
HC02180[e],"9S,11,15S-Trihydroxy-Thromboxa-5Z,13E-Dien-1-Oic Acid",,r0287,Fatty acid oxidation
leuktrB4[e],Leukotriene B4,,MERACMPthc,Drug metabolism
42A3HP24DB[c],"4-(2-Amino-3-Hydroxyphenyl)-2,4-Dioxobutanoate",,AK2LGCHOLABCt,"Transport, extracellular"
C04805[e],5-Hydroxyeicosatetraenoate,,THCHOLSTOICATP,"Transport, extracellular"
gthox[r],Glutathione Disulfide (Oxidized Glutathione),,NADS1n,NAD metabolism
C02470[c],Xanthurenic Acid,,r1554,"Transport, extracellular"
HC10859[m],Malonyl-Carnitin,,HSD17B1,Steroid metabolism
CE4874[m],"5Beta-Cholestane-3Alpha,7Alpha,12Alpha,27,27-Pentaol",,r2262,"Transport, extracellular"
HC02193[e],Glycolithocholate,,UDPG1P,Pentose phosphate pathway
thcholstoic[r],"3Alpha,7Alpha,12Alpha-Trihydroxy-5Beta-Cholestanoate",,r2273,"Transport, extracellular"
cholcoar[r],"(25R)-3Alpha,7Alpha,12Alpha-Trihydroxy-5Beta-Cholestan-26-Oyl Coenzyme A",,ADNK1,Nucleotide interconversion
11_cis_retfa[c],Fatty Acid 11-Cis-Retinol,,4HATVLACitr,Drug metabolism
M01389[c],Beta-D-Glucose-6-Phosphate,,r1020,"Transport, mitochondrial"
prostgi2[e],Prostaglandin I2,,PRISTtx,"Transport, peroxisomal"
CE5157[x],3(S)-Hydroxy-Cis-15-Tetracosaenoyl Coenzyme A,,HMR_9674,"Transport, nuclear"
CE5156[x],3-Oxo-Cis-15-Tetracosaenoyl Coenzyme A,,AHCYStm,"Transport, mitochondrial"
dca3s[e],Deoxycholic acid 3-sulfate,,C03990t,"Transport, extracellular"
tmndnccrn[r],"5Z,8Z,11Z,14Z,17Z-Eicosapentaenoylcarnitine",,FPGS3,Folate metabolism
C04805[r],5-Hydroxyeicosatetraenoate,,PEOLE_HSt1e,"Transport, extracellular"
HC01407[m],3S-Hydroxy-Hexanoyl Coenzyme A,,HMR_2281,Fatty acid synthesis
10fthf5glu[m],10-Formyltetrahydrofolate-[Glu](5),,r2293,"Transport, extracellular"
CE2875[c],3-Monoiodo-L-Thyronine 4-O-Sulfate,,r1026,"Transport, extracellular"
CE2874[c],3-Monoiodo-L-Thyronine,,SPODMx,ROS detoxification
thmmp[m],Thiamin Monophosphate,,DADA,Nucleotide interconversion
HC00576[c],Homocarnosine,,5ADTSTSTERONESULT,Steroid metabolism
mmcoa__R[m],(R)-Methylmalonyl Coenzyme A,,SK_asn__L_c,Exchange/demand reaction
xol24oh[r],(24S)-24-Hydroxycholesterol,,r1570,"Transport, extracellular"
xoltri24[r],"(24S)-7Alpha,24-Dihydroxycholesterol",,r2328,"Transport, extracellular"
mag_hs[c],Monoacylglycerol 2,,ICDHxm,Citric acid cycle
cytd[m],Cytidine,,CHSTEROLt,"Transport, extracellular"
3moxtyr[e],3-Methoxytyramine,,r0755,Miscellaneous
leuktrB4[x],Leukotriene B4,,HISSNAT5tc,"Transport, extracellular"
HC01405[x],3S-Hydroxy-Octanoyl Coenzyme A,,MECOALm,C5-branched dibasic acid metabolism
HC01406[x],3-Oxo-Octanoyl Coenzyme A,,PYDXNK,Vitamin B6 metabolism
10fthf6glu[m],10-Formyltetrahydrofolate-[Glu](6),,UAGALDP,Aminosugar metabolism
gudca3s[c],Glycoursodeoxycholic acid 3-sulfate,,FACOAL1813,Fatty acid oxidation
gudca3s[e],Glycoursodeoxycholic acid 3-sulfate,,RE1342C,Fructose and mannose metabolism
3dhdchol[e],3-dehydro-Deoxycholate,,OXAHCOtex,"Transport, extracellular"
lnlccrn[e],Linoleyl Carnitine,,SPHMYLN181201_hs_SECt,"Transport, extracellular"
lthstrl[c],5Alpha-Cholest-7-En-3Beta-Ol,,RETH,Vitamin A metabolism
CE0233[c],"5Beta-Cholestane-3Alpha,7Alpha,27-Triol",,r2255,"Transport, extracellular"
dhcholestanate[e],"3Alpha,7Alpha-Dihydroxy-5Beta-Cholestanate",,r2227,"Transport, extracellular"
HC02204[e],Prostaglandin-B1,,H2O2tp,"Transport, peroxisomal"
HC02204[c],Prostaglandin-B1,,LKYNRtr2,"Transport, extracellular"
CE1925[c],3-Carboxy-Alpha-Chromanol,,r2482,"Transport, extracellular"
CE5853[c],Alpha-Cehc-Glucuronide,,r2396,"Transport, mitochondrial"
HC10859[c],Malonyl-Carnitin,,HMGCOASm,Cholesterol metabolism
leuktrE4[e],Leukotriene E4,,PAFH,Glycerophospholipid metabolism
retinal_cis_9[r],All-Trans-Retinal,,HMR_1033,Arachidonic acid metabolism
idp[n],Inosine-5-Diphosphate,,RE3470C,Arachidonic acid metabolism
smvacid[c],simvastatin dihydroxy acid form,,HMR_0414,Fatty acid oxidation
34dhphe[e],L-Dopa,,DNDPt24m,"Transport, mitochondrial"
ocdcea[l],Octadecenoate (N-C18:1),,MI1P_Dtn,"Transport, nuclear"
chol[g],Choline,,r0717,Fatty acid oxidation
pa_hs[g],Phosphatidate,,FATP5t,"Transport, extracellular"
guln__L[c],L-Gulonate,,FATP8t,"Transport, extracellular"
CE2089[c],S-[2-Carboxy-1-(1 H-Imidazol-4-Yl)Ethyl]-L-Cysteine,,SK_cholate_c,Exchange/demand reaction
CE2088[c],N-Acetyl-S-[2-Carboxy-1-(1 H-Imidazol-4-Yl)Ethyl]-L-Cysteine,,RE1134C,Steroid metabolism
prostge2[m],Prostaglandin E2,,r2391,"Transport, mitochondrial"
acrn[e],O-Acetylcarnitine,,OCBTm,Urea cycle
Lfmkynr[c],N-Formyl-L-Kynurenine,,HMR_1037,Arachidonic acid metabolism
5forthf[c],5-Formiminotetrahydrofolate,,SK_glygn2_c,Exchange/demand reaction
sphings[e],Sphingosine,,r2297,"Transport, extracellular"
rsvgluc[r],rosuvastatin-glucuronide,,PAFt,"Transport, extracellular"
CE6252[c],Urate Radical,,r0879,"Transport, extracellular"
C01041[c],Monodehydroascorbate,,C181CPT2,Fatty acid oxidation
CE1617[r],9-Cis-Retinoate,,SO4CLtex2,"Transport, extracellular"
uri[n],Uridine,,r2224,"Transport, extracellular"
arach[c],Arachidic Acid,,DNDPt25m,"Transport, mitochondrial"
HC00591[c],2-Oxoglutaramate,,r2364,"Transport, extracellular"
56dura[e],"5,6-Dihydrouracil",,GCCam,"Glycine, serine, alanine, and threonine metabolism"
thym[m],Thymine,,RE1834M,Bile acid synthesis
M00673[c],2-Phenylacetamide,,C03990ATP,"Transport, extracellular"
HC10859[x],Malonyl-Carnitin,,SPHPL,Sphingolipid metabolism
strdnc[l],"Stearidonic Acid C18:4, N-3",,r2211,"Transport, extracellular"
cyan[m],Hydrogen Cyanide,,ARGtm,"Transport, mitochondrial"
crm_hs[e],N-Acylsphingosine,,ASPDTDe,"Transport, extracellular"
5thf[c],Pentaglutamyl Folate (Thf),,r1921,"Transport, extracellular"
HC02217[e],Prostaglandin-G2,,EX_hspg_e,Exchange/demand reaction
HC02217[c],Prostaglandin-G2,,r1514,"Transport, extracellular"
ca3s[c],Cholic acid 3-sulfate,,r2208,"Transport, extracellular"
HC01434[x],Oxalosuccinate,,r0571,"Valine, leucine, and isoleucine metabolism"
pail34p_hs[n],"1-Phosphatidyl-1D-Myo-Inositol 3,4-Bisphosphate",,RE1836C,Bile acid synthesis
xol25oh[r],25-Hydroxycholesterol,,HMR_0769,"Transport, lysosomal"
r5p[r],Alpha-D-Ribose 5-Phosphate,,RE3198C,Tyrosine metabolism
mepi[e],Metanephrine,,HISTAtu,"Transport, extracellular"
5fthf[m],5-Formyltetrahydrofolate,,FAOXC5C3x,Fatty acid oxidation
so3[e],Sulfite,,PCHOLEIC_HSt1e,"Transport, extracellular"
isochol[c],"Isochenodeoxycholic acid; 3beta,7alpha,12alpha-Trihydroxy-5beta-cholanic acid",,r1858,"Transport, extracellular"
isochol[e],"Isochenodeoxycholic acid; 3beta,7alpha,12alpha-Trihydroxy-5beta-cholanic acid",,ASCBOX_1,Vitamin C metabolism
lnlncgcoa[x],Gamma-Linolenoyl Coenzyme A,,HMR_2821,"Transport, endoplasmic reticular"
gq1b_hs[e],Gq1B,,GLYCLm,"Transport, extracellular"
gluside_hs[g],D-Glucosyl-N-Acylsphingosine,,PEPALM_HSt1e,"Transport, extracellular"
prgstrn[r],Progesterone,,HSD17B7r,Steroid metabolism
bilglcur[r],Mono(Glucosyluronic Acid)Bilirubin,,SO4t4_2,"Transport, extracellular"
HC00682[m],S-Acetyldihydrolipoamide,,TDCA3St,"Transport, extracellular"
h2o2[n],Hydrogen Peroxide,,DPCOAtl,"Transport, lysosomal"
56dthm[e],"5,6-Dihydrothymine",,RE3470M,Arachidonic acid metabolism
HC02203[m],Prostaglandin-A2,,12DHCHOLt,"Transport, extracellular"
3hdcoa[x],(S)-3-Hydroxydecanoyl Coenzyme A,,EX_ins_e,Exchange/demand reaction
CE4855[x],"12Z,15Z,18Z,21Z-Tetracosatetraenoyl Coenzyme A",,NNATn,NAD metabolism
dcyt[e],Deoxycytidine,,GD3tlc,"Transport, lysosomal"
20ahchsterol[r],20-Hydroxycholesterol,,PIK3n,Inositol phosphate metabolism
etoh[x],Ethanol,,r2197,"Transport, extracellular"
glyc2p[c],Glycerol 2-Phosphate,,r0437,Fatty acid oxidation
C02712[m],N-Acetylmethionine,,THMDt4,"Transport, extracellular"
estrones[r],Estrone 3-Sulfate,,r0509,Citric acid cycle
fald[m],Formaldehyde,,THRASNNaEx,"Transport, extracellular"
HC00664[c],D-Tagatofuranose 6-Phosphate,,r1655,"Transport, extracellular"
tchola[x],Taurocholic acid,,G3PD1irm,Glycerophospholipid metabolism
urcan[c],Urocanate,,r1612,"Transport, extracellular"
acmpglu[c],Acetaminophen glucuronide,,FAOXC2252053x,Fatty acid oxidation
acmpglu[e],Acetaminophen glucuronide,,ATVACIDtu,Drug metabolism
HC01180[c],"D-Tagatofuranose 1,6-Bisphosphate",,ALCD22_D,Pyruvate metabolism
20ahchsterol[m],20-Hydroxycholesterol,,GLNB0AT3tc,"Transport, extracellular"
M03047[x],Tricosanoyl Coenzyme A,,FA40COAtm,"Transport, mitochondrial"
na1[r],Sodium,,r2168,"Transport, extracellular"
CE5144[x],3-Oxo-11-Cis-Eicosenoyl Coenzyme A,,ATPtx,"Transport, peroxisomal"
co2[g],Carbon Dioxide,,FE2t,"Transport, extracellular"
udpxyl[g],Uridine-5-Diphosphate-Alpha-D-Xylose,,r2037,"Transport, extracellular"
HC01496[m],2-Amino-3-Oxoadipate,,r2499,"Transport, peroxisomal"
CE5946[c],"10,11-Dihydro-20-Trihydroxy-Leukotriene B4",,r1517,"Transport, extracellular"
fe3[c],Iron (Fe3+),,PRISTCOAtcx,"Transport, peroxisomal"
dha[e],Glycerone,,PCHOL_HSter,"Transport, endoplasmic reticular"
dhap[e],Dihydroxyacetone Phosphate,,3SALATAim,Methionine and cysteine metabolism
7klitchol[e],7-Ketolithocholate,,Kt3r,"Transport, extracellular"
acmp[e],acetaminophen/paracetamol,,HMR_3334,Fatty acid oxidation
dhf[m],"7,8-Dihydrofolate",,r2042,"Transport, extracellular"
CE5152[x],3-Oxo-13Cis-Docosenoyl Coenzyme A,,ACOAO4p,Fatty acid oxidation
4aphdob[c],"4-(2-Aminophenyl)-2,4-Dioxobutanoate",,LPS2e,Fatty acid oxidation
3otdcoa[x],3-Oxotetradecanoyl Coenzyme A,,PETOHMr_hs,Glycerophospholipid metabolism
3oddcoa[x],3-Oxododecanoyl Coenzyme A,,LEUTAm,"Valine, leucine, and isoleucine metabolism"
amuco[c],2-Aminomuconate,,OXAtp,"Transport, peroxisomal"
am6sa[c],2-Aminomuconate 6-Semialdehyde,,P45019A1r,Steroid metabolism
xoltriol[m],"5Beta-Cholestane-3Alpha,7Alpha,12Alpha-Triol",,SK_Tyr_ggn_c,Exchange/demand reaction
CE5158[x],"Trans,Cis-2,15-Tetracosadienoyl Coenzyme A",,Ser_Thrtg,"Transport, golgi apparatus"
dhlpro[m],Dihydrolipolprotein,,FOLR2,Folate metabolism
HC02228[c],Hexadecenal,,GCHOLAt,"Transport, extracellular"
chsterol[g],Cholesterol,,r1949,"Transport, extracellular"
9_cis_retfa[c],Fatty Acid 9-Cis-Retinol,,CYSB0AT3tc,"Transport, extracellular"
prgnlones[c],Pregnenolone Sulfate,,r1877,"Transport, extracellular"
3hddcoa[m],(S)-3-Hydroxydodecanoyl Coenzyme A,,ACDO,Methionine and cysteine metabolism
gm2_hs[g],N-Acetyl-Beta-D-Galactosaminyl-(1->4)-[Alpha-N-Acetylneuraminosyl-(2->3)]-Beta-D-Galactosyl-Beta-D-Glucosyl-(1<->1)-Ceramide Anion,,EX_2hatvacid_e,Exchange/demand reaction
glu5sa[c],L-Glutamate 5-Semialdehyde,,PTE4x,Fatty acid oxidation
10fthf7glu[m],10-Formyltetrahydrofolate-[Glu](7),,SERATB0tc,"Transport, extracellular"
ca3s[e],Cholic acid 3-sulfate,,r1567,"Transport, extracellular"
M03016[x],"Trans,Cis-2,17-Hexacosadienoyl Coenzyme A",,EX_pcholn204_hs_e,Exchange/demand reaction
M00715[x],3(S)-Hydroxy-Hexacosenoyl Coenzyme A,,HMR_7197,O-glycan metabolism
3oddcoa[m],3-Oxododecanoyl Coenzyme A,,NDPK8n,Nucleotide interconversion
fad[e],Flavin Adenine Dinucleotide Oxidized,,PE226_HSt1e,"Transport, extracellular"
HC10856[m],"Trans,Cis-Octadeca-2,9-Dienoyl Coenzyme A",,r1953,"Transport, extracellular"
digalside_hs[c],Digalactosylceramide,,RE1925C,Tyrosine metabolism
met__L[m],L-Methionine,,HDD2CRNte,"Transport, extracellular"
6hoxmelatn[c],6-Hydroxymelatonin,,r2267,"Transport, extracellular"
CE1926[c],Gama-Carboxyethyl-Hydroxychroman,,THRS,"Glycine, serine, alanine, and threonine metabolism"
CE5854[c],Gama-Cehc-Glucuronide,,Kt1,"Transport, extracellular"
CE5148[x],3(S)-Hydroxy-11-Cis-Eicosenoyl Coenzyme A,,HMR_0303,"Transport, extracellular"
M01724[r],Docosanoylcarnitine,,PTVSThc,Drug metabolism
man[e],D-Mannose,,GCC2am,"Glycine, serine, alanine, and threonine metabolism"
2mpdhl[m],S-(2-Methylpropanoyl)-Dihydrolipoamide,,GLACter,"Transport, endoplasmic reticular"
dmgly[m],"N,N-Dimethylglycine",,r2214,"Transport, extracellular"
mi13p[c],"1D-Myo-Inositol 1,3-Bisphosphate",,EX_paf_hs_e,Exchange/demand reaction
gm1_hs[g],Ganglioside Gm1,,DGK1,Nucleotide interconversion
CE5945[c],"10,11-Dihydro-20-Dihydroxy-Leukotriene B4",,OROTGLUt,"Transport, extracellular"
ps_hs[e],Phosphatidylserine,,RE0452M,Pyrimidine synthesis
C05770[e],Coproporphyrin Iii,,DINt,"Transport, extracellular"
dump[n],Deoxyuridine-5-Monophosphate,,ALAtmi,"Transport, mitochondrial"
5dhf[m],Pentaglutamyl Folate (Dhf),,EX_pchol2linl_hs_e,Exchange/demand reaction
M00245[c],"1,2-Dihydroxy-5-(Methylthio)Pent-1-En-3-One",,r1428,"Transport, peroxisomal"
5thf[m],Pentaglutamyl Folate (Thf),,TYMc,Tyrosine metabolism
HC00009[c],ApoE,,r1819,"Transport, extracellular"
,,,URIt5,"Transport, extracellular"
,,,EX_pailpalm_hs_e,Exchange/demand reaction
,,,FAOXC204,Fatty acid oxidation
,,,r2181,"Transport, extracellular"
,,,CRNATBtc,"Transport, extracellular"
,,,r1744,"Transport, extracellular"
,,,r2308,"Transport, extracellular"
,,,r0422,Miscellaneous
,,,r0202,Glycolysis/gluconeogenesis
,,,r1562,"Transport, extracellular"
,,,TYRt,"Transport, extracellular"
,,,HYPOE,Vitamin B6 metabolism
,,,EX_gdp_e,Exchange/demand reaction
,,,r2000,"Transport, extracellular"
,,,PPItm,"Transport, mitochondrial"
,,,HKt,"Transport, extracellular"
,,,HMR_3520,"Transport, mitochondrial"
,,,EX_gly_e,Exchange/demand reaction
,,,CRNtp,"Transport, peroxisomal"
,,,HMR_9610,"Transport, extracellular"
,,,EX_itp_e,Exchange/demand reaction
,,,ARTCOAL2_cho,R group synthesis
,,,AMPtn,"Transport, nuclear"
,,,DCYTtm,"Transport, mitochondrial"
,,,EX_5thf_e,Exchange/demand reaction
,,,BTNtn,"Transport, nuclear"
,,,HMR_2652,"Transport, mitochondrial"
,,,r1912,"Transport, extracellular"
,,,FADH2ETC,Oxidative phosphorylation
,,,HMR_2649,"Transport, mitochondrial"
,,,ACNAMtn,"Transport, nuclear"
,,,DGULND,Pentose phosphate pathway
,,,r2143,"Transport, extracellular"
,,,RE3525C,Arachidonic acid metabolism
,,,EX_xolest183_hs_e,Exchange/demand reaction
,,,r0721,Fatty acid oxidation
,,,STS3,Steroid metabolism
,,,OCDEAFABP1tc,"Transport, endoplasmic reticular"
,,,PPItx,"Transport, peroxisomal"
,,,HMR_0761,Sphingolipid metabolism
,,,SERDGLNexR,"Transport, extracellular"
,,,ASPDxt,"Transport, peroxisomal"
,,,ICDCHOLabc,"Transport, extracellular"
,,,CRNtHa,"Transport, extracellular"
,,,r2259,"Transport, extracellular"
,,,DOCOSACT,Fatty acid oxidation
,,,r2313,"Transport, extracellular"
,,,FPGS6m,Folate metabolism
,,,r1529,"Transport, extracellular"
,,,EX_sphmyln18116_hs_e,Exchange/demand reaction
,,,FAOXC2031836m,Fatty acid oxidation
,,,r1645,"Transport, extracellular"
,,,GUDACtr,"Transport, extracellular"
,,,DNDPt4m,"Transport, mitochondrial"
,,,r1135,Miscellaneous
,,,r1576,"Transport, extracellular"
,,,CYSt4,"Transport, extracellular"
,,,ITPtn,"Transport, nuclear"
,,,GLYt7_311_r,"Transport, extracellular"
,,,HMR_1768,Bile acid synthesis
,,,HMR_9624,"Transport, extracellular"
,,,r1979,"Transport, extracellular"
,,,HMR_9593,"Transport, extracellular"
,,,DMATT,Cholesterol metabolism
,,,AMETtm,"Transport, mitochondrial"
,,,r2183,"Transport, extracellular"
,,,ACMPGLUTthc,Drug metabolism
,,,TAURt,"Transport, extracellular"
,,,RE2677G_1,Glycosphingolipid metabolism
,,,r2326,"Transport, extracellular"
,,,r2005,"Transport, extracellular"
,,,r0170,Cholesterol metabolism
,,,LEUB0AT3tc,"Transport, extracellular"
,,,HDD2CRNte2,"Transport, extracellular"
,,,DHFR,Folate metabolism
,,,DHPR,Tetrahydrobiopterin metabolism
,,,R01465m,"Glycine, serine, alanine, and threonine metabolism"
,,,r2406,"Transport, mitochondrial"
,,,FACOAL2042,Fatty acid oxidation
,,,PRO1x,"Transport, extracellular"
,,,HMR_8084,"Transport, golgi apparatus"
,,,EX_CE2839_e,Exchange/demand reaction
,,,GD1Btl,"Transport, lysosomal"
,,,ACCOALm,Propanoate metabolism
,,,r1117,"Transport, mitochondrial"
,,,r1903,"Transport, extracellular"
,,,r1600,"Transport, extracellular"
,,,r1632,"Transport, extracellular"
,,,CYStec,"Transport, extracellular"
,,,METtec,"Transport, extracellular"
,,,LRAT,Vitamin A metabolism
,,,FAOXC226205m,Fatty acid oxidation
,,,DOLP_Lter,N-glycan synthesis
,,,r0822,"Transport, mitochondrial"
,,,EX_gln__L_e,Exchange/demand reaction
,,,FAOXC121C101m,Fatty acid oxidation
,,,r1678,"Transport, extracellular"
,,,ME1m,Pyruvate metabolism
,,,RE2327C,Vitamin E metabolism
,,,EX_HC02203_e,Exchange/demand reaction
,,,r2291,"Transport, extracellular"
,,,EX_sphmyln18114_hs_e,Exchange/demand reaction
,,,HC00900t4,"Transport, extracellular"
,,,HMR_9019,"Transport, mitochondrial"
,,,IMPtr,"Transport, extracellular"
,,,VALTAim,"Valine, leucine, and isoleucine metabolism"
,,,SPHMYLN_HsATPte,"Transport, extracellular"
,,,DSMSTEROLtr,"Transport, endoplasmic reticular"
,,,ACALDtx,"Transport, peroxisomal"
,,,FAOXC2452253x,Fatty acid oxidation
,,,GLYtp,"Transport, peroxisomal"
,,,ACACT7m,Fatty acid oxidation
,,,GALGLUSIDEtl2,"Transport, extracellular"
,,,RE2677C_1,Glycosphingolipid metabolism
,,,r1753,"Transport, extracellular"
,,,EX_gsn_e,Exchange/demand reaction
,,,GCHOLAt3,"Transport, extracellular"
,,,HMGCOAtm,"Transport, mitochondrial"
,,,3DHCDCHOLabc,"Transport, extracellular"
,,,r1003,"Transport, peroxisomal"
,,,DM_dgtp_n,Exchange/demand reaction
,,,NH4tn,"Transport, nuclear"
,,,EX_malthx_e,Exchange/demand reaction
,,,TTCCOAtx,"Transport, peroxisomal"
,,,FAOXC140,Fatty acid oxidation
,,,GLCt2_2,"Transport, extracellular"
,,,r2253,"Transport, extracellular"
,,,RTOTALFATPc,"Transport, extracellular"
,,,UPPRT,Pyrimidine synthesis
,,,PCHOL2PALM_HSte,"Transport, extracellular"
,,,DLNLCGt,"Transport, extracellular"
,,,r2257,"Transport, extracellular"
,,,CYSTGL,Methionine and cysteine metabolism
,,,PCHOLN264_HSt1e,"Transport, extracellular"
,,,EX_3ispvs_e,Exchange/demand reaction
,,,HMR_1325,Eicosanoid metabolism
,,,EX_M00260_e,Exchange/demand reaction
,,,DADNK,Nucleotide interconversion
,,,MI14P4P,Inositol phosphate metabolism
,,,r0386,Miscellaneous
,,,FAOXC13C11m,Fatty acid oxidation
,,,MERACMPtep,Drug metabolism
,,,GLUPROASCT1,"Transport, extracellular"
,,,5MTHFt,"Transport, extracellular"
,,,RTOTAL2t,"Transport, extracellular"
,,,CHOLD2m,"Glycine, serine, alanine, and threonine metabolism"
,,,r1915,"Transport, extracellular"
,,,EX_pedh203_hs_e,Exchange/demand reaction
,,,TRPB0AT3tc,"Transport, extracellular"
,,,LEUKABCtc,"Transport, extracellular"
,,,P45017A1r,Steroid metabolism
,,,SPODMe,ROS detoxification
,,,NTD2,Pyrimidine catabolism
,,,r1956,"Transport, extracellular"
,,,7DHCHOLabc,"Transport, extracellular"
,,,DURIK1m,Nucleotide interconversion
,,,ACACT1m,Tryptophan metabolism
,,,r0716_1,Miscellaneous
,,,CO2t,"Transport, extracellular"
,,,THMPPtm_cho,"Transport, mitochondrial"
,,,HYOCHOLabc,"Transport, extracellular"
,,,r0283,Beta-Alanine metabolism
,,,ABUTD,Beta-Alanine metabolism
,,,r1015,"Transport, extracellular"
,,,ETHP,Glycerophospholipid metabolism
,,,GD1Cte,"Transport, extracellular"
,,,ACACtx,"Transport, peroxisomal"
,,,D3AIBTm,Pyrimidine catabolism
,,,PCHOLOLE_HSt1e,"Transport, extracellular"
,,,BTNt3i,"Transport, extracellular"
,,,PTRCOX1,Arginine and proline metabolism
,,,OROATP,"Transport, extracellular"
,,,SERGLNNaEx,"Transport, extracellular"
,,,FAOXC120100m,Fatty acid oxidation
,,,PHETHPTOX2,Phenylalanine metabolism
,,,PTRCARGte,"Transport, extracellular"
,,,r1738,"Transport, extracellular"
,,,HMR_2702,Fatty acid oxidation
,,,3HBCOAHLm,"Valine, leucine, and isoleucine metabolism"
,,,ADNt2,"Transport, extracellular"
,,,EX_sphmyln181201_hs_e,Exchange/demand reaction
,,,BHBt,"Transport, extracellular"
,,,ACACT4m,Fatty acid oxidation
,,,FATP2t,"Transport, extracellular"
,,,HMR_2666,Fatty acid oxidation
,,,NMNHYD,Vitamin B2 metabolism
,,,r1497,"Transport, extracellular"
,,,FAOXC15C13m,Fatty acid oxidation
,,,7DHFtm,"Transport, mitochondrial"
,,,HMR_0436,"Transport, extracellular"
,,,TCA3St,"Transport, extracellular"
,,,TTDCPT2,Fatty acid oxidation
,,,r2319,"Transport, extracellular"
,,,r1615,"Transport, extracellular"
,,,DM_datp_n,Exchange/demand reaction
,,,RE3434C,Eicosanoid metabolism
,,,THRSERNaEx,"Transport, extracellular"
,,,r1816,"Transport, extracellular"
,,,ALOX5,Eicosanoid metabolism
,,,ILEtmi,"Transport, mitochondrial"
,,,PCHOLET_HSt1e,"Transport, extracellular"
,,,r1698,"Transport, extracellular"
,,,PI345P3P,Inositol phosphate metabolism
,,,DM_datp_m,Exchange/demand reaction
,,,C226COAtx,"Transport, peroxisomal"
,,,PCHOLHEP_HSt1e,"Transport, extracellular"
,,,r1706,"Transport, extracellular"
,,,EX_pchol_hs_e,Exchange/demand reaction
,,,SK_mi14p_c,Exchange/demand reaction
,,,EX_pchol2palm_hs_e,Exchange/demand reaction
,,,VALTA,"Valine, leucine, and isoleucine metabolism"
,,,HMR_2018,Androgen and estrogen synthesis and metabolism
,,,HMR_3149,Fatty acid oxidation
,,,r1594,"Transport, extracellular"
,,,r1589,"Transport, extracellular"
,,,DM_ach_c,Exchange/demand reaction
,,,PNTOte,"Transport, extracellular"
,,,NNDPR,NAD metabolism
,,,HMR_6844,Phenylalanine metabolism
,,,ACACT7p,Fatty acid oxidation
,,,r1518,"Transport, extracellular"
,,,RE1807M,Bile acid synthesis
,,,HMR_9609,"Transport, extracellular"
,,,ATPS4mi,Oxidative phosphorylation
,,,HMR_3329,Fatty acid oxidation
,,,HMR_2282,Fatty acid synthesis
,,,HMR_1077,Arachidonic acid metabolism
,,,HMR_0654,Glycerophospholipid metabolism
,,,r1933,"Transport, extracellular"
,,,r2310,"Transport, extracellular"
,,,NKCCt,"Transport, extracellular"
,,,r2063,"Transport, extracellular"
,,,DNDPt16m,"Transport, mitochondrial"
,,,r2171,"Transport, extracellular"
,,,CLOHtex2_1,"Transport, extracellular"
,,,PCHOLN225_HSt1e,"Transport, extracellular"
,,,DCYTDn,Nucleotide interconversion
,,,r1525,"Transport, extracellular"
,,,r1716,"Transport, extracellular"
,,,r1659,"Transport, extracellular"
,,,RE1807C,Bile acid synthesis
,,,TYRDOPO3,Tyrosine metabolism
,,,FACOAL1832,Fatty acid oxidation
,,,EX_pcholpalme_hs_e,Exchange/demand reaction
,,,EX_pe226_hs_e,Exchange/demand reaction
,,,CRVSATPthc,Drug metabolism
,,,CLFORtex,"Transport, extracellular"
,,,r2519,"Transport, endoplasmic reticular"
,,,SARCStp,"Transport, peroxisomal"
,,,CERT1gt,"Transport, golgi apparatus"
,,,SK_crvnc_c,Exchange/demand reaction
,,,RE1898C,Urea cycle
,,,NADS1,NAD metabolism
,,,EX_maltttr_e,Exchange/demand reaction
,,,PHCRMtg,"Transport, golgi apparatus"
,,,r2496,"Transport, extracellular"
,,,DGCHOLte,"Transport, extracellular"
,,,ECOAH1m,Tryptophan metabolism
,,,3MHISt2,"Transport, extracellular"
,,,r2194,"Transport, extracellular"
,,,RE0916C,Tyrosine metabolism
,,,SK_btn_c,Exchange/demand reaction
,,,GCA3Sabc,"Transport, extracellular"
,,,SCP22x,"Transport, peroxisomal"
,,,PESTE_HSABCt,"Transport, extracellular"
,,,OLEICFATPtc,"Transport, extracellular"
,,,ARGSS,Alanine and aspartate metabolism
,,,SERB0AT3tc,"Transport, extracellular"
,,,LCA3St,"Transport, extracellular"
,,,r2166,"Transport, extracellular"
,,,TTDCRNNAt,"Transport, extracellular"
,,,GLCURter,"Transport, endoplasmic reticular"
,,,HMR_1770,Bile acid synthesis
,,,PPItr,"Transport, endoplasmic reticular"
,,,EX_xolest2_hs_e,Exchange/demand reaction
,,,PNTOt1,"Transport, extracellular"
,,,r2228,"Transport, extracellular"
,,,ALAtN1,"Transport, extracellular"
,,,r0698,Bile acid synthesis
,,,HMR_1981,Steroid metabolism
,,,3DHCDCHOLt,"Transport, extracellular"
,,,DM_Lcystin_c,Exchange/demand reaction
,,,r0757,Miscellaneous
,,,FAOXC226,Fatty acid oxidation
,,,G3PDm,Oxidative phosphorylation
,,,COPROSTt,"Transport, extracellular"
,,,HMR_0641,Glycerophospholipid metabolism
,,,URIK3,Pyrimidine synthesis
,,,HC02195te,Bile acid synthesis
,,,r2007,"Transport, extracellular"
,,,r0812,Purine catabolism
,,,HMR_2016,Androgen and estrogen synthesis and metabolism
,,,O2tm,"Transport, mitochondrial"
,,,r1680,"Transport, extracellular"
,,,r2489,"Transport, extracellular"
,,,FAOXC160140x,Fatty acid oxidation
,,,r1734,"Transport, extracellular"
,,,FAOXC246226x,Fatty acid oxidation
,,,ALCD22_L,Pyruvate metabolism
,,,r1685,"Transport, extracellular"
,,,r1530,"Transport, extracellular"
,,,r2234,"Transport, extracellular"
,,,DOPAMT,Tyrosine metabolism
,,,r0381,Taurine and hypotaurine metabolism
,,,CEPTE,Glycerophospholipid metabolism
,,,r1818,"Transport, extracellular"
,,,r2067,"Transport, extracellular"
,,,UDPXYLter,"Transport, endoplasmic reticular"
,,,7DHCHOLt2,"Transport, extracellular"
,,,EX_4hatvacid_e,Exchange/demand reaction
,,,RNMK,NAD metabolism
,,,r1578,"Transport, extracellular"
,,,r2204,"Transport, extracellular"
,,,HDCECRNte,"Transport, extracellular"
,,,EX_sphmyln1824_hs_e,Exchange/demand reaction
,,,SMSn,Sphingolipid metabolism
,,,r1909,"Transport, extracellular"
,,,FAOXC241181x,Fatty acid oxidation
,,,r0480,Glycerophospholipid metabolism
,,,r0932,"Transport, lysosomal"
,,,r1611,"Transport, extracellular"
,,,ALDD19xr,Phenylalanine metabolism
,,,HPYRtp,"Transport, peroxisomal"
,,,LEUyLAThtc,"Transport, extracellular"
,,,RE3513R,Arachidonic acid metabolism
,,,r1913,"Transport, extracellular"
,,,r0651,Bile acid synthesis
,,,r1650,"Transport, extracellular"
,,,r0752,Miscellaneous
,,,HMR_0321,"Transport, extracellular"
,,,SK_lnlccoa_c,Exchange/demand reaction
,,,PCHOLHSTDe_1,"Transport, extracellular"
,,,r1546,"Transport, extracellular"
,,,DGSNt,"Transport, extracellular"
,,,6DHFtl,"Transport, lysosomal"
,,,NNATr,NAD metabolism
,,,EX_pi_e,Exchange/demand reaction
,,,r1143,"Transport, extracellular"
,,,r1975,"Transport, extracellular"
,,,r1303,"Transport, endoplasmic reticular"
,,,NRVNCCOAtx,"Transport, peroxisomal"
,,,NACSMCTte,"Transport, extracellular"
,,,DGTPtm_cho,"Transport, mitochondrial"
,,,r1597,"Transport, extracellular"
,,,OBDHm,Propanoate metabolism
,,,PI3P3Pn,Inositol phosphate metabolism
,,,NADK,NAD metabolism
,,,SPHMYLN18122_hs_SECt,"Transport, extracellular"
,,,RE0579C_1,Fatty acid synthesis
,,,CHLP,Glycerophospholipid metabolism
,,,HMR_3867,"Transport, peroxisomal"
,,,r2221,"Transport, extracellular"
,,,TCYNTtm,"Transport, mitochondrial"
,,,KSII_CORE2tly,"Transport, lysosomal"
,,,UGCG,Sphingolipid metabolism
,,,EX_phe__L_e,Exchange/demand reaction
,,,r0603,"Valine, leucine, and isoleucine metabolism"
,,,ASNGLNNaEx,"Transport, extracellular"
,,,r2046,"Transport, extracellular"
,,,HMR_9640,"Transport, extracellular"
,,,r1904,"Transport, extracellular"
,,,METATB0tc,"Transport, extracellular"
,,,r0989,"Transport, endoplasmic reticular"
,,,G3PD2m,Glycolysis/gluconeogenesis
,,,GLNtN1,"Transport, extracellular"
,,,SK_stcoa_c,Exchange/demand reaction
,,,r2180,"Transport, extracellular"
,,,2HATVLAChc,Drug metabolism
,,,THMP,Thiamine metabolism
,,,CEPTC,Glycerophospholipid metabolism
,,,3MHISt1,"Transport, extracellular"
,,,FAOXC24C22x,Fatty acid oxidation
,,,GSNt4,"Transport, extracellular"
,,,PAFS,Glycerophospholipid metabolism
,,,THRGLYexR,"Transport, extracellular"
,,,r1774,"Transport, extracellular"
,,,r1856,"Transport, extracellular"
,,,NRPPHRt4_2_r,"Transport, extracellular"
,,,DNDPt44m,"Transport, mitochondrial"
,,,r2292,"Transport, extracellular"
,,,ESTROSABCCte,"Transport, extracellular"
,,,HMR_0825,Glycosphingolipid metabolism
,,,r2212,"Transport, extracellular"
,,,EX_pe224_hs_e,Exchange/demand reaction
,,,H2O2ter,Drug metabolism
,,,4OHPROIMINOtc,"Transport, extracellular"
,,,DNDPt59m,"Transport, mitochondrial"
,,,HSD3B13,Steroid metabolism
,,,TTDCAtr,"Transport, extracellular"
,,,TMNDNCCPT1,Fatty acid oxidation
,,,4HATVACIDtep,Drug metabolism
,,,TTDCPT1,Fatty acid oxidation
,,,OIVD3m,"Valine, leucine, and isoleucine metabolism"
,,,RETFA,Vitamin A metabolism
,,,r1605,"Transport, extracellular"
,,,IZPN,Histidine metabolism
,,,CLHCOtex,"Transport, extracellular"
,,,EX_pear_hs_e,Exchange/demand reaction
,,,r1573,"Transport, extracellular"
,,,EX_leu__L_e,Exchange/demand reaction
,,,HMR_6617,"Transport, nuclear"
,,,HMR_2888,"Transport, endoplasmic reticular"
,,,ACITL,Citric acid cycle
,,,PAIL45P_HStn,"Transport, nuclear"
,,,NADH2_u10mi,Oxidative phosphorylation
,,,FACOAL1812_1,Fatty acid oxidation
,,,CERK,Sphingolipid metabolism
,,,r1761,"Transport, extracellular"
,,,ARACHDCOAtx,"Transport, peroxisomal"
,,,LACROX,Tyrosine metabolism
,,,HMR_2393,Fatty acid synthesis
,,,DALAxt,D-alanine metabolism
,,,ATVACIDhc,Drug metabolism
,,,RE3526M,Arachidonic acid metabolism
,,,r1673,"Transport, extracellular"
,,,r1552,"Transport, extracellular"
,,,ALACYSNaEx,"Transport, extracellular"
,,,OIVD1m,"Valine, leucine, and isoleucine metabolism"
,,,XOL7AONEt,"Transport, extracellular"
,,,r2410,"Transport, mitochondrial"
,,,r0975,"Transport, mitochondrial"
,,,GLNTHRNaEx,"Transport, extracellular"
,,,STCRNtr,"Transport, extracellular"
,,,TETPENT3COAtx,"Transport, peroxisomal"
,,,CRVStu,Drug metabolism
,,,NDP8,Nucleotide interconversion
,,,ARACHFATPc,"Transport, extracellular"
,,,r0911,"Transport, mitochondrial"
,,,r2170,"Transport, extracellular"
,,,r1700,"Transport, extracellular"
,,,r2298,"Transport, extracellular"
,,,EX_pe2linl_hs_e,Exchange/demand reaction
,,,ARACHDtr,"Transport, endoplasmic reticular"
,,,CE1273t1,"Transport, extracellular"
,,,NADPQNOXR,Tyrosine metabolism
,,,HMR_4782,Arginine and proline metabolism
,,,HMR_1847,Bile acid synthesis
,,,GALt2_2,"Transport, extracellular"
,,,r0909,"Transport, endoplasmic reticular"
,,,HMR_0387,"Transport, extracellular"
,,,r2403,"Transport, mitochondrial"
,,,HMR_6729,Phenylalanine metabolism
,,,DOCOSACTDe,Fatty acid oxidation
,,,r1630,"Transport, extracellular"
,,,r0656,Miscellaneous
,,,FACOAL161,Fatty acid oxidation
,,,PEFLIPm,"Transport, mitochondrial"
,,,ATPtn,"Transport, nuclear"
,,,EX_na1_e,Exchange/demand reaction
,,,ACACT4p,Fatty acid oxidation
,,,r2006,"Transport, extracellular"
,,,PE12_HSt1e,"Transport, extracellular"
,,,ASPPROASCT1,"Transport, extracellular"
,,,r1638,"Transport, extracellular"
,,,AGPOP,Glycolysis/gluconeogenesis
,,,HCO3_2NAt,"Transport, extracellular"
,,,CYSSERNaEx,"Transport, extracellular"
,,,r1516,"Transport, extracellular"
,,,GALGLUSIDEtl,"Transport, lysosomal"
,,,ACOAR7m,Fatty acid oxidation
,,,CRNCAR3tp,"Transport, peroxisomal"
,,,P45027A12m,Bile acid synthesis
,,,EX_pe17_hs_e,Exchange/demand reaction
,,,4HATVACIDhc,Drug metabolism
,,,RE3251C,Bile acid synthesis
,,,FAOXC9C7m,Fatty acid oxidation
,,,r1843,"Transport, extracellular"
,,,PEPCK_re,Glycolysis/gluconeogenesis
,,,DNDPt58m,"Transport, mitochondrial"
,,,C226CRNt,Fatty acid oxidation
,,,VALLAT1tc,"Transport, extracellular"
,,,IBUP_Stdhep,Drug metabolism
,,,FADDP,Vitamin B2 metabolism
,,,NBAHH_ir,Beta-Alanine metabolism
,,,r1959,"Transport, extracellular"
,,,r0835,"Transport, mitochondrial"
,,,r0783,Cholesterol metabolism
,,,NRPPHRtu,"Transport, extracellular"
,,,r1948,"Transport, extracellular"
,,,G3PD1ir,Glycerophospholipid metabolism
,,,r0451,Miscellaneous
,,,r2144,"Transport, extracellular"
,,,3HPVSTETCOAhcm,Drug metabolism
,,,NICRNTtn,"Transport, nuclear"
,,,SERtp,"Transport, peroxisomal"
,,,C80CPT1,Fatty acid oxidation
,,,HMR_0469,"Transport, extracellular"
,,,HACD6m,Fatty acid oxidation
,,,r2052,"Transport, extracellular"
,,,PUNP4,Purine catabolism
,,,RE3431C,Eicosanoid metabolism
,,,r1043,"Transport, extracellular"
,,,HSD11B2r,Steroid metabolism
,,,TYMte,"Transport, extracellular"
,,,PGLYCABCte,"Transport, extracellular"
,,,TYRt4,"Transport, extracellular"
,,,IBUP_Rtdu,Drug metabolism
,,,EX_pail_hs_e,Miscellaneous
,,,r1881,"Transport, extracellular"
,,,LNELDCCRNtr,"Transport, extracellular"
,,,r2329,"Transport, extracellular"
,,,HMR_0326,"Transport, extracellular"
,,,r1743,"Transport, extracellular"
,,,DM_4hpro_LT_m,Exchange/demand reaction
,,,PTVSTtep,Drug metabolism
,,,ADNK4,Purine synthesis
,,,NADHtpu,"Transport, peroxisomal"
,,,r1377,Miscellaneous
,,,PPM2,Pentose phosphate pathway
,,,CBPter,"Transport, endoplasmic reticular"
,,,EX_pcholar_hs_e,Exchange/demand reaction
,,,HISt2m,"Transport, mitochondrial"
,,,THRD_L,"Glycine, serine, alanine, and threonine metabolism"
,,,r1859,"Transport, extracellular"
,,,r1602,"Transport, extracellular"
,,,EX_cys__L_e,Exchange/demand reaction
,,,r1553,"Transport, extracellular"
,,,BALABETAtc2,"Transport, extracellular"
,,,FAOXC18280m,Fatty acid oxidation
,,,r1640,"Transport, extracellular"
,,,r1946,"Transport, extracellular"
,,,EX_sphmyln18122_hs_e,Exchange/demand reaction
,,,RE3597C,Eicosanoid metabolism
,,,r1109,Miscellaneous
,,,r1874,"Transport, extracellular"
,,,LACLt,"Transport, peroxisomal"
,,,r1991,"Transport, extracellular"
,,,CHLtm,"Transport, mitochondrial"
,,,CYTDt2,"Transport, extracellular"
,,,NDPK4m,Nucleotide interconversion
,,,FAOXC6C4x,Fatty acid oxidation
,,,RE3273R_1,Phosphatidylinositol phosphate metabolism
,,,FVSteb,Drug metabolism
,,,r2376,"Transport, mitochondrial"
,,,r0670,Miscellaneous
,,,r0157,Urea cycle
,,,HMR_3335,Fatty acid oxidation
,,,NEU25,Sphingolipid metabolism
,,,PSDm_hsc,Glycerophospholipid metabolism
,,,PCRNtc,Fatty acid oxidation
,,,C04717ATP,"Transport, extracellular"
,,,MCDp,Fatty acid oxidation
,,,HMR_2650,"Transport, mitochondrial"
,,,r2004,"Transport, extracellular"
,,,EX_4hatvlac_e,Exchange/demand reaction
,,,r2009,"Transport, extracellular"
,,,10FTHFtm,"Transport, mitochondrial"
,,,EX_cholate_e,Exchange/demand reaction
,,,HMR_0371,"Transport, extracellular"
,,,HMR_1967,Androgen and estrogen synthesis and metabolism
,,,SUCCtm,"Transport, mitochondrial"
,,,r1778,"Transport, extracellular"
,,,OCDCAt,"Transport, extracellular"
,,,C204CPT1,Fatty acid oxidation
,,,B3GNT38g,Glycosphingolipid metabolism
,,,MMAt2e,"Transport, extracellular"
,,,XYLUR,Pentose phosphate pathway
,,,EX_thf_e,Exchange/demand reaction
,,,NaKt_1,"Transport, extracellular"
,,,NEU34e,Sphingolipid metabolism
,,,r1732,"Transport, extracellular"
,,,EX_M02449_e,Exchange/demand reaction
,,,r1148,"Transport, peroxisomal"
,,,r1978,"Transport, extracellular"
,,,r2177,"Transport, extracellular"
,,,CHOLtr,"Transport, endoplasmic reticular"
,,,THYOCHOLt,"Transport, extracellular"
,,,EX_btn_e,Exchange/demand reaction
,,,ECOAH4m,Fatty acid oxidation
,,,PI5P4Kn,Inositol phosphate metabolism
,,,PHPYRtm,"Transport, mitochondrial"
,,,SK_val__L_c,Exchange/demand reaction
,,,FAOXC18480m,Fatty acid oxidation
,,,PI45P4P,Inositol phosphate metabolism
,,,HMR_6619,"Transport, nuclear"
,,,GLYBt4_2_r,"Transport, extracellular"
,,,HXAND,Nucleotide interconversion
,,,r1775,"Transport, extracellular"
,,,HMR_6874,Phenylalanine metabolism
,,,LKYNRtr3,"Transport, extracellular"
,,,DESAT18,Fatty acid synthesis
,,,PGPP_hs,Glycerophospholipid metabolism
,,,r2498,"Transport, peroxisomal"
,,,UREAt,"Transport, extracellular"
,,,r2190,"Transport, extracellular"
,,,PA_HStm,"Transport, mitochondrial"
,,,7DHCHSTEROLtr,"Transport, endoplasmic reticular"
,,,EX_bilirub_e,Exchange/demand reaction
,,,7DHCDCHOLt,"Transport, extracellular"
,,,EX_gluside_hs_e,Exchange/demand reaction
,,,FAOXC2051843x,Fatty acid oxidation
,,,GTHRDt,Glutathione metabolism
,,,EX_peole_hs_e,Exchange/demand reaction
,,,r1692,"Transport, extracellular"
,,,34DHXMANDACOX,Tyrosine metabolism
,,,RE0691C,Urea cycle
,,,HMR_7257,"Transport, endoplasmic reticular"
,,,r1585,"Transport, extracellular"
,,,ASNNm,Alanine and aspartate metabolism
,,,GLYtm,"Transport, mitochondrial"
,,,r1629,"Transport, extracellular"
,,,r1503,"Transport, extracellular"
,,,r1890,"Transport, extracellular"
,,,F1Atg,"Transport, golgi apparatus"
,,,ALCD1,Miscellaneous
,,,r1391,Miscellaneous
,,,r1887,"Transport, extracellular"
,,,FUMSO3tm,"Transport, mitochondrial"
,,,FACOAL245_1,Fatty acid oxidation
,,,FVStep,Drug metabolism
,,,HMR_8588,"Transport, lysosomal"
,,,THMt3,"Transport, extracellular"
,,,ACOAO5p,Fatty acid oxidation
,,,SMPD4,Sphingolipid metabolism
,,,GLUB0AT3tc,"Transport, extracellular"
,,,HMR_0435,"Transport, extracellular"
,,,HMR_6359,"Transport, extracellular"
,,,PROSTGE2t,"Transport, extracellular"
,,,SPHS1Pte,"Transport, extracellular"
,,,LNLCt,"Transport, extracellular"
,,,PYDAMK,Vitamin B6 metabolism
,,,TLACFVShc,Drug metabolism
,,,HMR_9634,"Transport, endoplasmic reticular"
,,,HMR_2890,"Transport, endoplasmic reticular"
,,,r0829,"Transport, mitochondrial"
,,,r1998,"Transport, extracellular"
,,,ADRNLtu,"Transport, extracellular"
,,,SK_thf_c,Exchange/demand reaction
,,,P5CDm,Glutamate metabolism
,,,r2377,"Transport, mitochondrial"
,,,AMPTASECG,Glutathione metabolism
,,,EX_pcholole_hs_e,Exchange/demand reaction
,,,r2276,"Transport, extracellular"
,,,r1643,"Transport, extracellular"
,,,HMR_0803,Glycosphingolipid metabolism
,,,ACTLMO,Pyruvate metabolism
,,,LCA3Sabc,"Transport, extracellular"
,,,r2061,"Transport, extracellular"
,,,NACHORCTL3le,"Transport, extracellular"
,,,HMR_1629,"Transport, peroxisomal"
,,,FACOAL224,Fatty acid oxidation
,,,FAOXC6DCC4DCx,Fatty acid oxidation
,,,HMR_9603,"Transport, extracellular"
,,,DHEASt,"Transport, extracellular"
,,,LYSATB0tc,"Transport, extracellular"
,,,HMR_1769,Bile acid synthesis
,,,r1707,"Transport, extracellular"
,,,r2069,"Transport, extracellular"
,,,r1599,"Transport, extracellular"
,,,r1954,"Transport, extracellular"
,,,CAt7r,"Transport, extracellular"
,,,r1610,"Transport, extracellular"
,,,RE3430X,Eicosanoid metabolism
,,,r1653,"Transport, extracellular"
,,,PI45P3Kn,Inositol phosphate metabolism
,,,XOL7AH3t,"Transport, extracellular"
,,,r2382,"Transport, mitochondrial"
,,,r1976,"Transport, extracellular"
,,,r1106,"Transport, extracellular"
,,,HMR_0215,"Transport, extracellular"
,,,3MOPt2im,"Transport, mitochondrial"
,,,RE0912C,Tyrosine metabolism
,,,FAOXC181C161m,Fatty acid oxidation
,,,DNDPt12m,"Transport, mitochondrial"
,,,r1997,"Transport, extracellular"
,,,r1384,Nucleotide interconversion
,,,PDHm,Glycolysis/gluconeogenesis
,,,SLCBK1,Sphingolipid metabolism
,,,FAOXC121C10x,Fatty acid oxidation
,,,SK_hdca_c,Exchange/demand reaction
,,,r1934,"Transport, extracellular"
,,,DESAT20_1,Fatty acid synthesis
,,,ADCim,Propanoate metabolism
,,,r1730,"Transport, extracellular"
,,,GLUSIDEtl,"Transport, extracellular"
,,,r2044,"Transport, extracellular"
,,,GLYCLTtp,"Transport, peroxisomal"
,,,r2152,"Transport, extracellular"
,,,SERALANaEx,"Transport, extracellular"
,,,OMHPALTD,Fatty acid oxidation
,,,r1502,"Transport, extracellular"
,,,r1614,"Transport, extracellular"
,,,ACP1e,"Transport, extracellular"
,,,GLXO2p,Glyoxylate and dicarboxylate metabolism
,,,RE3079X,Fatty acid oxidation
,,,FAS180,Fatty acid synthesis
,,,r2275,"Transport, extracellular"
,,,SPHMYLN181221_hs_SECt,"Transport, extracellular"
,,,DM_n5m2masn_g,Exchange/demand reaction
,,,HSD3B7,Bile acid synthesis
,,,NP1,NAD metabolism
,,,GLRASE,Vitamin C metabolism
,,,CITtam,"Transport, mitochondrial"
,,,r2039,"Transport, extracellular"
,,,PVSHtu,Drug metabolism
,,,IBUP_Stdu,Drug metabolism
,,,EX_pe_hs_e,Exchange/demand reaction
,,,EX_pcholet_hs_e,Exchange/demand reaction
,,,SK_coa_c,Exchange/demand reaction
,,,HSD3B7P,Bile acid synthesis
,,,EX_pcholste_hs_e,Exchange/demand reaction
,,,2HATVLACteb,Drug metabolism
,,,r1368,"Transport, lysosomal"
,,,r2019,"Transport, extracellular"
,,,HMGCOARx,Cholesterol metabolism
,,,ITKPK,Inositol phosphate metabolism
,,,HMR_3966,Nucleotide metabolism
,,,RE3164C,Fatty acid oxidation
,,,DNDPt3m,"Transport, mitochondrial"
,,,EX_pcholn261_hs_e,Exchange/demand reaction
,,,HSD3B12r,Steroid metabolism
,,,TSULt4_3,"Transport, extracellular"
,,,HMR_3859,Pyruvate metabolism
,,,EX_pcholmyr_hs_e,Exchange/demand reaction
,,,r0934,"Transport, peroxisomal"
,,,SPHMDAc,Sphingolipid metabolism
,,,r2165,"Transport, extracellular"
,,,GLNyLATthc,"Transport, extracellular"
,,,r2411,"Transport, mitochondrial"
,,,r1745,"Transport, extracellular"
,,,r0023,Miscellaneous
,,,HYOCHOLt2,"Transport, extracellular"
,,,GLUTCOADHm,Tryptophan metabolism
,,,RE3239C,Fatty acid synthesis
,,,DURIt,"Transport, extracellular"
,,,SUCOASm,Citric acid cycle
,,,FUMSO4tm,"Transport, mitochondrial"
,,,r1782,"Transport, extracellular"
,,,r2048,"Transport, extracellular"
,,,GCDCA3St,"Transport, extracellular"
,,,PCHOL2OLE_HSt1e,"Transport, extracellular"
,,,HMR_0374,Fatty acid oxidation
,,,PAIL_hs_SECt,"Transport, extracellular"
,,,PELPALM_HSt1e,"Transport, extracellular"
,,,RE1803C,Bile acid synthesis
,,,CBPPer,Glycolysis/gluconeogenesis
,,,DM_taur_c,Exchange/demand reaction
,,,r1725,"Transport, extracellular"
,,,PVStep,Drug metabolism
,,,SERtN1,"Transport, extracellular"
,,,r1581,"Transport, extracellular"
,,,FACOAL241,Fatty acid oxidation
,,,FAOXC101C8x,Fatty acid oxidation
,,,EHGLAT2m,Arginine and proline metabolism
,,,AKR1C41,Bile acid synthesis
,,,SK_tmndnccoa_c,Exchange/demand reaction
,,,r2501,"Transport, peroxisomal"
,,,FOLABCCte,"Transport, extracellular"
,,,DESAT16,Fatty acid synthesis
,,,SK_xoldiolone_c,Exchange/demand reaction
,,,HSD17B9r,Steroid metabolism
,,,r1888,"Transport, extracellular"
,,,DNDPt28m,"Transport, mitochondrial"
,,,PHCDm,Arginine and proline metabolism
,,,HMR_1388,Eicosanoid metabolism
,,,ITCOAL1m,C5-branched dibasic acid metabolism
,,,ALAASNNaEx,"Transport, extracellular"
,,,ALDD21,Fatty acid oxidation
,,,r2001,"Transport, extracellular"
,,,PYDXK,Vitamin B6 metabolism
,,,r2191,"Transport, extracellular"
,,,UDPtl,"Transport, lysosomal"
,,,ECOAH12m,"Valine, leucine, and isoleucine metabolism"
,,,NEU39e,Sphingolipid metabolism
,,,r2274,"Transport, extracellular"
,,,MALSO3tm,"Transport, mitochondrial"
,,,HMR_0439,"Transport, extracellular"
,,,ATVLACGLCURhc,Drug metabolism
,,,MALTt1r,"Transport, extracellular"
,,,2HATVLACtep,Drug metabolism
,,,PTVSTLAChc,Drug metabolism
,,,r1942,"Transport, extracellular"
,,,P4507A1r,Bile acid synthesis
,,,r1980,"Transport, extracellular"
,,,HMR_0657,Glycerophospholipid metabolism
,,,r1477,Fatty acid oxidation
,,,HMR_9620,"Transport, extracellular"
,,,r2182,"Transport, extracellular"
,,,r2162,"Transport, extracellular"
,,,r1988,"Transport, extracellular"
,,,HMR_0842,Glycosphingolipid metabolism
,,,r1604,"Transport, extracellular"
,,,r1801,"Transport, extracellular"
,,,r1736,"Transport, extracellular"
,,,r2399,"Transport, mitochondrial"
,,,EX_pcholn19_hs_e,Exchange/demand reaction
,,,PHEt2m,"Transport, mitochondrial"
,,,r2056,"Transport, extracellular"
,,,MAL_Ltx,"Transport, peroxisomal"
,,,URIt4,"Transport, extracellular"
,,,r2043,"Transport, extracellular"
,,,r2140,"Transport, extracellular"
,,,HMR_3397,Fatty acid oxidation
,,,HAS1,Hyaluronan metabolism
,,,r1940,"Transport, extracellular"
,,,HPYRDC,Glyoxylate and dicarboxylate metabolism
,,,r2398,"Transport, mitochondrial"
,,,DODECANACtd,"Transport, extracellular"
,,,FAOXC80,Fatty acid oxidation
,,,r2160,"Transport, extracellular"
,,,PMTCOAFABP1tc_1,"Transport, endoplasmic reticular"
,,,r1947,"Transport, extracellular"
,,,r0423,Miscellaneous
,,,GABAVESSEC_1,"Transport, extracellular"
,,,L_LACtcm,"Transport, mitochondrial"
,,,r2388,"Transport, mitochondrial"
,,,ILEB0AT3tc,"Transport, extracellular"
,,,RE3076X,Fatty acid oxidation
,,,r1958,"Transport, extracellular"
,,,EX_leuktrC4_e,Exchange/demand reaction
,,,HMR_1283,"Transport, peroxisomal"
,,,BETALDHy,"Glycine, serine, alanine, and threonine metabolism"
,,,ACChex,Fatty acid oxidation
,,,r0942,"Transport, extracellular"
,,,THBPT4ACAMDASE,Tetrahydrobiopterin metabolism
,,,r2490,"Transport, extracellular"
,,,HMR_3396,Fatty acid oxidation
,,,MI1PS,Inositol phosphate metabolism
,,,r1515,"Transport, extracellular"
,,,r1898,"Transport, extracellular"
,,,ODECRNtr,"Transport, extracellular"
,,,r1987,"Transport, extracellular"
,,,ARTCOAL3_cho,R group synthesis
,,,r2217,"Transport, extracellular"
,,,O2t,"Transport, extracellular"
,,,RE2675C2,Glycosphingolipid metabolism
,,,ACETONEt2m,"Transport, mitochondrial"
,,,STCOAtx,"Transport, peroxisomal"
,,,r2176,"Transport, extracellular"
,,,r1569,"Transport, extracellular"
,,,DCTPtn,"Transport, nuclear"
,,,GLYBtm,"Transport, mitochondrial"
,,,r2053,"Transport, extracellular"
,,,ATPasel_1,"Transport, lysosomal"
,,,HEXA1l,Sphingolipid metabolism
,,,r2241,"Transport, extracellular"
,,,XPPT,Purine synthesis
,,,EX_pe14_hs_e,Exchange/demand reaction
,,,r2317,"Transport, extracellular"
,,,METLEUex,"Transport, extracellular"
,,,PCHOLN15_HSt1e,"Transport, extracellular"
,,,r2146,"Transport, extracellular"
,,,ORNALArBATtc,"Transport, extracellular"
,,,3HKYNAKGAT,Tryptophan metabolism
,,,SK_cys__L_c,Exchange/demand reaction
,,,C04805ATP,"Transport, extracellular"
,,,HMR_9628,"Transport, endoplasmic reticular"
,,,DADNt4,"Transport, extracellular"
,,,FOLOAT2tc,"Transport, extracellular"
,,,DALAOXx,D-alanine metabolism
,,,r0647,Tryptophan metabolism
,,,r0432_1,Fatty acid oxidation
,,,3HPVSitr,Drug metabolism
,,,ELAIDCPT1,Fatty acid oxidation
,,,INSTt2,"Transport, extracellular"
,,,DM_btn_m,Exchange/demand reaction
,,,EX_tyr__L_e,Exchange/demand reaction
,,,MI3PS,Inositol phosphate metabolism
,,,EX_pcholn28_hs_e,Exchange/demand reaction
,,,SPHMYLN1824_hs_SECt,"Transport, extracellular"
,,,SK_ile__L_c,Exchange/demand reaction
,,,HMR_1807,Bile acid synthesis
,,,r1702,"Transport, extracellular"
,,,r2186,"Transport, extracellular"
,,,NMNAT,NAD metabolism
,,,HMR_9626,"Transport, endoplasmic reticular"
,,,PPCOAtm,"Transport, mitochondrial"
,,,r2173,"Transport, extracellular"
,,,VLCSr,Bile acid synthesis
,,,FDH,Fatty acid oxidation
,,,r2331,"Transport, extracellular"
,,,EX_malttr_e,Exchange/demand reaction
,,,r0330,Pyrimidine catabolism
,,,ALAGLYexR,"Transport, extracellular"
,,,r2512,"Transport, endoplasmic reticular"
,,,4HALDD,Phenylalanine metabolism
,,,r2268,"Transport, extracellular"
,,,HMR_9665,"Transport, golgi apparatus"
,,,r1896,"Transport, extracellular"
,,,r0834,"Transport, mitochondrial"
,,,SK_gly_c,Exchange/demand reaction
,,,r2535,"Transport, extracellular"
,,,CRNtuNa,"Transport, extracellular"
,,,r2389,"Transport, mitochondrial"
,,,PPPGO,Heme synthesis
,,,RPEc,Pentose phosphate pathway
,,,LRAT1,Vitamin A metabolism
,,,GUAD,Purine catabolism
,,,FAOXC16080x,Fatty acid oxidation
,,,r1740,"Transport, extracellular"
,,,r1783,"Transport, extracellular"
,,,r1773,"Transport, extracellular"
,,,DM_Ser_Gly_Ala_X_Gly_l,Exchange/demand reaction
,,,HMR_7749,Glycolysis/gluconeogenesis
,,,C40CPT1,Fatty acid oxidation
,,,HMR_9652,"Transport, extracellular"
,,,EX_k_e,Exchange/demand reaction
,,,EX_ak2lgchol_hs_e,Exchange/demand reaction
,,,PROSTGI2t,"Transport, extracellular"
,,,HMR_3332,Fatty acid oxidation
,,,r1805,"Transport, extracellular"
,,,EX_CE2537_e,Exchange/demand reaction
,,,DCA3St,"Transport, extracellular"
,,,THRA,"Glycine, serine, alanine, and threonine metabolism"
,,,DM_pe_hs_r,Exchange/demand reaction
,,,ACTNMO,Pyruvate metabolism
,,,NRVNCCOAtxc,"Transport, peroxisomal"
,,,r0908,"Transport, endoplasmic reticular"
,,,HMR_2866,"Transport, endoplasmic reticular"
,,,NORMETEt,"Transport, extracellular"
,,,FACOAL246_1,Fatty acid oxidation
,,,r1999,"Transport, extracellular"
,,,HMR_0966,"Transport, endoplasmic reticular"
,,,ESTRONEtr,"Transport, endoplasmic reticular"
,,,ADNK3,Purine synthesis
,,,r0733,Fatty acid oxidation
,,,r2189,"Transport, extracellular"
,,,FPGS7m_1,Folate metabolism
,,,DM_hista_c,Exchange/demand reaction
,,,BTNt2m,"Transport, mitochondrial"
,,,r1651,"Transport, extracellular"
,,,FAOXC4020m,Fatty acid oxidation
,,,PYK3,Glycolysis/gluconeogenesis
,,,HMR_6850,Phenylalanine metabolism
,,,CE2510t,"Transport, extracellular"
,,,AKGICITtm,"Transport, peroxisomal"
,,,TDPm,Thiamine metabolism
,,,DCSPTN1COAtx,"Transport, peroxisomal"
,,,r0466_1,Miscellaneous
,,,r1970,"Transport, extracellular"
,,,ADRNCOAtx,"Transport, peroxisomal"
,,,SPHMYLN18118_hs_SECt,"Transport, extracellular"
,,,SRTNtu,"Transport, extracellular"
,,,EX_pe15_hs_e,Exchange/demand reaction
,,,PAILR_HSSECt,"Transport, extracellular"
,,,r2258,"Transport, extracellular"
,,,r2068,"Transport, extracellular"
,,,Htx,"Transport, peroxisomal"
,,,r2294,"Transport, extracellular"
,,,CRNt,"Transport, extracellular"
,,,EX_lpchol_hs_e,Exchange/demand reaction
,,,MMTSADm,"Valine, leucine, and isoleucine metabolism"
,,,CE2537ABCt,"Transport, extracellular"
,,,CYTD,Pyrimidine catabolism
,,,THFtm,"Transport, mitochondrial"
,,,ILEATB0tc,"Transport, extracellular"
,,,Htg,"Transport, golgi apparatus"
,,,P45039A1r,Bile acid synthesis
,,,PCHOLN205_HSt1e,"Transport, extracellular"
,,,WHARACHDt,"Transport, extracellular"
,,,r1860,"Transport, extracellular"
,,,GLYt4,"Transport, extracellular"
,,,HDD2COAtx,"Transport, peroxisomal"
,,,VALtec,"Transport, extracellular"
,,,SERCYSNaEx,"Transport, extracellular"
,,,PROSTGD2t,"Transport, extracellular"
,,,r2236,"Transport, extracellular"
,,,r2014,"Transport, extracellular"
,,,BILIRUBtr,"Transport, endoplasmic reticular"
,,,LPS2,Triacylglycerol synthesis
,,,HMR_0366,Fatty acid oxidation
,,,GLYOp,"Glycine, serine, alanine, and threonine metabolism"
,,,HMR_6558,Inositol phosphate metabolism
,,,EX_pcholn24_hs_e,Exchange/demand reaction
,,,r2207,"Transport, extracellular"
,,,PHCRMter,"Transport, endoplasmic reticular"
,,,SRTNENT4tc,"Transport, extracellular"
,,,EX_sphmyln18120_hs_e,Exchange/demand reaction
,,,PVSitr,Drug metabolism
,,,LEUKTRB4tr,"Transport, endoplasmic reticular"
,,,SPHMYLN18120_hs_SECt,"Transport, extracellular"
,,,SPHMYLN18117_hs_SECt,"Transport, extracellular"
,,,SUCCt4_3,"Transport, extracellular"
,,,CYTDK2m,Nucleotide interconversion
,,,ADK3,Nucleotide interconversion
,,,UGT1A10c,Heme degradation
,,,34DHPHAMT,Tyrosine metabolism
,,,3MOXTYRt,"Transport, extracellular"
,,,r1931,"Transport, extracellular"
,,,SPHMYLN181161_hs_SECt,"Transport, extracellular"
,,,URIt2,"Transport, extracellular"
,,,LEUt5m,"Transport, mitochondrial"
,,,EX_fe2_e,Exchange/demand reaction
,,,r0074,Urea cycle
,,,TAURtcx,Taurine and hypotaurine metabolism
,,,r0788,Sphingolipid metabolism
,,,r2218,"Transport, extracellular"
,,,NTD1,Pyrimidine catabolism
,,,r1013,"Transport, endoplasmic reticular"
,,,VALt5m,"Transport, mitochondrial"
,,,3HPVSTETtev,Drug metabolism
,,,r1590,"Transport, extracellular"
,,,EX_gal_e,Exchange/demand reaction
,,,EX_pailar_hs_e,Exchange/demand reaction
,,,ACMPGLUTtep,Drug metabolism
,,,RE3010X,Eicosanoid metabolism
,,,HMR_2287,Fatty acid synthesis
,,,GT1Atg,"Transport, golgi apparatus"
,,,HMR_0308,"Transport, extracellular"
,,,PEFLIP,"Transport, extracellular"
,,,r2065,"Transport, extracellular"
,,,P4508B13r,Bile acid synthesis
,,,r2371,"Transport, mitochondrial"
,,,C4STMO1r,Cholesterol metabolism
,,,UDCA3Sabc,"Transport, extracellular"
,,,ICDCHOLt,"Transport, extracellular"
,,,FAOXC8C6m,Fatty acid oxidation
,,,EX_cytd_e,Exchange/demand reaction
,,,HMR_1631,"Transport, endoplasmic reticular"
,,,P45017A2r,Steroid metabolism
,,,ASPt6,"Transport, extracellular"
,,,HMR_9191,"Transport, extracellular"
,,,HMR_3096,Fatty acid oxidation
,,,FPGS8m,Folate metabolism
,,,G6PDH1er,Pentose phosphate pathway
,,,PGP_hs_tm,"Transport, mitochondrial"
,,,SK_ser__L_c,Exchange/demand reaction
,,,DCTPD,Pyrimidine synthesis
,,,HMR_0211,"Transport, extracellular"
,,,GUDCA3St,"Transport, extracellular"
,,,7DHCHOLt,"Transport, extracellular"
,,,r2038,"Transport, extracellular"
,,,3DHDCAt2,"Transport, extracellular"
,,,PA_HSter,"Transport, endoplasmic reticular"
,,,LNLCCRNNAt,"Transport, extracellular"
,,,r1571,"Transport, extracellular"
,,,RSVtev,Drug metabolism
,,,r2023,"Transport, extracellular"
,,,PCHOLSTE_HSt1e,"Transport, extracellular"
,,,HMR_0194,"Transport, extracellular"
,,,r2011,"Transport, extracellular"
,,,LPCHOLt,"Transport, extracellular"
,,,r1883,"Transport, extracellular"
,,,GLNALANaEx,"Transport, extracellular"
,,,r1682,"Transport, extracellular"
,,,HMR_0362,Fatty acid oxidation
,,,HMR_1557,Cholesterol metabolism
,,,r1866,"Transport, extracellular"
,,,DNDPt43m,"Transport, mitochondrial"
,,,EX_asn__L_e,Exchange/demand reaction
,,,PUNP5,Purine catabolism
,,,SK_lys__L_c,Exchange/demand reaction
,,,GA1tl,"Transport, extracellular"
,,,RE1804C,Bile acid synthesis
,,,HMR_3095,Fatty acid oxidation
,,,r2238,"Transport, extracellular"
,,,r0560,"Valine, leucine, and isoleucine metabolism"
,,,EX_sphmyln181161_hs_e,Exchange/demand reaction
,,,DHCHOLESTANATEATP,"Transport, extracellular"
,,,DUTPDPm,Nucleotide interconversion
,,,ACGALK,Aminosugar metabolism
,,,RE3476M,Arachidonic acid metabolism
,,,EX_atvlac_e,Exchange/demand reaction
,,,r2062,"Transport, extracellular"
,,,DNDPt50m,"Transport, mitochondrial"
,,,r2264,"Transport, extracellular"
,,,PIt7,"Transport, extracellular"
,,,FAOXC161C141m,Fatty acid oxidation
,,,FAS120COA,Fatty acid synthesis
,,,INSt4,"Transport, extracellular"
,,,FldAct,Miscellaneous
,,,r1742,"Transport, extracellular"
,,,RE2404C,Miscellaneous
,,,DNDPt7m,"Transport, mitochondrial"
,,,EX_xolest181_hs_e,Exchange/demand reaction
,,,r1796,"Transport, extracellular"
,,,GLNt,"Transport, extracellular"
,,,r1969,"Transport, extracellular"
,,,ATPtm,"Transport, mitochondrial"
,,,PItn,"Transport, nuclear"
,,,PHEATB0tc,"Transport, extracellular"
,,,r2334,"Transport, extracellular"
,,,MMSAD3m,Propanoate metabolism
,,,r0431_1,Fatty acid oxidation
,,,DESAT18_3,Fatty acid synthesis
,,,r1606,"Transport, extracellular"
,,,UCHOLt,"Transport, extracellular"
,,,HMR_9605,"Transport, extracellular"
,,,HMR_8510,"Transport, mitochondrial"
,,,LEUKTRD4t,"Transport, extracellular"
,,,ACHEe,Glycerophospholipid metabolism
,,,MI14Ptn,"Transport, nuclear"
,,,r2249,"Transport, extracellular"
,,,r1981,"Transport, extracellular"
,,,HMR_6362,"Transport, extracellular"
,,,GLNATB0tc,"Transport, extracellular"
,,,r1501,"Transport, extracellular"
,,,r2487,"Transport, extracellular"
,,,ARACHCPT1,Fatty acid oxidation
,,,RE2651R,Vitamin A metabolism
,,,CYSPHELAT2tc,"Transport, extracellular"
,,,GLUVESSEC,"Transport, extracellular"
,,,HSK,"Glycine, serine, alanine, and threonine metabolism"
,,,2HATVACIDteb,Drug metabolism
,,,CHOLD,"Glycine, serine, alanine, and threonine metabolism"
,,,UGLT,Galactose metabolism
,,,THMTP,Thiamine metabolism
,,,NDPK9n,Nucleotide interconversion
,,,r2392,"Transport, mitochondrial"
,,,EX_atp_e,Exchange/demand reaction
,,,SMVACIDitr,Drug metabolism
,,,CYSGLNNaEx,"Transport, extracellular"
,,,r1771,"Transport, extracellular"
,,,MMALtm,"Transport, mitochondrial"
,,,r2510,"Transport, endoplasmic reticular"
,,,ADAe,Purine catabolism
,,,r0546,Miscellaneous
,,,HMR_1766,Bile acid synthesis
,,,34DHPHELAT1tc,"Transport, extracellular"
,,,EX_Rtotal_e,Exchange/demand reaction
,,,ADK3m,Nucleotide interconversion
,,,ADNt4,"Transport, extracellular"
,,,EX_pcholn205_hs_e,Exchange/demand reaction
,,,r0899,"Transport, extracellular"
,,,RE3238C,Fatty acid synthesis
,,,r1146,"Transport, mitochondrial"
,,,HMR_6363,"Transport, extracellular"
,,,RE0453M,Pyrimidine synthesis
,,,DESAT20_2,Fatty acid synthesis
,,,THRGLNNaEx,"Transport, extracellular"
,,,5DHFtl,"Transport, lysosomal"
,,,r1302,"Transport, lysosomal"
,,,PPAtm,"Transport, mitochondrial"
,,,r1876,"Transport, extracellular"
,,,r2387,"Transport, mitochondrial"
,,,RE2625M,Bile acid synthesis
,,,ADNK1m,Nucleotide interconversion
,,,HMR_3478,"Transport, peroxisomal"
,,,r2327,"Transport, extracellular"
,,,PCHOLPg_hs,Glycerophospholipid metabolism
,,,r2305,"Transport, extracellular"
,,,HMR_4422,Arginine and proline metabolism
,,,r2439,"Transport, extracellular"
,,,PSSA1_hs,Glycerophospholipid metabolism
,,,NTPP9,Nucleotide interconversion
,,,r1862,"Transport, extracellular"
,,,OIVD2m,"Valine, leucine, and isoleucine metabolism"
,,,TCDCA3Sabc,"Transport, extracellular"
,,,EX_sphmyln181181_hs_e,Exchange/demand reaction
,,,HMR_1623,"Transport, peroxisomal"
,,,r0573,Bile acid synthesis
,,,3DHDCAabc,"Transport, extracellular"
,,,CBR2,Eicosanoid metabolism
,,,STS1,Steroid metabolism
,,,r1994,"Transport, extracellular"
,,,MGSA2,Pyruvate metabolism
,,,DNDPt60m,"Transport, mitochondrial"
,,,GULND,Miscellaneous
,,,SK_pmtcoa_c,Exchange/demand reaction
,,,ACt2m,"Transport, mitochondrial"
,,,EX_pcholn201_hs_e,Exchange/demand reaction
,,,NDPK2n,Nucleotide interconversion
,,,RE3629C,Histidine metabolism
,,,INSTt4,"Transport, extracellular"
,,,HDCECRNtr,"Transport, extracellular"
,,,PROSTGE2t2m,"Transport, mitochondrial"
,,,PI4PP,Inositol phosphate metabolism
,,,NEU310e,Sphingolipid metabolism
,,,LCADi,Pyruvate metabolism
,,,PEAR_HSt1e,"Transport, extracellular"
,,,CRNtx,"Transport, peroxisomal"
,,,4HATVACIDteb,Drug metabolism
,,,ACRNte,"Transport, extracellular"
,,,CHSTEROLSULT,Steroid metabolism
,,,NADtn,"Transport, nuclear"
,,,ALADGLNexR,"Transport, extracellular"
,,,GLYt7_211_r,"Transport, extracellular"
,,,NTD5m,Nucleotide interconversion
,,,r1800,"Transport, extracellular"
,,,r0655,"Valine, leucine, and isoleucine metabolism"
,,,r1846,"Transport, extracellular"
,,,r1019,"Transport, peroxisomal"
,,,DM_k_c,Exchange/demand reaction
,,,TRPO2,Tryptophan metabolism
,,,HMR_6838,Phenylalanine metabolism
,,,OCCOAtm,"Transport, mitochondrial"
,,,ESTSULT,Steroid metabolism
,,,r1726,"Transport, extracellular"
,,,HMR_1958,Androgen and estrogen synthesis and metabolism
,,,r2284,"Transport, extracellular"
,,,GULN3D,Pentose phosphate pathway
,,,6EPVShc,Drug metabolism
,,,GSNt5,"Transport, extracellular"
,,,r2185,"Transport, extracellular"
,,,FAOXC10080m,Fatty acid oxidation
,,,r2277,"Transport, extracellular"
,,,LEUKTRA4t,"Transport, extracellular"
,,,UCHOLt2,"Transport, extracellular"
,,,FTCD,"Transport, mitochondrial"
,,,10FTHF5GLUtl,"Transport, lysosomal"
,,,r1882,"Transport, extracellular"
,,,NCCt,"Transport, extracellular"
,,,LCARS,Pyruvate metabolism
,,,HMR_0783,Sphingolipid metabolism
,,,r2316,"Transport, extracellular"
,,,r1964,"Transport, extracellular"
,,,RSVGLUChc,Drug metabolism
,,,MTHFD,Folate metabolism
,,,ANDRSTANDRtr,"Transport, endoplasmic reticular"
,,,ASNt4,"Transport, extracellular"
,,,r0642,Miscellaneous
,,,HMR_1706,Bile acid synthesis
,,,PEHSFABPe,"Transport, endoplasmic reticular"
,,,RE2605C,Purine catabolism
,,,CO2tp,"Transport, peroxisomal"
,,,RE2658R,Vitamin A metabolism
,,,Uritn,"Transport, nuclear"
,,,MCPST,Methionine and cysteine metabolism
,,,PCHOLMYR_Hst1e,"Transport, extracellular"
,,,GTMLTe,Glutathione metabolism
,,,EX_imp_e,Exchange/demand reaction
,,,HMR_0287,"Transport, extracellular"
,,,CATr,ROS detoxification
,,,r1684,"Transport, extracellular"
,,,r0156,Urea cycle
,,,56DURAt,"Transport, extracellular"
,,,RTOTAL2FATPc,"Transport, extracellular"
,,,VALB0AT3tc,"Transport, extracellular"
,,,CE2512te,"Transport, extracellular"
,,,EX_pcholn183_hs_e,Exchange/demand reaction
,,,BALAPAT1tc2,"Transport, extracellular"
,,,C05769te3,"Transport, extracellular"
,,,HXPRT,Nucleotide salvage pathway
,,,PGPP_hsc,Glycerophospholipid metabolism
,,,EX_pcholn203_hs_e,Exchange/demand reaction
,,,7DHCHSTEROLtd,"Transport, extracellular"
,,,r2412,"Transport, mitochondrial"
,,,ARGDr,Arginine and proline metabolism
,,,EX_pcholeic_hs_e,Exchange/demand reaction
,,,r0331,Pyrimidine catabolism
,,,HMR_7628,Phenylalanine metabolism
,,,RE1845C,Bile acid synthesis
,,,r1710,"Transport, extracellular"
,,,4HPRO_LTte,"Transport, extracellular"
,,,r2401,"Transport, mitochondrial"
,,,SK_mi1345p_c,Exchange/demand reaction
,,,DIGALSGALSIDEte,"Transport, extracellular"
,,,ACGAMK,Aminosugar metabolism
,,,COPROSTt2,"Transport, extracellular"
,,,SMVtu,Drug metabolism
,,,HMR_0378,Fatty acid oxidation
,,,ASNTHRNaEx,"Transport, extracellular"
,,,PEPCKm,Glycolysis/gluconeogenesis
,,,LEUt4,"Transport, extracellular"
,,,r1926,"Transport, extracellular"
,,,DNDPt49m,"Transport, mitochondrial"
,,,7DHCDCHOLt2,"Transport, extracellular"
,,,EX_glu__L_e,Exchange/demand reaction
,,,r2159,"Transport, extracellular"
,,,SK_arg__L_c,Exchange/demand reaction
,,,r0433_1,Fatty acid oxidation
,,,r1633,"Transport, extracellular"
,,,ATVACIDhr,Drug metabolism
,,,r1713,"Transport, extracellular"
,,,EX_adp_e,Exchange/demand reaction
,,,UTPtn,"Transport, nuclear"
,,,RE2626C,Bile acid synthesis
,,,XOLEST183tl,"Transport, lysosomal"
,,,r0575,Cholesterol metabolism
,,,HMR_0422,Fatty acid oxidation
,,,r0983,"Transport, endoplasmic reticular"
,,,EX_leuktrA4_e,Exchange/demand reaction
,,,HMR_9622,"Transport, extracellular"
,,,N4Tg,O-glycan metabolism
,,,r1789,"Transport, extracellular"
,,,r1635,"Transport, extracellular"
,,,HMR_1666,"Transport, mitochondrial"
,,,NMNDA,NAD metabolism
,,,r1564,"Transport, extracellular"
,,,DNDPt23m,"Transport, mitochondrial"
,,,DOPAc,Tyrosine metabolism
,,,DM_pmtcoa_r,Exchange/demand reaction
,,,r1677,"Transport, extracellular"
,,,RNTR1,Nucleotide interconversion
,,,r1583,"Transport, extracellular"
,,,12DHCHOLabc,"Transport, extracellular"
,,,r2247,"Transport, extracellular"
,,,XOLEST2te,"Transport, extracellular"
,,,EX_sphmyln18118_hs_e,Exchange/demand reaction
,,,FAOXC260240x_1,Fatty acid oxidation
,,,r1679,"Transport, extracellular"
,,,LTHSTRLtr,"Transport, endoplasmic reticular"
,,,r2378,"Transport, mitochondrial"
,,,LEUtec,"Transport, extracellular"
,,,CYANSTm,Miscellaneous
,,,SMS21e,Sphingolipid metabolism
,,,EX_doco13ac_e,Exchange/demand reaction
,,,CRMte,Sphingolipid metabolism
,,,PRDX,Miscellaneous
,,,MLTG1e,Starch and sucrose metabolism
,,,PHETA1m,Phenylalanine metabolism
,,,FAOXC2242046x,Fatty acid oxidation
,,,RE1447N_1,Phosphatidylinositol phosphate metabolism
,,,r1961,"Transport, extracellular"
,,,DM_gd3_hs_l,Exchange/demand reaction
,,,It,"Transport, extracellular"
,,,r2484,"Transport, extracellular"
,,,RE3570C,Eicosanoid metabolism
,,,SK_glu__L_c,Exchange/demand reaction
,,,P45046A1r,Bile acid synthesis
,,,5HOXINDACTO2OX,Tryptophan metabolism
,,,r0950,"Transport, mitochondrial"
,,,r2220,"Transport, extracellular"
,,,LEUPHELAT2tc,"Transport, extracellular"
,,,r1657,"Transport, extracellular"
,,,NEU21,Sphingolipid metabolism
,,,r2215,"Transport, extracellular"
,,,ASPte,"Transport, extracellular"
,,,ACHVESSEC_1,"Transport, extracellular"
,,,PHETHPTOX,Tetrahydrobiopterin metabolism
,,,r0970,"Transport, endoplasmic reticular"
,,,DM_na1_c,Exchange/demand reaction
,,,EX_ump_e,Exchange/demand reaction
,,,r0885,"Transport, mitochondrial"
,,,DNDPt6m,"Transport, mitochondrial"
,,,CYTDtm,"Transport, mitochondrial"
,,,PHEtec,"Transport, extracellular"
,,,FBP,Glycolysis/gluconeogenesis
,,,PESTE_HSt1e,"Transport, extracellular"
,,,FPGS_1,Folate metabolism
,,,THRCYSNaEx,"Transport, extracellular"
,,,SARCOXp,"Glycine, serine, alanine, and threonine metabolism"
,,,CYANtm,"Transport, mitochondrial"
,,,3DHDCAt,"Transport, extracellular"
,,,TTDCEAt,"Transport, extracellular"
,,,LPS3e,Fatty acid oxidation
,,,FAOXC180x,Fatty acid oxidation
,,,CE1273t2,"Transport, extracellular"
,,,G6PDH2c,Pentose phosphate pathway
,,,ADA,Purine catabolism
,,,FRDPtc,"Transport, peroxisomal"
,,,r1586,"Transport, extracellular"
,,,r1723,"Transport, extracellular"
,,,LTA4H,Eicosanoid metabolism
,,,GLYB0AT3tc,"Transport, extracellular"
,,,r1531_1,"Transport, extracellular"
,,,EX_pchollinl_hs_e,Exchange/demand reaction
,,,EX_trp__L_e,Exchange/demand reaction
,,,EX_uri_e,Exchange/demand reaction
,,,r2035,"Transport, extracellular"
,,,r2300,"Transport, extracellular"
,,,NMNS,NAD metabolism
,,,EX_orn_e,Exchange/demand reaction
,,,r1817,"Transport, extracellular"
,,,r2263,"Transport, extracellular"
,,,C06439t,"Transport, extracellular"
,,,r0999,"Transport, peroxisomal"
,,,r1951,"Transport, extracellular"
,,,HMR_6728,Phenylalanine metabolism
,,,SO4HCOtex,"Transport, extracellular"
,,,SPHGNSte,"Transport, extracellular"
,,,HMR_1095,"Transport, nuclear"
,,,PYK,Glycolysis/gluconeogenesis
,,,ESTRAABCtc,"Transport, extracellular"
,,,GD1Atg,"Transport, golgi apparatus"
,,,r1607,"Transport, extracellular"
,,,r2390,"Transport, mitochondrial"
,,,C04483t2,"Transport, extracellular"
,,,THMDt2,"Transport, extracellular"
,,,HMR_0182,"Transport, mitochondrial"
,,,PIK4n,Inositol phosphate metabolism
,,,3AIBt1,"Transport, extracellular"
,,,FUMTSULtm,"Transport, mitochondrial"
,,,r0424,Miscellaneous
,,,AKGtp,"Transport, peroxisomal"
,,,FAS100COA,Fatty acid synthesis
,,,r2235,"Transport, extracellular"
,,,r1155,"Transport, mitochondrial"
,,,r1894,"Transport, extracellular"
,,,CAPROICc,Fatty acid oxidation
,,,NDPK5m,Nucleotide interconversion
,,,r1617,"Transport, extracellular"
,,,ASPTAm,Alanine and aspartate metabolism
,,,r0604,Miscellaneous
,,,HMR_6989,"Transport, extracellular"
,,,q10h2tc,"Transport, mitochondrial"
,,,OCCOAtx,"Transport, peroxisomal"
,,,r2425,"Transport, mitochondrial"
,,,r2028,"Transport, extracellular"
,,,PI4P3Kn,Inositol phosphate metabolism
,,,r2151,"Transport, extracellular"
,,,RE3432X,Eicosanoid metabolism
,,,r1695,"Transport, extracellular"
,,,ACCOACrm,Fatty acid oxidation
,,,r2213,"Transport, extracellular"
,,,RE1233C,Tryptophan metabolism
,,,EX_cmp_e,Exchange/demand reaction
,,,DNDPt46m,"Transport, mitochondrial"
,,,FAOXC161802m,Fatty acid oxidation
,,,r0818,Pyruvate metabolism
,,,HMR_4783,Arginine and proline metabolism
,,,FAOXC18480x,Fatty acid oxidation
,,,AGDC,Aminosugar metabolism
,,,ICDHym,Citric acid cycle
,,,r2260,"Transport, extracellular"
,,,TMDOATPtsc,Drug metabolism
,,,CLHCO3tex2,"Transport, extracellular"
,,,H2Otly,"Transport, lysosomal"
,,,r0840,"Transport, endoplasmic reticular"
,,,HMR_0392,"Transport, extracellular"
,,,r1681,"Transport, extracellular"
,,,EX_maltpt_e,Exchange/demand reaction
,,,DM_srtn_c,Exchange/demand reaction
,,,FAOXC8C6x,Fatty acid oxidation
,,,EX_sphmyln18121_hs_e,Exchange/demand reaction
,,,MEPIVESSte_cho,"Transport, extracellular"
,,,EX_pepalm_hs_e,Exchange/demand reaction
,,,FAOXC7C5m,Fatty acid oxidation
,,,r1481,Fatty acid oxidation
,,,r2299,"Transport, extracellular"
,,,SK_lnlncgcoa_c,Exchange/demand reaction
,,,EX_M02446_e,Exchange/demand reaction
,,,r1561,"Transport, extracellular"
,,,3DHCHOLt,"Transport, extracellular"
,,,TRPHYDRO2,Tryptophan metabolism
,,,FTHFCLm,Folate metabolism
,,,r2178,"Transport, extracellular"
,,,4HATVLACOXDhc,Drug metabolism
,,,H2Oter,"Transport, endoplasmic reticular"
,,,FAOXC140120x,Fatty acid oxidation
,,,PROSTGH2t,"Transport, extracellular"
,,,SK_dgchol_c,Exchange/demand reaction
,,,HMR_6365,"Transport, extracellular"
,,,r1757,"Transport, extracellular"
,,,r2407,"Transport, mitochondrial"
,,,PCFLOPm,"Transport, mitochondrial"
,,,SK_gln__L_c,Exchange/demand reaction
,,,r2381,"Transport, mitochondrial"
,,,r1392,Miscellaneous
,,,ALATHRNaEx,"Transport, extracellular"
,,,DMNONCOACRNCPT1,Fatty acid oxidation
,,,EX_hco3_e,Exchange/demand reaction
,,,2HATVACIDtep,Drug metabolism
,,,PI4P4Pn,Phosphatidylinositol phosphate metabolism
,,,PCHOLPr_hs,Glycerophospholipid metabolism
,,,MMSAD1m,"Valine, leucine, and isoleucine metabolism"
,,,r1499,"Transport, extracellular"
,,,CHOLtg,"Transport, golgi apparatus"
,,,TYRPHELAT2tc,"Transport, extracellular"
,,,PGLYCt,"Transport, extracellular"
,,,HC00900t1,"Transport, extracellular"
,,,r0754,Miscellaneous
,,,THRATB0tc,"Transport, extracellular"
,,,ISOCHOLabc,"Transport, extracellular"
,,,r0915,"Transport, mitochondrial"
,,,EX_akg_e,Exchange/demand reaction
,,,r2163,"Transport, extracellular"
,,,r2032,"Transport, extracellular"
,,,IDPtn,"Transport, nuclear"
,,,r0084,Miscellaneous
,,,NEU36e,Sphingolipid metabolism
,,,TETHEX3COAtx,"Transport, peroxisomal"
,,,r2309,"Transport, extracellular"
,,,VALATB0tc,"Transport, extracellular"
,,,SK_thcholstoic_c,Exchange/demand reaction
,,,GUDACtr2,"Transport, extracellular"
,,,DCMPtm,"Transport, mitochondrial"
,,,THRGLNexR,"Transport, extracellular"
,,,DNDPt19m,"Transport, mitochondrial"
,,,SMS1S2,Sphingolipid metabolism
,,,ALAR,Alanine and aspartate metabolism
,,,LEUKTRB4t,"Transport, extracellular"
,,,LVSTACIDhep,Drug metabolism
,,,DM_adrnl_c,Exchange/demand reaction
,,,CO2tm,"Transport, mitochondrial"
,,,LGNCCOAtcx_1,"Transport, peroxisomal"
,,,FAOXC10DCC8DCx,Fatty acid oxidation
,,,CHSTEROLtrc,"Transport, endoplasmic reticular"
,,,FACOAE1839Z12Z15Z,Fatty acid oxidation
,,,THMMPtm_cho,"Transport, mitochondrial"
,,,NACHEXA22ly,Keratan sulfate degradation
,,,BTNt4i,"Transport, extracellular"
,,,GLUSIDEtg,"Transport, extracellular"
,,,r2070,"Transport, extracellular"
,,,HMR_1897,"Transport, extracellular"
,,,HMR_9615,"Transport, extracellular"
,,,STRDNCCPT1,Fatty acid oxidation
,,,PCHOLN201_HSt1e,"Transport, extracellular"
,,,RIBFLVt3,"Transport, extracellular"
,,,ACACT6m,Fatty acid oxidation
,,,BALABETAtc,"Transport, extracellular"
,,,HMR_7898,"Transport, extracellular"
,,,EX_CE2838_e,Exchange/demand reaction
,,,ASNtN1,"Transport, extracellular"
,,,DNDPt62m,"Transport, mitochondrial"
,,,MGSA,Pyruvate metabolism
,,,r1985,"Transport, extracellular"
,,,EX_ser__L_e,Exchange/demand reaction
,,,r1781,"Transport, extracellular"
,,,SK_phe__L_c,Exchange/demand reaction
,,,LIPOti_1,"Transport, extracellular"
,,,HMR_0292,"Transport, extracellular"
,,,r1708,"Transport, extracellular"
,,,HMR_2292,Fatty acid synthesis
,,,r1728,"Transport, extracellular"
,,,AACOAT,Propanoate metabolism
,,,r2355,"Transport, extracellular"
,,,ALCD2y,Glycolysis/gluconeogenesis
,,,r0383,Miscellaneous
,,,TYROX,Phenylalanine metabolism
,,,HISyLATtc,"Transport, extracellular"
,,,LYSt4,"Transport, extracellular"
,,,r1746,"Transport, extracellular"
,,,r0016,Miscellaneous
,,,H2O2tn,"Transport, nuclear"
,,,56DTHMt,"Transport, extracellular"
,,,r1557,"Transport, extracellular"
,,,r2179,"Transport, extracellular"
,,,MITKP,Inositol phosphate metabolism
,,,SK_c226coa_c,Exchange/demand reaction
,,,ISOCHOLt,"Transport, extracellular"
,,,TRIODTHYSULT,Tyrosine metabolism
,,,DM_ca2_c,
,,,CHOLATEt2,"Transport, extracellular"
,,,DHEAtr,"Transport, endoplasmic reticular"
,,,r2064,"Transport, extracellular"
,,,MALOAAtm,"Transport, mitochondrial"
,,,THCRMtl,"Transport, lysosomal"
,,,r1687,"Transport, extracellular"
,,,3AIBt,"Transport, extracellular"
,,,SK_his__L_c,Exchange/demand reaction
,,,DIGALSGALSIDEtg,"Transport, golgi apparatus"
,,,AKGCITtm,"Transport, mitochondrial"
,,,r1922,"Transport, extracellular"
,,,r0841,"Transport, endoplasmic reticular"
,,,r2272,"Transport, extracellular"
,,,r2413,"Transport, mitochondrial"
,,,LAPCOAl,CoA catabolism
,,,r1627,"Transport, extracellular"
,,,DNADDP,NAD metabolism
,,,r1637,"Transport, extracellular"
,,,C05953tm,"Transport, mitochondrial"
,,,DHAOX_c,Vitamin C metabolism
,,,3SPYRSPm,Methionine and cysteine metabolism
,,,r1799,"Transport, extracellular"
,,,H2O2tm,"Transport, mitochondrial"
,,,SERGLYexR,"Transport, extracellular"
,,,r2040,"Transport, extracellular"
,,,PCHOLN19_HSt1e,"Transport, extracellular"
,,,AK2LGCHOLt,"Transport, extracellular"
,,,ECOAH4p,Fatty acid oxidation
,,,C05463t2,"Transport, extracellular"
,,,r0931,"Transport, endoplasmic reticular"
,,,HSD3A1r,Steroid metabolism
,,,METB0AT3tc,"Transport, extracellular"
,,,SERD_L,Methionine and cysteine metabolism
,,,FAOXC10080x,Fatty acid oxidation
,,,HMR_3021,"Transport, peroxisomal"
,,,DTTPtm_cho,"Transport, mitochondrial"
,,,CYSSNAT5tc,"Transport, extracellular"
,,,EX_pcholn224_hs_e,Exchange/demand reaction
,,,HMR_0344,"Transport, extracellular"
,,,HMR_7199,"Transport, lysosomal"
,,,3DHCHOLt2,"Transport, extracellular"
,,,r2018,"Transport, extracellular"
,,,CREATt4_2_r,"Transport, extracellular"
,,,r1867,"Transport, extracellular"
,,,RETH2,Vitamin A metabolism
,,,HMR_1085,Leukotriene metabolism
,,,HYOCHOLt,"Transport, extracellular"
,,,SMVHYDROhep,Drug metabolism
,,,PCHOLN204_HSt1e,"Transport, extracellular"
,,,DCYTt,"Transport, extracellular"
,,,GluForTx,Histidine metabolism
,,,EX_5dhf_e,Exchange/demand reaction
,,,ILETA,"Valine, leucine, and isoleucine metabolism"
,,,EX_pcholn281_hs_e,Exchange/demand reaction
,,,r2027,"Transport, extracellular"
,,,RE1096C,Steroid metabolism
,,,DNDPt30m,"Transport, mitochondrial"
,,,r0179,Glutamate metabolism
,,,r0630,Bile acid synthesis
,,,FAOXC61C4x,Fatty acid oxidation
,,,HMR_1781,Bile acid synthesis
,,,CITt4_2,"Transport, extracellular"
,,,4HATVLAChc,Drug metabolism
,,,ETOHtx,"Transport, peroxisomal"
,,,EX_pcholn1836_hs_e,Exchange/demand reaction
,,,ADNt5,"Transport, extracellular"
,,,HSD17B3r,Steroid metabolism
,,,CYTDn,Nucleotide interconversion
,,,r2169,"Transport, extracellular"
,,,FACOAL200,Fatty acid oxidation
,,,HMR_0384,"Transport, extracellular"
,,,FAOXC16080m,Fatty acid oxidation
,,,CHOLt4,"Transport, extracellular"
,,,r1924,"Transport, extracellular"
,,,r1847,"Transport, extracellular"
,,,EX_6thf_e,Exchange/demand reaction
,,,NADQNOXR,Tyrosine metabolism
,,,GLYSNAT5tc,"Transport, extracellular"
,,,5AOPt,"Transport, extracellular"
,,,r1752,"Transport, extracellular"
,,,ACOAO7p,Fatty acid oxidation
,,,r2514e,"Transport, extracellular"
,,,GLYCLTDy,Glyoxylate and dicarboxylate metabolism
,,,CYSGLUexR,"Transport, extracellular"
,,,HSD3B11r,Steroid metabolism
,,,PCHOLAR_HSt1e,"Transport, extracellular"
,,,PSSA2_hs,Glycerophospholipid metabolism
,,,NH4tr,"Transport, endoplasmic reticular"
,,,r1786,"Transport, extracellular"
,,,r1831,"Transport, extracellular"
,,,SK_Ser_Gly_Ala_X_Gly_r,Exchange/demand reaction
,,,r2036,"Transport, extracellular"
,,,G5SADrm,Arginine and proline metabolism
,,,HMR_2651,Fatty acid oxidation
,,,r0961,"Transport, extracellular"
,,,PAIL_HStn,"Transport, nuclear"
,,,GPDDACHOL,Glycerophospholipid metabolism
,,,C02712tm,"Transport, mitochondrial"
,,,STS2r,Steroid metabolism
,,,PTDCAt,"Transport, extracellular"
,,,r1588,"Transport, extracellular"
,,,DM_dttp_n,Exchange/demand reaction
,,,DCHOLESTANCOAc,Bile acid synthesis
,,,UDPGNP,Pentose phosphate pathway
,,,RSVhc,Drug metabolism
,,,CITt2r,"Transport, extracellular"
,,,SMVGLUCLAChep,Drug metabolism
,,,r1879,"Transport, extracellular"
,,,FVShc,Drug metabolism
,,,PTVSTGLUChc,Drug metabolism
,,,TMDPK,Thiamine metabolism
,,,PUNP2,Purine catabolism
,,,r2280,"Transport, extracellular"
,,,ARGt4,"Transport, extracellular"
,,,NDP1,Purine catabolism
,,,R03184_PLUS_R00647,
,,,r1914,"Transport, extracellular"
,,,LINOFATPtc,"Transport, extracellular"
,,,FALDtm,"Transport, mitochondrial"
,,,HACD1m,Tryptophan metabolism
,,,r1598,"Transport, extracellular"
,,,FOLt2,"Transport, extracellular"
,,,PAILPALM_HSSECt,"Transport, extracellular"
,,,LNELDCCRNte,"Transport, extracellular"
,,,FACOAL260,Fatty acid oxidation
,,,r1693,"Transport, extracellular"
,,,DNDPt2m,"Transport, mitochondrial"
,,,ASNALANaEx,"Transport, extracellular"
,,,r1304,"Transport, lysosomal"
,,,3ISPVShc,Drug metabolism
,,,CBPSam,Glutamate metabolism
,,,r0826,"Transport, endoplasmic reticular"
,,,EX_M00003_e,Exchange/demand reaction
,,,r2051,"Transport, extracellular"
,,,VALt4,"Transport, extracellular"
,,,r2054,"Transport, extracellular"
,,,2OXOADOXm,Lysine metabolism
,,,HMR_9604,"Transport, extracellular"
,,,EX_ac_e,Exchange/demand reaction
,,,SPHMYLN18121_hs_SECt,"Transport, extracellular"
,,,DNDPt20m,"Transport, mitochondrial"
,,,GLNtm,"Transport, mitochondrial"
,,,r2184,"Transport, extracellular"
,,,BAAT2x,Bile acid synthesis
,,,URCN,Histidine metabolism
,,,QUILSYN,Tryptophan metabolism
,,,r0730,Fatty acid oxidation
,,,DNDPt21m,"Transport, mitochondrial"
,,,HMR_3855,Pyruvate metabolism
,,,r1579,"Transport, extracellular"
,,,FVSGLUChc,Drug metabolism
,,,r2192,"Transport, extracellular"
,,,LEUKTRB4WOHtr,"Transport, extracellular"
,,,P45027A1m,Bile acid synthesis
,,,EX_M00008_e,Exchange/demand reaction
,,,FAOXC160140m,Fatty acid oxidation
,,,PGLYCtm,"Transport, mitochondrial"
,,,HSD3B13r,Steroid metabolism
,,,ACMPGLUtep,Drug metabolism
,,,VACCt,"Transport, extracellular"
,,,DM_dgtp_m,Exchange/demand reaction
,,,r0611,Miscellaneous
,,,HEXCOAACBP,Fatty acid oxidation
,,,r1919,"Transport, extracellular"
,,,PUNP6,Purine catabolism
,,,r2333,"Transport, extracellular"
,,,HMR_0771,"Transport, endoplasmic reticular"
,,,GM1tl,"Transport, extracellular"
,,,KYN3OX,Tryptophan metabolism
,,,r1857,"Transport, extracellular"
,,,FAOXC1811601m,Fatty acid oxidation
,,,r0440,Fatty acid oxidation
,,,GF6PTA,Aminosugar metabolism
,,,EX_dhdascb_e,Exchange/demand reaction
,,,r1675,"Transport, extracellular"
,,,B3GNT39g,Sphingolipid metabolism
,,,3MHISt3,"Transport, extracellular"
,,,RE1796M,Bile acid synthesis
,,,r1548,"Transport, extracellular"
,,,HMR_0257,"Transport, extracellular"
,,,BPNT2,Nucleotide interconversion
,,,O2Stx,"Transport, peroxisomal"
,,,XAO2,Nucleotide interconversion
,,,RE1826C,Bile acid synthesis
,,,HMR_3056,Fatty acid oxidation
,,,r2201,"Transport, extracellular"
,,,r2506,"Transport, endoplasmic reticular"
,,,DOCOSCOAtxc,"Transport, peroxisomal"
,,,EX_pnto__R_e,Exchange/demand reaction
,,,r1936,"Transport, extracellular"
,,,r2233,"Transport, extracellular"
,,,r1006,"Transport, peroxisomal"
,,,r2511,"Transport, endoplasmic reticular"
,,,r2031,"Transport, extracellular"
,,,HMR_3341,Fatty acid oxidation
,,,r2145,"Transport, extracellular"
,,,HDCAter,"Transport, endoplasmic reticular"
,,,10FTHF6GLUtm,"Transport, mitochondrial"
,,,DCYTD,Pyrimidine catabolism
,,,r1944,"Transport, extracellular"
,,,MMCDm,"Valine, leucine, and isoleucine metabolism"
,,,r1982,"Transport, extracellular"
,,,r2485,"Transport, extracellular"
,,,PRGNLONEtr,"Transport, endoplasmic reticular"
,,,ATVLACtu,Drug metabolism
,,,MLTHFtm,"Transport, mitochondrial"
,,,FAS160COA,Fatty acid synthesis
,,,PALFATPtc,"Transport, extracellular"
,,,r1029,"Transport, extracellular"
,,,FAOXC182806m,Fatty acid oxidation
,,,r0892,"Transport, extracellular"
,,,EX_M00315_e,Exchange/demand reaction
,,,UDPGLDCg,Nucleotide sugar metabolism
,,,FAOXC15BRC13BRx,Fatty acid oxidation
,,,r0517,Miscellaneous
,,,LTD4DP,Eicosanoid metabolism
,,,NH4t3r,"Transport, extracellular"
,,,HSD17B2r,Steroid metabolism
,,,r1608,"Transport, extracellular"
,,,SK_mi134p_c,Exchange/demand reaction
,,,HMR_9680,"Transport, peroxisomal"
,,,DHEASABCCte,"Transport, extracellular"
,,,EX_4hpro_LT_e,Exchange/demand reaction
,,,EX_pe12_hs_e,Exchange/demand reaction
,,,DM_dopa_c,Exchange/demand reaction
,,,SK_lnlc_c,Exchange/demand reaction
,,,CAT2p,Glycolysis/gluconeogenesis
,,,PUNP1,Nucleotide interconversion
,,,MOGAT,Triacylglycerol synthesis
,,,TDCA3Sabc,"Transport, extracellular"
,,,HMR_0288,"Transport, extracellular"
,,,DSMSTOLR,Cholesterol metabolism
,,,EX_thymd_e,Exchange/demand reaction
,,,SGPL12r,Sphingolipid metabolism
,,,6EPVStep,Drug metabolism
,,,2HATVACIDhc,Drug metabolism
,,,r2306,"Transport, extracellular"
,,,r1760,"Transport, extracellular"
,,,RE3437C,Eicosanoid metabolism
,,,RE0908C,Tyrosine metabolism
,,,PIt2r,"Transport, extracellular"
,,,r1776,"Transport, extracellular"
,,,TSTSTERONEtr,"Transport, endoplasmic reticular"
,,,r2250,"Transport, extracellular"
,,,r0082,Miscellaneous
,,,HMR_0418,Fatty acid oxidation
,,,CE2513ATP,"Transport, extracellular"
,,,FAOXC16180m,Fatty acid oxidation
,,,TMDK1m,Nucleotide interconversion
,,,r2196,"Transport, extracellular"
,,,r1701,"Transport, extracellular"
,,,r2047,"Transport, extracellular"
,,,r2341,"Transport, extracellular"
,,,GUDCA3Sabc,"Transport, extracellular"
,,,r0465_1,Miscellaneous
,,,HMR_1944,Androgen and estrogen synthesis and metabolism
,,,r2307,"Transport, extracellular"
,,,r2363,"Transport, extracellular"
,,,TAUBETAtc,"Transport, extracellular"
,,,r2419,"Transport, mitochondrial"
,,,GPDDA1,Glycerophospholipid metabolism
,,,EX_ile__L_e,Exchange/demand reaction
,,,HMR_0280,Fatty acid oxidation
,,,FACOAL1822,Fatty acid oxidation
,,,r2322,"Transport, extracellular"
,,,FEROc,Vitamin B2 metabolism
,,,5MTHFt2_1,"Transport, extracellular"
,,,PTRCtex2,"Transport, extracellular"
,,,DM_btn_n,Exchange/demand reaction
,,,TRDR2,Miscellaneous
,,,HMR_0239,"Transport, extracellular"
,,,r1928,"Transport, extracellular"
,,,HMR_1771,Bile acid synthesis
,,,r1821,"Transport, extracellular"
,,,r1565,"Transport, extracellular"
,,,PCHOLN261_HSte,"Transport, extracellular"
,,,r2335,"Transport, extracellular"
,,,r1498,"Transport, extracellular"
,,,r0525,Lysine metabolism
,,,NADS2,NAD metabolism
,,,EX_Rtotal2_e,Exchange/demand reaction
,,,r0510,Miscellaneous
,,,FAOXC180,Fatty acid oxidation
,,,HMR_7755,Glycerophospholipid metabolism
,,,ACOAD10m,"Valine, leucine, and isoleucine metabolism"
,,,PE_HStm,"Transport, mitochondrial"
,,,r0714_1,Fatty acid oxidation
,,,RE3251M,Bile acid synthesis
,,,r1318,"Transport, endoplasmic reticular"
,,,LALDO2,Pyruvate metabolism
,,,r1938,"Transport, extracellular"
,,,thr_mt,"Transport, mitochondrial"
,,,r2172,"Transport, extracellular"
,,,MECOAS1m,C5-branched dibasic acid metabolism
,,,HMR_4964,"Transport, mitochondrial"
,,,PHEt4,"Transport, extracellular"
,,,SERTHRNaEx,"Transport, extracellular"
,,,DCMPDA,Pyrimidine catabolism
,,,RE2814R,Bile acid synthesis
,,,GLCMter,"Transport, extracellular"
,,,HIStN1,"Transport, extracellular"
,,,r1292,"Transport, peroxisomal"
,,,r2245,"Transport, extracellular"
,,,r2315,"Transport, extracellular"
,,,34DHPHEt,"Transport, extracellular"
,,,PROSTGE2t3,"Transport, extracellular"
,,,r2405,"Transport, mitochondrial"
,,,SK_tag_hs_c,Exchange/demand reaction
,,,DOPAENT4tc,"Transport, extracellular"
,,,HIBDm,"Valine, leucine, and isoleucine metabolism"
,,,EX_gmp_e,Exchange/demand reaction
,,,SO4t_e,"Transport, extracellular"
,,,GMPS,Bile acid synthesis
,,,r1456,"Transport, mitochondrial"
,,,EX_pa_hs_e,Exchange/demand reaction
,,,r0881,"Transport, extracellular"
,,,r1836,"Transport, extracellular"
,,,r2332,"Transport, extracellular"
,,,DUTPDP,Pyrimidine catabolism
,,,HMR_0325,"Transport, extracellular"
,,,EX_pe13_hs_e,Exchange/demand reaction
,,,r1591,"Transport, extracellular"
,,,r2026,"Transport, extracellular"
,,,GLYK,Glycerophospholipid metabolism
,,,ICDHyr,Citric acid cycle
,,,FRDPtr,"Transport, peroxisomal"
,,,UROLACer,Vitamin C metabolism
,,,PAIL4P_HStn,"Transport, nuclear"
,,,r1717,"Transport, extracellular"
,,,SK_dhcholestanate_c,Exchange/demand reaction
,,,r0839,"Transport, extracellular"
,,,GLUt4,"Transport, extracellular"
,,,7KILTCHOLt,"Transport, extracellular"
,,,r0921,"Transport, mitochondrial"
,,,ARGLYSex,"Transport, extracellular"
,,,r1540,"Transport, extracellular"
,,,PI45P5Pn,Inositol phosphate metabolism
,,,NADtru,"Transport, endoplasmic reticular"
,,,FAOXC2242046m,Fatty acid oxidation
,,,r1960,"Transport, extracellular"
,,,PE14_HSt1e,"Transport, extracellular"
,,,HMR_1329,Eicosanoid metabolism
,,,RE1835C,Bile acid synthesis
,,,NADDP,NAD metabolism
,,,FUMtm,"Transport, mitochondrial"
,,,VALPHELAT2tc,"Transport, extracellular"
,,,AASAD3m,Lysine metabolism
,,,SK_citr__L_c,Exchange/demand reaction
,,,FAOXC160,Fatty acid oxidation
,,,CYSGLYex,"Transport, extracellular"
,,,3SALAASPm,"Transport, mitochondrial"
,,,ACMPthc,Drug metabolism
,,,FAOXC2251836x,Fatty acid oxidation
,,,HMR_0426,Fatty acid oxidation
,,,r0409,Miscellaneous
,,,r1559,"Transport, extracellular"
,,,RNTR3,Nucleotide interconversion
,,,SUCCACT,Fatty acid oxidation
,,,r1721,"Transport, extracellular"
,,,HMR_0358,Fatty acid oxidation
,,,HMR_3996,Methionine and cysteine metabolism
,,,r2513,"Transport, endoplasmic reticular"
,,,ILEtec,"Transport, extracellular"
,,,r2483,"Transport, extracellular"
,,,UDPGP,Starch and sucrose metabolism
,,,SK_tyr__L_c,Exchange/demand reaction
,,,SPRMS,Urea cycle
,,,HMR_0815,Glycosphingolipid metabolism
,,,GRTT,Cholesterol metabolism
,,,r0753,Miscellaneous
,,,r2278,"Transport, extracellular"
,,,DPCOAPP,CoA synthesis
,,,ACMPGLUthc,Drug metabolism
,,,ADPT,Nucleotide salvage pathway
,,,HSD17B8r,Steroid metabolism
,,,r1519,"Transport, extracellular"
,,,DHFRim,Folate metabolism
,,,r1972,"Transport, extracellular"
,,,NH4tm,"Transport, mitochondrial"
,,,ELAIDt,"Transport, extracellular"
,,,MLTHFte3,"Transport, extracellular"
,,,ALDD19x_P,Phenylalanine metabolism
,,,HMR_1767,Bile acid synthesis
,,,HISyLATthc,"Transport, extracellular"
,,,ALA_DTDe,"Transport, extracellular"
,,,GBSIDEtl,"Transport, lysosomal"
,,,HMR_7944,"Transport, endoplasmic reticular"
,,,PCHOLN2254_HSt1e,"Transport, extracellular"
,,,ESTRONESt2,"Transport, extracellular"
,,,DM_4abut_c,Exchange/demand reaction
,,,HMR_9612,"Transport, extracellular"
,,,3MOXTYRESSte,"Transport, extracellular"
,,,URIDK2r,Nucleotide interconversion
,,,r2155,"Transport, extracellular"
,,,r2136,"Transport, extracellular"
,,,FAOXC200180m,Fatty acid oxidation
,,,FAOXC11C9m,Fatty acid oxidation
,,,PE2LINL_HSt1e,"Transport, extracellular"
,,,r2352,"Transport, extracellular"
,,,HMR_3337,Fatty acid oxidation
,,,HSD3B2r,Steroid metabolism
,,,CYTK3,Nucleotide interconversion
,,,3HPVStep,Drug metabolism
,,,r1662,"Transport, extracellular"
,,,r2320,"Transport, extracellular"
,,,r1932,"Transport, extracellular"
,,,r2022,"Transport, extracellular"
,,,r1966,"Transport, extracellular"
,,,6DHFtm,"Transport, mitochondrial"
,,,GLCAE2g,Chondroitin synthesis
,,,r2491,"Transport, extracellular"
,,,MMMm,"Valine, leucine, and isoleucine metabolism"
,,,ANDRSTRNtr,"Transport, endoplasmic reticular"
,,,TRIOK,Fructose and mannose metabolism
,,,PEROXx,Fatty acid oxidation
,,,LNLNCGt,"Transport, extracellular"
,,,SPHMYLN_HsSECt,"Transport, extracellular"
,,,FATP9t,"Transport, extracellular"
,,,r1901,"Transport, extracellular"
,,,ALAGLNexR,"Transport, extracellular"
,,,7THFtm,"Transport, mitochondrial"
,,,ALCD2x,Glycolysis/gluconeogenesis
,,,r2444,"Transport, extracellular"
,,,r1739,"Transport, extracellular"
,,,CDPDAGtm,"Transport, mitochondrial"
,,,EX_utp_e,Exchange/demand reaction
,,,HMR_3018,"Transport, peroxisomal"
,,,r2021,"Transport, extracellular"
,,,r2295,"Transport, extracellular"
,,,ICDHyp,Citric acid cycle
,,,EX_M03045_e,Exchange/demand reaction
,,,HMR_0383,"Transport, extracellular"
,,,KYNAKGAT,Tryptophan metabolism
,,,r1759,"Transport, extracellular"
,,,HMR_0304,"Transport, extracellular"
,,,r1764,"Transport, extracellular"
,,,EX_M02451_e,Exchange/demand reaction
,,,r0842,"Transport, endoplasmic reticular"
,,,GUR1PP,Pentose phosphate pathway
,,,HYPTROX_cho,Taurine and hypotaurine metabolism
,,,GCDCA3Sabc,"Transport, extracellular"
,,,STS2,Steroid metabolism
,,,FATP4t,"Transport, extracellular"
,,,GABABGTtc,"Transport, extracellular"
,,,FACOAL203,Fatty acid oxidation
,,,7KILTCHOLATP,"Transport, extracellular"
,,,FAOXC1811603m,Fatty acid oxidation
,,,NAtx,"Transport, peroxisomal"
,,,SPHMYLN18116_hs_SECt,"Transport, extracellular"
,,,PMI12346PH,Inositol phosphate metabolism
,,,ATPM,
,,,HMGCOAS,Cholesterol metabolism
,,,RE0918C,Tyrosine metabolism
,,,GBAl,Sphingolipid metabolism
,,,FACOAL205,Fatty acid oxidation
,,,O2Stm,"Transport, mitochondrial"
,,,DNDPt47m,"Transport, mitochondrial"
,,,HMR_0827,Glycosphingolipid metabolism
,,,CYSTHRNaEx,"Transport, extracellular"
,,,ADD,Purine catabolism
,,,HMR_1685,Bile acid synthesis
,,,HACD6p,Fatty acid oxidation
,,,PPAn,Miscellaneous
,,,r1532_1,"Transport, extracellular"
,,,r1899,"Transport, extracellular"
,,,r1378,Miscellaneous
,,,HMR_7198,"Transport, lysosomal"
,,,C04483t1,"Transport, extracellular"
,,,EX_ascb__L_e,Exchange/demand reaction
,,,r1806,"Transport, extracellular"
,,,ILETAm,"Valine, leucine, and isoleucine metabolism"
,,,r0946,"Transport, extracellular"
,,,PI3PP,Phosphatidylinositol phosphate metabolism
,,,r2534,"Transport, extracellular"
,,,MCDm,Fatty acid oxidation
,,,r2230,"Transport, extracellular"
,,,PIPLCn,Inositol phosphate metabolism
,,,HMR_3333,Fatty acid oxidation
,,,r2279,"Transport, extracellular"
,,,ACACT5p,Fatty acid oxidation
,,,SRTNt6_2_r,"Transport, extracellular"
,,,PNTOt5,"Transport, extracellular"
,,,r1790,"Transport, extracellular"
,,,r1832,"Transport, extracellular"
,,,P45027A13m,Bile acid synthesis
,,,MALSO4tm,"Transport, mitochondrial"
,,,HMR_0191,"Transport, extracellular"
,,,10FTHF6GLUtl,"Transport, lysosomal"
,,,RE3526C,Arachidonic acid metabolism
,,,EX_vacc_e,Exchange/demand reaction
,,,DOPAt4_2_r,"Transport, extracellular"
,,,EX_pchol2ole_hs_e,Exchange/demand reaction
,,,AM6SAD,Tryptophan metabolism
,,,RE0577C,Fatty acid synthesis
,,,GLNt4,"Transport, extracellular"
,,,TYRB0AT3tc,"Transport, extracellular"
,,,PROt4,"Transport, extracellular"
,,,r2318,"Transport, extracellular"
,,,OBDHc,"Glycine, serine, alanine, and threonine metabolism"
,,,PDXPP,Vitamin B6 metabolism
,,,r1005,"Transport, mitochondrial"
,,,HMR_0291,"Transport, extracellular"
,,,HMR_0432,"Transport, extracellular"
,,,FAOXC240200x_1,Fatty acid oxidation
,,,NTPP2,Purine catabolism
,,,SUCFUMtm,"Transport, mitochondrial"
,,,XOLTRIOLtm,"Transport, mitochondrial"
,,,r2205,"Transport, extracellular"
,,,C04805td,"Transport, extracellular"
,,,r2209,"Transport, extracellular"
,,,r0960,"Transport, endoplasmic reticular"
,,,ALOX52,Eicosanoid metabolism
,,,r2045,"Transport, extracellular"
,,,SK_mi145p_c,Exchange/demand reaction
,,,KYNATESYN,Tryptophan metabolism
,,,HEXDIACtd,"Transport, extracellular"
,,,2DR1PP,Pyrimidine catabolism
,,,HMR_3331,Fatty acid oxidation
,,,CLFORtex2,"Transport, extracellular"
,,,DESAT18_11,Fatty acid synthesis
,,,FAOXC170150m,Fatty acid oxidation
,,,EX_10fthf5glu_e,Exchange/demand reaction
,,,PI34P3Pn,Inositol phosphate metabolism
,,,IBUP_Stbc,Drug metabolism
,,,AHCYStr,"Transport, endoplasmic reticular"
,,,CHSTEROLt2,"Transport, mitochondrial"
,,,r0191,Fructose and mannose metabolism
,,,GCCbim,"Glycine, serine, alanine, and threonine metabolism"
,,,INSt5,"Transport, extracellular"
,,,HMR_0770,"Transport, extracellular"
,,,r2393,"Transport, mitochondrial"
,,,r2059,"Transport, extracellular"
,,,DNDPt10m,"Transport, mitochondrial"
,,,LNLCCRNtd,"Transport, extracellular"
,,,SK_trp__L_c,Exchange/demand reaction
,,,DODECANACt,"Transport, extracellular"
,,,CKc_cho,Urea cycle
,,,r1824,"Transport, extracellular"
,,,DNDPt48m,"Transport, mitochondrial"
,,,EX_thr__L_e,Exchange/demand reaction
,,,RE1903R,Vitamin A metabolism
,,,CYTK4,Nucleotide interconversion
,,,EX_pchol2ste_hs_e,Exchange/demand reaction
,,,HMR_0844,Glycosphingolipid metabolism
,,,FAOXC200180x,Fatty acid oxidation
,,,TALA,Pentose phosphate pathway
,,,DKMPPD3_1,Methionine and cysteine metabolism
,,,r1873,"Transport, extracellular"
,,,NORANMT,Tyrosine metabolism
,,,HMR_7756,Phenylalanine metabolism
,,,PEt,"Transport, extracellular"
,,,r0786,Sphingolipid metabolism
,,,r1658,"Transport, extracellular"
,,,r2239,"Transport, extracellular"
,,,r1163,"Transport, extracellular"
,,,RE3050R,Vitamin A metabolism
,,,ARGATB0tc,"Transport, extracellular"
,,,HMR_1311,"Transport, endoplasmic reticular"
,,,EX_co2_e,Exchange/demand reaction
,,,r1971,"Transport, extracellular"
,,,r2507,"Transport, endoplasmic reticular"
,,,3MOBt2im,"Transport, mitochondrial"
,,,TUDCA3St,"Transport, extracellular"
,,,r1592,"Transport, extracellular"
,,,CHSTEROLtg,"Transport, golgi apparatus"
,,,HMR_0816,Glycosphingolipid metabolism
,,,XYLK,Pentose phosphate pathway
,,,r1134,Miscellaneous
,,,r1536,"Transport, extracellular"
,,,FAS140COA,Fatty acid synthesis
,,,EX_sphmyln18117_hs_e,Exchange/demand reaction
,,,r1495,"Transport, extracellular"
,,,DHEASULT,Steroid metabolism
,,,GALSGLT1le,"Transport, extracellular"
,,,r2188,"Transport, extracellular"
,,,ACRNtr,"Transport, extracellular"
,,,PYRSMCT1,"Transport, extracellular"
,,,RETH1,Vitamin A metabolism
,,,DM_C02712_c,Exchange/demand reaction
,,,EX_10fthf6glu_e,Exchange/demand reaction
,,,r1952,"Transport, extracellular"
,,,r2030,"Transport, extracellular"
,,,GALUi,Galactose metabolism
,,,r1853,"Transport, extracellular"
,,,HMR_0281,"Transport, extracellular"
,,,PCHOL2STE_HSt1e,"Transport, extracellular"
,,,RE2675C_1,Sphingolipid metabolism
,,,RE3432C,Eicosanoid metabolism
,,,r1646,"Transport, extracellular"
,,,XOL7AONEtr,"Transport, endoplasmic reticular"
,,,P45019A2r,Steroid metabolism
,,,PRGNLONESULT,Steroid metabolism
,,,OAADC,Miscellaneous
,,,ECOAH5m,Fatty acid oxidation
,,,GALGT2,Sphingolipid metabolism
,,,r2057,"Transport, extracellular"
,,,G5SADs,Urea cycle
,,,r0280,Glycolysis/gluconeogenesis
,,,10FTHF7GLUtm,"Transport, mitochondrial"
,,,r2324,"Transport, extracellular"
,,,DNDPt57m,"Transport, mitochondrial"
,,,r1401,Fatty acid oxidation
,,,FAOXC170m,Fatty acid oxidation
,,,3DHLCAabc,"Transport, extracellular"
,,,TYRATB0tc,"Transport, extracellular"
,,,ACOAH,Pyruvate metabolism
,,,r2206,"Transport, extracellular"
,,,CA3St,"Transport, extracellular"
,,,OCDCAFATPc,"Transport, extracellular"
,,,HMR_3327,Fatty acid oxidation
,,,NADHtru,"Transport, endoplasmic reticular"
,,,PCHLN225_HSt1e,"Transport, extracellular"
,,,SK_akg_c,Exchange/demand reaction
,,,STCRNte,"Transport, extracellular"
,,,SK_thr__L_c,Exchange/demand reaction
,,,DNDPt40m,"Transport, mitochondrial"
,,,GCHOLAt2,"Transport, extracellular"
,,,HMR_0203,"Transport, extracellular"
,,,HMR_0296,"Transport, extracellular"
,,,COAtr,"Transport, endoplasmic reticular"
,,,GLNSERNaEx,"Transport, extracellular"
,,,HMR_0311,"Transport, extracellular"
,,,TRPATB0tc,"Transport, extracellular"
,,,HACD5m,Fatty acid oxidation
,,,r0555,Miscellaneous
,,,3AIBSYMPt,"Transport, extracellular"
,,,LRAT2,Vitamin A metabolism
,,,r2287,"Transport, extracellular"
,,,PE224_HSte,"Transport, extracellular"
,,,BTNTe,"Transport, extracellular"
,,,r1400,Fatty acid oxidation
,,,GLYC2P3Pc,"Transport, extracellular"
,,,CYSALANaEx,"Transport, extracellular"
,,,HMR_3053,Fatty acid oxidation
,,,SK_leu__L_c,Exchange/demand reaction
,,,ASNtm,"Transport, mitochondrial"
,,,r2266,"Transport, extracellular"
,,,r1950,"Transport, extracellular"
,,,r2386,"Transport, mitochondrial"
,,,SERGLNexR,"Transport, extracellular"
,,,PE_HSter,"Transport, endoplasmic reticular"
,,,EX_2hatvlac_e,Exchange/demand reaction
,,,r2517,"Transport, peroxisomal"
,,,CHOLESTTDe,"Transport, extracellular"
,,,XOLDIOLONEt,"Transport, endoplasmic reticular"
,,,r2060,"Transport, extracellular"
,,,THFATm,Folate metabolism
,,,r2174,"Transport, extracellular"
,,,3MOX4HOXPGALDOX,Tyrosine metabolism
,,,FAOXOHC16C16DCc,Fatty acid oxidation
,,,GCCcm,"Glycine, serine, alanine, and threonine metabolism"
,,,DHPR2,Tetrahydrobiopterin metabolism
,,,r1993,"Transport, extracellular"
,,,ETOHMO,Glycolysis/gluconeogenesis
,,,r0870,"Transport, extracellular"
,,,r1616,"Transport, extracellular"
,,,HMR_0391,"Transport, extracellular"
,,,r1159,"Transport, endoplasmic reticular"
,,,r0984,"Transport, lysosomal"
,,,PIt,"Transport, extracellular"
,,,NKCC2t,"Transport, extracellular"
,,,RTOTALt,"Transport, extracellular"
,,,RE3237C,Fatty acid synthesis
,,,SUCD1m,Citric acid cycle
,,,UDPXYLtg,"Transport, golgi apparatus"
,,,CYSGLTH,Methionine and cysteine metabolism
,,,HMR_0270,"Transport, extracellular"
,,,DNDPt31m,"Transport, mitochondrial"
,,,ACNML,Aminosugar metabolism
,,,FAOXC101C8m,Fatty acid oxidation
,,,r2232,"Transport, extracellular"
,,,r0672,Bile acid synthesis
,,,r1865,"Transport, extracellular"
,,,r0886,"Transport, endoplasmic reticular"
,,,r1474,Fatty acid oxidation
,,,ASNPHELAT2tc,"Transport, extracellular"
,,,r1820,"Transport, extracellular"
,,,r1768,"Transport, extracellular"
,,,DCA3Sabc,"Transport, extracellular"
,,,TTDCAFATPc,"Transport, extracellular"
,,,GLY3Pt,"Transport, peroxisomal"
,,,HMR_3953,"Transport, endoplasmic reticular"
,,,ASPGLUm,"Transport, mitochondrial"
,,,GCA3St,"Transport, extracellular"
,,,r2409,"Transport, mitochondrial"
,,,r2449,"Transport, extracellular"
,,,r1941,"Transport, extracellular"
,,,RE3218C,Androgen and estrogen synthesis and metabolism
,,,RE3630C,Histidine metabolism
,,,PRISTANALtx,"Transport, peroxisomal"
,,,AGPAT4,Glycerophospholipid metabolism
,,,KCC2t,"Transport, extracellular"
,,,r0249,Pentose phosphate pathway
,,,EX_fe3_e,Exchange/demand reaction
,,,r2193,"Transport, extracellular"
,,,r1705,"Transport, extracellular"
,,,HMR_0322,"Transport, extracellular"
,,,HMR_9617,"Transport, extracellular"
,,,HMR_0273,"Transport, extracellular"
,,,ARACHDFATPtc,"Transport, extracellular"
,,,r1652,"Transport, extracellular"
,,,r1854,"Transport, extracellular"
,,,DM_tym_c,Exchange/demand reaction
,,,PI4P5Kn,Inositol phosphate metabolism
,,,DHAPtm,"Transport, mitochondrial"
,,,AATA,Lysine metabolism
,,,XOL7AH2tm,"Transport, mitochondrial"
,,,TRPt4,"Transport, extracellular"
,,,r2488,"Transport, extracellular"
,,,RE3017R,Eicosanoid metabolism
,,,r1711,"Transport, extracellular"
,,,r2416,"Transport, mitochondrial"
,,,56DTHMtd,"Transport, extracellular"
,,,r2246,"Transport, extracellular"
,,,r1012,"Transport, peroxisomal"
,,,r2229,"Transport, extracellular"
,,,DIGALSIDEtg,"Transport, golgi apparatus"
,,,r2148,"Transport, extracellular"
,,,RE2766C,Steroid metabolism
,,,METtm,"Transport, mitochondrial"
,,,TCHOLABCtc,"Transport, extracellular"
,,,r1902,"Transport, extracellular"
,,,BHMT,"Glycine, serine, alanine, and threonine metabolism"
,,,ACMPtu,Drug metabolism
,,,r2394,"Transport, mitochondrial"
,,,CYTDt4,"Transport, extracellular"
,,,Htr,"Transport, endoplasmic reticular"
,,,r0483,Pyrimidine catabolism
,,,r1641,"Transport, extracellular"
,,,5MTHFt2,"Transport, extracellular"
,,,r2493,"Transport, extracellular"
,,,r2290,"Transport, extracellular"
,,,SPHMYLN180241_hs_SECt,"Transport, extracellular"
,,,GLUN,Glutamate metabolism
,,,XOL7AONEATP,"Transport, extracellular"
,,,ACOADH100_m,Fatty acid oxidation
,,,DHCHOLESTANATEt,"Transport, extracellular"
,,,RE2426C,Tryptophan metabolism
,,,5THFtl,"Transport, lysosomal"
,,,HMGCOAtx,"Transport, peroxisomal"
,,,RE2405C,Miscellaneous
,,,r2269,"Transport, extracellular"
,,,r2066,"Transport, extracellular"
,,,EX_chsterol_e,Exchange/demand reaction
,,,EX_pe203_hs_e,Exchange/demand reaction
,,,PROSTGE1t,"Transport, extracellular"
,,,EX_peste_hs_e,Exchange/demand reaction
,,,TRDR3,Miscellaneous
,,,HMR_1786,Bile acid synthesis
,,,HMR_6364,"Transport, extracellular"
,,,XOL7AH3ATP,"Transport, extracellular"
,,,FRDPtcr,"Transport, endoplasmic reticular"
,,,10FTHF5GLUtm,"Transport, mitochondrial"
,,,ESTRSABCtc,"Transport, extracellular"
,,,NRVNCABCt,"Transport, extracellular"
,,,HC02220t,"Transport, extracellular"
,,,DTTPtn,"Transport, nuclear"
,,,LTHSTRLOR,Cholesterol metabolism
,,,HMR_3054,Fatty acid oxidation
,,,FAOXC12DCC10DCx,Fatty acid oxidation
,,,RNTR2,Nucleotide interconversion
,,,HMR_9614,"Transport, extracellular"
,,,DNDPt37m,"Transport, mitochondrial"
,,,r0937,"Transport, lysosomal"
,,,SK_doco13ecoa_c,Exchange/demand reaction
,,,XOL24OHtr,"Transport, endoplasmic reticular"
,,,ADK1m,Nucleotide interconversion
,,,P45027A11m,Bile acid synthesis
,,,r0205,Oxidative phosphorylation
,,,r1642,"Transport, extracellular"
,,,r1755,"Transport, extracellular"
,,,GLUt6,"Transport, extracellular"
,,,r1955,"Transport, extracellular"
,,,DM_pchol_hs_c,Exchange/demand reaction
,,,MEPIt,"Transport, extracellular"
,,,HC00900t3,"Transport, extracellular"
,,,4TMEABUTNt2,"Transport, extracellular"
,,,HMR_3340,Fatty acid oxidation
,,,PCHOLN224_HSt1e,"Transport, extracellular"
,,,EX_pcholpalm_hs_e,Exchange/demand reaction
,,,HISTAVESSEC_1,"Transport, extracellular"
,,,r1631,"Transport, extracellular"
,,,r2286,"Transport, extracellular"
,,,ASCBSVCTtc,"Transport, extracellular"
,,,GLU5SAtmc,"Transport, mitochondrial"
,,,ALR,Pyruvate metabolism
,,,ATVLAChr,Drug metabolism
,,,DM_pnto__R_c,Exchange/demand reaction
,,,PNTOt4,"Transport, extracellular"
,,,NDPK5n,Nucleotide interconversion
,,,r0434,Fatty acid oxidation
,,,HMR_2851,"Transport, endoplasmic reticular"
,,,RE1518M,Fatty acid oxidation
,,,LGNCFATPtc,"Transport, extracellular"
,,,HMR_0805,Glycosphingolipid metabolism
,,,DTMPK,Nucleotide interconversion
,,,r1045,"Transport, extracellular"
,,,SO4t4_3,"Transport, extracellular"
,,,LEUTA,"Valine, leucine, and isoleucine metabolism"
,,,PE15_HSt1e,"Transport, extracellular"
,,,BILGLCURte,"Transport, extracellular"
,,,HMR_0415,"Transport, extracellular"
,,,P4504F122r,Eicosanoid metabolism
,,,r1051,"Transport, endoplasmic reticular"
,,,BETBGTtc,"Transport, extracellular"
,,,FT,N-glycan synthesis
,,,DKMPPD,Arginine and proline metabolism
,,,CRVNCtr,"Transport, extracellular"
,,,r1654,"Transport, extracellular"
,,,GLNtm_1,"Transport, mitochondrial"
,,,r1715,"Transport, extracellular"
,,,GLUSIDEte,"Transport, extracellular"
,,,r2139,"Transport, extracellular"
,,,DTMPKm,Pyrimidine synthesis
,,,r1855,"Transport, extracellular"
,,,RE3626M,Fatty acid oxidation
,,,SULFOX,Methionine and cysteine metabolism
,,,ODECRNte,"Transport, extracellular"
,,,ME2,Pyruvate metabolism
,,,RE2078M,Eicosanoid metabolism
,,,FAS80COA_L,Fatty acid synthesis
,,,EX_sphmyln180241_hs_e,Exchange/demand reaction
,,,SCP21cx,"Transport, peroxisomal"
,,,r2231,"Transport, extracellular"
,,,FAOXC120100x,Fatty acid oxidation
,,,MTHFR2,Folate metabolism
,,,ARGN,Urea cycle
,,,ARTPLM3,R group synthesis
,,,r1676,"Transport, extracellular"
,,,HMR_1783,Bile acid synthesis
,,,r1468,"Transport, mitochondrial"
,,,HMR_6876,Phenylalanine metabolism
,,,HKYNH,Tryptophan metabolism
,,,HMR_2014,Androgen and estrogen synthesis and metabolism
,,,HMR_2827,"Transport, endoplasmic reticular"
,,,HMR_8086,"Transport, golgi apparatus"
,,,HMR_0299,"Transport, extracellular"
,,,HMR_0750,Sphingolipid metabolism
,,,RE0915C,Starch and sucrose metabolism
,,,TYMte2,"Transport, extracellular"
,,,LPS3,Triacylglycerol synthesis
,,,PNP,NAD metabolism
,,,HMR_9627,"Transport, endoplasmic reticular"
,,,MANt1r,"Transport, extracellular"
,,,AGTix,Alanine and aspartate metabolism
,,,DNDPt15m,"Transport, mitochondrial"
,,,r1923,"Transport, extracellular"
,,,ACOAR2m,Fatty acid oxidation
,,,C04717td,"Transport, extracellular"
,,,METOX,Methionine and cysteine metabolism
,,,HMR_7748,Glycolysis/gluconeogenesis
,,,BALAt2r,"Transport, extracellular"
,,,r0734,Fatty acid oxidation
,,,XOLTRI24tc,"Transport, endoplasmic reticular"
,,,ACYP,Glycolysis/gluconeogenesis
,,,NAt,"Transport, extracellular"
,,,ASCBt,"Transport, extracellular"
,,,DHRT_ibcoa,"Valine, leucine, and isoleucine metabolism"
,,,r1741,"Transport, extracellular"
,,,r2008,"Transport, extracellular"
,,,OCOAT1m,"Valine, leucine, and isoleucine metabolism"
,,,r1917,"Transport, extracellular"
,,,HSD3B11,Steroid metabolism
,,,r1977,"Transport, extracellular"
,,,r2397,"Transport, mitochondrial"
,,,EX_pcholn15_hs_e,Exchange/demand reaction
,,,EX_pcholn225_hs_e,Exchange/demand reaction
,,,ISOCHOLt2,"Transport, extracellular"
,,,r0720_1,Fatty acid oxidation
,,,DM_dctp_n,Exchange/demand reaction
,,,r2029,"Transport, extracellular"
,,,DMGtm,"Transport, mitochondrial"
,,,r1467,"Transport, mitochondrial"
,,,r1568,"Transport, extracellular"
,,,HMR_1916,"Transport, golgi apparatus"
,,,HMR_3951,"Transport, extracellular"
,,,r1301,"Transport, lysosomal"
,,,r1803,"Transport, extracellular"
,,,HACD4p,Fatty acid oxidation
,,,r2342,"Transport, extracellular"
,,,MI13PP,Inositol phosphate metabolism
,,,NAPRT,NAD metabolism
,,,SK_HC01115_c,
,,,ESTRADIOLtr,"Transport, endoplasmic reticular"
,,,r0637,Fatty acid oxidation
,,,r2248,"Transport, extracellular"
,,,r0193,Methionine and cysteine metabolism
,,,FAOXC8DCC6DCx,Fatty acid oxidation
,,,ACGAM6PS,Aminosugar metabolism
,,,FAOXC15NADx,Fatty acid oxidation
,,,RE1804M,Bile acid synthesis
,,,GLXtm,"Transport, mitochondrial"
,,,r1813,"Transport, extracellular"
,,,DURADx,Pyrimidine catabolism
,,,B3GALT42g,Sphingolipid metabolism
,,,HMR_1701,"Transport, peroxisomal"
,,,GDCA3Sabc,"Transport, extracellular"
,,,r2055,"Transport, extracellular"
,,,r2515,"Transport, endoplasmic reticular"
,,,GLCSGLT1le,"Transport, extracellular"
,,,P45027A16m,Bile acid synthesis
,,,GD1Ctg,"Transport, golgi apparatus"
,,,FPGS2,Folate metabolism
,,,r1566,"Transport, extracellular"
,,,UMPtr,"Transport, endoplasmic reticular"
,,,SK_lnlncacoa_c,Exchange/demand reaction
,,,r1690,"Transport, extracellular"
,,,PE161_HSt1e,"Transport, extracellular"
,,,SK_nad_c,Exchange/demand reaction
,,,r0385,Miscellaneous
,,,r2538,"Transport, endoplasmic reticular"
,,,THMATPe,"Transport, extracellular"
,,,r2210,"Transport, extracellular"
,,,FACOAL2252,Fatty acid oxidation
,,,r0085,Urea cycle
,,,r0987,"Transport, lysosomal"
,,,r2265,"Transport, extracellular"
,,,UDCHOLt2,"Transport, extracellular"
,,,HMR_3330,Fatty acid oxidation
,,,r1848,"Transport, extracellular"
,,,r1634,"Transport, extracellular"
,,,r1780,"Transport, extracellular"
,,,HMR_2852,"Transport, endoplasmic reticular"
,,,r2157,"Transport, extracellular"
,,,RE1810M,Bile acid synthesis
,,,EX_adn_e,Exchange/demand reaction
,,,DESAT22_2p,Fatty acid synthesis
,,,r1758,"Transport, extracellular"
,,,RE3525M,Arachidonic acid metabolism
,,,HC00900t2,"Transport, extracellular"
,,,MI134P4P,Inositol phosphate metabolism
,,,NDPK8m,Nucleotide interconversion
,,,GTHRDt2,"Transport, extracellular"
,,,FAOXC15NADPx,Fatty acid oxidation
,,,r1593,"Transport, extracellular"
,,,HMR_3097,Fatty acid oxidation
,,,EX_M02613_e,Exchange/demand reaction
,,,HMR_0208,"Transport, extracellular"
,,,AKR1C42,Bile acid synthesis
,,,SK_odecoa_c,Exchange/demand reaction
,,,r1737,"Transport, extracellular"
,,,DTDPtn,"Transport, nuclear"
,,,FOLOAT1tc,"Transport, extracellular"
,,,EX_udp_e,Exchange/demand reaction
,,,EX_xolest204_hs_e,Exchange/demand reaction
,,,MAN6PI,Fructose and mannose metabolism
,,,r1691,"Transport, extracellular"
,,,BAAT4x_cho,Bile acid synthesis
,,,URIDK2m,Nucleotide interconversion
,,,RE0453C,Pyrimidine synthesis
,,,r1560,"Transport, extracellular"
,,,UDPGALt2r,"Transport, endoplasmic reticular"
,,,L_LACDcm,Pyruvate metabolism
,,,r2256,"Transport, extracellular"
,,,XYLTD_D,Pentose phosphate pathway
,,,r2402,"Transport, mitochondrial"
,,,r2200,"Transport, extracellular"
,,,r2150,"Transport, extracellular"
,,,r0784,Pentose phosphate pathway
,,,EX_mlthf_e,Exchange/demand reaction
,,,CITL,Citric acid cycle
,,,RE3436C,Eicosanoid metabolism
,,,DNDPt32m,"Transport, mitochondrial"
,,,DNDPt41m,"Transport, mitochondrial"
,,,r2303,"Transport, extracellular"
,,,FAOXC12C12OHm,Fatty acid oxidation
,,,r1905,"Transport, extracellular"
,,,PPAP,Triacylglycerol synthesis
,,,HMR_2295,Fatty acid synthesis
,,,CE0328t,"Transport, extracellular"
,,,OCDCEAt,"Transport, extracellular"
,,,HMR_3864,"Transport, mitochondrial"
,,,r0990,"Transport, peroxisomal"
,,,HMR_2711,Fatty acid oxidation
,,,P450LTB4r,Eicosanoid metabolism
,,,r0610,Miscellaneous
,,,CO2tg,"Transport, golgi apparatus"
,,,SMVLAChep,Drug metabolism
,,,P45027A15m,Bile acid synthesis
,,,r1549,"Transport, extracellular"
,,,ADPtx,"Transport, peroxisomal"
,,,ASNN,Alanine and aspartate metabolism
,,,ST3GAL22g,Sphingolipid metabolism
,,,SPODMn,ROS detoxification
,,,CLOHtex2,"Transport, extracellular"
,,,r2164,"Transport, extracellular"
,,,r1522,"Transport, extracellular"
,,,6THFtl,"Transport, lysosomal"
,,,r2395,"Transport, mitochondrial"
,,,GLYCTO1p,Glyoxylate and dicarboxylate metabolism
,,,r0242,Miscellaneous
,,,CPS_m,Urea cycle
,,,DMNONCRNt,Fatty acid oxidation
,,,r0853,Purine catabolism
,,,r0511,Miscellaneous
,,,PSt3,"Transport, extracellular"
,,,r2302,"Transport, extracellular"
,,,C05770te,"Transport, extracellular"
,,,UDCHOLt,"Transport, extracellular"
,,,HSD3B3r,Steroid metabolism
,,,r1563,"Transport, extracellular"
,,,PA_HStg,"Transport, golgi apparatus"
,,,r1986,"Transport, extracellular"
,,,DUTPDPn,Nucleotide interconversion
,,,HMR_0370,Fatty acid oxidation
,,,SMVtv,Drug metabolism
,,,r1625,"Transport, extracellular"
,,,ATVLAChc,Drug metabolism
,,,3ISPVStep,Drug metabolism
,,,r2312,"Transport, extracellular"
,,,HMR_3328,Fatty acid oxidation
,,,FPGS4m_1,Folate metabolism
,,,STS4,Steroid metabolism
,,,r1974,"Transport, extracellular"
,,,FA160tp,"Transport, peroxisomal"
,,,r1916,"Transport, extracellular"
,,,HMR_0201,Fatty acid oxidation
,,,ACGALK2,Aminosugar metabolism
,,,EX_sphmyln18115_hs_e,Exchange/demand reaction
,,,MANt4,"Transport, extracellular"
,,,r2301,"Transport, extracellular"
,,,C180CPT1,Fatty acid oxidation
,,,DUMPtn,"Transport, nuclear"
,,,ACACT6p,Fatty acid oxidation
,,,KAS8,Fatty acid synthesis
,,,NDPK1m,Nucleotide interconversion
,,,DNDPt61m,"Transport, mitochondrial"
,,,DNDPt14m,"Transport, mitochondrial"
,,,TCA3Sabc,"Transport, extracellular"
,,,PI345P5Pn,Inositol phosphate metabolism
,,,r2016,"Transport, extracellular"
,,,DM_ascb__L_c,Exchange/demand reaction
,,,ACNAMt2,"Transport, extracellular"
,,,r1512,"Transport, extracellular"
,,,r2242,"Transport, extracellular"
,,,PPASMCT1,"Transport, extracellular"
,,,CALAtr,"Transport, extracellular"
,,,TMNDNCt,"Transport, extracellular"
,,,G6PPer,Glycolysis/gluconeogenesis
,,,PROt4_2_r,"Transport, extracellular"
,,,PI34P5Kn,Inositol phosphate metabolism
,,,SPHMYLN18115_hs_SECt,"Transport, extracellular"
,,,GNMT,"Glycine, serine, alanine, and threonine metabolism"
,,,r1945,"Transport, extracellular"
,,,r0557,Miscellaneous
,,,SPHMYLN1825_hs_SECt,"Transport, extracellular"
,,,3HPVSTETCOAitm,Drug metabolism
,,,HMR_1962,Androgen and estrogen synthesis and metabolism
,,,HMR_4957,"Transport, mitochondrial"
,,,FAOXC6C4m,Fatty acid oxidation
,,,r2142,"Transport, extracellular"
,,,EX_pcholhep_hs_e,Exchange/demand reaction
,,,CYSASNNaEx,"Transport, extracellular"
,,,HMR_0837,Glycosphingolipid metabolism
,,,PCLAD,Tryptophan metabolism
,,,ASNATB0tc,"Transport, extracellular"
,,,r2024,"Transport, extracellular"
,,,r2153,"Transport, extracellular"
,,,HMR_1081,Leukotriene metabolism
,,,DM_Asn_X_Ser_Thr_l,Exchange/demand reaction
,,,TDP,Thiamine metabolism
,,,GLYVESSEC_1,"Transport, extracellular"
,,,DHFR2i,Folate metabolism
,,,PSFLIP,"Transport, extracellular"
,,,SK_chol_c,Exchange/demand reaction
,,,r2323,"Transport, extracellular"
,,,HMR_5389,Methionine and cysteine metabolism
,,,PROIMINOtc,"Transport, extracellular"
,,,PCHOLN1836_HSt1e,"Transport, extracellular"
,,,DAGt,"Transport, extracellular"
,,,r2015,"Transport, extracellular"
,,,TCHOLAt2,"Transport, extracellular"
,,,THD1m,NAD metabolism
,,,DOPACHRMISO,Tyrosine metabolism
,,,C05770te4,"Transport, extracellular"
,,,DOPAVESSEC_1,"Transport, extracellular"
,,,RE3513C,Arachidonic acid metabolism
,,,HMR_9623,"Transport, extracellular"
,,,RE2799C,Eicosanoid metabolism
,,,CITt4_3,"Transport, extracellular"
,,,RE2541C,Miscellaneous
,,,HPYRRy,Glyoxylate and dicarboxylate metabolism
,,,TMDPPK,Thiamine metabolism
,,,AGTim,Alanine and aspartate metabolism
,,,r1722,"Transport, extracellular"
,,,ASNCYSNaEx,"Transport, extracellular"
,,,PYK6,Pyrimidine synthesis
,,,AMPTASECGe,Glutathione metabolism
,,,r1044,"Transport, extracellular"
,,,CA2t,"Transport, extracellular"
,,,ALAt4,"Transport, extracellular"
,,,BTNt3i_1,"Transport, extracellular"
,,,HMR_1785,Bile acid synthesis
,,,H2Otp,"Transport, peroxisomal"
,,,P4508B11r,Bile acid synthesis
,,,HMR_0300,"Transport, extracellular"
,,,FACOAL240_1,Fatty acid oxidation
,,,r0744,Bile acid synthesis
,,,P45017A3r,Steroid metabolism
,,,MLTG1,Starch and sucrose metabolism
,,,r2404,"Transport, mitochondrial"
,,,SK_for_c,Exchange/demand reaction
,,,FATP3t,"Transport, extracellular"
,,,PUNP7,Nucleotide interconversion
,,,4HATVLACteb,Drug metabolism
,,,FPGSm_1,Folate metabolism
,,,FAOXC16OHC16r,Fatty acid oxidation
,,,EX_pcholn2254_hs_e,Exchange/demand reaction
,,,RE3435C,Eicosanoid metabolism
,,,CH25H,Bile acid synthesis
,,,UGT1A10r_1,Steroid metabolism
,,,HPDCAt,"Transport, extracellular"
,,,r2071,"Transport, extracellular"
,,,RE3252C,Bile acid synthesis
,,,CATp,Miscellaneous
,,,GHMT2r,"Glycine, serine, alanine, and threonine metabolism"
,,,RE2666C_1,Glycosphingolipid metabolism
,,,EX_sphmyln1825_hs_e,Exchange/demand reaction
,,,INSK,Purine synthesis
,,,RIBFLVt3o,"Transport, extracellular"
,,,SPMDOX,Beta-Alanine metabolism
,,,DNDPt17m,"Transport, mitochondrial"
,,,RE2898C,Vitamin C metabolism
,,,TYR3MO2,Tyrosine metabolism
,,,LTC4CP,Eicosanoid metabolism
,,,HMR_3336,Fatty acid oxidation
,,,HMR_9613,"Transport, extracellular"
,,,r1656,"Transport, extracellular"
,,,APRGSTRNABCt,"Transport, extracellular"
,,,CYTDt5,"Transport, extracellular"
,,,EX_sphs1p_e,Exchange/demand reaction
,,,UPPN,Pyrimidine catabolism
,,,EX_lac__D_e,Exchange/demand reaction
,,,MELATNOX,Tryptophan metabolism
,,,r2281,"Transport, extracellular"
,,,r2041,"Transport, extracellular"
,,,HC02196te,Bile acid synthesis
,,,PCHOLN281_HSte,"Transport, extracellular"
,,,r1720,"Transport, extracellular"
,,,DNDPt18m,"Transport, mitochondrial"
,,,r0706,Bile acid synthesis
,,,HMR_4756,"Transport, mitochondrial"
,,,TDCRNe,Fatty acid oxidation
,,,HMR_0168,Fatty acid synthesis
,,,r0321,Cholesterol metabolism
,,,r2271,"Transport, extracellular"
,,,r2058,"Transport, extracellular"
,,,r2505,"Transport, endoplasmic reticular"
,,,SK_nadp_c,Exchange/demand reaction
,,,r2203,"Transport, extracellular"
,,,r1444,Fatty acid oxidation
,,,EX_chol_e,Exchange/demand reaction
,,,FAOXC226205x,Fatty acid oxidation
,,,r2486,"Transport, extracellular"
,,,BUTSMCT1,"Transport, extracellular"
,,,NDPK7n,Nucleotide interconversion
,,,r1939,"Transport, extracellular"
,,,FACOAL184,Fatty acid oxidation
,,,r2509,"Transport, endoplasmic reticular"
,,,56DURAtd,"Transport, extracellular"
,,,r2050,"Transport, extracellular"
,,,r2282,"Transport, extracellular"
,,,RPE,Pentose phosphate pathway
,,,PHEB0AT3tc,"Transport, extracellular"
,,,DESAT16_2,Fatty acid synthesis
,,,r2167,"Transport, extracellular"
,,,r0633,Fatty acid oxidation
,,,DOLGLCP_Lter,N-glycan synthesis
,,,r1649,"Transport, extracellular"
,,,HISDr,Histidine metabolism
,,,FPGS2m,Folate metabolism
,,,NRPPHRVESSEC_1,"Transport, extracellular"
,,,PE17_HSt1e,"Transport, extracellular"
,,,MALtm,"Transport, mitochondrial"
,,,r1918,"Transport, extracellular"
,,,HMR_5387,Methionine and cysteine metabolism
,,,HMR_6607,Purine catabolism
,,,AMCOXO,Tryptophan metabolism
,,,r1661,"Transport, extracellular"
,,,COAtim,"Transport, mitochondrial"
,,,ASNB0AT3tc,"Transport, extracellular"
,,,r2379,"Transport, mitochondrial"
,,,PRISTCOAtx,"Transport, peroxisomal"
,,,RE1901R,Vitamin A metabolism
,,,FE3t,"Transport, extracellular"
,,,HMR_0829,Glycosphingolipid metabolism
,,,NAHCO3_HCLt,"Transport, extracellular"
,,,r2034,"Transport, extracellular"
,,,r0142,Methionine and cysteine metabolism
,,,r0196,Miscellaneous
,,,H2O2t,"Transport, extracellular"
,,,HMR_9602,"Transport, extracellular"
,,,r1609,"Transport, extracellular"
,,,CLOXAtex2,"Transport, extracellular"
,,,ILEt4,"Transport, extracellular"
,,,FAOXC140120m,Fatty acid oxidation
,,,TYRDOPO,Tyrosine metabolism
,,,SPHMYLNtl2,"Transport, extracellular"
,,,r1907,"Transport, extracellular"
,,,C161CPT22,Fatty acid oxidation
,,,DNDPt13m,"Transport, mitochondrial"
,,,r2494,"Transport, extracellular"
,,,r1014,"Transport, peroxisomal"
,,,H2O2syn,Tyrosine metabolism
,,,FKYNH,Tryptophan metabolism
,,,TTDCEAATP,"Transport, extracellular"
,,,ATVLACtdhc,Drug metabolism
,,,HDCAt,"Transport, extracellular"
,,,CYOOm3i,Oxidative phosphorylation
,,,FAOXC183803m,Fatty acid oxidation
,,,HMR_0307,"Transport, extracellular"
,,,r1696,"Transport, extracellular"
,,,r1367,"Transport, lysosomal"
,,,ARACHDt2,"Transport, extracellular"
,,,SK_met__L_c,Exchange/demand reaction
,,,CYSATB0tc,"Transport, extracellular"
,,,r2154,"Transport, extracellular"
,,,PEDH203_HSt1e,"Transport, extracellular"
,,,GQ1Bte,"Transport, extracellular"
,,,DADAe,Nucleotide interconversion
,,,SERLYSNaex,"Transport, extracellular"
,,,NADN,NAD metabolism
,,,r1992,"Transport, extracellular"
,,,EX_hom__L_e,Exchange/demand reaction
,,,NH4t,"Transport, extracellular"
,,,PROSTGE2t2,"Transport, extracellular"
,,,r2285,"Transport, extracellular"
,,,SARCStm,"Transport, mitochondrial"
,,,EX_M01238_e,Exchange/demand reaction
,,,r2311,"Transport, extracellular"
,,,P5CRxm,Arginine and proline metabolism
,,,r1937,"Transport, extracellular"
,,,P450SCC1m,Cholesterol metabolism
,,,INSt2,"Transport, extracellular"
,,,ALASERNaEx,"Transport, extracellular"
,,,r2187,"Transport, extracellular"
,,,r1457,Sphingolipid metabolism
,,,RE3525R,Arachidonic acid metabolism
,,,KSII_CORE2t,"Transport, extracellular"
,,,HMR_2653,"Transport, mitochondrial"
,,,DMGDHm,"Glycine, serine, alanine, and threonine metabolism"
,,,r2252,"Transport, extracellular"
,,,PCHOLLINL_HSt1e,"Transport, extracellular"
,,,FPGS9m,Folate metabolism
,,,r1459,"Transport, nuclear"
,,,EX_h_e,Exchange/demand reaction
,,,r1574,"Transport, extracellular"
,,,SPHMYLNtg,"Transport, golgi apparatus"
,,,2AMADPTm,Lysine metabolism
,,,DUDPtn,"Transport, nuclear"
,,,FPGS5m,Folate metabolism
,,,r2408,"Transport, mitochondrial"
,,,SERASNNaEx,"Transport, extracellular"
,,,L_LACt4r,"Transport, extracellular"
,,,G6Pt6er,"Transport, endoplasmic reticular"
,,,G3PD2,Glycerophospholipid metabolism
,,,PSHSABCtc,"Transport, extracellular"
,,,CITtcm,"Transport, mitochondrial"
,,,EX_galgluside_hs_e,Miscellaneous
,,,RE2349C,Tryptophan metabolism
,,,HMR_6583,Inositol phosphate metabolism
,,,r1889,"Transport, extracellular"
,,,FADDPle,Vitamin B2 metabolism
,,,ICITt_x,"Transport, peroxisomal"
,,,EX_sphmyln18123_hs_e,Exchange/demand reaction
,,,FAOXC15ATPx,Fatty acid oxidation
,,,r2400,"Transport, mitochondrial"
,,,r1861,"Transport, extracellular"
,,,ADKd,Nucleotide interconversion
,,,r2518,"Transport, peroxisomal"
,,,FAOXC16Brx,Fatty acid oxidation
,,,r2537,"Transport, endoplasmic reticular"
,,,r0809,Purine catabolism
,,,EX_pe161_hs_e,Exchange/demand reaction
,,,DESAT18_5,Fatty acid synthesis
,,,HMR_2865,"Transport, endoplasmic reticular"
,,,DSREDUCr,Squalene and cholesterol synthesis
,,,r2296,"Transport, extracellular"
,,,r1628,"Transport, extracellular"
,,,SUCCt4_2,"Transport, extracellular"
,,,r1930,"Transport, extracellular"
,,,MALICITtm,"Transport, mitochondrial"
,,,THRt4,"Transport, extracellular"
,,,r1749,"Transport, extracellular"
,,,r1929,"Transport, extracellular"
,,,r1973,"Transport, extracellular"
,,,SK_xol7aone_c,Exchange/demand reaction
,,,r1863,"Transport, extracellular"
,,,HC02149td,"Transport, extracellular"
,,,HACD5p,Fatty acid oxidation
,,,r1017,"Transport, extracellular"
,,,HC02194te,"Transport, extracellular"
,,,NADPtru,"Transport, endoplasmic reticular"
,,,C181CPT1,Fatty acid oxidation
,,,GCC2bim,"Glycine, serine, alanine, and threonine metabolism"
,,,THCHOLSTOICtm,"Transport, peroxisomal"
,,,PI34P4Pn,Inositol phosphate metabolism
,,,r2226,"Transport, extracellular"
,,,METt4,"Transport, extracellular"
,,,r1472,Fatty acid oxidation
,,,CE2510ABCt,"Transport, extracellular"
,,,r0715,Fatty acid oxidation
,,,r1595,"Transport, extracellular"
,,,r1965,"Transport, extracellular"
,,,r2240,"Transport, extracellular"
,,,SK_asp__L_c,Exchange/demand reaction
,,,RE2030M,Methionine and cysteine metabolism
,,,CHSTEROLt3,"Transport, mitochondrial"
,,,DNDPt1m,"Transport, mitochondrial"
,,,r1833,"Transport, extracellular"
,,,ITCOALm,C5-branched dibasic acid metabolism
,,,FAOXC183806m,Fatty acid oxidation
,,,HDCEAt,"Transport, extracellular"
,,,NEU33e,Sphingolipid metabolism
,,,r2321,"Transport, extracellular"
,,,PMTCOAtx,"Transport, peroxisomal"
,,,NADPHtxu,"Transport, peroxisomal"
,,,SK_ala__L_c,Exchange/demand reaction
,,,ACACT5m,Fatty acid oxidation
,,,HMR_4790,"Transport, peroxisomal"
,,,r1895,"Transport, extracellular"
,,,NADPtxu,"Transport, peroxisomal"
,,,DHFtm,"Transport, mitochondrial"
,,,r0512,Folate metabolism
,,,DNDPt39m,"Transport, mitochondrial"
,,,r0819,"Transport, mitochondrial"
,,,HMR_1970,Androgen and estrogen synthesis and metabolism
,,,r1798,"Transport, extracellular"
,,,RE1918C,Tyrosine metabolism
,,,HMR_2648,Fatty acid oxidation
,,,FE2tm,"Transport, mitochondrial"
,,,GUAPRT,Nucleotide salvage pathway
,,,BILDGLCURte,"Transport, extracellular"
,,,SK_xol7ah3_c,Exchange/demand reaction
,,,TCHOLAt,"Transport, extracellular"
,,,ASCBt5,"Transport, extracellular"
,,,THMDt5,"Transport, extracellular"
,,,ODECOAtx,"Transport, peroxisomal"
,,,r1770,"Transport, extracellular"
,,,r2049,"Transport, extracellular"
,,,r2223,"Transport, extracellular"
,,,GSNt2,"Transport, extracellular"
,,,FAOXC183806x,Fatty acid oxidation
,,,r1880,"Transport, extracellular"
,,,3HPVSCOAitm,Drug metabolism
,,,r1500,"Transport, extracellular"
,,,HMR_3339,Fatty acid oxidation
,,,O2tp,"Transport, peroxisomal"
,,,GLA2l,Sphingolipid metabolism
,,,SPHMYLNtl,"Transport, lysosomal"
,,,4HATVLACtep,Drug metabolism
,,,MGCHrm,"Valine, leucine, and isoleucine metabolism"
,,,HMR_3326,Fatty acid oxidation
,,,CA3Sabc,"Transport, extracellular"
,,,r1660,"Transport, extracellular"
,,,PCHOLN203_HSt1e,"Transport, extracellular"
,,,BETALDHxm,"Glycine, serine, alanine, and threonine metabolism"
,,,INOSTO,Inositol phosphate metabolism
,,,RNTR4,Nucleotide interconversion
,,,HMR_1039,Arachidonic acid metabolism
,,,FATP7t,"Transport, extracellular"
,,,ESTRADIOLGLCt,"Transport, extracellular"
,,,HMR_0363,"Transport, extracellular"
,,,RE1530C,Pyrimidine synthesis
,,,ALADGLYexR,"Transport, extracellular"
,,,ASNSERNaEx,"Transport, extracellular"
,,,GLNCYSNaEx,"Transport, extracellular"
,,,r1596,"Transport, extracellular"
,,,DESAT22_1p,Fatty acid synthesis
,,,EX_sphmyln181221_hs_e,Exchange/demand reaction
,,,TETTET6t,"Transport, extracellular"
,,,ILELAT1tc,"Transport, extracellular"
,,,5HPETtd,"Transport, extracellular"
,,,r2251,"Transport, extracellular"
,,,r2372,"Transport, mitochondrial"
,,,EX_digalsgalside_hs_e,Exchange/demand reaction
,,,DM_nrpphr_c,Exchange/demand reaction
,,,r1556,"Transport, extracellular"
,,,HMR_1104,"Transport, peroxisomal"
,,,r1852,"Transport, extracellular"
,,,PCHOLPALME_HSt1e,"Transport, extracellular"
,,,HMR_5249,"Transport, lysosomal"
,,,NADtx,"Transport, peroxisomal"
,,,r1584,"Transport, extracellular"
,,,AMETr,"Transport, endoplasmic reticular"
,,,H2Otm,"Transport, mitochondrial"
,,,DM_gd3_hs_g,Exchange/demand reaction
,,,CERT2rt,"Transport, endoplasmic reticular"
,,,PI3P4Kn,Inositol phosphate metabolism
,,,r1850,"Transport, extracellular"
,,,GBA2e,Sphingolipid metabolism
,,,PROtm,"Transport, mitochondrial"
,,,LGTHL,Pyruvate metabolism
,,,HMR_6550,Inositol phosphate metabolism
,,,RE3381C,Miscellaneous
,,,TAGt,"Transport, extracellular"
,,,IDL_HSSYN,Glycerophospholipid metabolism
,,,LDL_HSSYN,Glycerophospholipid metabolism
,,,HDL_HSSYN,Glycerophospholipid metabolism
,,,EX_tag_hs_e,Exchange/demand reaction
,,,EX_HC00009_e,Exchange/demand reaction
,,,IDL_HSDEG,Glycerophospholipid metabolism
,,,HDL_HSDEG,Glycerophospholipid metabolism
,,,EX_idl_hs_e,Exchange/demand reaction
,,,LDL_HSDEG,Glycerophospholipid metabolism
,,,EX_ldl_hs_e,Exchange/demand reaction
,,,EX_hdl_hs_e,Exchange/demand reaction
,,,EX_Rtotal3_e,Exchange/demand reaction
,,,DM_Rtotal3[e],
,,,EX_HC00005_e,Exchange/demand reaction
,,,EX_HC00004_e,Exchange/demand reaction
,,,EX_HC00006_e,Exchange/demand reaction
,,,EX_HC00007_e,Exchange/demand reaction
,,,EX_HC00008_e,Exchange/demand reaction
,,,r1112,Exchange/demand reaction
,,,SK_HC00009_c,Exchange/demand reaction
,,,DM_nadph_c,Exchange/demand reaction
,,,DM_atp_c,