mets,genes,rxns
10fthf5glu[c],11754,11DOCRTSLte
10fthf5glu[l],76507,11DOCRTSTRNte
10fthf5glu[m],237940,12DHCHOLabc
10fthf6glu[c],13081,12DHCHOLt
10fthf6glu[l],13115,12DHCHOLt2
10fthf6glu[m],231691,12HTACRhr
10fthf7glu[c],20887,13DAMPPOX
10fthf7glu[l],217593,13DAMPPte
10fthf7glu[m],106557,14HMDZALThr
10fthf[c],16833,14HMDZhr
10fthf[l],54122,15KPROSTGF2c
10fthf[m],16832,17AHPRGNLONEte
11docrtsl[c],16828,17AHPRGSTRNte
11docrtsl[m],80879,1A25DHVITD3te
11docrtsl[r],20503,1HIBUP_SGLUhep
11docrtstrn[c],20501,1HMDGLUChr
11docrtstrn[m],232156,1OHMDZhr
11docrtstrn[r],54403,21HPRGNLONE
13dampp[c],18293,24_25VITD2Hm
h2o[c],13382,24_25VITD3Hm
o2[c],27402,25HVITD3c
bamppald[c],78920,25VITD2Hm
h2o2[c],100417514,25VITD3Hm
nh4[c],26876,2AMACHYD
2425dhvitd2[m],11522,2AMACSULT
h[m],11529,2AMADPTm
nadph[m],11532,2H3MVc
o2[m],76187,2HATVACIDGLUChr
1a2425thvitd2[m],12846,2HATVACIDGLUCteb
h2o[m],72472,2HATVACIDhc
nadp[m],11670,2HATVACIDOXDhc
1a25dhvitd2[m],73458,2HATVACIDteb
1mncam[c],621603,2HATVACIDthc
atp[c],56847,2HATVLACGLUChr
1mncam[e],67689,2HATVLACGLUCteb
adp[c],15445,2HATVLACOXDhc
h[c],268860,2HATVLACteb
pi[c],70750,2HATVLACthc
1pipdn2c[x],107766,2HBO
h[x],52430,2HBt2
nadh[x],23923,2HCO3_NAt
Lpipecol[x],70266,2HIBUP_SGLUhep
nad[x],13195,2HIVc
2425dhvitd2[c],17161,2HYDOGOAT3t
2425dhvitd2[e],109731,2HYOXPLCte
2425dhvitd3[c],50799,2M3OVCOAm
2425dhvitd3[e],78830,2MB2COAc
2425dhvitd3[m],246277,2OBUTt
25hvitd2[m],14415,2OXOADOXm
25hvitd3[m],14417,2OXOADPTm
24nph[e],14718,34DHALDD
24nph[c],14719,34DHOXMANDte
25hvitd2[c],212647,34DHOXPEGOX
25hvitd2[e],17250,34DHPEAR
25hvitd3[c],20859,34DHPHAMT
25hvitd3[e],629219,34DHPHAte
1a25dhvitd3[m],434264,34DHPHELAT1tc
2amac[c],629203,34DHPHEt
pyr[c],434121,34DHPLACOX_NADP
nadph[c],20509,34DHXMANDACOX
paps[c],11761,34DHXMANDACOX_NADP
Lcyst[c],110877,34HPPOR
nadp[c],214084,35DHPVShc
pap[c],14275,35DHPVSthc
L2aadp[c],14276,35DSMVhep
akg[m],17159,3AIBtm
L2aadp[m],239559,3AIBTm
akg[c],333424,3DHCAS
2dr1p[c],80908,3DHCDCAS
drib[c],215335,3DHCDCHOLabc
2hb[c],232333,3DHCDCHOLt
nad[c],243616,3DHCDCHOLt2
2obut[c],14412,3DHCHOLabc
nadh[c],14411,3DHCHOLt
2hb[e],110446,3DHCHOLt2
h[e],231086,3DHDCAabc
hco3[e],52538,3DHDCAS
na1[e],97212,3DHDCAt
hco3[c],224530,3DHDCAt2
na1[c],110460,3DHLCAabc
2mcit[c],235674,3DHLCAS
2mcit[e],100705,3DHLCAt
2oxoadp[m],11416,3DHLCAt2
coa[m],68738,3DSPHR
nad[m],380660,3HADICOAx
co2[m],54342,3HAO
glutcoa[m],56174,3HBCDm
nadh[m],109785,3HBCOARc
2oxoadp[c],327942,3HCO3_NAt
34dhmald[c],217214,3HIBUP_SGLUhep
34dhoxpeg[c],11423,3HKYNAKGAT
34dhoxpeg[e],20508,3HLVSTAChep
34dhpha[c],104112,3HLYTCL
amet[c],94181,3HPVShc
ahcys[c],235504,3HPVSteb
homoval[c],67311,3HPVSTETCOAhcm
34dhphe[e],11433,3HPVSTETCOAhcx
34dhphe[c],66659,3HPVSTETteb
34dhpac[c],66885,3HPVSthc
34dhoxmand[c],11364,3HSMVACIDhep
34hpp[m],11409,3HSMVhep
34hpl[m],102632,3ISPVSteb
34hpp[c],66948,3ISPVSthc
co2[c],229211,3M4HDXPAC
hgentis[c],56357,3MOX4HOXPGALDOX
35cgmp[c],74156,3MOX4HOXPGALDOX_NADP
35cgmp[n],11430,3MOXTYROX
2mop[m],109652,3OHACMPhr
glu__L[m],11429,3OHGLUTACOAT3t
3aib[m],11428,3OHSEBCOAx
3aib[c],93732,3OHSUBCOAx
3dphb[m],11431,3SALAASPm
3dpdhb[m],56318,3SALACBOXL_cho
3dsphgn[c],57279,3SALATAi
sphgn[c],60525,3SALATAim
3hanthrn[c],78894,41R1H2MAE12BOOX
cmusa[c],107626,41R2A1H12BOOX
b2coa[m],13106,42A12BOOX
3hbcoa__R[m],11486,4HALDD
3hibutcoa[m],13340,4HATVACIDhc
3hmp[m],11639,4HATVACIDOXDhc
hLkynr[c],11637,4HATVACIDteb
42A3HP24DB[c],229949,4HATVACIDthc
glu__L[c],56248,4HATVLACOXDhc
dopa[c],11702,4HATVLACteb
3mox4hpac[c],100041585,4HATVLACthc
3mlda[c],11512,4HGLSDm
3mlda[e],271639,4HMDZGLUChr
3mob[c],104111,4HOXPACDOX_NADP
3mob[m],11514,4HPROLTASCT1
3mop[c],210044,4NPHSULT
3mop[m],11513,4OHMDZhr
3m4hpga[c],432530,4OHPROIMINOtc
3mox4hoxm[c],104110,56DHPVShc
3moxtyr[c],11515,56DHPVSteb
3sala[m],224129,56EPPVShc
asp__L[c],63959,56EPPVSteb
3sala[c],434203,5ADTSTSTERONEGLCte
asp__L[m],114304,5ADTSTSTERONESULT
hyptaur[c],269346,5EIPENCm
3snpyr[c],71279,5EIPENCtm
3snpyr[m],53893,5FTHFt2_1
so3[c],12494,5HLTDL
pyr[m],12895,5HOXINDACTO2OX
so3[m],78070,5HOXINDACTOX
adrnl[c],12894,5HOXINDOAtr
mma[c],12896,5HOXINOXDA
nrpphr[c],23972,5HTRPVESSEC_1
4abut[c],23971,5MTHFt
4abut[m],11564,5MTHFt2_1
coucoa[m],231727,5OHFVShc
4hbzcoa[m],53625,6BHGLZhr
accoa[m],108902,6CSMVACIDhep
4hbz[m],210004,6CSMVhep
4hdebrisoquine[e],232984,6EPSteb
4hdebrisoquine[c],227327,6EPVSthc
4hglusa[m],72297,6HLVSTAChep
e4hglu[m],75986,6HMSMVACIDhep
4hoxpacd[c],67512,6HMSMVhep
4hphac[c],102247,6HSMVACIDhep
4mop[c],68262,6HSMVhep
4mop[m],28169,6MELACAChep
4mptnl[c],52123,6MELVACtbc
4mptnl[e],55979,6MSMVhep
4mptnl[m],67216,6OHFVShc
4mtolbutamide[e],268782,7BHGLZhr
4mtolbutamide[c],71760,7DHCDCHOLabc
4nphsf[e],11611,7DHCDCHOLt
4nphsf[c],15211,7DHCDCHOLt2
4nph[c],15212,7DHCHOLabc
4nph[e],67054,7DHCHOLt
4pyrdx[c],67863,7DHCHOLt2
4pyrdx[e],27376,7HPVShc
5adtststeroneglc[c],114644,7HPVSteb
5adtststeroneglc[e],77337,7KILTCHOLATP
5adtststeroneglc[r],83702,7KILTCHOLt
5adtststerones[c],208665,A4GALTc
5adtststerones[e],20514,A4GALTg
5adtststerone[c],55963,A4GNT1g
5adtststerone[e],53896,A4GNT2g
5adtststerone[r],17254,AACOAT
5aop[c],11656,AACTOOR
5aop[m],26912,AASAD3
5dhf[c],11655,AATA
5dhf[l],67760,ABO1g
5fthf[e],11988,ABO2g
5fthf[c],56774,ABO3g
h2o[e],11987,ABO4g
5htrp[c],105727,ABO5g
srtn[c],69354,ABO6g
5homeprazole[e],11989,ABO7g
5homeprazole[c],74338,ABO8g
5hoxindact[c],57394,ABO9g
5hoxindoa[c],70008,ABTArm
5htrp[e],76282,ABUTD
5mthf[e],108682,ABUTt2r
5mthf[c],209837,ABUTt2rL
5thf[c],76257,ABUTt4_2_r
5thf[l],225791,ACACT10m
5thf[m],58810,ACACT1m
6dhf[c],11668,ACACT1r
6dhf[l],19378,ACACT1x
6dhf[m],110695,ACACt2
6htststerone[c],56752,ACACt2m
6htststerone[e],11671,ACACT4m
6htststerone[r],72535,ACACT4p
6thf[c],11669,ACACT5m
6thf[l],11684,ACACT5p
6thf[m],11688,ACACT6m
7dhchsterol[r],11687,ACACT6p
7dhchsterol[c],11689,ACACT7m
7dhf[c],110198,ACACT7p
7dhf[l],11677,ACACT8p
7dhf[m],17117,ACACT9p
7thf[c],67582,ACChex
7thf[l],109674,ACCOAC
7thf[m],229665,ACCOACrm
h2o[l],11717,ACCOAgt
m2mn[l],16790,ACCOAL
man[l],109959,ACCOALm
mn[l],100043688,ACCOAtr
galgluside_hs[c],100043684,ACER11r
udpgal[c],100043686,ACER12r
thcrm_hs[c],11722,ACER21g
udp[c],20532,ACER22g
galgluside_hs[g],30962,ACER23g
udpgal[g],26459,ACER31r
h[g],242669,ACETONEt2
thcrm_hs[g],330836,ACETONEt2m
udp[g],11847,ACGAM2E
T_antigen[g],11898,ACGAM6PS
uacgam[g],83885,ACGAMK
gncore1[g],18408,ACGAMPM
core2[g],11883,ACGPID
gncore2[g],11886,ACGSm
aact[c],54338,ACHEe
mthgxl[c],20522,ACHVESSEC_1
aact[m],66514,ACITL
L2aadp6sa[m],27053,ACMPGLUChr
fucgalacglcgalgluside_hs[g],69719,ACMPGLUtep
udpacgal[g],20513,ACMPGLUthc
acgalfucgalacglcgalgluside_hs[g],20510,ACMPGLUTtep
galfucgalacglcgalgluside_hs[g],20512,ACMPGLUTthc
fuc12gal14acglcgalgluside_hs[g],20511,ACMPShc
galfuc12gal14acglcgalgluside_hs[g],242607,ACMPthc
acgalfuc12gal14acglcgalgluside_hs[g],12496,ACMPtu
fucgalacgalfuc12gal14acglcgalgluside_hs[g],12495,ACNAM9PL
acgalfucgalacgalfuc12gal14acglcgalgluside_hs[g],215446,ACNAM9PL2
fucgalacglcgal14acglcgalgluside_hs[g],12497,ACNAMlt
acgalfucgalacglcgal14acglcgalgluside_hs[g],12499,ACNAMPH
fucgalacgalfucgalacglcgal14acglcgalgluside_hs[g],72090,ACNMCT
acgalfucgalacgalfucgalacglcgal14acglcgalgluside_hs[g],11739,ACOAD10m
galfucgalacglcgal14acglcgalgluside_hs[g],11740,ACOAD1fm
fucfucgalacglcgalacglcgal14acglcgalgluside_hs[g],73333,ACOAD8m
galgalfucfucgalacglcgalacglcgal14acglcgalgluside_hs[g],110173,ACOAD9m
sucsal[m],26879,ACOADH100_m
abt[c],54218,ACOADH120_m
xylu__L[c],93961,ACOADH160_m
abt[e],108105,ACOADH60_m
4abut[l],12012,ACOAH
h[l],110948,ACOAHim
4abut[e],22348,ACOAO4p
2maacoa[m],170442,ACOAO5p
ppcoa[m],63857,ACOAO7p
aacoa[m],71911,ACOAO8p
accoa[x],64918,ACOAR2m
aacoa[x],12116,ACOAR4m
coa[x],101488,ACOAR5m
acac[c],12780,ACOAR7m
acac[m],76408,ACODA
3odcoa[x],28253,ACONT
occoa[x],233016,ACONTm
3oddcoa[x],109778,ACOX22x
dcacoa[x],55981,ACOX2x
3otdcoa[x],23827,ACP1e
ddcacoa[x],26363,ACP1_FMN
3ohdcoa[x],330064,ACRNte
tdcoa[x],80721,ACRNtm
3ohodcoa[x],103149,ACRNtp
pmtcoa[x],73166,ACS
3ohxccoa[x],18194,ACS2
ttccoa[x],15488,ACSm
acac[x],66234,ACSRTNMT
acald[m],320707,ACTLMO
acald[c],11941,ACTNMO
acald[r],67972,ACYP
acald[x],381290,ADA
atp[m],12359,ADADir
hco3[m],110893,ADAe
adp[m],20541,ADEt
malcoa[m],110891,ADK1
pi[m],109136,ADK1m
accoa[c],14377,ADK3
accoa[g],14378,ADK3m
ppa[m],68401,ADKd
amp[m],227231,ADMDC
ppi[m],12408,ADNCYC
accoa[n],52858,ADNK1
accoa[r],74596,ADNt
acetone[e],110911,ADNt2
acetone[c],99712,ADNt4
acetone[m],212862,ADNt5
acgagbside_hs[c],223753,ADNtl
acgagbside_hs[g],68018,ADNtm
acgagbside_hs[l],57738,ADPCOACROT
acgalfucgalacgalfuc12gal14acglcgalgluside_hs[e],12642,ADPCOAPTE
acgalfucgalacgalfuc12gal14acglcgalgluside_hs[c],12647,ADPMAN
acgalfucgalacgalfucgalacglcgal14acglcgalgluside_hs[e],237928,ADPRDP
acgalfucgalacgalfucgalacglcgal14acglcgalgluside_hs[c],13026,ADPRIBt
acgal[c],236899,ADPT
acgal1p[c],108096,ADRNCPT1
itp[c],20493,ADRNCPT2
idp[c],20494,ADRNCRNt
acgal[g],27413,ADRNLPVESSEC_1
acgal[l],218865,ADSK
gam6p[c],12651,ADSL1r
acgam6p[c],12660,ADSL2r
coa[c],63993,ADSS
acgam[c],20518,AG13T16g
acgam1p[c],20520,AG13T17g
acgam[l],54200,AG13T18g
acgbgbside_hs[c],59045,AG13T1g
acgbgbside_hs[g],11303,AG13T2g
acgbgbside_hs[l],81600,AG13T3g
acgpail_hs[c],67729,AGDC
ac[c],71884,AGMTm
gpail_hs[c],20500,AGPAT1_1
acglu[m],13358,AGPOP
ach[e],12716,AGRMte
ac[e],76722,AGTim
chol[e],12709,AGTix
ach[n],12715,AHANDROSTANGLCte
ach[c],23985,AHANDROSTANte
cit[c],171429,AHCi
oaa[c],66586,AHEXASE2ly
acn13acngalgbside_hs[c],24060,AHEXASEly
acn13acngalgbside_hs[e],12764,AICART
acn13acngalgbside_hs[g],73132,AIRCr
acn23acngalgbside_hs[c],436059,AK2LGCHOLABCt
acn23acngalgbside_hs[e],230027,AKGCITtm
acn23acngalgbside_hs[g],217707,AKGDm
acnacngal14acglcgalgluside_hs[e],12850,AKGICITtm
acnacngal14acglcgalgluside_hs[c],72077,AKGMALtm
acnacngal14acglcgalgluside_hs[g],14537,AKGt4_3
acnacngalgbside_hs[c],218476,AKR1C1
acnacngalgbside_hs[e],272411,AKR1C41
acnacngalgbside_hs[g],102857,AKR1C42
acmanap[c],12908,AKR1D
pep[c],30805,AKR1D2
acnamp[c],12974,ALAALACNc
man6p[c],74114,ALAALAPEPT1tc
kdnp[c],20539,ALAARGCYSt
acnam[c],50934,ALAARGGLYt
acnam[l],12583,ALAASNLEUt
acnam[n],215113,ALAASNNaEx
acngalacglcgal14acglcgalgluside_hs[e],26570,ALAATB0tc
acngalacglcgal14acglcgalgluside_hs[c],72269,ALAB0AT3tc
acngalacglcgal14acglcgalgluside_hs[g],11628,ALACYSNaEx
acmana[c],80914,ALADGLNexR
2mbcoa[m],22245,ALADGLYexR
fad[m],66588,ALAGLNexR
2mb2coa[m],22169,ALAGLNNaEx
fadh2[m],320127,ALAGLYexR
btcoa[m],217480,ALAGLYLYSt
ivcoa[m],104418,ALAHISALAt
3mb2coa[m],380921,ALALYSTHRt
ibcoa[m],110197,ALAPAT4te
2mp2coa[m],227333,ALAR
o2[x],13139,ALASERNaEx
h2o2[x],56077,ALASm
hdd2coa[x],110524,ALAt2r
acorn[c],13142,ALAt4
orn[c],93692,ALATA_L
cit[m],69367,ALATA_Lm
icit[m],70503,ALATHRNaEx
dhcholoylcoa[x],13177,ALAtN1
fadh2[x],23986,ALAyLATthc
fad[x],13178,ALCD1
thcholoylcoa[x],13190,ALCD19y
cholcoas[x],20249,ALCD21_D
cholcoads[x],56473,ALCD22_D
h2o[x],76267,ALCD22_L
fmn[c],13350,ALCD2x
ribflv[c],67800,ALCD2y
acrn[c],27369,ALDD19x_P
acrn[m],20527,ALDD19xr
ppa[c],20525,ALDD20x
amp[c],20528,ALDD20xm
ppcoa[c],74754,ALDD21
ppi[c],13122,ALDD2x
ac[m],13360,ALDD2xm
Nacsertn[c],13244,ALDD2y
melatn[c],70059,ALLOP1tu
ac[g],20860,ALLOP2tu
acetol[c],56749,ALLOPOXDhep
adn[c],64705,ALLOPtepvb
ins[c],22240,ALOX12
adn[e],12934,ALOX15
ins[e],57274,ALOX5
nh4[e],110196,ALOX52
ade[e],74129,ALR2
ade[c],67283,ALR3
gtp[c],380959,AM19CSALThr
gdp[c],68563,AM1CSAhr
gtp[m],13481,AM9CSAhr
gdp[m],13480,AMACR2p
damp[c],59012,AMACRp
datp[c],13166,A_MANASEly
dadp[c],22173,AMANK
ametam[c],20538,AMETt2m
camp[c],13162,AMPDA
adn[m],20519,AMPTASECG
adn[l],12183,AMPTASECGe
adpman[c],18648,AMPTASEPG
man1p[c],56012,AMY1e
adprib[e],192156,AMY2e
adprib[c],232449,AND19ONEc
adp[x],99586,ANDRSTANDRte
adrncoa[c],21877,ANDRSTNDNte
adrncoa[x],57813,ANDRSTRNGLCte
crn[c],110074,APAT2rm
adrncrn[c],16434,APNPT
adrncrn[m],13595,APRGSTRNt1e
adrncoa[m],93747,APRTO2
crn[m],11992,ARABR
adrnl[e],51798,ARACHCPT1
adrn[e],74147,ARACHCPT2
adrn[c],26458,ARACHCRNt
aps[c],108115,ARACHDFATPtc
dcamp[c],58807,ARACHDt2
fum[c],239273,ARACHETH
25aics[c],108116,ARGALAALAt
aicar[c],110826,ARGALAPHEt
aflatoxin[e],110842,ARGALATHRt
aflatoxin[c],66841,ARGARGLYSt
ksii_core4_pre2[g],75320,ARGARGMETt
ksii_core4_pre3[g],214253,ARGARGt
ksii_core4_pre4[g],75540,ARGATB0tc
ksii_core4_pre5[g],435766,ARGB0AT3tc
ksii_core4_pre7[g],74205,ARGCYSGLYt
ksii_core4_pre8[g],50790,ARGCYSSERt
ksii_core2_pre2[g],14081,ARGDCm
ksii_core2_pre3[g],433256,ARGGLUGLUt
ksii_core2_pre4[g],328845,ARGGLUPROt
ksii_core2_pre5[g],216739,ARGGLYGLYt
ksii_core2_pre7[g],117147,ARGHISTHRt
ksii_core2_pre8[g],18605,ARGLEUPHEt
agm[m],209558,ARGLYSASPt
ptrc[m],83603,ARGLYSex
urea[m],170439,ARGN
Rtotal2coa[c],68801,ARGN1ASPMDte
alpa_hs[c],54326,ARGNm
pa_hs[c],666168,ARGORNt7
ala__L[m],100040843,ARGPHEARGt
glx[m],13117,ARGPROMETt
gly[m],435802,ARGPROTHRt
ala__L[x],14104,ARGSERSERt
glx[x],26457,ARGSL
gly[x],26569,ARGSS
pyr[x],26568,ARGt4
ahandrostanglc[c],11674,ARGt5r
ahandrostanglc[e],230163,ARGtm
ahandrostanglc[r],11676,ARGTYRVALt
ahcys[r],14121,ARGVALCYSt
n2m2nmn[l],270198,ARGVALTRPt
n2m2mn[l],18639,ARSA
air[c],170768,ASAH1
5aizc[c],18640,ASCBSVCTtc
succoa[m],14120,ASCBt4
mal__L[c],14151,ASCBt5
mal__L[m],107747,ASNALANaEx
akg[e],73649,ASNASNARGt
akg[x],234730,ASNATB0tc
prgstrn[c],71562,ASNB0AT3tc
aprgstrn[c],13361,ASNCYSCYSt
xol7ah[c],14287,ASNCYSNaEx
xol7ah2[c],56017,ASNGLNNaEx
xoldioloneh[c],20526,ASNMETPROt
xoltriol[c],435818,ASNN
xol7aone[c],56485,ASNNm
xoldiolone[c],216188,ASNPHEASPt
ala__L[e],270685,ASNPHECYSt
asn__L[c],108156,ASNPHELAT2tc
ala__L[c],66848,ASNS1
asn__L[e],71665,ASNSERNaEx
cys__L[c],14085,ASNt4
cys__L[e],14194,ASNTHRNaEx
ala__D[e],14343,ASNtN1
gln__L[c],14348,ASNTYRGLYt
ala__D[c],57370,ASNTYRPHEt
gln__L[e],53418,ASNTYRTHRt
gly[c],14595,ASP1DC
gly[e],56336,ASPALAARGt
ser__L[c],14571,ASPASNGLUt
ser__L[e],56454,ASPCT
thr__L[c],100198,ASPDt6
thr__L[e],14381,ASPGLUm
12ppd__R[c],14385,ASPGLUPROt
lald__D[c],14431,ASPGLUt
lald__L[c],53897,ASPGLUTRPt
12ppd__S[c],19025,ASPHISCYSt
etoh[c],12091,ASPHISPROt
id3acald[c],50917,ASPLYSGLUt
ind3ac[c],18010,ASPLYSHISt
id3acald[m],14420,ASPMETASPt
ind3ac[m],14421,ASPPROASCT1
pristanal[c],234356,ASPPROLYSt
prist[c],78752,ASPT
aldstrn[c],74241,ASPt6
aldstrn[e],269941,ASPTA
aldstrn[m],78923,ASPTAm
arachd[c],230145,ASPVALASNt
12HPET[c],14423,ATPasel_1
15HPET[c],231605,ATPH1e
5HPET[c],14426,ATPH2e
leuktrA4[c],171212,ATPS4mi
dhcholestancoa[x],271786,ATPtm
cholcoar[x],207839,ATVACIDhc
amuco[c],78754,ATVACIDMCTtu
amet[r],241391,ATVACIDOATPtu
ahcys[m],108148,ATVACIDtu
amet[m],108150,ATVACYLGLUChc
imp[c],71685,ATVETHGLUChc
cgly[e],231050,ATVLACGLCURhc
amp[x],14425,ATVLACThc
strch1[e],170441,ATVLACtu
glc__D[e],117592,AVITE1t
strch2[e],218271,B3GALT3g
glygn2[e],232714,B3GALT41g
glygn4[e],14450,B3GALT42g
andrstrnglc[c],11593,B3GALT43g
andrstrnglc[e],14466,B3GALT44g
andrstrnglc[r],227671,B3GALT5g
andrstrn[e],104776,B3GNT11g
andrstrn[c],214579,B3GNT12g
andrstrn[r],434437,B3GNT310g
antipyrene[e],104174,B3GNT311g
antipyrene[c],68133,B3GNT312g
2aobut[m],14538,B3GNT313g
ala_B[m],228368,B3GNT314g
msa[m],22122,B3GNT315g
apnnox[e],14590,B3GNT31g
apnnox[c],110175,B3GNT32g
apoC[c],27357,B3GNT33g
lys__L[c],232493,B3GNT34g
apoC_Lys[c],14936,B3GNT35g
apoC[m],23887,B3GNT36g
lys__L[m],108037,B3GNT37g
apoC_Lys[m],20425,B3GNT38g
apoC_Lys_btn[c],11605,B3GNT39g
biocyt[c],74185,B3GNT51g
apoC_Lys_btn[m],110006,BAAT1x
biocyt[m],109685,BAAT2x
appnn[e],93683,BAAT3x
appnn[c],100910,BAAT4x_cho
aprut[c],14042,BAAT5x
n4abutn[c],14043,BACCL
aqcobal[e],76898,BACCLm
aqcobal[c],280645,BALABETAtc
arab__L[e],72727,BALAt2r
arab__L[c],27419,BALAVECSEC_1
arachcoa[c],64580,BAMPPALDOX
arachcoa[x],15531,BBHOX
arachcrn[c],83398,BCDO
arachcrn[m],17423,BDHm
arachcoa[m],54616,BETALDHx
arachdcoa[c],58193,BETALDHy
arachdcoa[x],56219,BETBGTtc
arachd[e],117591,BGAL1e
arachd[r],353169,BGAL1l
arach[e],227659,BGAL2l
arach[c],20537,BGAL3l
arg__L[m],77559,BHMT
arg__L[e],110078,BIDGLCURr
arg__L[c],19309,BILDGLCURt
lys__L[e],110095,BILDGLCURte
orn[m],14629,BILGLCURt
citr__L[c],14630,BILGLCURte
argsuc[c],14661,BILIRED
sgalside_hs[l],14317,BILIRED2
galside_hs[l],14660,BILIRUBt2
so4[l],216456,B_MANNASEly
Rtotalcoa[c],71803,BMTer_U
Rtotal[c],68267,BPNT
Rtotal2[c],270076,BPNT2
Rtotal3coa[c],140919,BTND1
Rtotal3[c],216227,BTND1n
tmndnccoa[c],72961,BTNDe
R2coa_hs[c],15112,BTNDm
pmtcoa[c],56185,BTNPL
Rtotal3coa[m],67092,BTNPLm
pmtcoa[m],76238,BTNt2i
crm_hs[l],14933,BTNt2m
Rtotal[l],14626,BTNt3i
sphings[l],14651,BTNt3i_1
ascb__L[c],14664,BTNt4i
o2s[c],110208,BUP2
dhdascb[c],14711,BUTSMCT1
ascb__L[e],14732,BUTt
asn__L[m],70325,BUTt2m
nh4[m],241062,BUTt2r
cbp[c],67556,C02712te
cbasp[c],72084,C03681te
asp__D[e],14782,C03990ATP
k[c],21672,C03990t
asp__D[c],18477,C04483t1
k[e],14776,C05299te
asp__D[x],14775,C05301te
Nacasp[m],625249,C05302te
asp__L[e],14778,C05463t1
oaa[m],75512,C05769te
adp[r],67305,C05769te3
atp[r],11757,C05770te
amp[r],14854,C05770te4
atp[e],14598,C09642te
amp[e],234889,C100CPT1
pi[e],54195,C101CPT1
adp[e],230103,C102CPT1
atp[n],245650,C10DCc
atp[x],14917,C10DCCACT
avite2[e],18160,C10OHc
avite2[c],14919,C120CPT1
gbside_hs[g],60596,C121CPT1
ga2_hs[g],14544,C12DCACOT
ga1_hs[g],12352,C12OHc
gm2_hs[g],56078,C141ACBP
gm1_hs[g],27392,C141CPT1
gd2_hs[g],230801,C141OHc
gd1b_hs[g],99439,C142ACBP
gt2_hs[g],214593,C142CPT1
gt1c_hs[g],11833,C142OHc
galgbside_hs[g],56703,C14825c
acglcgalgluside_hs[g],18701,C14OHc
galacglcgalgluside_hs[g],433931,C14STR
gal14acglcgalgluside_hs[g],239827,C14STRr
acglcgal14acglcgalgluside_hs[g],329777,C160CPT1
galacglcgal14acglcgalgluside_hs[g],14731,C160CPT2
acglc13galacglcgal14acglcgalgluside_hs[g],228812,C160CRNt
galacgalfuc12gal14acglcgalgluside_hs[g],276846,C161CPT1
galacgalfucgalacglcgal14acglcgalgluside_hs[g],78928,C161CPT12
acglcgalacglcgal14acglcgalgluside_hs[g],15108,C161CPT2
galacglcgalacglcgal14acglcgalgluside_hs[g],15107,C161CPT22
galacglc13galacglcgal14acglcgalgluside_hs[g],15118,C161CRN2t
galthcrm_hs[g],15116,C161CRNt
galgalthcrm_hs[g],15117,C161OHc
galgalgalthcrm_hs[g],71883,C162ACBP
acglcgalgbside_hs[g],20535,C162OHc
galacglcgalgbside_hs[g],240215,C16DCc
h2o[g],20533,C16OHc
gm2a_hs[g],20536,C180CPT1
gm1a_hs[g],103988,C180CPT2
gluside_hs[g],15277,C180CRNt
cholcoa[x],15275,C181CPT1
gchola[x],216019,C181CPT2
taur[x],212032,C181CRNt
tchola[x],15233,C181OHc
dgcholcoa[x],58875,C182OHc
dgchol[x],15186,C18OHc
dcholcoa[x],11944,C204CPT1
btn[c],11945,C204CPT2
btamp[c],70789,C204CRNt
btn[m],208715,C226CPT1
btamp[m],15360,C226CPT2
ala_B[c],15356,C30CPT1
ala_B[e],208982,C3STDH1
4tmeabutn[c],15368,C3STDH1Pr
succ[c],15369,C3STDH1r
caro[c],56794,C3STKR2r
retinal[c],52815,C40CPT1
bhb[m],27029,C4CRNCPT2
betald[m],15483,C4DCCACT
glyb[m],15484,C4OHc
bhb[e],15485,C4STMO1r
bhb[c],14979,C4STMO2Pr
glyb[c],15486,C4STMO2r
hcys__L[c],15490,C4tcx
dmgly[c],15497,C4tmc
met__L[c],15492,C4x
bildglcur[e],15496,C50CPT1
bildglcur[c],15494,C51CPT1
bildglcur[r],15493,C60CPT1
bilglcur[e],15495,C6COAt
bilglcur[c],100043456,C6CRNtcx
bilglcur[r],101502,C6DCc
biliverd[c],57028,C6DCCACT
bilirub[c],15929,C80CPT1
bilirub[e],170718,C81CPT1
bilirub[r],67834,C8DCc
biocyt[n],15926,C9BRxtc
dolmanp_U[r],269951,CA24GSc
memgacpail_hs[r],22018,CA24GSr
dolp_U[r],15932,CA24Gte
h[r],12036,CA3Sabc
m2emgacpail_hs[r],72401,CA3St
h2o[n],56727,CAATPS_1
btn[n],239606,CAMPt
lys__L[n],53881,CARIBUP_SGLUhep
biocyt[e],319554,CARN140t_m
btn[e],320581,CARN160t_m
3uib[c],216225,CARN180t_m
3aib__D[c],56451,CARN1819Zt_m
but[c],20917,CARN1829Z12Zt_m
but[m],20916,CARN1836Z9Z12Zt_m
bvite[e],20498,CARPEPT1tc
bvite[c],20499,CASULT
bz[e],107723,CAT2p
bz[c],57138,CAt7r
bz[r],16548,CATm
44mctr[r],236727,CATp
nadph[r],77031,CBL2tm
44mzym[r],98256,CBPPer
nadp[r],226413,CBPS
pmtcrn[c],11432,CBPSam
pmtcrn[m],16816,CBR2
hdcoa[c],171405,CDCA24GSc
hdcecrn[c],207151,CDCA24GSr
hdd2coa[c],236149,CDCA24Gte
hdd2crn[c],236293,CDCA3GSc
hdcecrn[m],319800,CDCA3GSr
hdcoa[m],434674,CDCA3Gte
hdd2crn[m],327951,CDCA6AH
hdd2coa[m],64008,CDIPTr
stcoa[c],106648,CDS
stcrn[c],16987,CDSm
stcrn[m],18783,CE1273t1
stcoa[m],12735,CE1352te
odecoa[c],19193,CE1447te
odecrn[c],16956,CE1918te
odecrn[m],15450,CE2006te
odecoa[m],12613,CE2026te
arachdcrn[c],116939,CE2209te
arachdcrn[m],23945,CE2211te
arachdcoa[m],237625,CE2510ABCt
c226coa[c],79235,CE2537ABCt
c226coa[x],235293,CE2705t
c226crn[c],16993,CE4877te
c226crn[m],17001,CE4890te
c226coa[m],66447,CE4890te2
4mzym_int1[r],211666,CE4968te
4mzym_int2[r],14874,CE4970te
co2[r],14387,CE5025t
nad[r],72039,CE5026t
nadh[r],78038,CE5072te
zym_int2[r],56690,CE6205te
zymst[r],246221,CE7085te
o2[r],17448,CE7090te
h2o[r],17449,CE7096te
ca2[c],107029,CEPTC
ca2[e],17436,CEPTE
caro[e],109264,CERK
carveol[e],15930,CERT1gt
carveol[c],13095,CERT1rt
etoh[x],13076,CERT2gt
h2o2[m],13078,CERT2rt
cbl2[c],13077,CGLYt3_2
cbl2[m],11720,CGMPt
cbp[r],108645,CH25H
glc__D[r],232087,CHAT
g6p[r],238505,CHATn
nh4[r],17855,CHLP
cbp[m],16331,CHLPCTD
pi[r],104015,CHLSTD78I
ppi[r],16332,CHLSTI_1
prostge2[c],170835,CHOLATEt
prostgf2[c],16330,CHOLATEt2
cdpdag_hs[c],64436,CHOLATEt3
inost[c],212111,CHOLD
cmp[c],16329,CHOLD2m
pail_hs[c],228550,CHOLESACATc_1
cdpdag_hs[m],233011,CHOLESTle_1
ctp[c],320404,CHOLK
ctp[m],71780,CHOLt4
pa_hs[m],269180,CHOLtu
cdpchol[c],234515,CHSTEROLSULT
dag_hs[c],76051,CHSTEROLt
pchol_hs[c],73724,CHSTEROLt1
cdpea[c],17850,CHSTEROLtg
pe_hs[c],68393,CHTNASE
crm_hs[c],233549,CHTNASEe
crmp_hs[c],66902,CITL
crm_hs[g],17768,CITRtm
crm_hs[r],94192,CITt4_1
gluside_hs[c],11484,CITt4_2
gluside_hs[r],71670,CITt4_3
cgly[c],17939,CITt4_4
chsterol[r],59033,CITtam
xol25oh[r],94229,CITtbm
chol[c],114479,CITtcm
chol[n],11931,CKc_cho
coa[n],232975,CK_cho
cholp[c],98660,CLFORtex
chol[m],67821,CLFORtex2
cholate[e],11933,CLHCO3tex2
cholate[c],11928,CLHCOtex
cholp[g],27222,CLI2tex
cholp[l],11932,CLOHtex2
chol[g],20544,CLOHtex2_1
chol[r],105243,CLOXAtex2
chsterol[c],226999,CLPNDCPT1
chsterols[c],338403,CLPNDCPT2
chsterol[l],66054,CLPNDCRNt
chsterol[m],20497,CLS_hs
chsterol[g],238384,Clt
chtn[c],94249,CMPACNAtg
chtn[e],214111,CMPSASn
acgam[e],76376,COAtim
itaccoa[m],76025,COKECBESr
citmcoa__L[m],66422,COPROSTabc
citr__L[m],67464,COPROSTt
cit[e],100862375,COPROSTt2
pep[m],21915,COQ3m
creat[m],79059,COQ6m
pcreat[m],18103,COQ7m
creat[c],18102,CORE2GTg
pcreat[c],54369,CORE3GTg
cl[e],171567,CORE4GTg
for[c],56520,CORE6GTg
cl[c],58176,CPK1
for[e],19743,CPPPGO
i[c],20495,CPS_m
i[e],20496,CREATt4_2_r
oxa[c],74080,CRNATBtc
oxa[e],66454,CRNCARtm
clpndcoa[c],226518,CRNCARtp
clpndcoa[x],59027,CRNt
clpndcrn[c],18113,CRNtHa
clpndcrn[m],18948,CRNtim
clpndcoa[m],18127,CRNtuNa
clpnd[e],18125,CRVS1M24hc
clpnd[c],18126,CRVS23M24hc
pglyc_hs[c],667034,CRVSATPtu
clpn_hs[c],18950,CRVSM1hc
cmp[g],20517,CRVSM1hr
cmpacna[c],20445,CRVSM1teb
cmpacna[g],50773,CRVSM23hc
cmpacna[n],18675,CRVSM23hr
ctp[n],103850,CRVSM23teb
ppi[n],23959,CRVSM24teb
co2[g],69983,CRVSthc
co2[x],18416,CSAtu
coa[g],67041,CSm
coa[l],353371,CSNAT2m
coa[r],13171,CSNAT2x
coke[r],12040,CSNAT3x
egme[r],12039,CSNATer
2dpmhobq[m],75475,CSNATm
q10[m],18242,CSNATp
2dp6mobq[m],22247,CSNATr
2dp6mobq_me[m],13521,CSNt
2dp6mep[m],231583,CTPS1
Tn_antigen[g],13487,CTPS2
core3[g],13070,CVM1GLUChc
core4[g],13072,CVM23GLUChc
core5[g],110115,CYANSTm
core6[g],13074,CYOOm2i
core7[g],13075,CYOOm3i
core8[g],56388,CYOR_u10mi
co[c],13113,CYSALANaEx
co[e],13114,CYSAMO_cho
T4hcinnm[m],337924,CYSASNMETt
coumarin[e],13112,CYSASNNaEx
coumarin[c],100041449,CYSASPPHEt
creat[e],622127,CYSATB0tc
crmp_hs[e],100041375,CYSB0AT3tc
pcrn[x],13079,CYSCYSt
crn[x],104086,CYSGLNMETt
pcrn[c],13086,CYSGLNNaEx
acrn[x],13087,CYSGLUexR
crn[e],72082,CYSGLUHISt
dmnoncrn[x],13097,CYSGLUTRPt
dmnoncrn[m],13098,CYSGLYex
crtn[c],69888,CYSLEUTHRt
crtsl[e],72303,CYSO
crtsl[c],56448,CYSPHELAT2tc
crtsl[m],13107,CYSSERMETt
crtsl[r],56050,CYSSERNaEx
crtstrn[e],53973,CYSSNAT5tc
crtstrn[c],13116,CYSt4
crtstrn[m],64385,CYSTA
crvnc[e],170716,CYSTALArBATtc
crvnc[c],72054,CYStec
cspg_a[l],13123,CYSTGL
Ser_Gly_Ala_X_Gly[l],13124,CYSTGLUex
cs_a[l],209027,CYSTHRNaEx
cspg_b[l],100163,CYSTLEUrBATtc
cs_b[l],18475,CYSTS
cspg_c[l],18476,CYSTSERex
cs_c[l],18472,CYSTYRASNt
cspg_d[l],27226,CYTD
cs_d[l],73836,CYTDK1
cspg_e[l],11982,CYTDK2
cs_e[l],18806,CYTDn
pcrn[m],18805,CYTDt
dmnoncoa[x],266645,CYTDt2
ppcoa[x],18563,CYTDt4
crn[r],18670,CYTDt5
acrn[r],54611,CYTDtl
csn[e],18578,CYTDtm
csn[c],18584,CYTK1
cspg_a[g],18574,CYTK10
cspg_a[e],18583,CYTK10n
cspg_b[g],110385,CYTK11
cspg_b[e],18575,CYTK11n
cspg_c[g],238871,CYTK12
cspg_c[e],18573,CYTK12n
cspg_d[g],18576,CYTK13
cspg_d[e],23984,CYTK13n
cspg_e[g],18577,CYTK14
cspg_e[e],207728,CYTK14n
cyan[e],29863,CYTK1m
cyan[c],241489,CYTK1n
cyan[m],218461,CYTK2
cysi__L[c],110855,CYTK2_1
gthrd[c],18585,CYTK2n
gthox[c],242202,CYTK3
mercppyr[c],225600,CYTK3n
cysi__L[e],18587,CYTK4
glu__L[e],78600,CYTK4n
cytd[c],18582,CYTK5n
uri[c],18588,CYTK6n
cytd[m],18598,CYTK7
cmp[m],68263,CYTK7n
cytd[n],235339,CYTK8
h[n],18597,CYTK8n
nh4[n],103711,CYTK9
uri[n],11980,CYTK9n
cytd[e],18534,D3AIBTm
cytd[l],74551,DACGST
dgtp[c],80911,DADA
cdp[c],68671,DADAe
dgdp[c],18618,DADK
cmp[n],236539,DADNt4
dgtp[n],19215,DAGK_hs
cdp[n],54486,DAGKn_hs
dgdp[n],96979,DALAOXx
dcmp[c],64292,DALAt2r
dcdp[c],19223,DARGOp
dcmp[n],66461,DASCBR_1
dcdp[n],74451,DASPO1p
dctp[c],19225,DCA24GSc
dctp[n],19224,DCA24GSr
datp[n],234724,DCA24Gte
dadp[n],18478,DCA3GSc
utp[c],16922,DCA3GSr
utp[n],19211,DCA3Gte
udp[n],20975,DCA3Sabc
cdp[m],18720,DCA3St
adp[n],18717,DCASULT
gtp[n],18719,DCATDc
gdp[n],84095,DCIm
3aib__D[e],224020,DCK1n
3aib__D[m],107650,DCK2n
dad_2[c],74769,DCMPDA
din[c],18708,DCSPTN1COAtxc
dad_2[e],18707,DCSPTN1CPT1
din[e],18710,DCSPTN1CPT2
dag_hs[r],18709,DCSPTN1CRNt
dag_hs[n],18706,DCT
pa_hs[n],23900,DCYTD
dag_hs[e],30955,DCYTDn
ala__D[x],320207,DCYTt
nh4[x],320634,DCYTtm
arg__D[x],18795,DEBRISOQUINEt
5g2oxpt[x],234779,DEOXFVShc
23doguln[c],269615,DES21
oaa[x],72469,DESAT14_9
dd2coa[m],114875,DESAT16
dd3coa[m],18802,DESAT16_2
dcyt[m],18796,DESAT18
dcmp[m],18803,DESAT18_10
dcyt[n],74055,DESAT18_11
dcsptn1coa[c],18799,DESAT18_12
dcsptn1coa[x],18798,DESAT18_3
dcsptn1crn[c],18797,DESAT18_5
dcsptn1crn[m],227120,DESAT18_6
dcsptn1coa[m],433022,DESAT18_8
dcsptn1[e],269437,DESAT18_9
dcsptn1[c],18711,DESAT20_1
L_dpchrm[c],108083,DESAT20_2
56dihindlcrbxlt[c],117150,DESAT24_1
dcyt[c],18718,DESFVShc
duri[c],53357,DGAT
duri[n],18780,DGK1
dcyt[e],66350,DGNSK
4h2oglt[m],18784,DGNSKm
debrisoquine[e],26971,DGSNt
debrisoquine[c],211429,DHAAt1r
decdp[c],329502,DHCHOLESTANATEATP
decdp[m],18778,DHCHOLESTANATEt
dedoldp__L[c],18782,DHCR241r
dedolp__L[c],26565,DHCR242r
dedol__L[c],26970,DHCR243r
dolichol__L[c],68603,DHCR71r
lnlncacoa[c],271424,DHCR72r
strdnccoa[c],27399,DHCRD1
octd11ecoa[c],76500,DHCRD2
od2coa[c],74776,DHDPBMTm
lneldccoa[c],50784,DHEASt
lnlccoa[c],19012,DHEASULT
lnlncgcoa[c],67916,DHFR
dlnlcgcoa[c],19044,DHFR2i
eicostetcoa[c],13861,DHFRim
tetpent3coa[c],11758,DHORD9
tethex3coa[c],17523,DHORTS
tag_hs[c],19125,DHPM1
dgchol[e],24059,DHPM2
dgchol[c],320951,DHPR
datp[m],19210,DHRT_ibcoa
dgmp[m],27388,DIDECAETH
dadp[m],171210,DIGALSGALSIDEATPte
dgdp[m],170789,DIHOLINETH
dgsn[m],171282,DINt
dgsn[e],19286,D_LACt2
dgsn[c],20229,D_LACtm
3dhguln[c],69215,DLNLCGCPT1
dhdascb[e],216134,DLNLCGCPT2
dhcholestanate[m],22271,DLNLCGCRNt
dhcholestanate[x],76654,DLNLCGt
fadh2[r],14863,DMATT
fad[r],71336,DMATTx
zymstnl[r],19682,DMGDHm
chlstol[r],54150,DNADDP
lthstrl[r],216453,DNDPt10m
dsmsterol[r],103142,DNDPt11m
ddsmsterol[r],19683,DNDPt12m
dhcrm_hs[c],216454,DNDPt13m
fad[c],107605,DNDPt14m
fadh2[c],98711,DNDPt15m
3dpdhb_me[m],108841,DNDPt16m
dheas[e],77974,DNDPt17m
dheas[c],17252,DNDPt18m
dheas[r],242285,DNDPt19m
dhea[c],105014,DNDPt1m
dhea[r],235033,DNDPt20m
dhf[c],69698,DNDPt21m
dhf[l],225994,DNDPt23m
dhf[m],20443,DNDPt24m
dhor__S[c],20442,DNDPt25m
orot[c],20444,DNDPt28m
q10h2[m],338362,DNDPt2m
56dura[c],23908,DNDPt30m
cala[c],15931,DNDPt31m
56dthm[c],15476,DNDPt32m
dhbpt[c],628779,DNDPt37m
mlthf[c],319415,DNDPt38m
thbpt[c],195646,DNDPt39m
didp[c],15478,DNDPt3m
didp[n],54710,DNDPt40m
digalsgalside_hs[c],328779,DNDPt41m
digalsgalside_hs[g],72136,DNDPt42m
digalside_hs[c],58250,DNDPt43m
digalside_hs[g],71797,DNDPt44m
digalside_hs[l],59031,DNDPt45m
ditp[c],11881,DNDPt46m
ditp[n],56773,DNDPt47m
dkmpp[c],54371,DNDPt48m
2kmb[c],26887,DNDPt49m
lac__D[e],76969,DNDPt4m
lac__D[c],53374,DNDPt50m
lac__D[m],60322,DNDPt51m
dlnlcgcrn[c],50787,DNDPt52m
dlnlcgcrn[m],50785,DNDPt53m
dlnlcgcoa[m],50786,DNDPt54m
dlnlcg[e],75612,DNDPt55m
dlnlcg[c],30956,DNDPt56m
13_cis_oretn[n],69156,DNDPt57m
13_cis_retn[n],140483,DNDPt58m
Asn_X_Ser_Thr[l],192166,DNDPt59m
dctp[m],81535,DNDPt5m
dem2emgacpail_prot_hs[r],20322,DNDPt60m
dgpi_prot_hs[r],20280,DNDPt61m
dgtp[m],20540,DNDPt62m
dsT_antigen[g],268656,DNDPt63m
dttp[m],20773,DNDPt6m
dttp[n],228677,DNDPt7m
ethamp[r],13885,DOCO13ECOAtxc
gpi_sig[r],20397,DOCO13EFATP
hretn[n],20454,DOCOHEXETHc
kdn[c],56632,DOCOSACT
m3gacpail_prot_hs[r],20698,DOCOSCOAtxc
melanin[c],76668,DOCTETETH
mem2emgacpail_prot_hs[r],58994,DOLPH_Ler
n5m2masn[g],238011,DOLPH_Uer
oretn[n],77626,DOLPMT_U
Ser_Thr[l],20597,DOPA3GLCURt
sprm[c],20598,DOPA4GLCURt
sTn_antigen[g],208449,DOPABMO_1
gtocophe[c],208890,DOPACHRMISO
dmantipyrine[e],320718,DOPAENT4tc
dmantipyrine[c],224661,DOPAMT
dmpp[x],268512,DOPASULT
ipdp[x],243755,DOPASULT4
grdp[x],20652,DOPAt4_2_r
ppi[x],20657,DOPAtu
dmgly[m],20656,DOPAVESSEC_1
fald[m],20655,DORNOp
sarcs[m],20751,DPCOAK
dmhptcrn[m],20603,DPCOAKm
dmhptcoa[m],20810,DPCOAPP
dmhptcrn[c],20775,DPGase
dmhptcrn[e],14137,DPGM
dmnoncoa[c],78925,DPMVD
dmnoncrn[c],94224,DPMVDx
dmnoncoa[m],11298,DRBK
dnad[c],15567,DRPA
dnad[n],20441,DSMSTOLR
dcdp[m],54613,DSPVShc
dtdp[m],20446,DSPVSteb
dudp[c],20447,DSREDUCr
dtdp[c],50935,DTMPK
dudp[m],26938,DTMPKm
dutp[c],20449,DURAD
dutp[m],225742,DURAD2
dttp[c],20905,DURIK1
thrnt[c],66945,DURIK1m
dolglcp__L[c],66925,DURIPP
dolglcp__L[r],66052,DURIt
dolp__L[r],67680,DUTCP
dolichol__L[r],211389,DUTPDPm
dolichol_U[r],21366,DUTPDPn
dolichol_U[c],13180,DUTUP
dolp__L[c],18115,EANDRSTRNte
dolp_U[c],105663,EBP1r
dolmanp_U[c],20502,EBP2r
gdpmann[c],72962,ECOAH12m
2c23dh56dhoxin[c],192289,ECOAH1m
dopaqn[c],50493,ECOAH1x
dopasf[c],212974,ECOAH4m
dopasf[e],58866,ECOAH4p
dopa[e],21990,ECOAH5m
orn__D[x],216343,ECOAH5p
5a2opntn[x],56720,ECOAH9m
dpcoa[l],209176,EHGLAT2m
dpcoa[c],55961,EHGLATm
23dpg[c],21391,EIC21114TRc
3pg[c],21823,EICOSTETCPT1
13dpg[c],22178,EICOSTETCPT2
5dpmev[x],50798,EICOSTETCRNt
pi[x],66248,ELAIDCPT1
frdp[c],22232,ELAIDCPT2
ipdp[c],22235,ELAIDCRNt
drib[e],242585,ELAIDt
2dr5p[c],67883,ENO
g3p[c],18606,ESTRAABCtc
dtdp[n],58246,ESTRADIOLGLCt
dudp[n],16770,ESTRADIOLGLCt2
dump[c],22234,ESTRIOLGLCte
dump[n],70484,ESTRONEGLCt
ura[c],394434,ESTRONESt
thym[c],394430,ESTRONESt2
duri[m],94284,ESTRSABCtc
dump[m],394432,ESTSULT
duri[e],394435,ETF
dutp[n],394433,ETFQO
eaflatoxin[e],22236,ETHAK
eaflatoxin[c],394436,ETHP
ebastineoh[e],243085,ETOHMO
ebastineoh[c],231396,F1PGT
ebastineoh[r],22238,FA160COAabcp_1
ebastine[e],112417,FACOAE120
ebastine[c],100559,FACOAE140
ebastine[r],71773,FACOAE161
3hbcoa[m],100727,FACOAE180
3hbcoa[x],68556,FACOAE1829Z12Z
b2coa[x],22436,FACOAE1836Z9Z12Z
3hmbcoa[m],102448,FACOAE1839Z12Z15Z
eicostetcrn[c],233781,FACOAL140
eicostetcrn[m],217119,FACOAL150
eicostetcoa[m],67880,FACOAL160
eicostet[e],76429,FACOAL161
eicostet[c],67895,FACOAL170
elaidcrn[c],76055,FACOAL180
elaidcrn[m],12870,FACOAL181
od2coa[m],14325,FACOAL1812
elaid[e],14319,FACOAL1812_1
elaid[c],67634,FACOAL1813
n2m2nm[l],109754,FACOAL1821
ksi_deg2[l],72017,FACOAL1822
ksi_deg3[l],320635,FACOAL1831
s2l2n2m2m[l],26462,FACOAL1832
s2l2n2m2mn[l],71743,FACOAL184
estradiolglc[e],76952,FACOAL191
estradiolglc[c],230718,FACOAL200
estradiolglc[r],107569,FACOAL203
estradiol[e],70881,FACOAL204
estradiol[c],15452,FACOAL2042
estradiol[r],11821,FACOAL205
estriolglc[c],52633,FACOAL206
estriolglc[e],18770,FACOAL224
estriolglc[r],207182,FACOAL2251
estriol[r],71522,FACOAL2252
estriol[c],18641,FACOAL226
estroneglc[c],107869,FACOAL240_1
estroneglc[e],14555,FACOAL241
estroneglc[r],69080,FACOAL244_1
estrones[e],331026,FACOAL245_1
estrones[c],12411,FACOAL245_2
estrone[r],11647,FACOAL246_1
estrone[c],19895,FACOAL260
etfox[m],66355,FACOAL40im
etfrd[m],105446,FACOAL80
etha[c],107239,FADDP
ethamp[c],229363,FADDPle
10fthf[e],70025,FADH2ETC
10fthf5glu[e],19063,FADRx2
10fthf6glu[e],171281,FAEL183
10fthf7glu[e],54397,FAEL184
11_cis_retfa[e],111175,FAEL204
13_cis_retnglc[e],26922,FAEL205
1glyc_hs[e],11370,FAH1
35cgmp[e],11363,FAH2
3aib[e],235582,FAH3_1
4hphac[e],320208,FALDH
5dhf[e],223646,FAOXC10080m
5thf[e],67375,FAOXC10080x
6dhf[e],382985,FAOXC101C102m
6thf[e],20133,FAOXC101C102x
7dhf[e],20135,FAOXC101C8m
7thf[e],15357,FAOXC101C8x
9_cis_retfa[e],666417,FAOXC101x
adprbp[e],107885,FAOXC102C101m
ak2lgchol_hs[e],100039707,FAOXC102C101x
aprgstrn[e],211488,FAOXC102C103m
avite1[e],211347,FAOXC102C103x
camp[e],74450,FAOXC102C81m
chsterol[e],75735,FAOXC102C81x
cmp[e],269614,FAOXC102m
dhf[e],67993,FAOXC102x
digalsgalside_hs[e],22117,FAOXC103C102m
fuc13galacglcgal14acglcgalgluside_hs[e],227095,FAOXC103C102x
fuc14galacglcgalgluside_hs[e],69051,FAOXC10C10OHm
fucacgalfucgalacglcgalgluside_hs[e],22275,FAOXC10DCC8DCx
fucacngal14acglcgalgluside_hs[e],13121,FAOXC11
fucacngalacglcgalgluside_hs[e],433323,FAOXC11BRC9BRx
fucfuc12gal14acglcgalgluside_hs[e],20524,FAOXC11C9m
fucfuc132galacglcgal14acglcgalgluside_hs[e],229782,FAOXC120100m
fucfucfucgalacglc13galacglcgal14acglcgalgluside_hs[e],27409,FAOXC120100x
fucfucfucgalacglcgal14acglcgalgluside_hs[e],67470,FAOXC121C101m
fucfucgalacglcgalgluside_hs[e],237831,FAOXC121C10x
fucgal14acglcgalgluside_hs[e],223920,FAOXC121x
fucgalfucgalacglcgalgluside_hs[e],16889,FAOXC122C101m
fucgalgbside_hs[e],76459,FAOXC122m
fuc__L[e],12349,FAOXC122x
galacglcgalgbside_hs[e],230099,FAOXC123C102m
galfuc12gal14acglcgalgluside_hs[e],23831,FAOXC123C102x
galfucgalacglcgal14acglcgalgluside_hs[e],12353,FAOXC123m
galgalfucfucgalacglcgalacglcgal14acglcgalgluside_hs[e],12346,FAOXC123x
galgalgalthcrm_hs[e],12351,FAOXC12C12OHm
gbside_hs[e],12354,FAOXC12DCc
gchola[e],12319,FAOXC12DCC10DCx
gd1b2_hs[e],71934,FAOXC12DCTc
gd1c_hs[e],27416,FAOXC12DCx
gdp[e],18173,FAOXC13BRC11BRx
gluala[e],20504,FAOXC13C11m
glyc__S[e],22782,FAOXC140
glygn5[e],224674,FAOXC140120m
gmp[e],11666,FAOXC140120x
gp1c_hs[e],19299,FAOXC141C121m
gp1calpha_hs[e],217700,FAOXC141C121x
gq1b_hs[e],67115,FAOXC141C141OHm
gq1balpha_hs[e],94352,FAOXC142C122m
gsn[e],72562,FAOXC142C122x
gt1a_hs[e],29859,FAOXC142C142OHm
gthox[e],67328,FAOXC143C123m
gthrd[e],76113,FAOXC143C123x
gtp[e],71147,FAOXC14C14OHm
h2o2[e],234129,FAOXC14DCC12DCx
ha[e],12799,FAOXC150m
ha_pre1[e],107146,FAOXC15ATPx
hcoumarin[e],13120,FAOXC15BRC13BRx
hdca[e],13088,FAOXC15C13m
hdcea[e],13110,FAOXC15NADPx
hestratriol[e],81906,FAOXC15NADx
hexc[e],74134,FAOXC160
hista[e],631304,FAOXC160140m
hom__L[e],17228,FAOXC160140x
hpdca[e],109697,FAOXC16080m
hspg[e],232680,FAOXC16080x
htaxol[e],329093,FAOXC161802m
idp[e],74649,FAOXC16180m
imp[e],17229,FAOXC161C141m
inost[e],100503895,FAOXC161C141x
ksi[e],11421,FAOXC161C161OHm
ksi_deg1[e],16591,FAOXC162C142m
ksii_core2[e],56386,FAOXC162C162OHm
ksii_core4[e],22239,FAOXC163C142x
leuktrA4[e],18746,FAOXC163C143m
leuktrB4[e],18704,FAOXC163C164Gm
leuktrC4[e],240752,FAOXC163C164x
leuktrD4[e],18705,FAOXC163GC142m
leuktrE4[e],26378,FAOXC163Gm
leuktrF4[e],67460,FAOXC163x
lgnc[e],109857,FAOXC164C143m
limnen[e],28200,FAOXC164C143x
lipoate[e],320997,FAOXC164C163x
lneldc[e],13850,FAOXC164C165m
lnlc[e],74302,FAOXC164C165x
lnlnca[e],77116,FAOXC164GC163m
lnlncg[e],14780,FAOXC164m
lpchol_hs[e],104245,FAOXC164x
mag_hs[e],218756,FAOXC165C164m
meoh[e],233836,FAOXC165C164x
mercplaccys[e],20515,FAOXC16Brx
mthgxl[e],20516,FAOXC16C16OHm
n2m2nmasn[e],142681,FAOXC16DCC14DCx
nad[e],240332,FAOXC16DCr
nadp[e],15487,FAOXC16OHC16r
ncam[e],13167,FAOXC170150m
nifedipine[e],26874,FAOXC170m
no[e],225579,FAOXC180
npthl[e],94180,FAOXC180x
nrpphr[e],102680,FAOXC1811601m
nrpphrsf[e],56643,FAOXC1811602m_1
nrvnc[e],52466,FAOXC1811603m
o2s[e],12751,FAOXC181C161m
oagd3_hs[e],14080,FAOXC181C161x
oagt3_hs[e],66988,FAOXC181C181OHm
ocdca[e],102570,FAOXC182806m
ocdcea[e],18624,FAOXC18280m
octa[e],18174,FAOXC182C162m
omeprazole[e],53945,FAOXC182C182OHm
onpthl[e],11648,FAOXC183803m
paf_hs[e],17769,FAOXC183806m
pchol_hs[e],66194,FAOXC183806x
pe_hs[e],66171,FAOXC183C163Gm
peplys[e],226844,FAOXC183C163m
perillyl[e],66646,FAOXC18480m
pglyc_hs[e],108114,FAOXC18480x
pheacgln[e],18399,FAOXC184C163m
phllqne[e],19879,FAOXC184C163x
phyt[e],22598,FAOXC184C164m
prgstrn[e],234967,FAOXC184C164x
prostgd2[e],12638,FAOXC184m
prostge1[e],243328,FAOXC184x
prostge2[e],27404,FAOXC185C164m
prostgf2[e],26357,FAOXC185m
ps_hs[e],11828,FAOXC18C18OHm
ptdca[e],11832,FAOXC200180m
rbt[e],27410,FAOXC200180x
retfa[e],11304,FAOXC201C181x
retinol[e],109342,FAOXC2031836m
retinol_9_cis[e],230612,FAOXC204
retinol_cis_11[e],246787,FAOXC204184m
retn[e],241612,FAOXC204C184m
retnglc[e],52710,FAOXC204C205x
Rtotal[e],16523,FAOXC2051843m
Rtotal2[e],20927,FAOXC2051843x
Rtotal3[e],20928,FAOXC205C184x
s2l2fn2m2masn[e],16514,FAOXC205C185m
s2l2n2m2masn[e],19662,FAOXC221C201x
sarcs[e],20897,FAOXC2242046m
sl__L[e],19659,FAOXC2242046x
spc_hs[e],19660,FAOXC2251836m
sph1p[e],20778,FAOXC2251836x
sphs1p[e],237636,FAOXC2252053m
srtn[e],15446,FAOXC2252053x
strdnc[e],74442,FAOXC225C204m
tag_hs[e],74182,FAOXC225C204x
tag__D[e],64602,FAOXC225C226m
taxol[e],78801,FAOXC225C226x
tchola[e],11636,FAOXC225m
tcynt[e],11566,FAOXC225x
tdchola[e],11565,FAOXC226
tethex3[e],114863,FAOXC226205m
tetpent3[e],11846,FAOXC226205x
tetpent6[e],12892,FAOXC226C205m
tettet6[e],51797,FAOXC226C225m
thf[e],55936,FAOXC226C225x
thmmp[e],14923,FAOXC226C227m
thmtp[e],110391,FAOXC226m
thym[e],14593,FAOXC227C226m
thyox__L[e],433182,FAOXC22C20x
tmndnc[e],13806,FAOXC22C22DCHYr
tolbutamide[e],13808,FAOXC22OHC22r
triodthy[e],13807,FAOXC240200x_1
triodthysuf[e],15203,FAOXC241181x
tststerone[e],319945,FAOXC241C221x
tststeroneglc[e],216558,FAOXC2442246x
tststerones[e],14433,FAOXC2452253x
tsul[e],100042025,FAOXC2452256x
ttdca[e],14447,FAOXC246226x
txa2[e],14583,FAOXC24C22x
tymsf[e],14584,FAOXC260240x_1
Tyr_ggn[e],14645,FAOXC3DC
udp[e],266744,FAOXC4020m
ump[e],13479,FAOXC4C4DCc
urate[e],218138,FAOXC5C3x
utp[e],14528,FAOXC5C5DCc
vacc[e],12350,FAOXC5OHc
vitd3[e],11826,FAOXC61C4m
whddca[e],11829,FAOXC61C4x
whhdca[e],17339,FAOXC61m
whtststerone[e],11827,FAOXC61x
whttdca[e],11830,FAOXC6C4m
xolest_hs[e],15288,FAOXC6C4x
xolest2_hs[e],12035,FAOXC6DCC4DCx
xoltri24[e],23917,FAOXC7C5m
xoltri25[e],23918,FAOXC80
xoltri27[e],12215,FAOXC81C61m
xylt[e],110119,FAOXC81C61x
gtocophe[e],665563,FAOXC8C6m
f1a[g],192185,FAOXC8C6x
f1a[l],110895,FAOXC8DCC6DCx
fuc1p__L[c],277973,FAOXC9C7m
gdpfuc[c],14751,FAOXMC10OHMC10r
ttdca[c],18655,FAOXOHC16C16DCc
tdcoa[c],338366,FAOXOHC22C22DCc
ptdca[c],18663,FAOXOHMC10DC10c
ptdcacoa[c],72157,FAOXTC101TC102m
hdca[c],66681,FAOXTC102C101m
hpdca[c],29858,FAOXTC122m
hpdcacoa[c],54128,FAOXTC122TC101m
ocdca[c],17025,FAOXTC142TC122m
vacc[c],66812,FAOXTC162TC142m
ocdcea[c],106564,FAOXTC182TC162m
lnlc[c],56189,FAS100COA
lneldc[c],246049,FAS120COA
lnlncg[c],75456,FAS140COA
lnlnca[c],19139,FAS160COA
strdnc[c],110639,FAS180COA
pristcoa[c],107272,FAS80COA_L
tmndnc[c],100678,FATP1t
phyt[c],54391,FATP2t
phytcoa[c],21351,FATP3t
lgnc[c],208967,FATP4t
ttccoa[c],21881,FATP5t
nrvnc[c],74419,FATP6t
nrvnccoa[c],83553,FATP7t
tettet6[c],29807,FATP8t
tettet6coa[c],21991,FATP9t
tetpent6[c],74246,FBA
tetpent6coa[c],107652,FBA2
tetpent3[c],227620,FBA4
tethex3[c],22276,FBA5
hexc[c],108052,FBP
hexccoa[c],27411,FBP26
octa[c],104816,FCLTm
occoa[c],107476,FDH
malcoa[c],78914,FE2DMT1
ddca[c],11534,FE2utm
whddca[c],69519,FE3R2e_1
whttdca[c],75572,FE3t
whhdca[c],66204,FEROc
fald[c],245847,FK
Sfglutth[c],108147,FKYNH
fald[l],109900,FMNAT
tdcoa[m],69634,FOAXC122C101x
ptdcacoa[m],67980,FOLABCCte
occoa[m],26384,FOLOAT1tc
hpdcacoa[m],14635,FOLOAT2tc
stcoa[x],69976,FOLOATPtc
octd11ecoa[m],14430,FOLR2
lnlccoa[m],231327,FOLt
lneldccoa[m],68977,FOLt2_1
lnlncacoa[m],15109,FPGS_1
lnlncgcoa[m],71761,FPGS2
lnlncgcoa[x],109801,FPGS2m
strdnccoa[m],55980,FPGS3
strdnccoa[x],114663,FPGS3m
tmndnccoa[m],53332,FPGS4_1
tmndnccoa[x],14913,FPGS4m_1
nrvnccoa[x],18263,FPGS5
odecoa[x],56421,FPGS5m
tettet6coa[x],18642,FPGS6
tetpent3coa[x],319848,FPGS6m
tetpent6coa[x],105355,FPGS7_1
tethex3coa[x],218103,FPGS7m_1
hexccoa[x],20505,FPGS8
dcacoa[c],20531,FPGS8m
ddcacoa[c],237823,FPGS9
xu1p__D[c],257635,FPGS9m
dhap[c],22171,FPGSm_1
gcald[c],243537,FRUt1r
tag1p__D[c],19703,FRUt4
glyald[c],320685,FTCD
f26bp[c],116914,FTHFCL
f6p[c],269378,FTHFCLm
fe2[m],229709,FTHFDH
ppp9[m],55951,FTHFLi
pheme[m],70456,FTHFLmi
forcoa[c],54670,FUCASE2e
fe2[e],54667,FUCASE2ly
fe2[c],50770,FUCASEe
fe3[e],320940,FUCASEly
fuc__L[c],18669,FUM
Lfmkynr[c],66834,FUMAC
Lkynr[c],22227,FUMm
fol[c],329910,FUMSO3tm
fol[e],74104,FUMSO4tm
forcoa[x],56315,FUMtm
for[m],12491,FUMTSULtm
for[r],19765,FUT11g
5dhf[m],18104,FUT12g
thf[m],68312,FUT14g
frdp[x],171168,FUT15g
frdp[r],66190,FUT16g
fru[e],230379,FUT17g
fru[c],19156,FUT18g
thf[c],14667,FUT910g
fuc13galacglcgal14acglcgalgluside_hs[c],230101,FUT911g
fuc13galacglcgal14acglcgalgluside_hs[g],23956,FUT91g
fuc14galacglcgalgluside_hs[c],50877,FUT92g
fuc14galacglcgalgluside_hs[g],20452,FUT93g
fucacgalfucgalacglcgalgluside_hs[c],16890,FUT94g
fucacgalfucgalacglcgalgluside_hs[g],16891,FUT95g
fucacngal14acglcgalgluside_hs[c],67758,FUT96g
fucacngal14acglcgalgluside_hs[g],269060,FUT97g
fucacngalacglcgalgluside_hs[c],231871,FUT98g
fucacngalacglcgalgluside_hs[g],18947,FUT99g
ksi[l],69060,FVStu
fuc__L[l],66853,G14T18g
ksi_deg1[l],67717,G14T19g
s2l2fn2m2masn[l],18946,G14T20g
s2l2n2m2masn[l],14077,G14T21g
fucfuc12gal14acglcgalgluside_hs[c],14079,G14T2g
fucfuc12gal14acglcgalgluside_hs[g],12140,G14T3g
fucfuc132galacglcgal14acglcgalgluside_hs[c],16592,G14T4g
fucfuc132galacglcgal14acglcgalgluside_hs[g],16204,G14T5g
fucfucfucgalacglc13galacglcgal14acglcgalgluside_hs[c],11770,G3PD
fucfucfucgalacglc13galacglcgal14acglcgalgluside_hs[g],75497,G3PD1ir
fucfucfucgalacglcgal14acglcgalgluside_hs[c],21884,G3PD2
fucfucfucgalacglcgal14acglcgalgluside_hs[g],20216,G3PD2m
fucfucgalacglcgalgluside_hs[c],233799,G5SDym
fucfucgalacglcgalgluside_hs[g],272428,G6PDA
fucgal14acglcgalgluside_hs[c],233801,G6PDH1er
fucgal14acglcgalgluside_hs[g],67469,G6PDH2c
fucgalfucgalacglcgalgluside_hs[c],218121,G6PDH2er
fucgalfucgalacglcgalgluside_hs[g],225010,G6PDH2r
fucgalgbside_hs[c],64898,G6PPer
fucgalgbside_hs[g],235044,G6Pt6er
4fumacac[c],229791,G6Pter
fum[m],216152,GABABGTtc
so4[m],64899,GABAVESSEC_1
so4[c],14245,GACMTRc
tsul[m],71910,GAL3ST11
tsul[c],381925,GAL3ST12
gdpfuc[g],28042,GALASE10ly
gdp[g],18807,GALASE11ly
acngalacglcgalgluside_hs[g],104759,GALASE12ly
fucgalacglc13galacglcgal14acglcgalgluside_hs[g],194908,GALASE13ly
fucfucgalacglc13galacglcgal14acglcgalgluside_hs[g],12038,GALASE14ly
acngal14acglcgalgluside_hs[g],69923,GALASE15ly
fucfucgalacglcgal14acglcgalgluside_hs[g],67260,GALASE16ly
fuc132galacglcgal14acglcgalgluside_hs[g],71949,GALASE17ly
ksii_core4_pre1[g],76893,GALASE18ly
ksii_core4_pre6[g],545975,GALASE19ly
ksii_core4_pre9[g],241447,GALASE1ly
ksii_core4_pre10[g],93898,GALASE20ly
ksii_core2_pre1[g],54447,GALASE3ly
ksii_core2_pre6[g],76485,GALASE4ly
ksii_core2_pre9[g],68273,GALASE5ly
ksii_core2_pre10[g],66435,GALASE6ly
glyc3p[c],67909,GALASE7ly
glu5sa[m],74782,GALASE8ly
1pyr5c[m],56375,GALASE9ly
glu5p[m],654821,GALC
6pgl[r],16430,GALGT1
g6p[c],320011,GALGT2
gudac[c],330406,GALGT3
gacpail_hs[c],108155,GALGT4
gacpail_hs[r],26878,GALKr
galside_hs[g],97884,GALNACT1g
paps[g],224143,GALNACT2g
pap[g],68292,GALNACT3g
sgalside_hs[g],14422,GALNACT4g
galacglcgalgbside_hs[c],268510,GALNACT5g
ksi_deg26[l],26877,GALNTg
gal[l],171167,GALOR
ksi_deg27[l],14347,GALSGLT1le
ksi_deg29[l],330671,GALT
ksi_deg30[l],381694,GALt1r
ksi_deg32[l],208211,GALt2_2
ksi_deg33[l],14345,GALT2g
ksi_deg35[l],73068,GALt4
ksi_deg36[l],71103,GALt4_2
ksi_deg38[l],67555,GALTg
ksi_deg39[l],97440,GALUi
ksi_deg40[l],56356,GAMt1r
ksi_deg41[l],238023,GAMYe
ksii_core2_deg2[l],74577,GAO1
ksii_core2_deg3[l],20448,GAO1g
ksii_core2_deg5[l],241159,GAO2
ksii_core2_deg6[l],14344,GAO2g
ksii_core2_deg8[l],71519,GAPD
ksii_core2_deg9[l],69590,GARFT
core6[l],71854,GASNASE2ly
l2n2m2mn[l],319446,GASNASE3ly
ksii_core4_deg2[l],56351,GASNASEly
ksii_core4_deg3[l],67053,GBA
ksi_deg5[l],224024,GBA2e
ksi_deg6[l],105349,GBAl
ksi_deg8[l],676527,GBGT1
ksi_deg9[l],98386,GCA3Sabc
ksi_deg11[l],17919,GCA3St
ksi_deg12[l],110611,GCALDD
ksi_deg14[l],18145,GCALDDm
ksi_deg15[l],102294,GCASULT
ksi_deg17[l],57357,GCC2am
ksi_deg18[l],27400,GCC2bim
ksi_deg20[l],56348,GCC2cm
ksi_deg21[l],114664,GCCam
ksi_deg23[l],54325,GCCbim
ksi_deg24[l],12686,GCCcm
galfuc12gal14acglcgalgluside_hs[c],74559,GCDCA3Sabc
galfucgalacglcgal14acglcgalgluside_hs[c],57874,GCDCA3St
galgalfucfucgalacglcgalacglcgal14acglcgalgluside_hs[c],67044,GCDCASULT
galgalgalthcrm_hs[c],30963,GCHOLAt
galgluside_hs[l],66775,GCHOLAt2
gm3_hs[g],70757,GCHOLAt3
gd3_hs[g],106529,GCNTg
gt3_hs[g],243078,GCPNn
cs_hs_linkage[g],328035,GDCA3Sabc
cs_pre[g],60527,GDCA3St
cs_a_b_pre2[g],66411,GDCASULT
cs_a_b_pre3[g],214663,GDHm
cs_c_pre2[g],14187,GDPFUCtg
cs_c_pre3[g],215015,GDR
cs_d_pre3[g],238024,GDRm
cs_d_pre4[g],74035,GF6PTA
cs_e_pre3[g],63828,GFUCS
cs_e_pre4[g],75578,GGH_10FTHF5GLUe
Ser_Thr[g],100503991,GGH_10FTHF5GLUl
gal[c],235534,GGH_10FTHF6GLUe
galt[c],101744,GGH_10FTHF6GLUl
galside_hs[c],331487,GGH_10FTHF7GLUe
gal[e],319518,GGH_10FTHF7GLUl
lxser[g],18452,GGH_5DHFe
l2xser[g],18451,GGH_5DHFl
xser[g],320452,GGH_5THFe
gam[e],67870,GGH_5THFl
gam[c],104923,GGH_6DHFe
malt[e],100328588,GGH_6DHFl
gd3_hs[c],14204,GGH_6THFe
oagd3_hs[c],67712,GGH_6THFl
oagd3_hs[g],246696,GGH_7DHFe
gt3_hs[c],54384,GGH_7DHFl
oagt3_hs[c],75454,GGH_7THFe
oagt3_hs[g],219135,GGH_7THFl
gar[c],209039,GGLUCT
fgam[c],103466,GGNG
n2m2nmasn[l],103199,GGT5r
glc__D[c],75769,GGTAe2
gluside_hs[l],329506,GGTe_1
glc__D[l],237523,GHMT2r
gbside_hs[c],72102,GHMT2rm
gbside_hs[l],218232,GHMT3
gcald[m],227721,GK1
glyclt[m],97287,GLA2l
lpam[m],66865,GLACO
alpam[m],101490,GLAl
dhlam[m],74411,GLB1
mlthf[m],83493,GLBRAN
lpro[m],67881,GLC3MEACPhr
alpro[m],17330,GLCAASE1ly
dhlpro[m],217837,GLCAASE4ly
gchola[c],227733,GLCAASE5ly
gd1b2_hs[c],22262,GLCAASE6ly
gd1b2_hs[g],241452,GLCAASE7ly
gd1c_hs[c],20148,GLCAASE8ly
gd1c_hs[g],791260,GLCAASE9ly
gmp[g],107585,GLCAE2g
gmp[c],13371,GLCAT2g
gdpddman[c],13370,GLCAT3g
glu__L[l],56362,GLCAT4g
thf[l],69083,GLCAT5g
5oxpro[c],52064,GLCAT6g
Tyr_ggn[c],69188,GLCAT7g
udpg[c],231051,GLCAT8g
ggn[c],233904,GLCAT9g
ttc_ggdp[c],20937,GLCATg
leuktrC4[r],208266,GLCNACASE1ly
glu__L[r],75410,GLCNACASE2ly
leuktrD4[r],107823,GLCNACASE3ly
leuktrE4[c],225888,GLCNACASE4ly
leuktrF4[c],192195,GLCNACASE5ly
ser__L[m],214162,GLCNACDASg
3htmelys[c],232811,GLCNACT1g
4tmeabut[c],239122,GLCNACT2g
glac[c],208043,GLCNACT3g
glcr[c],84505,GLCNACT4g
glac[r],73251,GLCNACT5g
glygn1[c],234135,GLCRt1
glygn2[c],64707,GLCSGLT1le
hs_deg9[l],18193,GLCt1
glcur[l],381022,GLCt2_2
hs_deg10[l],74729,GLCt4
cs_a_deg2[l],77683,GLCt4_2
cs_a_deg3[l],235626,GLCtg
cs_c_deg2[l],67956,GLCURtly
cs_c_deg3[l],69726,GLDBRAN
cs_d_deg3[l],110147,GLGNS1
cs_d_deg4[l],69019,GLNALANaEx
cs_e_deg3[l],66624,GLNASNGLNt
cs_e_deg4[l],76687,GLNASNNaEx
ha[l],56529,GLNATB0tc
ha_deg1[l],66286,GLNB0AT3tc
ha_pre1[l],57170,GLNCYSNaEx
cs_b_pre4[g],107895,GLNHISHISt
hs_pre10[g],67569,GLNHISLYSt
hs_pre11[g],69675,GLNLYSLYSt
cs_a_b_e_pre1[g],227399,GLNLYSTRPt
udpglcur[g],327655,GLNPROGLUt
cs_c_d_e_pre1[g],225913,GLNS
cs_d_pre2[g],70974,GLNSERNaEx
cs_e_pre2[g],67935,GLNt
hs_pre1[g],13909,GLNt4
hs_pre2[g],382053,GLNTHRNaEx
hs_pre3[g],104158,GLNtN1
hs_pre4[g],109791,GLNTRPGLUt
hs_pre5[g],67473,GLNTYRLEUt
hs_pre6[g],380701,GLNyLATthc
hs_pre7[g],75750,GLPASE1
hs_pre8[g],20521,GLPASE2
hs_deg3[l],235386,GLU5Km
hs_deg4[l],66065,GLUARGLEUt
hs_deg8[l],71412,GLUASNLEUt
hs_deg14[l],53415,GLUB0AT3tc
hs_deg15[l],234309,GLUCYS
hs_deg20[l],13016,GLUDC
hs_deg21[l],69772,GLUDym
hs_deg24[l],70061,GluForTx
hs_deg25[l],436008,GLUGLUt
hs_pre9[g],74032,GLUILELYSt
glc__D[g],80707,GLULEUt
glcur[c],67861,GLUMETHISt
glcur[r],320981,GLUMETt
dxtrn[c],72947,GLUN
glygn3[c],76768,GLUNm
guln__L[r],11650,GLUPROASCT1
gullac[r],330962,GLUPRT
gln__L[m],106407,GLUt2m
g1p[c],94215,GLUt4
gullac[c],72094,GLUt6
glucys[c],269823,GLUTAROAT3t
forglu[c],22273,GLUTCOAACBP
5forthf[c],66576,GLUTCOADHm
oxa[x],17711,GLUTHRLYSt
glx[c],66152,GLUTHRt
glyb[e],66594,GLUTRPALAt
glyc3p[m],67003,GLUVESSEC
glyc__R[c],66694,GLXO1
2pg[c],66445,GLXO2p
glyclt[c],22272,GLYALDDr
glyclt[x],67530,GLYAMDTRc
glyc__S[c],20523,GLYATm
glyc[c],22229,GLYB0AT3tc
glyc[m],22228,GLYBt4_2_r
lgt__S[m],74011,GLYCK
gthrd[m],66218,GLYCLm
gmp[n],226646,GLYCLTDy
6pgc[r],227197,GLYCTO1
ru5p__D[r],67130,GLYCTO1p
sarcs[c],66414,GLYGLYCNc
gp1calpha_hs[c],66495,GLYGLYPEPT1tc
gp1calpha_hs[g],68194,GLYHISASNt
gp1c_hs[c],100041273,GLYHISLYSt
gp1c_hs[g],100042503,GLYK
em2emgacpail_prot_hs[r],407785,GLYKm
hdca[r],68197,GLYLEUHYDROc
gpi_prot_hs[r],66091,GLYLEUPEPT1tc
mgacpail_hs[r],54405,GLYLYSCYSt
gq1balpha_hs[c],75406,GLYLYSPHEt
gq1balpha_hs[g],225887,GLYOX
gq1b_hs[c],230075,GLYOXm
gq1b_hs[g],66377,GLYPHEPEPT1tc
gsn[c],67273,GLYPROPEPT1tc
gsn[l],595136,GLYPROPRO1c
gt1a_hs[c],68342,GLYSARCNc
gt1a_hs[g],17718,GLYSARPEPT1tc
gthox[m],80286,GLYSNAT5tc
gthrd[r],68349,GLYt2r
gua[c],17722,GLYt4
xan[c],17720,GLYt7_211_r
guln__L[c],102631912,GLYt7_311_r
glcur1p[c],66416,GLYTYRLYSt
pe_hs[r],17995,GLYVALHISt
emgacpail_hs[r],68202,GLYVESSEC_1
m2gacpail_hs[r],17719,GMAND
h2o2[l],17992,GMPR
h2o2[n],67184,GMPS
m3gacpail_hs[r],67264,GMPS2
em3gacpail_hs[r],66108,GND
emem2gacpail_hs[r],69875,GNDc
em2emgacpail_hs[r],66046,GNDer
m3emgacpail_hs[r],17993,GNMT
gpi_hs[r],66916,GPAM_hs_1
mem2emgacpail_hs[r],17717,GPDDACHOL
pre_prot[r],17991,GPIAT
uacgam[c],68375,GPIDA2er
udpglcur[c],68198,GPIDAer
hcoumarin[c],17716,GPIMTer_U
hdcea[c],78330,GRTT
hestratriol[c],70316,GRTTx
hestratriol[r],72900,GSNt
man[c],17721,GSNt2
4mlacac[c],104130,GSNt4
his__L[c],12868,GSNt5
hista[c],12866,GSNtl
his__L[e],12859,GTHOm
im4act[c],12857,GTHOr
hmgcoa[c],75483,GTHPe
aacoa[c],20463,GTHPi
hmgcoa[m],12867,GTHPm
hmgcoa[x],17708,GTHRDH_syn
hom__L[c],66142,GTHS
pheme[c],12862,GTMLTe
phyt2ohcoa[x],12864,GTPCI
pristanal[x],17709,GUACYC
hpdcacrn[c],12858,GUAD
hpdcacrn[m],333182,GUAPRT
hpyr[c],17710,GUAt
hpyr[m],78174,GUDCA3Sabc
hpyr[x],12865,GUDCA3St
hretn[c],110323,GUDCASULT
hs_deg1[l],84682,GULND
hs_deg2[l],12861,H2ETer
hs_deg6[l],268756,H2MTer_U
hs_deg7[l],58865,H2O2syn
hs_deg12[l],11950,H2OGLYAQPt
hs_deg13[l],11951,H2Ot
hs_deg18[l],11957,H2Otm
hs_deg19[l],11958,H3ETer
cortsn[r],18195,H3MTer_U
andrstndn[r],27425,H4ET3er
tststerone[r],57423,H4ETer
nadph[x],71679,H5MTer_U
nadp[x],228033,H6_ET2er
cholcoaone[x],67942,H6ET3er
eandrstrn[r],11946,H6_ETer
andrstandn[r],11947,H6MTer_U
prgnlone[c],11949,H7ET2er
prgnlone[r],66043,H7_ETer
prgstrn[r],67126,H7MTer_U
17ahprgnlone[c],68055,H7_TAer
17ahprgstrn[c],28080,H8TAer
17ahprgnlone[r],26464,HACD1m
17ahprgstrn[r],22361,HACD1x
xol7a[r],225326,HACD4m
xol7aone[r],67292,HACD4p
hspg[l],56176,HACD5m
hs[l],110417,HACD5p
hspg[g],18700,HACD6m
htaxol[c],14755,HACD6p
hxan[c],140494,HACD9m
hxan[x],114143,HAS1
pyam5p[c],11984,HAS2
pydam[c],11974,HBZOPT10m
taur[c],242341,HC02194te
icit[c],11972,HC02195c
icit[x],11975,HC02195te
3ityr__L[c],27060,HC02196c
iodine[c],21871,HC02196te
35diotyr[c],73834,HC02197c
triodthy[c],66144,HC02198c
thyox__L[c],11973,HC02220c
tyr__L[c],68775,HC02220t
hs_deg5[l],11964,HC02220te
idour[l],108664,HCA24GSc
hs_deg16[l],66290,HCA24GSr
hs_deg17[l],11966,HCA24Gte
hs_deg22[l],338375,HCA6GSc
hs_deg23[l],110935,HCA6GSr
cs_b_deg3[l],74915,HCA6Gte
idour[c],66237,HCO3_2NAt
idp[n],66335,HCO3_CLt
ile__L[e],,HCO3E
ile__L[c],,HCO3Ee
ile__L[m],,HCO3Em
itacon[m],,HCO3_NAt
itp[n],,HDCA24GSc
f1p[c],,HDCA24GSr
xylu__D[c],,HDCA24Gte
tag__D[c],,HDCA6GSc
ksii_core2[g],,HDCA6GSr
ksii_core2[l],,HDCA6Gte
ksii_core4[g],,HDCACBP
ksii_core4[l],,HDCAt
k[g],,HDCEAt
anth[c],,HDCECRNte
4aphdob[c],,HDD2CRNte2
kynate[c],,HDDACBP
lcts[e],,HDECAACBP
lgt__S[c],,HDECEACBP
pi[l],,HEPDECETH
lald__L[m],,HEX1
lac__L[m],,HEX10
lcts[g],,HEX4
3spyr[c],,HEX7
leuktrA4[r],,HEXA1l
leuktrB4[c],,HEXA2l
leuktrB4[r],,HEXA3e
leuktrC4[c],,HEXAHBl
leuktrD4[c],,HEXCOAACBP
leu__L[e],,HEXDECEETH
leu__L[c],,HEXDICOAACBP
leu__L[m],,HEXDICOAACBPx
nformanth[c],,HEXDTRm
limnen[c],,HEXDTRtm
xyl__D[l],,HEXGLYc
cs_a_deg5[l],,HGNTOR
cs_c_deg5[l],,HIBDm
cs_e_deg7[l],,HISARGCYSt
lipoate[c],,HISARGSERt
ficytC[m],,HISASPt
lac__L[c],,HISCYSCYSt
focytC[m],,HISDC
lneldccrn[c],,HISDr
lneldccrn[m],,HISGLNALAt
lnlccrn[c],,HISGLUGLNt
lnlccrn[m],,HISGLUt
lnlncacrn[c],,HISGLYLYSt
lnlncacrn[m],,HISHISLYSt
lnlncgcrn[c],,HISLYSALAt
lnlncgcrn[m],,HISLYSGLUt
lanost[c],,HISLYSILEt
44mctr[c],,HISLYSTHRt
Ssq23epx[r],,HISLYSVALt
lanost[r],,HISMETGLNt
lpchol_hs[c],,HISMETt
g3pc[c],,HISPHEARGt
thp2c[x],,HISPROLYSt
mag_hs[c],,HISSNAT5tc
glyc[e],,HISt2m
retinol[c],,HISt4
retfa[c],,HISTASE
retinol_cis_11[c],,HISTAtu
11_cis_retfa[c],,HISTAVESSEC_1
retinol_9_cis[c],,HIStiDF
9_cis_retfa[c],,HIStN1
trp__L[c],,HISTRPHISt
trypta[c],,HISyLATtc
lys__L[x],,HISyLATthc
6a2ohxnt[x],,HIVCACBP
3mldz[c],,HKt
malt[l],,HKYNH
malt[c],,HKYNRtr
man[e],,HMBS
normete__L[c],,HMGCOAR
3mgcoa[m],,HMGCOARx
malcoa[x],,HMGCOAS
mercplac[c],,HMGCOASm
mercplaccys[c],,HMGLm
tcynt[c],,HMGLx
5mdru1p[c],,HMR_0002
mescon[m],,HMR_0003
mescoa[m],,HMR_0008
fna5moxam[c],,HMR_0019
6hoxmelatn[c],,HMR_0156
meoh[c],,HMR_0164
meoh[l],,HMR_0165
mepi[c],,HMR_0167
mepi[e],,HMR_0168
met__L[e],,HMR_0170
mev__R[x],,HMR_0171
5pmev[x],,HMR_0176
mhista[c],,HMR_0177
mi1345p[c],,HMR_0180
mi134p[c],,HMR_0183
mi13p[c],,HMR_0184
mi34p[c],,HMR_0188
mi1p__D[c],,HMR_0191
mi145p[c],,HMR_0192
mi14p[c],,HMR_0193
mi4p__D[c],,HMR_0194
mi14p[n],,HMR_0200
mi1p__D[n],,HMR_0201
mi3p__D[c],,HMR_0203
minohp[c],,HMR_0204
minohp[n],,HMR_0206
malttr[c],,HMR_0207
malttr[e],,HMR_0208
malttr[l],,HMR_0209
mmcoa__S[m],,HMR_0210
mmcoa__R[m],,HMR_0211
5mta[c],,HMR_0214
5mdr1p[c],,HMR_0215
methf[m],,HMR_0232
4aabutn[c],,HMR_0233
Nacasp[c],,HMR_0234
ksi_deg7[l],,HMR_0235
ksi_deg10[l],,HMR_0238
ksi_deg13[l],,HMR_0239
ksi_deg16[l],,HMR_0240
ksi_deg19[l],,HMR_0241
ksi_deg22[l],,HMR_0242
ksi_deg25[l],,HMR_0243
ksi_deg28[l],,HMR_0244
ksi_deg31[l],,HMR_0245
ksi_deg34[l],,HMR_0246
cs_a_deg1[l],,HMR_0247
ksi_deg37[l],,HMR_0253
ksii_core2_deg4[l],,HMR_0254
ksii_core2_deg7[l],,HMR_0255
ksii_core4_deg4[l],,HMR_0256
cs_a_deg4[l],,HMR_0257
cs_b_deg1[l],,HMR_0260
cs_b_deg2[l],,HMR_0261
cs_c_deg1[l],,HMR_0267
cs_c_deg4[l],,HMR_0268
cs_d_deg1[l],,HMR_0270
cs_d_deg2[l],,HMR_0271
cs_d_deg5[l],,HMR_0272
cs_d_deg6[l],,HMR_0273
cs_e_deg2[l],,HMR_0276
cs_e_deg6[l],,HMR_0277
nac[e],,HMR_0278
nac[c],,HMR_0279
adprbp[c],,HMR_0280
ncam[c],,HMR_0281
nad[n],,HMR_0287
Tn_antigen[l],,HMR_0288
udp[l],,HMR_0289
udpacgal[l],,HMR_0290
na1[g],,HMR_0291
na1[x],,HMR_0292
carn[c],,HMR_0293
udp[r],,HMR_0296
ump[r],,HMR_0297
pi[g],,HMR_0298
ump[g],,HMR_0299
nicrns[c],,HMR_0300
nicrnt[c],,HMR_0301
nicrnt[n],,HMR_0302
nifedipine[c],,HMR_0303
nmn[m],,HMR_0304
nmn[n],,HMR_0305
nmn[c],,HMR_0306
prpp[c],,HMR_0307
nwharg[c],,HMR_0308
no[c],,HMR_0309
r1p[c],,HMR_0310
npthl[c],,HMR_0311
nrpphrsf[c],,HMR_0317
sT_antigen[g],,HMR_0319
dimp[c],,HMR_0321
uri[e],,HMR_0322
ump[l],,HMR_0323
uri[l],,HMR_0324
cmp[l],,HMR_0325
dtmp[l],,HMR_0326
thymd[l],,HMR_0327
dtmp[m],,HMR_0328
thymd[m],,HMR_0329
amp[l],,HMR_0343
gmp[l],,HMR_0344
o2s[m],,HMR_0345
o2s[n],,HMR_0346
o2s[x],,HMR_0347
o2[n],,HMR_0354
succ[m],,HMR_0358
omeprazole[c],,HMR_0359
onpthl[c],,HMR_0362
retn[c],,HMR_0363
oretn[c],,HMR_0366
13_cis_retn[c],,HMR_0367
13_cis_oretn[c],,HMR_0370
orn[e],,HMR_0371
orot5p[c],,HMR_0374
prgnlone[m],,HMR_0375
xoltriol[m],,HMR_0378
xoltetrol[m],,HMR_0380
thcholst[m],,HMR_0381
thcholstoic[m],,HMR_0382
xol7ah2[m],,HMR_0383
xol7ah3[m],,HMR_0384
xol7ah2al[m],,HMR_0385
xol27oh[m],,HMR_0386
taxol[c],,HMR_0387
tolbutamide[c],,HMR_0388
perillyl[c],,HMR_0389
xol24oh[r],,HMR_0390
xoltri24[r],,HMR_0391
hnifedipine[c],,HMR_0392
whtststerone[r],,HMR_0393
12harachd[r],,HMR_0394
wharachd[r],,HMR_0395
leuktrB4woh[r],,HMR_0406
18harachd[r],,HMR_0410
xoltri25[r],,HMR_0414
xol27oh[r],,HMR_0415
xoltri27[r],,HMR_0418
xoldiolone[r],,HMR_0419
leuktrB4wcooh[r],,HMR_0422
20ahchsterol[m],,HMR_0423
pro__L[m],,HMR_0426
pa_hs[r],,HMR_0427
pa_hs[g],,HMR_0428
pac[c],,HMR_0429
phaccoa[c],,HMR_0430
paf_hs[c],,HMR_0431
ak2lgchol_hs[c],,HMR_0432
pail_hs[n],,HMR_0433
pail45p_hs[c],,HMR_0434
pail45p_hs[n],,HMR_0435
pail4p_hs[c],,HMR_0436
pail4p_hs[n],,HMR_0437
pan4p[c],,HMR_0438
ptth[c],,HMR_0439
pchol_hs[m],,HMR_0582
pchol_hs[r],,HMR_0586
pchol_hs[g],,HMR_0593
am6sa[c],,HMR_0597
camp[g],,HMR_0598
amp[g],,HMR_0601
35cgmp[g],,HMR_0614
pdx5p[c],,HMR_0625
pydx5p[c],,HMR_0629
pydxn[c],,HMR_0634
pe_hs[m],,HMR_0641
peamn[c],,HMR_0642
pacald[c],,HMR_0653
pristcoa[x],,HMR_0654
3php[c],,HMR_0657
prostgh2[c],,HMR_0672
prostgd2[c],,HMR_0678
prostgh2[r],,HMR_0750
prostgd2[r],,HMR_0753
prostge2[r],,HMR_0758
prostgi2[r],,HMR_0761
pgp_hs[c],,HMR_0765
pheacgln[c],,HMR_0767
1p3h5c[m],,HMR_0770
phe__L[e],,HMR_0783
phe__L[c],,HMR_0793
phe__L[m],,HMR_0795
phpyr[m],,HMR_0803
thbpt4acam[c],,HMR_0805
phytcoa[x],,HMR_0806
succ[x],,HMR_0807
phllqne[c],,HMR_0808
pail345p_hs[c],,HMR_0810
pail345p_hs[n],,HMR_0811
pi[n],,HMR_0812
pail34p_hs[c],,HMR_0814
pail34p_hs[n],,HMR_0815
pail3p_hs[n],,HMR_0816
pail3p_hs[c],,HMR_0817
pail35p_hs[c],,HMR_0819
pail5p_hs[c],,HMR_0820
pail5p_hs[n],,HMR_0821
ppmi12346p[c],,HMR_0822
ppmi12346p[n],,HMR_0823
pnto__R[e],,HMR_0824
pnto__R[c],,HMR_0825
pppi[c],,HMR_0827
ppa[e],,HMR_0828
phpyr[c],,HMR_0829
2hyoxplac[c],,HMR_0830
pppg9[c],,HMR_0835
pppg9[m],,HMR_0836
pram[c],,HMR_0837
prgnlones[c],,HMR_0839
prist[x],,HMR_0841
pro__D[e],,HMR_0842
pro__D[c],,HMR_0843
prostge1[c],,HMR_0844
prostgh2[e],,HMR_0846
prostgi2[e],,HMR_0847
prostgi2[c],,HMR_0848
pro__L[e],,HMR_0849
pro__L[c],,HMR_0851
ps_hs[m],,HMR_0852
ps_hs[c],,HMR_0853
ptdcacrn[c],,HMR_0854
ptdcacrn[m],,HMR_0855
hdca[x],,HMR_0859
phyt[x],,HMR_0860
ahdt[c],,HMR_0864
6pthp[c],,HMR_0867
ptrc[c],,HMR_0868
4abutn[c],,HMR_0875
pd3[c],,HMR_0876
pydx[c],,HMR_0877
quln[c],,HMR_0878
retinal_cis_13[c],,HMR_0889
retinal_11_cis[c],,HMR_0890
retinal_cis_9[c],,HMR_0906
retn[n],,HMR_0908
rbl__D[c],,HMR_0909
ru5p__D[c],,HMR_0910
rbt[c],,HMR_0911
retinol_cis_13[c],,HMR_0942
retnglc[c],,HMR_0946
13_cis_retnglc[c],,HMR_0950
13_cis_retnglc[r],,HMR_0954
retnglc[r],,HMR_0960
retn[r],,HMR_0963
13_cis_retn[r],,HMR_0980
ribflv[e],,HMR_0981
rib__D[e],,HMR_0985
rib__D[c],,HMR_0986
rnam[c],,HMR_0987
Rtotal3crn[c],,HMR_1030
Rtotal3crn[m],,HMR_1033
cs_d_pre5[g],,HMR_1037
cs_b_pre5[g],,HMR_1039
hs_pre12[g],,HMR_1077
hs_pre13[g],,HMR_1081
hs_pre14[g],,HMR_1084
hs_pre15[g],,HMR_1085
hs_deg11[l],,HMR_1102
cs_e_pre5a[g],,HMR_1126
cs_e_pre5b[g],,HMR_1127
cs_e_deg1[l],,HMR_1129
cs_e_deg5[l],,HMR_1280
ksi_deg4[l],,HMR_1305
ksii_core2_deg1[l],,HMR_1307
ksii_core4_deg1[l],,HMR_1321
saccrp__L[m],,HMR_1325
sarcs[x],,HMR_1329
fald[x],,HMR_1388
sph1p[r],,HMR_1390
sphgn[r],,HMR_1392
sphs1p[r],,HMR_1465
sphings[r],,HMR_1467
sbt__D[c],,HMR_1477
ser__D[e],,HMR_1478
ser__D[c],,HMR_1479
ser__L[x],,HMR_1490
sgalside_hs[c],,HMR_1493
acngalgbside_hs[g],,HMR_1494
sph1p[c],,HMR_1495
sl__L[c],,HMR_1500
sphmyln_hs[g],,HMR_1502
sphmyln_hs[l],,HMR_1503
spc_hs[c],,HMR_1504
sphings[c],,HMR_1505
sphmyln_hs[c],,HMR_1509
so4[e],,HMR_1516
xolest_hs[c],,HMR_1532
sphs1p[c],,HMR_1536
spmd[c],,HMR_1538
o2[e],,HMR_1539
sql[r],,HMR_1540
gm1b_hs[g],,HMR_1543
gd1a_hs[g],,HMR_1544
gt1b_hs[g],,HMR_1545
gt1alpha_hs[g],,HMR_1546
gq1c_hs[g],,HMR_1547
strdnccrn[c],,HMR_1548
strdnccrn[m],,HMR_1549
so4[r],,HMR_1550
estrones[r],,HMR_1551
succ[e],,HMR_1552
sucr[e],,HMR_1557
taur[e],,HMR_1565
tchola[c],,HMR_1620
tcynt[m],,HMR_1627
tdchola[c],,HMR_1629
tdchola[x],,HMR_1630
thmpp[c],,HMR_1631
thmmp[c],,HMR_1635
thmpp[m],,HMR_1637
thmmp[m],,HMR_1644
tetpent3crn[c],,HMR_1651
tetpent3crn[m],,HMR_1653
tetpent3coa[m],,HMR_1665
tetpent6crn[c],,HMR_1666
tetpent6crn[m],,HMR_1681
tetpent6coa[m],,HMR_1685
tettet6crn[c],,HMR_1706
tettet6crn[m],,HMR_1735
tettet6coa[m],,HMR_1737
thcholstoic[x],,HMR_1738
thymd[e],,HMR_1739
thymd[c],,HMR_1740
thm[c],,HMR_1741
thm[m],,HMR_1742
thmtp[c],,HMR_1743
thp2c[c],,HMR_1746
tmlys[c],,HMR_1747
tmndnccrn[c],,HMR_1748
tmndnccrn[m],,HMR_1749
trdox[c],,HMR_1750
trdrd[c],,HMR_1751
q10[c],,HMR_1754
q10h2[c],,HMR_1756
tre[c],,HMR_1760
tre[e],,HMR_1761
triodthysuf[c],,HMR_1762
trp__L[e],,HMR_1765
ts3[c],,HMR_1766
tststeroneglc[c],,HMR_1767
tststeroneglc[r],,HMR_1768
tststerones[c],,HMR_1769
tststerone[c],,HMR_1770
ttdcrn[m],,HMR_1771
ttdcrn[c],,HMR_1781
txa2[c],,HMR_1783
txa2[r],,HMR_1785
tymsf[c],,HMR_1786
tym[c],,HMR_1807
tyr__L[e],,HMR_1838
tyr__L[m],,HMR_1847
udpacgal[c],,HMR_1897
ump[c],,HMR_1916
udpglcur[r],,HMR_1927
udpg[r],,HMR_1928
udpxyl[g],,HMR_1929
udpxyl[c],,HMR_1940
udpxyl[r],,HMR_1941
ahandrostan[r],,HMR_1944
ump[n],,HMR_1948
ura[e],,HMR_1949
urate[c],,HMR_1958
urate[x],,HMR_1962
urea[e],,HMR_1967
urea[c],,HMR_1968
val__L[e],,HMR_1970
val__L[c],,HMR_1971
val__L[m],,HMR_1976
vitd3[c],,HMR_1979
dhcholestanate[r],,HMR_1980
dhcholestancoa[r],,HMR_1981
thcholstoic[r],,HMR_1982
cholcoar[r],,HMR_1983
whtststerone[c],,HMR_1988
xan[x],,HMR_1989
xolest2_hs[c],,HMR_1990
xoltri24[c],,HMR_1991
xoltri25[c],,HMR_1992
xoltri27[c],,HMR_1993
xser[r],,HMR_1996
xu5p__D[c],,HMR_2007
xylt[c],,HMR_2010
Ser_Gly_Ala_X_Gly[r],,HMR_2011
xyl__D[c],,HMR_2014
4abutn[e],,HMR_2016
acmana[e],,HMR_2018
ahdt[e],,HMR_2029
ctp[e],,HMR_2041
dgmp[e],,HMR_2088
dgtp[e],,HMR_2089
dha[e],,HMR_2190
dhap[e],,HMR_2193
dtmp[e],,HMR_2210
dttp[e],,HMR_2211
fad[e],,HMR_2215
fald[e],,HMR_2217
g1p[e],,HMR_2218
isomal[e],,HMR_2219
HC00250[e],,HMR_2259
HC01104[e],,HMR_2260
HC01361[e],,HMR_2261
HC01440[e],,HMR_2262
HC01441[e],,HMR_2263
HC01444[e],,HMR_2264
HC01446[e],,HMR_2265
HC01577[e],,HMR_2266
HC01609[e],,HMR_2267
cpppg1[e],,HMR_2268
HC01700[e],,HMR_2269
HC02160[e],,HMR_2270
HC02161[e],,HMR_2281
itp[e],,HMR_2282
orot[e],,HMR_2284
prpp[e],,HMR_2287
pydx5p[e],,HMR_2288
udpg[e],,HMR_2289
HC00822[l],,HMR_2292
HC00617[c],,HMR_2293
HC00619[c],,HMR_2295
dpcoa[m],,HMR_2296
ppi[e],,HMR_2332
HC01672[c],,HMR_2334
HC01434[m],,HMR_2336
HC01434[x],,HMR_2338
HC00591[c],,HMR_2342
HC00591[m],,HMR_2343
uacgam[r],,HMR_2344
acmana[r],,HMR_2345
cdp[e],,HMR_2347
HC01118[r],,HMR_2348
lac__L[x],,HMR_2349
fdp[c],,HMR_2350
HC00250[c],,HMR_2353
HC01496[m],,HMR_2354
glyc3p[x],,HMR_2355
dhap[x],,HMR_2356
HC01668[m],,HMR_2359
glyald[m],,HMR_2361
r5p[r],,HMR_2362
ptrc[e],,HMR_2363
HC01408[m],,HMR_2364
xmp[c],,HMR_2365
arachd[x],,HMR_2368
pmtcoa[r],,HMR_2380
HC00342[m],,HMR_2395
thym[m],,HMR_2433
56dthm[m],,HMR_2434
glyc__R[m],,HMR_2435
3pg[m],,HMR_2436
3hpp[m],,HMR_2440
HC00682[m],,HMR_2457
2mpdhl[m],,HMR_2472
HC01377[m],,HMR_2484
HC01254[c],,HMR_2530
HC00361[c],,HMR_2533
e4p[c],,HMR_2535
s7p[c],,HMR_2537
HC10859[c],,HMR_2540
HC10859[m],,HMR_2541
HC10859[x],,HMR_2542
pmtcrn[r],,HMR_2543
pmtcrn[x],,HMR_2581
lnlccoa[r],,HMR_2585
lnlccrn[r],,HMR_2602
lnlccoa[x],,HMR_2603
lnlccrn[x],,HMR_2604
arachdcoa[r],,HMR_2608
arachdcrn[r],,HMR_2609
arachdcrn[x],,HMR_2610
hdcoa[r],,HMR_2611
hdcecrn[r],,HMR_2613
HC01712[m],,HMR_2620
dgmp[c],,HMR_2621
HC00576[c],,HMR_2622
HC00718[c],,HMR_2624
mev__R[c],,HMR_2633
dtdp[e],,HMR_2634
fol[m],,HMR_2635
5fthf[m],,HMR_2644
hxdcal[c],,HMR_2648
cysam[c],,HMR_2649
pacald[m],,HMR_2650
pac[m],,HMR_2651
betald[c],,HMR_2652
HC01522[c],,HMR_2653
HC00460[c],,HMR_2657
HC00900[m],,HMR_2659
cholate[r],,HMR_2661
cholcoa[r],,HMR_2666
ptth[m],,HMR_2667
pan4p[m],,HMR_2668
L2aadp6sa[c],,HMR_2669
HC01501[c],,HMR_2670
3hpcoa[m],,HMR_2671
HC01376[m],,HMR_2673
HC00664[c],,HMR_2675
HC01180[c],,HMR_2676
4hpro_LT[c],,HMR_2677
1p3h5c[c],,HMR_2679
4hpro_LT[m],,HMR_2681
cholcoa[c],,HMR_2682
HC01415[m],,HMR_2683
3odcoa[m],,HMR_2684
c8crn[m],,HMR_2685
c8crn[x],,HMR_2686
ddcacoa[m],,HMR_2687
3otdcoa[m],,HMR_2688
2mop[c],,HMR_2689
HC00900[c],,HMR_2690
C02470[c],,HMR_2691
HC00955[e],,HMR_2692
co2[e],,HMR_2693
C02528[r],,HMR_2695
dcholcoa[r],,HMR_2697
C02528[c],,HMR_2699
dcholcoa[c],,HMR_2700
HC01412[m],,HMR_2701
3ohdcoa[m],,HMR_2702
3hddcoa[m],,HMR_2703
3hddcoa[x],,HMR_2704
dd2coa[x],,HMR_2705
fpram[c],,HMR_2706
HC01223[m],,HMR_2707
xol7ah2al[c],,HMR_2708
dhcholestanate[c],,HMR_2709
HC01397[m],,HMR_2710
HC01397[x],,HMR_2711
3htdcoa[m],,HMR_2712
3htdcoa[x],,HMR_2713
HC01412[x],,HMR_2715
3oddcoa[m],,HMR_2718
dcacoa[m],,HMR_2722
3hdcoa[m],,HMR_2727
3hdcoa[x],,HMR_2731
dc2coa[m],,HMR_2733
dc2coa[x],,HMR_2734
HC01405[m],,HMR_2735
HC01406[m],,HMR_2736
hxcoa[m],,HMR_2737
HC01407[m],,HMR_2738
hx2coa[m],,HMR_2739
xol7ah3[c],,HMR_2740
xoltetrol[c],,HMR_2741
HC01459[x],,HMR_2753
34dhmald[m],,HMR_2757
34dhoxmand[m],,HMR_2760
3mox4hpac[m],,HMR_2764
homoval[m],,HMR_2768
3m4hpga[m],,HMR_2769
3mox4hoxm[m],,HMR_2770
HC02228[c],,HMR_2771
HC01842[c],,HMR_2772
citr__L[e],,HMR_2773
inost[r],,HMR_2774
HC00319[c],,HMR_2775
HC00319[m],,HMR_2776
r5p[c],,HMR_2817
adp[l],,HMR_2819
atp[l],,HMR_2821
cmp[r],,HMR_2827
acgam[r],,HMR_2851
arachd[l],,HMR_2852
hdca[l],,HMR_2857
spmd[e],,HMR_2859
na1[r],,HMR_2861
strdnc[l],,HMR_2862
strdnc[r],,HMR_2865
lnlc[l],,HMR_2866
lnlc[r],,HMR_2884
C02528[e],,HMR_2886
c8crn[c],,HMR_2888
thcholstoic[c],,HMR_2890
C02470[e],,HMR_2942
dtmp[c],,HMR_2943
HC02110[r],,HMR_2944
2obut[m],,HMR_2945
cdpchol[r],,HMR_2946
HC02020[r],,HMR_2947
hdd2coa[r],,HMR_2948
HC02021[r],,HMR_2951
stcoa[r],,HMR_2954
HC02022[r],,HMR_2955
odecoa[r],,HMR_2956
HC02023[r],,HMR_2957
HC02024[r],,HMR_2961
lnlncgcoa[r],,HMR_2962
HC02025[r],,HMR_2963
HC02026[r],,HMR_2964
HC02027[r],,HMR_2965
hdcea[r],,HMR_2966
ocdca[r],,HMR_2967
ocdcea[r],,HMR_2968
lnlnca[r],,HMR_2969
lnlncg[r],,HMR_2970
lnlncg[l],,HMR_2971
ocdcea[l],,HMR_2972
hdcea[l],,HMR_2973
lnlnca[l],,HMR_2974
dlnlcg[l],,HMR_2975
dlnlcg[r],,HMR_2976
HC00822[e],,HMR_2977
HC02121[c],,HMR_2978
xtsn[c],,HMR_2979
HC02136[c],,HMR_2980
btcoa[c],,HMR_2982
his__L[m],,HMR_2983
met__L[m],,HMR_2985
cys__L[m],,HMR_2986
thr__L[m],,HMR_2988
HC10856[m],,HMR_2989
HC10857[m],,HMR_2990
HC10858[m],,HMR_2994
HC02192[e],,HMR_2998
HC02192[c],,HMR_2999
HC02193[e],,HMR_3001
HC02193[c],,HMR_3002
HC02195[e],,HMR_3003
HC02195[c],,HMR_3018
HC02196[e],,HMR_3021
HC02196[c],,HMR_3023
HC02220[e],,HMR_3057
HC02220[c],,HMR_3058
dca[c],,HMR_3059
dca[e],,HMR_3062
HC02199[c],,HMR_3063
HC02199[e],,HMR_3064
HC02200[c],,HMR_3065
HC02200[e],,HMR_3066
HC02201[c],,HMR_3067
HC02201[e],,HMR_3068
zn2[e],,HMR_3069
zn2[c],,HMR_3070
pyr[e],,HMR_3071
acac[e],,HMR_3072
lac__L[e],,HMR_3073
but[e],,HMR_3075
HC02191[e],,HMR_3076
HC02191[c],,HMR_3094
HC02194[e],,HMR_3095
HC02194[c],,HMR_3096
HC02197[e],,HMR_3097
HC02197[c],,HMR_3098
HC02198[e],,HMR_3099
HC02198[c],,HMR_3100
HC02187[e],,HMR_3101
HC02187[c],,HMR_3102
HC02180[e],,HMR_3107
HC02180[c],,HMR_3108
wharachd[e],,HMR_3109
wharachd[c],,HMR_3110
HC02202[e],,HMR_3111
HC02202[c],,HMR_3112
HC02203[e],,HMR_3113
HC02203[c],,HMR_3114
HC02204[e],,HMR_3115
HC02204[c],,HMR_3116
HC02205[e],,HMR_3117
HC02205[c],,HMR_3128
HC02206[e],,HMR_3149
HC02206[c],,HMR_3170
HC02207[e],,HMR_3171
HC02207[c],,HMR_3172
HC02208[e],,HMR_3173
HC02208[c],,HMR_3174
HC02210[e],,HMR_3175
HC02210[c],,HMR_3176
HC02213[e],,HMR_3177
HC02213[c],,HMR_3178
HC02214[e],,HMR_3179
HC02214[c],,HMR_3180
HC02216[e],,HMR_3181
HC02216[c],,HMR_3182
HC02217[e],,HMR_3183
HC02217[c],,HMR_3184
HC00342[c],,HMR_3185
oxa[m],,HMR_3186
c4crn[c],,HMR_3187
c4crn[m],,HMR_3188
dlnlcgcoa[r],,HMR_3189
so3[e],,HMR_3190
sprm[e],,HMR_3191
glcn[c],,HMR_3192
6pgc[c],,HMR_3193
trdrd[n],,HMR_3194
trdox[n],,HMR_3195
CE2421[m],,HMR_3196
CE0713[m],,HMR_3197
CE2421[x],,HMR_3198
CE0713[x],,HMR_3199
C10164[c],,HMR_3200
CE2251[c],,HMR_3201
CE2247[c],,HMR_3202
CE2243[c],,HMR_3203
CE2250[c],,HMR_3204
arachcoa[e],,HMR_3205
malcoa[e],,HMR_3218
CE2250[e],,HMR_3219
coa[e],,HMR_3220
CE2246[c],,HMR_3221
CE2242[c],,HMR_3222
CE2253[c],,HMR_3223
CE2249[c],,HMR_3224
CE2245[c],,HMR_3225
docoscoa[c],,HMR_3229
docosac[c],,HMR_3230
3ohodcoa[c],,HMR_3231
CE2248[c],,HMR_3232
CE1935[e],,HMR_3233
CE1940[e],,HMR_3234
CE1943[e],,HMR_3235
CE1944[c],,HMR_3236
CE1936[e],,HMR_3237
CE1939[e],,HMR_3240
CE2705[c],,HMR_3241
thbpt4acam[n],,HMR_3242
CE2705[n],,HMR_3243
CE2870[c],,HMR_3244
CE2866[c],,HMR_3245
maltttr[c],,HMR_3246
maltttr[e],,HMR_3247
CE2873[c],,HMR_3296
CE2872[c],,HMR_3321
CE2875[c],,HMR_3322
CE2874[c],,HMR_3326
maltpt[e],,HMR_3327
malthx[e],,HMR_3328
CE2915[e],,HMR_3329
CE4722[e],,HMR_3330
CE2916[e],,HMR_3331
CE4723[e],,HMR_3332
CE2917[e],,HMR_3333
CE4724[e],,HMR_3334
malthp[e],,HMR_3335
CE2839[c],,HMR_3336
CE2838[c],,HMR_3337
CE2839[e],,HMR_3338
CE2838[e],,HMR_3339
CE1950[e],,HMR_3340
cynt[e],,HMR_3341
CE0737[c],,HMR_3342
CE1243[c],,HMR_3343
andrstndn[c],,HMR_3344
CE1352[c],,HMR_3345
chsterols[r],,HMR_3346
prgnlones[r],,HMR_3347
N1aspmd[c],,HMR_3348
n8aspmd[c],,HMR_3349
CE2028[c],,HMR_3350
pail_hs[r],,HMR_3351
pail5p_hs[r],,HMR_3352
pail45p_hs[m],,HMR_3353
CE5101[m],,HMR_3398
CE2434[m],,HMR_3406
CE2434[x],,HMR_3407
CE0849[m],,HMR_3408
CE2433[m],,HMR_3409
CE0849[x],,HMR_3411
CE2433[x],,HMR_3413
CE0785[m],,HMR_3414
CE2432[m],,HMR_3416
CE0785[x],,HMR_3421
CE2432[x],,HMR_3422
dece4coa[x],,HMR_3423
dec24dicoa[x],,HMR_3424
C05279[m],,HMR_3425
CE2420[m],,HMR_3426
C05279[x],,HMR_3427
CE2420[x],,HMR_3428
CE2417[m],,HMR_3429
CE2417[x],,HMR_3431
CE2418[m],,HMR_3432
CE2418[x],,HMR_3433
CE2422[m],,HMR_3446
CE2422[x],,HMR_3447
CE2424[m],,HMR_3448
CE2424[x],,HMR_3449
CE0693[m],,HMR_3450
CE0693[x],,HMR_3451
C05280[m],,HMR_3452
C05280[x],,HMR_3453
dece4coa[m],,HMR_3454
C05298[c],,HMR_3455
C05299[c],,HMR_3456
CE5236[c],,HMR_3457
CE5236[n],,HMR_3475
CE1918[c],,HMR_3491
xol7aone[m],,HMR_3505
xol27oh[c],,HMR_3522
CE0233[c],,HMR_3625
cholcoa[m],,HMR_3626
cholate[m],,HMR_3627
cholate[x],,HMR_3628
dhcholestancoa[c],,HMR_3629
CE1589[c],,HMR_3630
tdechola[c],,HMR_3631
23cump[e],,HMR_3633
3ump[e],,HMR_3635
CE5586[c],,HMR_3636
retinal_cis_9[r],,HMR_3637
CE1617[r],,HMR_3639
retinal_cis_13[r],,HMR_3640
CE1261[c],,HMR_3642
CE5026[c],,HMR_3644
C09642[c],,HMR_3645
CE5626[c],,HMR_3646
CE5629[c],,HMR_3647
CE4890[c],,HMR_3648
CE1401[c],,HMR_3649
pail35p_hs[r],,HMR_3650
pail345p_hs[r],,HMR_3651
C11695[c],,HMR_3652
C02712[m],,HMR_3653
C02356[c],,HMR_3654
prostge2[m],,HMR_3655
HC02203[m],,HMR_3656
C05957[r],,HMR_3657
C05957[c],,HMR_3658
CE4877[c],,HMR_3659
CE2026[m],,HMR_3660
dchac[c],,HMR_3662
dchac[r],,HMR_3663
CE2176[c],,HMR_3664
bgly[c],,HMR_3665
CE2934[c],,HMR_3666
CE2172[c],,HMR_3667
C03681[c],,HMR_3668
CE2211[c],,HMR_3669
CE5072[c],,HMR_3670
CE1310[m],,HMR_3675
C05300[c],,HMR_3677
C05300[r],,HMR_3678
CE5786[e],,HMR_3679
CE5788[e],,HMR_3680
CE5789[e],,HMR_3681
CE5797[e],,HMR_3682
CE5798[e],,HMR_3684
CE5276[c],,HMR_3685
CE5025[c],,HMR_3686
CE5787[e],,HMR_3687
CE5791[e],,HMR_3688
CE5021[c],,HMR_3689
CE5022[c],,HMR_3690
CE2576[c],,HMR_3692
CE2577[c],,HMR_3694
C05301[c],,HMR_3695
C05302[c],,HMR_3696
CE1925[c],,HMR_3698
CE5853[c],,HMR_3699
CE1926[c],,HMR_3701
CE5854[c],,HMR_3703
C05109[c],,HMR_3704
ddsmsterol[c],,HMR_3705
dsmsterol[c],,HMR_3706
CE4968[m],,HMR_3707
CE4970[m],,HMR_3708
CE4969[m],,HMR_3709
CE5867[e],,HMR_3710
CE5868[e],,HMR_3711
CE5869[e],,HMR_3712
CE4633[e],,HMR_3713
no2[e],,HMR_3714
CE4881[e],,HMR_3715
CE4888[c],,HMR_3716
CE5665[c],,HMR_3717
CE5854[e],,HMR_3718
CE1926[e],,HMR_3719
glcur[e],,HMR_3721
CE6205[c],,HMR_3722
C13856[c],,HMR_3723
CE6252[c],,HMR_3724
C01041[c],,HMR_3725
CE5166[m],,HMR_3726
cholcoar[m],,HMR_3727
CE5166[x],,HMR_3728
CE4872[c],,HMR_3729
CE4872[m],,HMR_3734
CE1589[r],,HMR_3736
HC02191[r],,HMR_3737
HC02191[x],,HMR_3738
HC02192[x],,HMR_3739
C02712[c],,HMR_3740
CE1556[c],,HMR_3741
retinal[r],,HMR_3855
CE1617[c],,HMR_3859
crm_hs[e],,HMR_3864
udpgal[e],,HMR_3915
galside_hs[e],,HMR_3966
crm_hs[n],,HMR_4079
udpgal[n],,HMR_4124
galside_hs[n],,HMR_4422
udpgal[r],,HMR_4700
galside_hs[r],,HMR_4701
CE7047[c],,HMR_4756
no2[c],,HMR_4772
CE5986[c],,HMR_4777
C01747[l],,HMR_4816
CE5125[x],,HMR_4964
CE5126[x],,HMR_5387
CE0074[c],,HMR_5389
hdcea[m],,HMR_6359
CE5643[c],,HMR_6362
CE0955[r],,HMR_6363
pail35p_hs[n],,HMR_6364
CE4795[m],,HMR_6365
CE4795[x],,HMR_6385
CE5114[x],,HMR_6397
CE4791[x],,HMR_6515
CE4793[x],,HMR_6545
CE2439[x],,HMR_6549
CE2440[x],,HMR_6550
CE2437[x],,HMR_6558
CE2438[x],,HMR_6580
CE2442[m],,HMR_6583
CE2442[x],,HMR_6584
CE2441[x],,HMR_6595
CE5116[x],,HMR_6611
CE5117[m],,HMR_6632
CE5118[m],,HMR_6633
CE5119[m],,HMR_6647
CE5120[m],,HMR_6728
CE4790[m],,HMR_6729
CE4792[m],,HMR_6747
CE4794[m],,HMR_6755
CE4990[c],,HMR_6826
leuktrB4[m],,HMR_6834
CE4990[m],,HMR_6838
leuktrB4[x],,HMR_6839
CE4990[x],,HMR_6844
leuktrB4woh[m],,HMR_6850
CE2053[m],,HMR_6854
CE2053[r],,HMR_6874
CE2053[c],,HMR_6907
leuktrB4wcooh[c],,HMR_6908
leuktrB4wcooh[m],,HMR_6909
CE2056[r],,HMR_6910
CE3554[r],,HMR_6975
CE2567[c],,HMR_6976
CE7172[c],,HMR_6977
C06315[c],,HMR_6978
C06314[c],,HMR_6989
cpppg1[c],,HMR_7180
C05769[c],,HMR_7181
cpppg3[c],,HMR_7256
C05770[c],,HMR_7278
CE2038[x],,HMR_7328
CE5934[x],,HMR_7329
C07297[x],,HMR_7469
CE4793[c],,HMR_7628
CE5114[c],,HMR_7748
CE4812[c],,HMR_7749
CE2209[c],,HMR_7755
CE4811[c],,HMR_7757
CE4810[c],,HMR_7758
lnlncacoa[r],,HMR_8287
CE4821[c],,HMR_8395
CE4819[c],,HMR_8397
CE4817[c],,HMR_8399
tmndnc[r],,HMR_8476
tmndnccoa[r],,HMR_8570
CE2313[c],,HMR_8571
CE2314[c],,HMR_8572
zymstnl[c],,HMR_8573
lthstrl[c],,HMR_8574
tethex3[r],,HMR_8575
tethex3coa[r],,HMR_8576
CE4833[c],,HMR_8577
CE4831[c],,HMR_8578
CE4835[c],,HMR_8579
CE4834[c],,HMR_8580
CE4849[c],,HMR_8582
CE4832[x],,HMR_8585
CE4820[x],,HMR_8643
CE4838[x],,HMR_8761
tetpent6[r],,HMR_8762
tetpent6coa[r],,HMR_9191
CE4841[c],,HMR_9561
CE4840[c],,HMR_9581
CE4842[c],,HMR_9582
CE4843[c],,HMR_9583
CE4845[c],,HMR_9584
CE4844[c],,HMR_9593
CE4846[c],,HMR_9602
CE4847[c],,HMR_9603
CE4852[c],,HMR_9604
CE4854[c],,HMR_9605
CE4850[c],,HMR_9608
CE4848[c],,HMR_9609
CE4853[c],,HMR_9610
CE4855[c],,HMR_9613
CE4851[c],,HMR_9614
CE4801[m],,HMR_9615
CE4803[m],,HMR_9617
CE4800[m],,HMR_9619
CE4796[m],,HMR_9620
CE4802[m],,HMR_9621
CE4804[m],,HMR_9622
CE5049[c],,HMR_9623
CE4798[m],,HMR_9624
CE4799[m],,HMR_9719
CE4808[m],,HMR_9726
CE4807[m],,HMR_9801
CE4797[m],,HMR_9804
CE4806[m],,HMR_9805
CE1562[c],,HMR_9807
CE6031[c],,HOCDACBP
CE5144[c],,HOCTDACBP
CE5151[c],,HOMOVALte
CE5152[c],,HOMt4
CE5155[c],,HOXG
CE5156[c],,HPDCACRNCPT1
CE5148[c],,HPDCACRNCPT2
CE5150[c],,HPDCACRNt
CE5153[c],,HPDECECOAm
CE5154[c],,HPDECEm
CE5157[c],,HPDECEtm
CE5158[c],,HPETFABP1tc
CE2510[c],,HPROb
doco13ac[c],,HPROx
CE5160[c],,HPROxm
CE5161[c],,HPROym
CE5162[c],,HPYRR2x_1
cholcoads[m],,HPYRRy
CE4874[c],,HS1ly
CE4874[m],,HS2ly
C14826[c],,HS3ly
CE2049[c],,HS4ly
C14825[c],,HSD11B1r
CE2047[c],,HSD11B2r
12dgr120[e],,HSD17B1
cdpea[e],,HSD17B2r
C14768[c],,HSD17B3r
C14770[c],,HSD17B42x_1
C14769[c],,HSD17B4x
C14771[c],,HSD17B7r
CE2445[c],,HSD17B8r
CE5178[c],,HSD17B9r
C11821[c],,HSD3A1r
alltn[c],,HSD3A2r
CE5853[e],,HSD3B11
CE1925[e],,HSD3B11r
C04717[c],,HSD3B12r
C01601[c],,HSD3B13
CE2006[c],,HSD3B13r
CE6506[c],,HSD3B2r
CE6504[c],,HSD3B3r
C08261[c],,HSD3B7
CE4876[r],,HSD3B7P
CE5304[c],,HTDCACBP
CE4876[c],,Htmi
CE5944[c],,HXAND
CE5944[m],,HXPRT
CE5944[x],,HYOCHOLabc
CE4987[c],,HYOCHOLt
CE4988[c],,HYOCHOLt2
CE4988[m],,HYPOE
CE4988[x],,HYXNt
CE4989[c],,IBUPGT_HEP
CE5945[c],,IBUP_RASCL1hep
CE5946[c],,IBUP_RCYP2hep
CE5947[c],,IBUP_RCYP3hep
CE7097[c],,IBUP_RCYPCARhep
CE7097[m],,IBUP_Rshep
C04805[c],,IBUP_SACOT2
CE7096[c],,IBUP_SCYP1hep
CE2084[c],,IBUP_SCYP2hep
C04805[m],,IBUP_SCYP3hep
CE2084[m],,IBUP_SCYPCARhep
CE6508[c],,ICDCHOLabc
CE7079[c],,ICDCHOLt
CE7091[c],,ICDCHOLt2
CE7091[r],,ICDHxm
CE7082[c],,ICDHym
CE7083[c],,ICDHyp
CE7085[c],,ICDHyr
CE7088[c],,IDHPOXOX2b
CE0347[c],,IDHPOXOX3
CE0347[r],,IDHPOXOX4
12HPET[e],,IDHPOXOXb
C04849[e],,IDOAASE1ly
C04805[r],,IDOAASE2ly
CE6230[c],,IDOAASE3ly
CE2537[c],,IDOAASE4ly
CE6234[c],,IDOURtly
CE5947[m],,ILEARGILEt
leuktrB4wcooh[x],,ILEASNHISt
CE5947[x],,ILEASPt
dec24dicoa[m],,ILEATB0tc
dece3coa[m],,ILEB0AT3tc
CE2089[c],,ILEGLNGLUt
CE2088[c],,ILEGLYARGt
uppg3[c],,ILELAT1tc
C05767[c],,ILEPHELAT2tc
HC00004[e],,ILEPROLYSt
CE0074[e],,ILESERARGt
2mb2coa[c],,ILEt4
3hbcoa__R[c],,ILETA
adpac[c],,ILETAm
adpcoa[c],,ILEtec
adpac[x],,ILETRPTYRt
adpcoa[x],,IMACTD
c6dc[x],,IMPC
3bcrn[c],,IMPD
3bcrn[e],,INOSTO
c10crn[c],,INSt
c101coa[c],,INSt2
c101crn[c],,INSt4
c101crn[e],,INSt5
decdicoa[c],,INSTt2
decdicrn[c],,INSTt4
c10crn[e],,INSTt4_2
c10dc[x],,IPDDI
c10dc[c],,IPDDIx
sebcoa[c],,ISOCHOLabc
c10dc[e],,ISOCHOLt
3hdcoa[c],,ISOCHOLt2
3deccrn[c],,ISOLVSTtbc
ddeccrn[c],,It
dd2coa[c],,ITCOAL1m
ddece1crn[c],,ITCOALm
c12dccoa[x],,ITKPK
dodecanac[x],,IVCOAACBP
dodecanac[c],,IZPN
c12dccoa[c],,KAS8
c12dc[c],,KAT180_m
c12dc[e],,KCC2t
3hddcoa[c],,KCCt
3ddcrn[c],,KHK
3tetd7ecoa[m],,KHK2
3tetd7ecoa[c],,KHK3
tetdece1coa[c],,Kt1
tetdece1crn[c],,Kt3g
3tetd7ecoacrn[c],,KYN
3tetd7ecoacrn[e],,KYN3OX
3ttetddcoa[m],,KYNAKGAT
3ttetddcoa[c],,KYNATEtr
tetdec2coa[c],,LACZe
tetdec2crn[c],,LALDO
3ttetddcoacrn[c],,LALDO2
3ttetddcoacrn[e],,LAPCOAl
3htdcoa[c],,LCA24GSc
3tdcrn[c],,LCA24GSr
3hdeccoa[c],,LCA24Gte
3hdececrn[c],,LCA3GSc
3thexddcoa[m],,LCA3GSr
3thexddcoa[c],,LCA3Gte
3thexddcoacrn[c],,LCA3Sabc
3thexddcoacrn[e],,LCA3St
hexdicoa[c],,LCADi
c16dc[c],,LCADi_D
c16dc[e],,LCADm
3hexdcoa[c],,LCARS
3hexdcrn[c],,LCASULT
3octdece1coa[c],,LCAT10e
3octdece1crn[c],,LCAT11e
3ocddcoa[c],,LCAT12e
3octdec2crn[c],,LCAT13e
3hodcoa[c],,LCAT14e
3octdeccrn[c],,LCAT15e
c3dc[c],,LCAT16e
c3dc[e],,LCAT17e
c4crn[e],,LCAT18e
c4dc[x],,LCAT19e
c4dc[c],,LCAT1e
c4dc[e],,LCAT20e
c4crn[x],,LCAT21e
btcoa[x],,LCAT22e
ivcoa[c],,LCAT23e
ivcrn[c],,LCAT25e
c51crn[c],,LCAT27e
c5dc[c],,LCAT29e
c5dc[e],,LCAT2e
hxcoa[c],,LCAT30e
c6crn[c],,LCAT31e
hxcoa[x],,LCAT32e
c6crn[x],,LCAT33e
c6crn[e],,LCAT34e
c6dc[c],,LCAT35e
c6dc[e],,LCAT36e
c81coa[c],,LCAT37e
c81crn[c],,LCAT38e
c81crn[e],,LCAT39e
c8crn[e],,LCAT3e
sbcoa[c],,LCAT40e
c8dc[c],,LCAT41e
c8dc[e],,LCAT42e
dca[r],,LCAT43e
3ddcrn[e],,LCAT44e
ddeccrn[e],,LCAT45e
ddece1crn[e],,LCAT46e
3deccrn[e],,LCAT47e
decdicrn[e],,LCAT48e
doco13ecoa[c],,LCAT49e
doco13ecoa[x],,LCAT4e
doco13ac[e],,LCAT50e
docosac[e],,LCAT51e
docosac[r],,LCAT52e
docosdiac[r],,LCAT53e
docosdiac[c],,LCAT54e
docoscoa[x],,LCAT55e
docosdiac[e],,LCAT56e
3hdececrn[e],,LCAT57e
3hexdcrn[e],,LCAT5e
3ivcrn[e],,LCAT6e
3octdec2crn[e],,LCAT7e
3octdeccrn[e],,LCAT8e
3octdece1crn[e],,LCAT9e
3tdcrn[e],,LCYSTAT
c51crn[e],,LCYSTCBOXL
ivcrn[e],,LDH_D
tetdec2crn[e],,LDH_L
tetdece1crn[e],,LDH_Lm
dece3coa[x],,LEUALAARGt
dec47dicoa[m],,LEUASNASPt
dectricoa[m],,LEUASPLYSt
dec47dicoa[x],,LEUATB0tc
dectricoa[x],,LEUB0AT3tc
2decdicoa[m],,LEUGLYPEPT1tc
octe5coa[m],,LEUKABCtc
2decdicoa[x],,LEUKTRA4t
octe5coa[x],,LEUKTRB4t
3decdicoa[m],,LEUKTRC4t
3decdicoa[x],,LEUKTRE4t
sebcoa[x],,LEUKTRF4t
sbcoa[x],,LEULEULAPc
tmuncoa[x],,LEULEUPEPT1tc
undcoa[m],,LEULEUTRPt
noncoa[m],,LEUPHELAT2tc
dd5ecoa[m],,LEUPROARGt
dd3coa[x],,LEUPROt
2ddecdicoa[m],,LEUSERTRPt
3ddecdicoa[m],,LEUt4
3ddecdicoa[x],,LEUTA
2ddecdicoa[x],,LEUTAm
2dodtricoa[m],,LEUtec
2dodtricoa[x],,LEUTRPARGt
3dodtricoa[m],,LEUTRPt
3dodtricoa[x],,LEUTYRTYRt
c12dc[x],,LEUVALt
tmtrdcoa[x],,LEUyLAThtc
tridcoa[m],,LFORKYNHYD
tetd7ecoa[m],,LGNCCOAtcx_1
tetde5coa[x],,LGNCFATPtc
tetdecdicoa[m],,LGNCt
tetdecdicoa[x],,LGTHL
ttetddcoa[m],,LINOFATPtc
5tedtricoa[m],,LIPOti_1
5tedtricoa[x],,LKYNRtr
c14dccoa[x],,LKYNRtr2
hexde7coa[x],,LKYNRtr3
3hdeccoa[m],,L_LACDcm
hexddcoa[m],,L_LACt2r
thexddcoa[m],,L_LACt4r
2hexdtricoa[x],,L_LACtcm
hexdtrcoa[m],,L_LACtm
4hexdtricoa[m],,LNELDCCPT1
hexdectecoa[m],,LNELDCCPT2
4hexdtricoa[x],,LNELDCCRNt
hexdectecoa[x],,LNELDCCRNte
2hexdtricoa[m],,LNLCCPT1
3hexdtricoa[m],,LNLCCPT2
3hexdtricoa[x],,LNLCCRNt
2hexdtetcoa[m],,LNLCt
2hexdtetcoa[x],,LNLNCACPT1
4hexdtetcoa[m],,LNLNCACPT2
hexdpencoa[m],,LNLNCACRNt
4hexdtetcoa[x],,LNLNCAt
hexdpencoa[x],,LNLNCGCPT1
3hexdtetcoa[m],,LNLNCGCPT2
3hexdtetcoa[x],,LNLNCGCRNt
3hexdcoa[m],,LNLNCGt
hexdicoa[x],,LNS14DM
hexdiac[r],,LNS14DMr
hexdicoa[r],,LNSTLS
whhdca[r],,LNSTLSr
ocde9ecoa[x],,LPASE
octdececoa[m],,LPCOXp
3octdece1coa[m],,LPS
3ocddcoa[m],,LPS2
2octdectecoa[m],,LPS2e
2octdectecoa[x],,LPS3
3octdectecoa[m],,LPS3e
3octdectecoa[x],,LPS4e
2octpencoa[m],,LPS5e
3octpencoa[m],,LPS6e
3hodcoa[m],,LPS7e
ei11ecoa[x],,LRAT
eitetcoa[m],,LST4EXPhr
eitetcoa[x],,LSTN1GLUChr
eipencoa[x],,LSTNM1hr
5eipencoa[m],,LSTNM2hr
2docopencoa[m],,LSTNM5hr
2docopencoa[x],,LSTNM7hr
docohexcoa[m],,LSTNtu
docohexcoa[x],,LSTO1r
3docopencoa[m],,LSTO2r
3docopencoa[x],,LTA4H
2docohexecoa[m],,LTC4Sr
docohepcoa[m],,LTDCL
docosahexcoa[m],,LTHSTRLOR
omhdocosac[r],,LVSTACIDhep
succoa[c],,LVSTACIDtu
pentcoa[m],,LVSTACOXD6Hhep
glutcoa[c],,LVSTACOXD6MEhep
3ivcoa[m],,LVSTOXD3Hhep
3ivcoa[c],,LVSTOXD6Hhep
3ivcrn[c],,LVSTOXD6METhep
hx2coa[x],,LVSTPGPtu
hexe3coa[m],,LYSARGLEUt
hexe3coa[x],,LYSATB0tc
succoa[x],,LYSCYSHISt
hepcoa[m],,LYSGLNPHEt
omhdecacid[r],,LYSGLUGLUt
hexdiac[c],,LYSLYSLYSt
omhdocosac[c],,LYSPHEILEt
omhdecacid[c],,LYSt4
sebacid[c],,LYSt5r
tdec4ecoa[m],,LYStm
ctdecdcoa[m],,LYSTRPARGt
tddedi2coa[m],,LYSTYRILEt
tddedicoa[m],,LYSVALPHEt
ocdececrn[c],,LYSVALTRPt
ocdececrn[m],,M4BTAer
octdececrn[c],,M4CET3er
octdececrn[m],,MACACI
octdececoa[c],,MACOXO
subeac[x],,MAGLINL_HSe
sebacid[x],,MAGOLE_HSe
subeac[c],,MALICITtm
c8dc[x],,MALSO3tm
ttdcrn[e],,MALSO4tm
4hpro_LT[e],,MALT
alaala[c],,MALTe
alaala[e],,MALTly
bglc[e],,MALtm
glgchlo[e],,MALTSULtm
gltcho[e],,MALTt1r
tdechola[e],,MAN1PT
gltdechol[e],,MAN1PT2
carn[e],,MAN6PI
glygly[c],,MANt1r
glygly[e],,MANt4
glyphe[e],,MAOLNOR
glyphe[c],,MAOX
glypro[e],,MCCCrm
glypro[c],,MCD
glysar[c],,MCDm
glysar[e],,MCDp
dchac[e],,MCLORi
gum[e],,MCPST
gumdchac[e],,MDH
gumgchol[e],,MDHm
gumtchol[e],,MDZtu
5HPET[r],,ME1m
leugly[e],,ME2
leugly[c],,ME2m
leuleu[c],,MECOALm
leuleu[e],,MECOAS1m
pect[e],,MELATN23DOX
pectindchac[e],,MELATNOX
pectingchol[e],,MERACMPtep
pectintchol[e],,MERACMPthc
progly[e],,METARGLEUt
progly[c],,METASNTYRt
psyl[e],,METAT
psylchol[e],,METATB0tc
psyltchol[e],,METB0AT3tc
psyltdechol[e],,METGLNTYRt
sbt__D[e],,METGLYARGt
thm[e],,METHISLYSt
avite1[c],,METLEUex
1a25dhvitd3[c],,METMETILEt
1a25dhvitd3[n],,METOX
4abut[n],,METPHEARGt
oh1[c],,METS
oh1[e],,METt4
cysam[e],,METtec
hyptaur[e],,METTRPPHEt
q10[e],,METyLATthc
dhap[m],,MEVK1
dpcoa[e],,MEVK1x
pan4p[e],,MGCHrm
5dpmev[c],,MHGLZhr
slfcys[e],,MHISOR
fmn[e],,MHISTAte
ptth[e],,MI1345PP
q10h2[e],,MI134PP
fe3[c],,MI145PK
6pgl[c],,MI145PP
glu5sa[c],,MI14PP
dmpp[c],,MI1PP
mal__L[x],,MI1PS
5pmev[c],,MI34PP
1pyr5c[c],,MI3PP
pheme[e],,MI3PS
slfcys[c],,MI4PP
34hpp[e],,MITKP
3mob[e],,MLTG1
3mop[e],,MLTG1e
4mop[e],,MLTG1ly
5mta[e],,MLTHFte
5oxpro[e],,MLTHFte1
ahcys[e],,MLTHFte2
aicar[e],,MLTHFte3
anth[e],,MMAt2e
cbasp[e],,MMAte
mal__L[e],,MMCDm
idour[e],,MMEm
5hoxindoa[e],,MMMm
glyald[e],,MMSAD1m
pep[e],,MMSAD3m
gudac[e],,MOGAT
Lkynr[e],,MTAP
cala[e],,MTHFC
crtn[e],,MTHFCm
kynate[e],,MTHFD
3hanthrn[e],,MTHFD2i
hLkynr[e],,MTHFD2m
quln[e],,MTHFDm
2pg[e],,MTHFR2
cholp[e],,MTHFR3
cyst__L[e],,N3Tg
cyst__L[c],,N8ASPMDte
dcmp[e],,NABTNO
dmgly[e],,NACASPAH
ethamp[e],,NACHEX10ly
fum[e],,NACHEX11ly
g3pc[e],,NACHEX12ly
icit[e],,NACHEX13ly
L2aadp[e],,NACHEX14ly
xan[e],,NACHEX15ly
xmp[e],,NACHEX16ly
xtsn[e],,NACHEX17ly
3pg[e],,NACHEX18ly
udpglcur[e],,NACHEX19ly
glyc3p[e],,NACHEX1ly
nicrnt[e],,NACHEX20ly
orot5p[e],,NACHEX21ly
hcys__L[e],,NACHEX22ly
retinal[e],,NACHEX23ly
argsuc[e],,NACHEX24ly
acrn[e],,NACHEX25ly
pcrn[e],,NACHEX26ly
lneldccrn[e],,NACHEX27ly
odecrn[e],,NACHEX2ly
stcrn[e],,NACHEX3ly
pmtcrn[e],,NACHEX4ly
hdcecrn[e],,NACHEX5ly
pcreat[e],,NACHEX6ly
HC00342[e],,NACHEX7ly
bgly[e],,NACHEX8ly
15kprostgf2[c],,NACHEX9ly
adpoh[c],,NACHEXA10ly
phlac[c],,NACHEXA11ly
and19one[c],,NACHEXA12ly
ttdceacoa[c],,NACHEXA13ly
21hprgnlone[c],,NACHEXA14ly
3mhis[c],,NACHEXA15ly
hmcr[c],,NACHEXA16ly
phacgly[c],,NACHEXA17ly
pcholmyr_hs[e],,NACHEXA18ly
pcholole_hs[e],,NACHEXA19ly
peole_hs[e],,NACHEXA1ly
pcholpalme_hs[e],,NACHEXA20ly
pcholpalm_hs[e],,NACHEXA21ly
pepalm_hs[e],,NACHEXA22ly
pail_hs[e],,NACHEXA2ly
pailpalm_hs[e],,NACHEXA3ly
pcholste_hs[e],,NACHEXA4ly
peste_hs[e],,NACHEXA5ly
pailste_hs[e],,NACHEXA6ly
pchol2linl_hs[e],,NACHEXA7ly
pe2linl_hs[e],,NACHEXA8ly
pchol2ole_hs[e],,NACHEXA9ly
pchol2palm_hs[e],,NACHORCTL3le
pchol2ste_hs[e],,NACSMCTte
xolest183_hs[e],,NADDP
xolest181_hs[e],,NADH2_u10mi
xolest204_hs[e],,NADK
pcholn15_hs[e],,NADNe
pcholar_hs[e],,NADPNe
pcholn183_hs[e],,NADPPPS
pcholn1836_hs[e],,NADPQNOXR
pcholn19_hs[e],,NADQNOXR
pcholn201_hs[e],,NADS1
pcholn204_hs[e],,NADS1n
pcholn205_hs[e],,NADS2
pcholn224_hs[e],,NAGA2ly
pcholn225_hs[e],,NAGAly
pcholn2254_hs[e],,NAHCO3_HCLt
pcholn226_hs[e],,NAIt
pear_hs[e],,NaKt_1
pe203_hs[e],,NAPRT
pe226_hs[e],,NAt
pe224_hs[e],,NAt3_1
pedh203_hs[e],,NAt3_1g
pe12_hs[e],,NAt5
pe14_hs[e],,NBAHH_ir
pe161_hs[e],,NCCt
pe13_hs[e],,NCKt
pe15_hs[e],,NCNt
pe17_hs[e],,NDERSVhc
pcholn203_hs[e],,NDERSVteb
pailar_hs[e],,NDP1
pcholn24_hs[e],,NDP10ex
pcholn261_hs[e],,NDP3ex
pcholn281_hs[e],,NDP6
pcholn28_hs[e],,NDP7er
pcholdoc_hs[e],,NDP7ex
pcholeic_hs[e],,NDP7g
pcholet_hs[e],,NDP8
pcholhep_hs[e],,NDP8ex
pchollinl_hs[e],,NDPK1
pelinl_hs[e],,NDPK10
sphmyln18114_hs[c],,NDPK10n
sphmyln18121_hs[c],,NDPK1m
sphmyln181221_hs[c],,NDPK1n
sphmyln18122_hs[c],,NDPK2
sphmyln18123_hs[c],,NDPK2n
sphmyln180241_hs[c],,NDPK3
sphmyln1824_hs[c],,NDPK3m
sphmyln1825_hs[c],,NDPK3n
sphmyln18115_hs[c],,NDPK4
sphmyln181161_hs[c],,NDPK4m
sphmyln18116_hs[c],,NDPK4n
sphmyln18117_hs[c],,NDPK5
sphmyln18118_hs[c],,NDPK5m
sphmyln181181_hs[c],,NDPK5n
sphmyln181201_hs[c],,NDPK6
sphmyln18120_hs[c],,NDPK6m
xolest183_hs[l],,NDPK6n
xolest182_hs[l],,NDPK7
xolest205_hs[l],,NDPK7m
tmndnc[l],,NDPK7n
xolest226_hs[l],,NDPK8
crvnc[l],,NDPK8m
maglinl_hs[e],,NDPK8n
magole_hs[e],,NDPK9
magpalm_hs[e],,NDPK9n
magste_hs[e],,NEU11l
magarachi_hs[e],,NEU21
pcholmyr_hs[c],,NEU22
pcholole_hs[c],,NEU23
peole_hs[c],,NEU24
pcholpalme_hs[c],,NEU25
pcholpalm_hs[c],,NEU31e
pepalm_hs[c],,NEU32e
pailpalm_hs[c],,NEU33e
pcholste_hs[c],,NEU34e
pchol2linl_hs[c],,NEU35e
pe2linl_hs[c],,NEU36e
pchol2ole_hs[c],,NEU37e
pchol2palm_hs[c],,NEU38n
pchol2ste_hs[c],,NEU39e
pcholn15_hs[c],,NFDACOXDhc
pcholar_hs[c],,NH4t3r
pcholn183_hs[c],,NKCC2t
pcholn1836_hs[c],,NKCCt
pcholn19_hs[c],,NMNAT
pcholn201_hs[c],,NMNATm
pcholn204_hs[c],,NMNATn
pcholn205_hs[c],,NMNS
pcholn224_hs[c],,NNATn
pcholn225_hs[c],,NNATr
pcholn2254_hs[c],,NNDPR
pcholn226_hs[c],,NNMT
pear_hs[c],,NORANMT
pe203_hs[c],,NOS1
pe226_hs[c],,NOS2
pe224_hs[c],,NOS2_2
pedh203_hs[c],,NP1
pe12_hs[c],,NRPPHRSULT
pe14_hs[c],,NRPPHRt4_2_r
pe161_hs[c],,NRPPHRtu
pe13_hs[c],,NRPPHRVESSEC_1
pe15_hs[c],,NRVNCABCt
pe17_hs[c],,NRVNCCOAtxc
pcholn203_hs[c],,NS26T2g
pailar_hs[c],,NS26Tg
pcholn24_hs[c],,NT5C
pcholn261_hs[c],,NTD1
pcholn281_hs[c],,NTD10
pcholn28_hs[c],,NTD11
pcholdoc_hs[c],,NTD12
pcholeic_hs[c],,NTD1m
pcholet_hs[c],,NTD2
pcholhep_hs[c],,NTD2e
pchollinl_hs[c],,NTD2l
pelinl_hs[c],,NTD3
eidi1114ac[c],,NTD4
hxa[c],,NTD4e
tetdeca511ac[c],,NTD4l
glyc2p[c],,NTD5
aclys[c],,NTD5l
hmcarn[c],,NTD5m
4mtob[c],,NTD6
3mtp[c],,NTD7
3mtp[e],,NTD7e
elaidcrn[e],,NTD7l
lnlccrn[e],,NTD8
phlac[e],,NTD9
15HPET[e],,NTD9e
15kprostgf2[e],,NTD9l
21hprgnlone[e],,NTP3e
2oxoadp[e],,NTPP10
34hpl[c],,NTPP2
34hpl[e],,NTPP9
3hmp[c],,O16G1e
3hmp[e],,O16G2e
3hpppnohgluc[c],,OBDHm
3hpppnohgluc[e],,OCBTm
3hpppn[c],,OCD11COACPT1_1
3hpppnoh[c],,OCD11CRNCACT
3hpp[c],,OCD11CRNCPT2_1
3hpp[e],,OCDCAt
3mhis[e],,OCDCEAt
3moxtyr[e],,OCDEAFABP1tc
3uib[e],,OCOAT1m
4aabutn[e],,OCT11EFATP_1
4tmeabutn[e],,OCTDEC2ACBP
56dthm[e],,OCTDECCACT
56dura[e],,OCTDECCPT1
5aop[e],,OCTDECCPT2
5HPET[e],,ODECRNte
7dhchsterol[e],,OIVD1m
abt__D[e],,OIVD2m
abt__D[c],,OIVD3m
acglu[c],,OLEETH
acglu[e],,OLEICFATPtc
acgly[m],,OMPDC
acgly[c],,OPAH
acgly[e],,ORNALArBATtc
aclys[e],,ORNDC
aclys[m],,ORNLEUrBATtc
acorn[e],,ORNt
acthr__L[m],,ORNt3m
acthr__L[c],,ORNt4m
acthr__L[e],,ORNTArm
adpac[e],,OROTGLUt
adpoh[e],,ORPT
alltn[e],,OXAHCOtex
amet[e],,OXYPthc
and19one[e],,P45011A1m
aracheth[e],,P45011B11m
pa_hs[e],,P45011B12m
biliverd[e],,P45011B21m
C02356[e],,P45017A1r
C02712[e],,P45017A2r
C04717[e],,P45017A3r
C04805[e],,P45017A4r
C05957[e],,P45019A1r
C06314[e],,P45019A2r
C06315[e],,P4501B1r
C11695[e],,P45021A1r
C14768[e],,P45021A2r
C14769[e],,P45027A11m
C14770[e],,P45027A12m
C14771[e],,P45027A13m
C14825[e],,P45027A14m
C14826[e],,P45027A15m
CE0955[c],,P45027A16m
CE0955[e],,P45027A1m
CE1243[e],,P4502A6
CE1273[c],,P4502C18
CE1273[e],,P4502C19
CE1297[c],,P4502C8
CE1297[e],,P4502C9
CE1556[e],,P4502C92
CE2028[e],,P4502C93
CE2176[e],,P4502C94
CE2445[e],,P4502D6
CE2510[e],,P4502E1
CE2537[e],,P4502F1
eidi1114ac[e],,P45039A1r
CE5304[e],,P4503A4
CE6031[e],,P4503A5
CE6247[c],,P4503A7r
CE6247[e],,P45046A1r
CE7082[e],,P4504B1r
CE7083[e],,P4504F121r
CE7172[e],,P4504F122r
cortsn[c],,P4504F123r
cortsn[e],,P4504F81r
didecaeth[e],,P4507A1r
diholineth[e],,P4507B11r
docohxeth[e],,P4507B12r
docteteth[e],,P4508B11r
dodecanac[e],,P4508B13r
forglu[e],,P5CDm
HC00900[e],,P5CR
hepdeceth[e],,P5CRm
hexdeceeth[e],,P5CRxm
hexdiac[e],,PAFABCt
hgentis[e],,PAFH
hmcarn[e],,PAFHe
hmcr[e],,PAILAR_HSPLA2
hxcoa[e],,PAILPALM_HSPLA2
leuktrB4wcooh[e],,PALFATPtc
leuktrB4woh[e],,PAPStg
lineth[e],,PCFLOPm
Lpipecol[e],,PCHLN225_HSABCt
lthstrl[e],,PCHOL2LINL_HSABCt
mev__R[e],,PCHOL2LINL_HSPLA2
mi1p__D[e],,PCHOL2OLE_HSABCt
Nacasp[e],,PCHOL2OLE_HSPLA2
nwharg[e],,PCHOL2PALM_HSPLA2
oleth[e],,PCHOL2STE_HSABCt
pcollg5hlys[e],,PCHOL2STE_HSPLA2
pendecaeth[e],,PCHOLAR_HSABCt
pmeth[e],,PCHOLAR_HSPLA2
saccrp__L[e],,PCHOLDEIC_HSPLA2
sebacid[e],,PCHOLDET_HSPLA2
sphmyln180241_hs[e],,PCHOLDOC_HSABCt
sphmyln18114_hs[e],,PCHOLDOC_HSPLA2
sphmyln18115_hs[e],,PCHOLEIC_HSABCt
sphmyln18116_hs[e],,PCHOLET_HSABCt
sphmyln181161_hs[e],,PCHOLHEP_HSABCt
sphmyln18117_hs[e],,PCHOLHEP_HSPLA2
sphmyln18118_hs[e],,PCHOLLINL_HSABCt
sphmyln181181_hs[e],,PCHOLLINL_HSPLA2
sphmyln18120_hs[e],,PCHOLMYR_HsABCt
sphmyln181201_hs[e],,PCHOLMYR_HSPLA2
sphmyln18121_hs[e],,PCHOLN15_HSABCt
sphmyln18122_hs[e],,PCHOLN15_HSPLA2
sphmyln181221_hs[e],,PCHOLN1836_HSABCt
sphmyln18123_hs[e],,PCHOLN1836_HSPLA2
sphmyln1824_hs[e],,PCHOLN183_HSABCt
sphmyln1825_hs[e],,PCHOLN183_HSPLA2
steeth[e],,PCHOLN19_HSABCt
subeac[e],,PCHOLN19_HSPLA2
tetdeca511ac[e],,PCHOLN201_HSABCt
tetdecaeth[e],,PCHOLN201_HSPLA2
thrnt[e],,PCHOLN203_HSABCt
tmlys[e],,PCHOLN203_HSPLA2
trideceth[e],,PCHOLN204_HSABCt
txb2[e],,PCHOLN204_HSPLA2
urcan[e],,PCHOLN205_HSABCt
xolest182_hs[e],,PCHOLN205_HSPLA2
xolest205_hs[e],,PCHOLN224_HSABCt
xolest226_hs[e],,PCHOLN224_HSPLA2
galt[e],,PCHOLN2254_HSABCt
glyc__R[e],,PCHOLN2254_HSPLA2
glyc2p[e],,PCHOLN225_HSABCt
glyclt[e],,PCHOLN225_HSPLA2
HC00319[e],,PCHOLN226_HSPLA2
3hpppn[e],,PCHOLN24_HSPLA2
hxa[m],,PCHOLN261_HSPLA2
hxa[x],,PCHOLN264_HSABCt
ind3ac[e],,PCHOLN281_HSPLA2
Lcyst[e],,PCHOLN28_HSPLA2
leuktrB4woh[c],,PCHOLOLE_HSABCt
Lpipecol[c],,PCHOLOLE_HSPLA2
oaa[e],,PCHOLPALME_HSABCt
pac[e],,PCHOLPALME_HSPLA2
pcollg5hlys[c],,PCHOLPALM_HSPLA2
pser__L[c],,PCHOLPg_hs
pser__L[e],,PCHOLP_hs
saccrp__L[c],,PCHOLPm_hs
ttdcea[c],,PCHOLPr_hs
ttdcea[e],,PCHOLSTE_HSABCt
txb2[c],,PCHOLSTE_HSPLA2
urcan[c],,PCLAD
acile__L[m],,PCm
acile__L[c],,PCRNte
acile__L[e],,PCRNtm
acleu__L[m],,PCSF
acleu__L[c],,PCt
acleu__L[e],,PDE1
achom__L[m],,PDE1g
achom__L[c],,PDE4
achom__L[e],,PDE4g
phacgly[e],,PDHm
estriol[e],,PDX5POi
ddca[e],,PDXPP
hom__L[m],,PE12_HSABCt
urscholcoa[c],,Pe13_HSABCt
7klitchol[c],,PE14_HSABCt
bz[m],,PE15_HSABCt
bzcoa[m],,PE161_HSABCt
bgly[m],,PE17_HSABCt
phaccoa[m],,PE203_HSABCt
pheacgly[m],,PE203_HSPLA2
pheacgly[c],,PE224_HSPLA2
pheacgly[e],,PE226_HSABCt
pcresol[c],,PE226_HSPLA2
pcs[c],,PE2LINL_HSABCt
pcresol[e],,PE2LINL_HSPLA2
pcs[e],,PEAMNO
normete__L[e],,PEAR_HSABCt
C05300[e],,PEAR_HSPLA2
dhbpt[e],,PEDH12_HSPLA2
thbpt[e],,PEDH13_HSPLA2
alaargcys[e],,PEDH14_HSPLA2
alaarggly[e],,PEDH15_HSPLA2
alaasnleu[e],,PEDH161_HSPLA2
alaglylys[e],,PEDH17_HSPLA2
alahisala[e],,PEDH203_HSABCt
alalysthr[e],,PEDH203_HSPLA2
argalaala[e],,PEFLIP
argalaphe[e],,PEFLIPm
argalathr[e],,PEHSFABPe
argarg[e],,PELINETH
argarglys[e],,PELINL_HSABCt
argargmet[e],,PELINL_HSPLA2
argcysgly[e],,PELPALM_HSABCt
argcysser[e],,PENDECAETH
arggluglu[e],,PEOLE_HSABCt
argglupro[e],,PEOLE_HSPLA2
argglygly[e],,PEPALM
arghisthr[e],,PEPALM_HSASBCt
argleuphe[e],,PEPALM_HSPLA2
arglysasp[e],,PEPCKm
argphearg[e],,PEPCK_re
argpromet[e],,PEROXx
argprothr[e],,PESTE_HSABCt
argserser[e],,PETHCT
argtyrval[e],,PETOHMm_hs
argvalcys[e],,PETOHMr_hs
argvaltrp[e],,PFK
asnasnarg[e],,PFK26
asncyscys[e],,PGCD
asnmetpro[e],,PGDI
asnpheasp[e],,PGDIr
asnphecys[e],,PGESc
asntyrgly[e],,PGESr
asntyrphe[e],,PGI
asntyrthr[e],,PGISr
aspalaarg[e],,PGK
aspasnglu[e],,PGL
aspglu[e],,PGLc
aspglupro[e],,PGLer
aspglutrp[e],,PGLYCABCte
asphiscys[e],,PGM
asphispro[e],,PGMT
asplysglu[e],,PGPP_hs
asplyshis[e],,PGPPT
aspmetasp[e],,PGS
aspprolys[e],,PGSr
aspvalasn[e],,PHACCOAGLYACm
cysasnmet[e],,PHCDm
cysaspphe[e],,PHEASNMETt
cyscys[e],,PHEASPt
cysglnmet[e],,PHEATB0tc
cysgluhis[e],,PHEB0AT3tc
cysglutrp[e],,PHEGLNPHEt
cysleuthr[e],,PHELEUASPt
cyssermet[e],,PHELEUHISt
cystyrasn[e],,PHELEUt
glnasngln[e],,PHELYSALAt
glnhishis[e],,PHELYSPROt
glnhislys[e],,PHEMEABCte
glnlyslys[e],,PHEMEt
glnlystrp[e],,PHEPHEASNt
glnproglu[e],,PHEPHEt
glntrpglu[e],,PHEPHETHRt
glntyrleu[e],,PHEPROARGt
gluargleu[e],,PHESERTRPt
gluasnleu[e],,PHEt4
gluglu[e],,PHETA1
gluilelys[e],,PHETA1m
gluleu[e],,PHEtec
glumet[e],,PHETHPTOX
glumethis[e],,PHETHPTOX2
gluthr[e],,PHETHRLYSt
gluthrlys[e],,PHETRPLEUt
glutrpala[e],,PHETYRGLNt
glyhisasn[e],,PHETYRLYSt
glyhislys[e],,PHETYRt
glylyscys[e],,PHEyLATthc
glylysphe[e],,PHPYRte
glytyrlys[e],,PHPYRtm
glyvalhis[e],,PHYCBOXL
hisargcys[e],,PHYHx
hisargser[e],,PI345P3P
hisasp[e],,PI345P3Pn
hiscyscys[e],,PI345P5P
hisglnala[e],,PI34P5K
hisglu[e],,PI35P3P
hisglugln[e],,PI3P4K
hisglylys[e],,PI3P5K
hishislys[e],,PI45P3K
hislysala[e],,PI45P5P
hislysglu[e],,PI45PLC
hislysile[e],,PI4P3K
hislysthr[e],,PI4P5K
hislysval[e],,PI4PLC
hismet[e],,PI4PLCn
hismetgln[e],,PI5P3K
hisphearg[e],,PI5P4K
hisprolys[e],,PIACGT
histrphis[e],,PIK3
ileargile[e],,PIK4
ileasnhis[e],,PIK5
ileasp[e],,PIPLC
ileglnglu[e],,PIPLCn
ileglyarg[e],,PIt7
ileprolys[e],,PIt8
ileserarg[e],,PIt9
iletrptyr[e],,PIter
leualaarg[e],,PLA2_2
leuasnasp[e],,PLA2_2e
leuasplys[e],,PMANM
leuleutrp[e],,PMEVK
leupro[e],,PMEVKx
leuproarg[e],,PMI12346PH
leusertrp[e],,PMI12346PHn
leutrp[e],,PMI12346PS
leutrparg[e],,PMTCOAFABP1tc_1
leutyrtyr[e],,PMTCRNte
leuval[e],,PNP
lysargleu[e],,PNTK
lyscyshis[e],,PNTOt1
lysglnphe[e],,PNTOt5
lysgluglu[e],,PNTOt5_1
lyslyslys[e],,PPA
lyspheile[e],,PPAer
lystrparg[e],,PPAm
lystyrile[e],,PPAP
lysvalphe[e],,PPASMCT1
lysvaltrp[e],,PPBNGS
metargleu[e],,PPCDC
metasntyr[e],,PPDOy
metglntyr[e],,PPIOGLYc
metglyarg[e],,PPM
methislys[e],,PPM2
metmetile[e],,PPNCL2
metphearg[e],,PPNCL3
mettrpphe[e],,PPOR
pheasnmet[e],,PPP9ABCte
pheasp[e],,PPPGO2_1
pheglnphe[e],,PPPGOm
pheleu[e],,PRAGSr
pheleuasp[e],,PRAIS
pheleuhis[e],,PRASCSi
phelysala[e],,PRDX
phelyspro[e],,PRDXl
phephe[e],,PRFGS
phepheasn[e],,PRGNLONESte
phephethr[e],,PRGNLONESULT
pheproarg[e],,PRGNLONEte
phesertrp[e],,PRISTCOAtcx
phethrlys[e],,PRO1x
phetrpleu[e],,PROAKGOX1
phetyr[e],,PROARGASPt
phetyrgln[e],,PROARGCYSt
phetyrlys[e],,PROASNCYSt
proargasp[e],,PROCYSt
proargcys[e],,PROD2
proasncys[e],,PROD2m
procys[e],,PRODt2r
proglnpro[e],,PROFVSCOAhc
proglulys[e],,PROGLNPROt
prohis[e],,PROGLULYSt
prohistyr[e],,PROGLYPEPT1tc
proleuarg[e],,PROHISt
prolyspro[e],,PROHISTYRt
prophe[e],,PROIMINOtc
proproarg[e],,PROLEUARGt
propropro[e],,PROLYSPROt
protrplys[e],,PROPAT4te
protrpthr[e],,PROPHEt
provalgln[e],,PROPROARGt
serargala[e],,PROPROPROt
serargtrp[e],,PROSTGD2t
sercysarg[e],,PROSTGE1t
serglyglu[e],,PROSTGE1t3
serlyshis[e],,PROSTGE2t
serphelys[e],,PROSTGE2t2
sertrphis[e],,PROSTGE2t3
thrargtyr[e],,PROSTGF2t
thrasntyr[e],,PROt2r
thrglnglu[e],,PROt4
thrglntyr[e],,PROt4_2_r
thrhishis[e],,PROTRPLYSt
thrilearg[e],,PROTRPTHRt
thrmetarg[e],,PROVALGLNt
thrphearg[e],,PRPPS
thrserarg[e],,PSDm_hs
thrthrarg[e],,PSERT
thrtyrmet[e],,PSFLIP
trpalapro[e],,PSFLIPm
trpargala[e],,PSHSABCtc
trpaspasp[e],,PSP_L
trpglngln[e],,PSSA1_hs
trpglugly[e],,PSSA2_hs
trpgluleu[e],,PTDCACRNCPT1
trpglupro[e],,PTDCACRNCPT2
trpglutyr[e],,PTDCACRNt
trpglyleu[e],,PTE2x
trpglyphe[e],,PTE3x
trpglyval[e],,PTE4x
trphismet[e],,PTHPS
trpilelys[e],,PTPATi
trpiletrp[e],,PTPATim
trpleuval[e],,PTRCARGte
trplys[e],,PTRCAT1
trpmetarg[e],,PTRCOX1
trpmetval[e],,PTVSTATPtu
trpphe[e],,PTVSTGLUChc
trpprogly[e],,PTVSThc
trpproleu[e],,PTVSTM13hr
trpproval[e],,PTVSTM3eb
trpsertyr[e],,PTVSTM3hc
trpthrglu[e],,PTVSTtu
trpthrile[e],,PUNP1
trpthrtyr[e],,PUNP2
trptyrgln[e],,PUNP3
trptyrtyr[e],,PUNP4
trpvalasp[e],,PUNP5
tyrala[e],,PUNP6
tyralaphe[e],,PUNP7
tyrargglu[e],,PVSATPtu
tyrargser[e],,PVSGLUCteb
tyrasparg[e],,PVSOATPtu
tyrcysgly[e],,PYAM5PO
tyrcysthr[e],,PYDAMK
tyrglu[e],,PYDXDH
tyrleuarg[e],,PYDXK
tyrphetyr[e],,PYDXNK
tyrthr[e],,PYDXNO
tyrtrpphe[e],,PYDXO_1
tyrtyr[e],,PYDXPP
tyrvalmet[e],,PYK
valarggly[e],,PYK2
valhisasn[e],,PYK3
valleuphe[e],,PYK4
vallystyr[e],,PYK6
valphearg[e],,PYNP2r
valprotrp[e],,PYRSMCT1
valserarg[e],,PYRt2
valtrpphe[e],,PYRt2m
valtrpval[e],,PYRt2p
valval[e],,QULNtr
trpglyasp[e],,r0009
alaargcys[c],,R00100
alaarggly[c],,r0013
alaasnleu[c],,r0016
alaglylys[c],,r0023
alahisala[c],,r0027
alalysthr[c],,r0047
argalaala[c],,r0051
argalaphe[c],,r0068
argalathr[c],,r0074
argarg[c],,r0082
argarglys[c],,r0083
argargmet[c],,r0084
argcysgly[c],,r0085
argcysser[c],,r0086
arggluglu[c],,r0093
argglupro[c],,r0097
argglygly[c],,r0113
arghisthr[c],,r0139
argleuphe[c],,r0142
arglysasp[c],,r0145
argphearg[c],,r0149
argpromet[c],,r0166
argprothr[c],,r0170
argserser[c],,r0173
argtyrval[c],,r0181
argvalcys[c],,r0186
argvaltrp[c],,r0191
asnasnarg[c],,r0193
asncyscys[c],,r0196
asnmetpro[c],,r0202
asnpheasp[c],,r0205
asnphecys[c],,r0210
asntyrgly[c],,r0220_1
asntyrphe[c],,r0221_1
asntyrthr[c],,r0239
aspalaarg[c],,r0242
aspasnglu[c],,r0246
aspglu[c],,r0249
aspglupro[c],,r0280
aspglutrp[c],,r0281
asphiscys[c],,r0283
asphispro[c],,r0287
asplysglu[c],,r0308
asplyshis[c],,r0310
aspmetasp[c],,r0311
aspprolys[c],,r0317
aspvalasn[c],,r0318
cysasnmet[c],,r0319
cysaspphe[c],,r0321
cyscys[c],,r0340
cysglnmet[c],,r0354
cysgluhis[c],,r0355
cysglutrp[c],,r0357
cysleuthr[c],,r0358
cyssermet[c],,r0360
cystyrasn[c],,r0361
glnasngln[c],,r0363
glnhishis[c],,r0364
glnhislys[c],,r0380
glnlyslys[c],,r0383
glnlystrp[c],,r0385
glnproglu[c],,r0386
glntrpglu[c],,r0390_1
glntyrleu[c],,r0393
gluargleu[c],,r0398
gluasnleu[c],,r0402
gluglu[c],,r0403
gluilelys[c],,r0407
gluleu[c],,r0408
glumet[c],,r0409
glumethis[c],,r0410
gluthr[c],,R04215
gluthrlys[c],,r0422
glutrpala[c],,r0423
glyhisasn[c],,r0424
glyhislys[c],,r0425
glylyscys[c],,r0426
glylysphe[c],,r0431_1
glytyrlys[c],,r0432_1
glyvalhis[c],,r0433_1
hisargcys[c],,r0434
hisargser[c],,r0437
hisasp[c],,r0438
hiscyscys[c],,r0440
hisglnala[c],,r0441
hisglu[c],,r0443
hisglugln[c],,r0444
hisglylys[c],,r0450
hishislys[c],,r0451
hislysala[c],,r0463
hislysglu[c],,r0465_1
hislysile[c],,r0483
hislysthr[c],,r0494
hislysval[c],,r0497
hismet[c],,r0509
hismetgln[c],,r0510
hisphearg[c],,r0511
hisprolys[c],,r0512
histrphis[c],,r0514
ileargile[c],,r0517
ileasnhis[c],,r0525
ileasp[c],,r0541
ileglnglu[c],,r0546
ileglyarg[c],,r0548
ileprolys[c],,r0555
ileserarg[c],,r0557
iletrptyr[c],,r0560
leualaarg[c],,r0568
leuasnasp[c],,r0573
leuasplys[c],,r0575
leuleutrp[c],,r0579
leupro[c],,r0587
leuproarg[c],,r0595
leusertrp[c],,r0596
leutrp[c],,r0603
leutrparg[c],,r0604
leutyrtyr[c],,r0610
leuval[c],,r0611
lysargleu[c],,r0627
lyscyshis[c],,r0629
lysglnphe[c],,r0630
lysgluglu[c],,r0633
lyslyslys[c],,r0636
lyspheile[c],,r0637
lystrparg[c],,r0641
lystyrile[c],,r0642
lysvalphe[c],,r0643
lysvaltrp[c],,r0648
metargleu[c],,r0649_1
metasntyr[c],,r0650
metglntyr[c],,r0651
metglyarg[c],,r0652_1
methislys[c],,r0655
metmetile[c],,r0656
metphearg[c],,r0669
mettrpphe[c],,r0670
pheasnmet[c],,r0672
pheasp[c],,r0673
pheglnphe[c],,r0686
pheleu[c],,r0688
pheleuasp[c],,r0698
pheleuhis[c],,r0706
phelysala[c],,r0707
phelyspro[c],,r0714_1
phephe[c],,r0715
phepheasn[c],,r0716_1
phephethr[c],,r0717
pheproarg[c],,r0720_1
phesertrp[c],,r0721
phethrlys[c],,r0730
phetrpleu[c],,r0731
phetyr[c],,r0732
phetyrgln[c],,r0733
phetyrlys[c],,r0734
proargasp[c],,r0737
proargcys[c],,r0739
proasncys[c],,r0741
procys[c],,r0743
proglnpro[c],,r0744
proglulys[c],,r0747
prohis[c],,r0750
prohistyr[c],,r0752
proleuarg[c],,r0753
prolyspro[c],,r0754
prophe[c],,r0755
proproarg[c],,r0756
propropro[c],,r0757
protrplys[c],,r0774
protrpthr[c],,r0779
provalgln[c],,r0782
serargala[c],,r0783
serargtrp[c],,r0786
sercysarg[c],,r0797
serglyglu[c],,r0812
serlyshis[c],,r0813
serphelys[c],,r0817
sertrphis[c],,r0819
thrargtyr[c],,r0822
thrasntyr[c],,r0829
thrglnglu[c],,r0830
thrglntyr[c],,r0834
thrhishis[c],,r0835
thrilearg[c],,r0836
thrmetarg[c],,r0845
thrphearg[c],,r0879
thrserarg[c],,r0885
thrthrarg[c],,r0915
thrtyrmet[c],,r0924
trpalapro[c],,r0934
trpargala[c],,r0942
trpaspasp[c],,r0946
trpglngln[c],,r0954
trpglugly[c],,r0960
trpgluleu[c],,r0961
trpglupro[c],,r0963
trpglutyr[c],,r0983
trpglyleu[c],,r0984
trpglyphe[c],,r0993
trpglyval[c],,r0995
trphismet[c],,r0997
trpilelys[c],,r1015
trpiletrp[c],,r1026
trpleuval[c],,r1028
trplys[c],,r1043
trpmetarg[c],,r1044
trpmetval[c],,r1045
trpphe[c],,r1135
trpprogly[c],,r1143
trpproleu[c],,r1155
trpproval[c],,r1163
trpsertyr[c],,r1164
trpthrglu[c],,r1165
trpthrile[c],,r1166
trpthrtyr[c],,r1167
trptyrgln[c],,r1168
trptyrtyr[c],,r1169
trpvalasp[c],,r1170
tyrala[c],,r1171
tyralaphe[c],,r1172
tyrargglu[c],,r1174
tyrargser[c],,r1175
tyrasparg[c],,r1177
tyrcysgly[c],,r1179
tyrcysthr[c],,r1181
tyrglu[c],,r1182
tyrleuarg[c],,r1183
tyrphetyr[c],,r1251
tyrthr[c],,r1252
tyrtrpphe[c],,r1253
tyrtyr[c],,r1254
tyrvalmet[c],,r1255
valarggly[c],,r1257
valhisasn[c],,r1259
valleuphe[c],,r1260
vallystyr[c],,r1262
valphearg[c],,r1374
valprotrp[c],,r1378
valserarg[c],,r1380
valtrpphe[c],,r1382_1
valtrpval[c],,r1383_1
valval[c],,r1391
trpglyasp[c],,r1392
glyleu[c],,r1411
homoval[e],,r1444
xolest183_hs[c],,r1446
xolest182_hs[c],,r1447
xolest205_hs[c],,r1448
xolest226_hs[c],,r1449
sphmyln_hs[e],,r1450
hxa[e],,r1451
gncore1[c],,r1454
gncore1[e],,r1472
gncore2[c],,r1474
gncore2[e],,r1477
Lhcystin[c],,r1481
Lhcystin[e],,r1487
pgp_hs[m],,r1495
pglyc_hs[m],,r1497
acnam[e],,r1498
band[c],,r1499
bandmt[c],,r1500
dhmtp[c],,r1501
etha[e],,r1502
ppp9[c],,r1503
acgal[e],,r1514
core4[e],,r1515
core5[e],,r1516
core7[e],,r1517
core8[e],,r1518
dsT_antigen[e],,r1519
galam[e],,r1520
galam[c],,r1521
mqn10[c],,r1522
mqn10[e],,r1523
mqn11[c],,r1525
mqn11[e],,r1527
mqn7[c],,r1529
mqn7[e],,r1530
mqn9[c],,r1531_1
mqn9[e],,r1532_1
s2l2n2m2m[e],,r1533_1
s2l2n2m2m[c],,r1536
sTn_antigen[e],,r1540
f1a[e],,r1544
lpam[e],,r1546
lpam[c],,r1547
CE2934[e],,r1548
mqn8[c],,r1549
dxtrn[e],,r1551
dhcholestanate[e],,r1552
thcholstoic[e],,r1553
xol7ah3[e],,r1554
xol7aone[e],,r1556
xoldiolone[e],,r1557
7klitchol[e],,r1559
2obut[e],,r1560
glcn[e],,r1561
grdp[c],,r1562
glyleu[e],,r1563
methf[c],,r1564
ppbng[c],,r1565
hmbil[c],,r1566
4ppan[c],,r1567
4ppcys[c],,r1568
phom[c],,r1569
HC01434[c],,r1570
HC01668[c],,r1571
gua[e],,r1573
fprica[c],,r1574
glcr[e],,r1575
hxan[e],,r1576
xyl__D[e],,r1578
gal1p[c],,r1579
im4ac[c],,r1580
4izp[c],,r1581
pydxn[e],,r1583
pydx[e],,r1584
pydam[e],,r1585
4hbz[e],,r1586
34dhpha[e],,r1587
etoh[e],,r1588
acald[e],,r1589
mqn8[e],,r1590
phpyr[e],,r1591
tym[e],,r1592
2hyoxplac[e],,r1593
lanost[e],,r1594
3mox4hoxm[e],,r1595
glx[e],,r1596
CE4970[c],,r1597
CE4970[e],,r1598
CE2026[c],,r1599
CE2026[e],,r1600
CE4968[c],,r1602
CE4968[e],,r1603
actyr[m],,r1604
actyr[c],,r1605
actyr[e],,r1606
sucacetat[c],,r1607
sucaceto[c],,r1608
sucaceto[e],,r1609
vanilpyr[c],,r1610
vanillac[c],,r1611
CE2176[m],,r1612
nacvanala[m],,r1613
nacvanala[c],,r1614
nacvanala[e],,r1615
vanillac[e],,r1616
2h3mv[c],,r1617
2h3mv[e],,r1621
2hiv[c],,r1625
2hiv[e],,r1627
2m3hbu[m],,r1628
2m3hbu[c],,r1629
2m3hbu[e],,r1630
2m3ovcoa[m],,r1631
2m3ovac[m],,r1632
2m3ovac[c],,r1633
2m3hvac[c],,r1634
2m3hvac[e],,r1635
3h3mglt[c],,r1636
3h3mglt[e],,r1637
3mglutac[m],,r1638
3mglutac[c],,r1639
3mglutac[e],,r1640
3mglutr[c],,r1641
3mglutr[e],,r1642
ppiogly[m],,r1643
ppiogly[c],,r1645
ppiogly[e],,r1646
mvlac[c],,r1648
mvlac[e],,r1649
tiggly[m],,r1650
tiggly[c],,r1651
tiggly[e],,r1652
td2glutrcoa[m],,r1653
3hglutcoa[m],,r1654
3ohglutac[m],,r1655
3ohglutac[c],,r1656
3ohglutac[e],,r1657
glutacoa[m],,r1658
glutcon[m],,r1659
glutcon[c],,r1660
glutcon[e],,r1661
3hivac[m],,r1662
3hivac[c],,r1664
3hivac[e],,r1665
3hadicoa[x],,r1666
3hadpac[x],,r1668
3hadpac[c],,r1669
3hadpac[e],,r1670
3ohsebcoa[x],,r1671
3ohsebac[x],,r1672
3ohsebac[c],,r1673
3ohsebac[e],,r1674
3ohsubcoa[x],,r1675
3ohsubac[x],,r1676
3ohsubac[c],,r1677
3ohsubac[e],,r1678
caproic[c],,r1679
5ohhexa[c],,r1680
5ohhexa[e],,r1681
7ohocata[c],,r1682
7ohocata[e],,r1683
ethmalcoa[c],,r1684
ethmalac[c],,r1685
ethmalac[e],,r1686
hexgly[c],,r1687
hexgly[e],,r1690
methsuccoa[c],,r1691
methsucc[c],,r1692
methsucc[e],,r1693
subgly[c],,r1695
subgly[e],,r1696
4ohbut[m],,r1698
4ohbut[c],,r1700
4ohbut[e],,r1701
peste_hs[c],,r1702
2hydog[c],,r1705
2hydog[e],,r1706
glutar[c],,r1707
glutar[e],,r1708
thexdd[m],,r1710
thexdd[c],,r1711
thexdd[e],,r1713
hexdtr[m],,r1715
hexdtr[c],,r1716
hexdtr[e],,r1717
hpdececoa[m],,r1720
hpdece[m],,r1721
hpdece[c],,r1722
hpdece[e],,r1723
eic21114tr[c],,r1725
eic21114tr[e],,r1726
5eipenc[m],,r1728
5eipenc[c],,r1730
5eipenc[e],,r1731
T4hcinnm[c],,r1732
T4hcinnm[e],,r1733
agm[c],,r1734
agm[e],,r1735
andrstndn[e],,r1736
eandrstrn[c],,r1737
eandrstrn[e],,r1738
ahandrostan[c],,r1739
ahandrostan[e],,r1740
andrstandn[c],,r1741
andrstandn[e],,r1742
CE2209[e],,r1743
C05301[e],,r1744
C05299[e],,r1745
C05302[e],,r1746
CE5072[e],,r1747
11docrtsl[e],,r1748
11docrtstrn[e],,r1749
prgnlone[e],,r1750
CE2211[e],,r1751
17ahprgstrn[e],,r1752
17ahprgnlone[e],,r1753
C03681[e],,r1754
prgnlones[e],,r1755
CE1352[e],,r1756
mma[e],,r1757
C05769[e],,r1758
mhista[e],,r1759
CE2006[e],,r1760
n8aspmd[e],,r1761
CE4890[e],,r1762
C09642[e],,r1763
ppp9[e],,r1764
mlthf[e],,r1765
trypta[e],,r1766
selmeth[e],,r1767
selmeth[c],,r1768
CE7090[c],,r1769
CE7090[e],,r1770
CE7085[e],,r1771
CE7096[e],,r1772
CE4877[e],,r1773
CE1447[c],,r1774
CE1447[e],,r1775
C05770[e],,r1776
CE2705[e],,r1777
13dampp[e],,r1778
hdd2crn[e],,r1779
N1aspmd[e],,r1780
CE1918[e],,r1781
34dhoxmand[e],,r1782
CE6205[e],,r1783
1a25dhvitd3[e],,r1784
CE4969[c],,r1785
CE4969[e],,r1786
CE1310[c],,r1787
CE1310[e],,r1788
4hbz[c],,r1789
sucsal[c],,r1790
sucsal[e],,r1791
CE7081[r],,r1792
CE7081[c],,r1796
CE7081[e],,r1797
egme[c],,r1798
egme[e],,r1799
12harachd[c],,r1800
12harachd[e],,r1801
18harachd[c],,r1803
18harachd[e],,r1805
sql[c],,r1806
sql[e],,r1807
orn__D[c],,r1808
orn__D[e],,r1809
5g2oxpt[c],,r1810
5g2oxpt[e],,r1811
dhea[e],,r1812
estrone[e],,r1813
C05298[e],,r1814
HC02020[c],,r1815
HC02020[e],,r1816
xol24oh[c],,r1817
xol24oh[e],,r1818
xol27oh[e],,r1819
xol25oh[c],,r1820
xol25oh[e],,r1821
dsmsterol[e],,r1822
chsterols[e],,r1823
3ityr__L[e],,r1824
35diotyr[e],,r1825
13_cis_retn[e],,r1826
CE1617[e],,r1827
HC00005[e],,r1828
HC00009[e],,r1829
idl_hs[e],,r1830
ldl_hs[e],,r1831
HC00006[e],,r1832
HC00007[e],,r1833
HC00008[e],,r1834
hdl_hs[e],,r1835
myelin_hs[c],,r1836
HC00460[e],,r1837
fna5moxam[e],,r1841
CE5643[e],,r1842
CE1401[e],,r1843
glucys[e],,r1844
melatn[e],,r1846
6hoxmelatn[e],,r1847
C10164[e],,r1848
C05767[e],,r1850
ppbng[e],,r1851
12ppd__R[e],,r1852
ametam[e],,r1853
xylu__L[e],,r1854
xylu__D[e],,r1855
CE0737[e],,r1856
sphings[e],,r1857
im4ac[e],,r1858
aact[e],,r1859
sphgn[e],,r1860
C13856[e],,r1861
prist[e],,r1862
CE2049[e],,r1863
CE2047[e],,r1864
fdp[e],,r1865
coke[e],,r1866
coke[c],,r1867
5a2opntn[e],,r1871
5a2opntn[c],,r1872
arg__D[c],,r1873
arg__D[e],,r1874
dopa4sf[c],,r1876
dopa4glcur[c],,r1877
dopa3glcur[c],,r1879
34dhpe[c],,r1880
dopa4sf[e],,r1881
dopa4glcur[e],,r1882
dopa3glcur[e],,r1883
CE5026[e],,r1884
5cysgly34dhphe[e],,r1885
CE1261[e],,r1886
6hddopaqn[c],,r1887
5cysdopa[c],,r1888
23dh1i56dio[c],,r1889
4glu56dihdind[c],,r1890
ind56qn[c],,r1891
4glu56dihdind[e],,r1892
5cysdopa[e],,r1893
CE5025[e],,r1894
CE2172[e],,r1895
CE5629[e],,r1896
Rtotal[r],,r1897
dhcrm_hs[r],,r1898
Rtotal[g],,r1899
sphings[g],,r1900
dhcrm_hs[g],,r1901
sphgn[g],,r1902
phcrm_hs[g],,r1903
phsphings[g],,r1904
phcrm_hs[r],,r1905
phsphings[r],,r1906
galgluside_hs[e],,r1907
gluside_hs[e],,r1908
gm1_hs[l],,r1909
gm2_hs[l],,r1910
ga1_hs[l],,r1911
ga2_hs[l],,r1912
gd1b_hs[l],,r1913
gd2_hs[l],,r1914
phcrm_hs[c],,r1915
gd3_hs[e],,r1916
gm3_hs[e],,r1917
ga1_hs[e],,r1918
gd3_hs[l],,r1919
thcrm_hs[l],,r1920
atp[g],,r1921
adp[g],,r1922
gm1_hs[e],,r1923
gm2_hs[e],,r1924
gm3_hs[l],,r1925
gd1a_hs[c],,r1926
gm1_hs[c],,r1928
gd1b_hs[c],,r1929
gt1b_hs[c],,r1930
ga1_hs[c],,r1931
gm2_hs[c],,r1932
ga2_hs[c],,r1933
gm1b_hs[e],,r1934
gd1a_hs[e],,r1935
gd1b_hs[e],,r1936
gt1b_hs[e],,r1937
gd2_hs[e],,r1938
gd1a_hs[n],,r1939
gm1_hs[n],,r1940
dag_hs[g],,r1941
pchol_hs[n],,r1942
sphmyln_hs[n],,r1943
phsphings[c],,r1944
phsph1p[c],,r1945
sphings[n],,r1946
sphs1p[n],,r1947
sphgn[n],,r1948
sph1p[n],,r1949
cholp[n],,r1950
cmpacna[e],,r1951
gda1_hs[n],,r1952
hhxdcal[c],,r1953
34dhpe[e],,r1954
gd3_hs[m],,r1955
h2o2[r],,r1956
15HPET[n],,r1957
15HPET[x],,r1958
15HPET[r],,r1959
M02956[e],,r1960
M00234[e],,r1961
M01807[e],,r1962
M00503[e],,r1963
M00241[e],,r1964
M00510[e],,r1965
M01820[e],,r1966
M02560[e],,r1967
M00003[e],,r1968
M00008[e],,r1969
M00010[e],,r1970
M00017[e],,r1971
M00019[e],,r1972
M00021[e],,r1973
M00115[e],,r1974
M00117[e],,r1975
M00260[e],,r1976
M00265[e],,r1977
M00315[e],,r1978
M00341[e],,r1979
M01197[e],,r1980
M01207[e],,r1981
M01235[e],,r1982
M01238[e],,r1983
M01582[e],,r1984
M02053[e],,r1985
M02457[e],,r1986
M02613[e],,r1987
M02745[e],,r1988
M03045[e],,r1989
M03051[e],,r1990
M03153[e],,r1991
M02561[e],,r1992
M02909[e],,r1993
C01601[e],,r1994
M02108[e],,r1995
M03117[e],,r1996
M03134[e],,r1997
caproic[e],,r1998
xolest2_hs[l],,r1999
xolest2_hs[r],,r2000
M03134[c],,r2001
M02694[c],,r2002
M02694[m],,r2003
M02108[c],,r2004
M02107[c],,r2005
M02107[m],,r2006
M02616[c],,r2007
M02616[m],,r2008
M03117[c],,r2009
M03116[c],,r2010
M03116[m],,r2011
M03051[c],,r2012
M03050[c],,r2013
M00129[c],,r2014
M00117[c],,r2015
HC10784[c],,r2016
M02745[c],,r2017
M01141[c],,r2018
M01197[c],,r2019
M01191[c],,r2020
M00003[c],,r2021
M00004[c],,r2022
M01238[c],,r2023
M01237[c],,r2024
M00019[c],,r2026
M00020[c],,r2027
vacccoa[c],,r2028
M00127[c],,r2029
M00115[c],,r2030
M00116[c],,r2031
M02613[c],,r2032
M02612[c],,r2034
M00017[c],,r2035
M00018[c],,r2036
M01235[c],,r2037
M01236[c],,r2038
M01207[c],,r2039
M00123[c],,r2040
M02457[c],,r2041
M00101[c],,r2042
M02053[c],,r2043
M02052[c],,r2044
M01582[c],,r2045
M00006[c],,r2046
M03045[c],,r2047
M03047[c],,r2048
M03153[c],,r2049
M02112[c],,r2050
M00010[c],,r2051
M00012[c],,r2052
M00341[c],,r2053
M00343[c],,r2054
M00260[c],,r2055
M00315[c],,r2056
M00008[c],,r2057
M00021[c],,r2058
M00023[c],,r2059
M00265[c],,r2060
clpn_hs[m],,r2061
HC02042[c],,r2062
HC02048[c],,r2063
HC02054[c],,r2064
HC02050[c],,r2065
HC02056[c],,r2066
HC02051[c],,r2067
HC02057[c],,r2068
HC02060[c],,r2069
M02686[c],,r2070
M02758[c],,r2071
HC02070[c],,r2073_1
HC02076[c],,r2079
sphmyln_hs[r],,r2080
galgluside_hs[r],,r2081
galgbside_hs[c],,r2082
M02197[c],,r2083
M02491[c],,r2084
M03131[c],,r2085
gm1b_hs[c],,r2086
gm3_hs[c],,r2087
M02012[l],,r2088
M02013[l],,r2089
gd2_hs[c],,r2090
acglcgalgluside_hs[c],,r2091
galacglcgalgluside_hs[c],,r2092
M02195[c],,r2093
acgalfucgalacglcgalgluside_hs[c],,r2094
galfucgalacglcgalgluside_hs[c],,r2095
M02683[c],,r2096
acngal14acglcgalgluside_hs[c],,r2097
acglcgal14acglcgalgluside_hs[c],,r2098
galacglcgal14acglcgalgluside_hs[c],,r2099
acglcgalacglcgal14acglcgalgluside_hs[c],,r2100
M02186[c],,r2101
M02490[c],,r2102
M01881[c],,r2103
C01747[c],,r2104
5HPET[m],,r2105
CE6246[c],,r2106
arachd[n],,r2107
12HPET[r],,r2108
gthox[r],,r2109
M01111[e],,r2110
HC02217[r],,r2111
HC02180[r],,r2112
CE6232[c],,r2113
HC01118[c],,r2114
Ssq23epx[c],,r2115
M00939[c],,r2116
M00937[c],,r2117
44mzym[c],,r2118
M00961[c],,r2119
M00957[c],,r2120
4mzym_int1[c],,r2121
4mzym_int2[c],,r2122
HC02110[c],,r2123
M00963[c],,r2124
M00959[c],,r2125
M00955[c],,r2126
M01067[c],,r2127
zymst[c],,r2128
chlstol[c],,r2129
M00940[c],,r2130
M00938[c],,r2131
M00942[c],,r2132
M00962[c],,r2133
M00958[c],,r2136
M00954[c],,r2139
M00966[c],,r2140
M00967[c],,r2141
M00964[c],,r2142
M00960[c],,r2143
M00956[c],,r2144
M01068[c],,r2145
cholcoar[c],,r2146
cholcoas[m],,r2147
HC01459[m],,r2148
cholcoaone[m],,r2149
M00978[c],,r2150
M00976[c],,r2151
M01081[c],,r2152
M01083[c],,r2153
M01077[c],,r2154
M01080[c],,r2155
M01077[m],,r2156
M01080[m],,r2157
M01076[m],,r2158
M01079[m],,r2159
M00746[m],,r2160
M00753[m],,r2161
M02977[m],,r2162
M00742[m],,r2163
M02977[c],,r2164
M00742[c],,r2165
M00615[c],,r2166
M00743[c],,r2167
M00615[x],,r2168
M00743[x],,r2169
M00625[m],,r2170
M00625[c],,r2171
M00979[c],,r2172
M00977[c],,r2173
M01082[c],,r2174
M01084[c],,r2175
20ahchsterol[r],,r2176
M01989[c],,r2177
M02155[c],,r2178
M00606[m],,r2179
M00579[m],,r2180
M00605[c],,r2181
M00406[c],,r2182
M01075[c],,r2183
M01075[r],,r2184
M02760[c],,r2185
M02761[c],,r2186
M00603[c],,r2187
M00285[c],,r2188
M00429[m],,r2189
hestratriol[l],,r2190
CE5253[c],,r2191
CE5253[l],,r2192
3ohxccoa[c],,r2193
M00783[c],,r2194
M00049[c],,r2195
M00887[c],,r2196
M00790[c],,r2197
M00054[c],,r2198
M00873[c],,r2199
M00778[c],,r2200
M00044[c],,r2201
M00907[c],,r2202
M00802[c],,r2203
M00067[c],,r2204
M00879[c],,r2205
M00715[c],,r2206
M03016[c],,r2207
M00843[c],,r2208
M00702[c],,r2209
M03014[c],,r2210
M00852[c],,r2211
M00707[c],,r2212
M03018[c],,r2213
M00839[c],,r2214
M00699[c],,r2215
M03011[c],,r2216
M00871[c],,r2217
M00704[c],,r2218
M03017[c],,r2219
CE4791[c],,r2220
M00860[c],,r2221
M00085[c],,r2222
M03008[c],,r2223
M00869[c],,r2224
M00086[c],,r2225
M03005[c],,r2226
M00862[c],,r2227
M00712[c],,r2228
M03006[c],,r2229
M01729[c],,r2230
M01729[m],,r2231
M02973[c],,r2232
M02973[m],,r2233
M00129[m],,r2234
M02976[c],,r2235
M02976[m],,r2236
M01141[m],,r2237
M01191[m],,r2238
M02102[c],,r2239
M02102[m],,r2240
M00004[m],,r2241
M02103[c],,r2242
M02103[m],,r2243
M01237[m],,r2244
M00020[m],,r2245
vacccrn[c],,r2246
vacccrn[m],,r2247
vacccoa[m],,r2248
M00127[m],,r2249
M02638[c],,r2250
M02638[m],,r2251
M00116[m],,r2252
M02611[c],,r2253
M02611[m],,r2254
M02612[m],,r2255
M01776[c],,r2256
M01776[m],,r2257
M00018[m],,r2258
M01777[c],,r2259
M01777[m],,r2260
CE5151[m],,r2261
M01775[c],,r2262
M01775[m],,r2263
M01236[m],,r2264
M00122[c],,r2265
M00122[m],,r2266
M00123[m],,r2267
M00100[c],,r2268
M00100[m],,r2269
M00101[m],,r2270
M02051[c],,r2271
M02051[m],,r2272
M02052[m],,r2273
M01724[c],,r2274
M01724[m],,r2275
docoscoa[m],,r2276
M01727[c],,r2277
M01727[m],,r2278
CE5155[m],,r2279
M01726[c],,r2280
M01726[m],,r2281
M00006[m],,r2282
M02637[c],,r2283
M02637[m],,r2284
M00011[c],,r2285
M00011[m],,r2286
M00012[m],,r2287
M00342[c],,r2288
M00342[m],,r2289
M00343[m],,r2290
M00261[c],,r2291
M00261[m],,r2292
CE4854[m],,r2293
M01770[c],,r2294
M01770[m],,r2295
CE4843[m],,r2296
M00022[c],,r2297
M00022[m],,r2298
M00023[m],,r2299
M00263[c],,r2300
M00263[m],,r2301
CE4847[m],,r2302
stcrn[r],,r2303
odecrn[r],,r2304
M01724[r],,r2305
docoscoa[r],,r2306
M02637[r],,r2307
strdnccrn[r],,r2308
strdnccoa[r],,r2309
tmndnccrn[r],,r2310
lnlncgcrn[r],,r2311
dlnlcgcrn[r],,r2312
ddca[r],,r2313
ddcacoa[r],,r2314
M03051[r],,r2315
M03050[r],,r2316
ttdca[r],,r2317
tdcoa[r],,r2318
M02745[r],,r2319
M01141[r],,r2320
ttdcea[r],,r2321
M00129[r],,r2322
M00117[r],,r2323
HC10784[r],,r2324
ptdca[r],,r2325
ptdcacoa[r],,r2326
M01197[r],,r2327
M01191[r],,r2328
hpdca[r],,r2329
hpdcacoa[r],,r2330
M00003[r],,r2331
M00004[r],,r2332
M01238[r],,r2333
M01237[r],,r2334
elaid[r],,r2335
M00127[r],,r2338
M00019[r],,r2341
M00020[r],,r2342
vacc[r],,r2343
vacccoa[r],,r2344
lneldc[r],,r2346
lneldccoa[r],,r2347
M02613[r],,r2352
M02612[r],,r2353
arach[r],,r2354
arachcoa[r],,r2355
CE2510[r],,r2356
CE5151[r],,r2357
M00017[r],,r2358
M00018[r],,r2359
M01235[r],,r2360
M01236[r],,r2361
M01207[r],,r2362
M00123[r],,r2363
M02457[r],,r2364
M00101[r],,r2365
M02053[r],,r2366
M02052[r],,r2367
doco13ac[r],,r2368
CE5155[r],,r2369
M01582[r],,r2371
M00006[r],,r2372
M03045[r],,r2374
M03047[r],,r2375
lgnc[r],,r2376
ttccoa[r],,r2377
nrvnc[r],,r2378
nrvnccoa[r],,r2379
hexc[r],,r2380
hexccoa[r],,r2381
M03153[r],,r2382
M02112[r],,r2384
eicostet[r],,r2385
eicostetcoa[r],,r2386
clpnd[r],,r2387
clpndcoa[r],,r2388
tetpent3[r],,r2389
tetpent3coa[r],,r2390
crvnc[r],,r2391
c226coa[r],,r2392
M00010[r],,r2393
M00012[r],,r2394
M00341[r],,r2395
M00343[r],,r2396
adrn[r],,r2397
adrncoa[r],,r2398
tettet6[r],,r2399
tettet6coa[r],,r2400
dcsptn1[r],,r2401
dcsptn1coa[r],,r2402
M00008[r],,r2403
CE4843[r],,r2404
M00021[r],,r2405
M00023[r],,r2406
M03047[x],,r2407
CE4855[x],,r2408
M02112[x],,r2409
M00049[x],,r2410
M00783[x],,r2411
CE2245[x],,r2412
CE2249[x],,r2413
CE2253[x],,r2416
CE2242[x],,r2419
CE2246[x],,r2420
CE2250[x],,r2425
CE2243[x],,r2434
CE2247[x],,r2437
CE2251[x],,r2438
od2coa[x],,r2439
CE2248[x],,r2444
HC01415[x],,r2447
HC01405[x],,r2449
HC01406[x],,r2465_1
HC01407[x],,r2472
HC01408[x],,r2482
CE2242[m],,r2483
CE2246[m],,r2484
CE2250[m],,r2485
CE2243[m],,r2486
CE2247[m],,r2487
CE2251[m],,r2488
CE2248[m],,r2489
3ohodcoa[m],,r2490
M00044[m],,r2491
M00778[m],,r2492
M00873[m],,r2493
M00054[m],,r2494
M00790[m],,r2495
M00887[m],,r2496
M00046[m],,r2497
M00780[m],,r2498
M00875[m],,r2499
M00061[m],,r2501
M00795[m],,r2502
M00897[m],,r2503
M03050[m],,r2505
M00069[m],,r2516
M00804[m],,r2517
M00909[m],,r2518
M00071[m],,r2520
M00806[m],,r2526
M00911[m],,r2532
M00056[m],,r2534
M00792[m],,r2535
M00889[m],,RAI3
M00048[m],,RBFK
M00782[m],,RBK
M00877[m],,RBK_Dr
M00063[m],,RDH1
M00797[m],,RDH1a
M00899[m],,RDH2
CE5154[m],,RDH2a
CE5153[m],,RDH3
CE5152[m],,RDH3a
CE5150[m],,RDH4
CE5148[m],,RE0453M
CE5144[m],,RE0453N
M03019[m],,RE0456N
M00172[m],,RE0512M
M00849[m],,RE0512X
M03022[m],,RE0565C
M01573[m],,RE0568C
M00885[m],,RE0569C
M03014[m],,RE0569E
M00702[m],,RE0577C
M00843[m],,RE0578C
M03024[m],,RE0579C_1
M00170[m],,RE0688E
M00841[m],,RE0689E
M03016[x],,RE0690E
M00715[x],,RE0827E
M00879[x],,RE0828E
CE5158[x],,RE0830N
CE5157[x],,RE0912C
CE5156[x],,RE0915E
CE5155[x],,RE0926E
CE5154[x],,RE0935E
CE5153[x],,RE0936E
CE5152[x],,RE0937E
CE5151[x],,RE0938E
CE5150[x],,RE0944E
CE5148[x],,RE0958E
CE5144[x],,RE1050E
HC10856[x],,RE1099C
HC10857[x],,RE1233C
HC10858[x],,RE1441R_1
M01191[x],,RE1447M_1
M03019[x],,RE1448R_1
M00172[x],,RE1516M
M00849[x],,RE1516X
M01141[x],,RE1517M
M03022[x],,RE1517X
M01573[x],,RE1518M
M00885[x],,RE1518X
CE5116[m],,RE1519X
CE5114[m],,RE1520M
CE4791[m],,RE1520X
CE4793[m],,RE1521M
CE2437[m],,RE1521X
CE2438[m],,RE1522M
CE2439[m],,RE1522X
CE2440[m],,RE1523M
CE2441[m],,RE1523X
ac[x],,RE1525M
M01498[r],,RE1525X
M01510[r],,RE1526M
M01501[r],,RE1526X
M01487[r],,RE1527M
M01479[r],,RE1527X
M01470[r],,RE1530M
M01506[r],,RE1531M
M01477[r],,RE1531X
M01495[r],,RE1532M
M01454[r],,RE1532X
M01485[r],,RE1533M
M01464[r],,RE1533X
M01489[r],,RE1534M
M01486[r],,RE1534X
M01474[r],,RE1573M
M01502[r],,RE1573X
M01492[r],,RE1709N
M01463[r],,RE1796M
M01458[r],,RE1804M
M01484[r],,RE1807M
M01481[r],,RE1834C
M01469[r],,RE1834M
M01494[r],,RE1834X
M01491[r],,RE1835C
M01462[r],,RE1845C
M01457[r],,RE1846C
M01509[r],,RE1860E
M01508[r],,RE1957R_1
M01465[r],,RE2030M
M01496[r],,RE2111M
M01497[r],,RE2112R
M01473[r],,RE2147C
M01480[r],,RE2223M
M01468[r],,RE2235R
M01475[r],,RE2269E
M01482[r],,RE2270E
M01471[r],,RE2273E
M01466[r],,RE2304E
M01455[r],,RE2349C
M01460[r],,RE2404C
M01490[r],,RE2405C
M01476[r],,RE2427M
M01483[r],,RE2428M
M01472[r],,RE2429M
M01467[r],,RE2445E
M01456[r],,RE2514E
M01461[r],,RE2541C
amp[n],,RE2541E
HC01609[c],,RE2624M
nadh[e],,RE2624X
dsT_antigen[c],,RE2625M
M00245[c],,RE2626M
h2co3[e],,RE2635R
dhlam[c],,RE2636R
pail5p_hs[g],,RE2637C
pail_hs[g],,RE2637X
retinol[r],,RE2638C
coucoa[c],,RE2640C
4hbzcoa[c],,RE2644C
M00658[m],,RE2649C
M01165[m],,RE2649M
M00770[m],,RE2660N
peplys[c],,RE2677R_1
M00213[c],,RE2717L
Ndmelys[c],,RE2759X
Ntmelys[c],,RE2766C
M01871[g],,RE2888C_1
M01872[g],,RE2912M
M01872[e],,RE2972M_1
sTn_antigen[c],,RE2973N_1
Ser_Gly_Ala_X_Gly[c],,RE2985M
doldp__L[c],,RE2985X
M01869[g],,RE2986X
M01870[g],,RE2987X
M01870[e],,RE2988X
Ser_Gly_Ala_X_Gly[g],,RE2989X
M00673[c],,RE2990X
M01389[c],,RE2991X
ditp[e],,RE2992M
HC01361[c],,RE2992X
hnifedipine[e],,RE2993X
HC02057[r],,RE2994X
M02446[c],,RE2996X
M02446[e],,RE2997X
M02447[c],,RE2998M
M02447[e],,RE2999M
M02449[c],,RE3000M
M02449[e],,RE3001M
M02451[c],,RE3002X
M02451[e],,RE3003M
M01966[c],,RE3004M
itacon[c],,RE3005M
itacon[e],,RE3006M
adpman[e],,RE3010C
rbl__D[e],,RE3010M
M01966[e],,RE3010X
M02155[e],,RE3011M
M01989[e],,RE3012C
M02837[e],,RE3012M
M02035[c],,RE3012R
M02035[e],,RE3014R
M02467[c],,RE3015R
M02467[e],,RE3036C
gpi_sig[c],,RE3038C
m3gacpail_prot_hs[c],,RE3040C
mem2emgacpail_prot_hs[c],,RE3041C
gpi_sig[e],,RE3074X
M01881[e],,RE3079X
M03131[e],,RE3081X
n5m2masn[c],,RE3082X
n5m2masn[e],,RE3086X
hretn[e],,RE3095C
kdn[e],,RE3103C
m3gacpail_prot_hs[e],,RE3110C
core5[c],,RE3114R
core7[c],,RE3120C
core8[c],,RE3132R
mem2emgacpail_prot_hs[e],,RE3134C
dolichol__L[e],,RE3146R
M03167[c],,RE3151C
M03168[m],,RE3156X
12dhchol[c],,RE3157X
12dhchol[e],,RE3158X
3dhchol[c],,RE3159X
3dhcdchol[c],,RE3160R
3dhcdchol[e],,RE3161C
3dhchol[e],,RE3165C
3dhdchol[c],,RE3170C
3dhdchol[e],,RE3174C
3dhlchol[c],,RE3177M
3dhlchol[e],,RE3178M
7dhcdchol[c],,RE3179M
7dhcdchol[e],,RE3185M
7dhchol[c],,RE3186M
7dhchol[e],,RE3189M
ca24g[c],,RE3190M
ca24g[r],,RE3191M
ca24g[e],,RE3192M
ca3s[c],,RE3193M
ca3s[e],,RE3194M
cdca24g[c],,RE3195M
cdca24g[r],,RE3218C
cdca24g[e],,RE3220C
cdca3g[c],,RE3224C
cdca3g[r],,RE3225C
cdca3g[e],,RE3226C
hyochol[c],,RE3241C
coprost[c],,RE3247M
coprost[e],,RE3247X
dca24g[c],,RE3251M
dca24g[r],,RE3258C
dca24g[e],,RE3259C
dca3g[c],,RE3268R_1
dca3g[r],,RE3273C_1
dca3g[e],,RE3273R_1
dca3s[c],,RE3301C_1
dca3s[e],,RE3307C
gca3s[c],,RE3346C
gcdca3s[c],,RE3346M
gdca3s[c],,RE3367E
gudca3s[c],,RE3381C
hca24g[c],,RE3381E
hca6g[c],,RE3430C_1
hdca24g[c],,RE3432C
hdca6g[c],,RE3432M
icdchol[c],,RE3432X
isochol[c],,RE3470C
lca24g[c],,RE3470M
lca3g[c],,RE3476C
lca3s[c],,RE3476M
tca3s[c],,RE3488R
tcdca3s[c],,RE3520E
tdca3s[c],,RE3525C
thyochol[c],,RE3526C
tudca3s[c],,RE3597C
uchol[c],,RE3597M
udca3s[c],,RE3597X
gca3s[e],,RE3624M
gcdca3s[e],,RE3626M
gdca3s[e],,RE3628M
gudca3s[e],,RETABCtc
hca24g[e],,RETt
hca6g[e],,RIBFLVt3
hdca24g[e],,RIBFLVt3o
hdca6g[e],,RNDR1
hyochol[e],,RNDR2
icdchol[e],,RNDR3
isochol[e],,RNDR4
lca24g[e],,RNMK
lca3g[e],,RNTR1
lca3s[e],,RNTR2
tca3s[e],,RNTR3
tcdca3s[e],,RNTR4
tdca3s[e],,RPE
thyochol[e],,RPEc
tudca3s[e],,RPI
uchol[e],,RSVATPtu
udca3s[e],,RSVLACteb
hyochol[r],,RSVSPONhc
hca24g[r],,RSVtu
hca6g[r],,RTOTAL2FATPc
M02155[r],,RTOTAL3CRNCPT1
hdca24g[r],,RTOTAL3CRNCPT2
hdca6g[r],,RTOTAL3CRNt
lca24g[r],,RTOTALFATPc
lca3g[r],,S23T2g
tacr[r],,S23T4g
12htacr[r],,S23Tg
12htacr[c],,S2T1g
12htacr[e],,S2T2g
13dmt[r],,S2T3g
1331tacr[r],,S2T4g
31dmt[r],,S2TASE1ly
1331tacr[c],,S2TASE2ly
1331tacr[e],,S2TASE3ly
13dmt[c],,S3T1g
13dmt[e],,S3T2g
4ohmdz[r],,S3T3g
14hmdz[r],,S4T1g
1ohmdz[r],,S4T2g
14hmdz[c],,S4T3g
14hmdz[e],,S4T6g
15dmt[r],,S4TASE1ly
1513tacr[r],,S4TASE2ly
1513tacr[c],,S4TASE3ly
1513tacr[e],,S4TASE4ly
1531tacr[r],,S4TASE5ly
1531tacr[c],,S6T16g
1531tacr[e],,S6T17g
15dmt[c],,S6T18g
15dmt[e],,S6T19g
1hibupglu__S[c],,S6T1g
1hibupglu__S[e],,S6T20g
1hibup__S[r],,S6T21g
1hibupglu__S[r],,S6T22g
1hibup__S[c],,S6T23g
1hibup__S[e],,S6T24g
1hmdgluc[r],,S6T25g
1hmdgluc[e],,S6T2g
1hmdgluc[c],,S6T3g
mdz[r],,S6TASE10ly
1ohmdz[c],,S6TASE11ly
1ohmdz[e],,S6TASE12ly
2hatvacid[c],,S6TASE13ly
2hatvlac[c],,S6TASE14ly
2hatvacid[r],,S6TASE15ly
2hatvacidgluc[r],,S6TASE16ly
2hatvacidgluc[c],,S6TASE17ly
2hatvacidgluc[e],,S6TASE18ly
atvacid[r],,S6TASE19ly
2hatvacid[e],,S6TASE1ly
2hatvlac[r],,S6TASE20ly
2hatvlacgluc[r],,S6TASE21ly
2hatvlacgluc[c],,S6TASE22ly
2hatvlacgluc[e],,S6TASE23ly
atvlac[r],,S6TASE24ly
2hatvlac[e],,S6TASE25ly
2hibupglu__S[c],,S6TASE26ly
2hibupglu__S[e],,S6TASE2ly
2hibup__R[c],,S6TASE3ly
2hibup__R[e],,S6TASE4ly
2hibup__S[r],,S6TASE5ly
2hibupglu__S[r],,S6TASE6ly
2hibup__S[c],,S6TASE7ly
2hibup__S[e],,S6TASE8ly
31dmt[c],,S6TASE9ly
31dmt[e],,SACCD3m
pvs[r],,SACCD4m
35dhpvs[r],,SADT
35dhpvs[c],,SALMCOM
35dhpvs[e],,SALMCOM2
smv[r],,SAMHISTA
35dsmv[r],,SAMHISTAe
35dsmv[c],,SARCOXp
35dsmv[e],,SARDHm
3hibupglu__S[c],,SBCOAACOTx
3hibupglu__S[e],,SBPP1
3hibup__R[c],,SBPP1er
3hibup__R[e],,SBPP3
3hibup__S[r],,SBPP3er
3hibupglu__S[r],,SBTD_D2
3hibup__S[c],,SBTR
3hibup__S[e],,SCP21cx
3hlvst[c],,SCP21x
3hlvstacid[c],,SCP22x
3hlvstacid[e],,SCP2x_1
3hpvscoa[m],,SCP3x
3hpvstetcoa[m],,SCPx
3hpvscoa[x],,SEBCOACROT
3hpvstetcoa[x],,SEBCOAPET
3hpvstet[c],,SELMETHte
3hpvstet[e],,SERALANaEx
3hpvs[r],,SERARGALAt
3hpvs[c],,SERARGTRPt
3hpvs[e],,SERASNNaEx
3hsmv[c],,SERATB0tc
3hsmvacid[c],,SERB0AT3tc
3hsmvacid[e],,SERCYSARGt
6hsmv[r],,SERCYSNaEx
3hsmv[r],,SERDGLNexR
pvs[c],,SERDGLYexR
3ispvs[c],,SERD_L
3ispvs[e],,SERGLNexR
3ohacmp[c],,SERGLNNaEx
3meacmp[c],,SERGLYexR
acmp[r],,SERGLYGLUt
3ohacmp[r],,SERHL
3ohacmp[e],,SERLYSHISt
4bhglz[c],,SERLYSNaex
4bhglz[e],,SERPHELYSt
glz[r],,SERPT
4bhglz[r],,SERt2r
4hatvacid[r],,SERt4
4hatvlac[c],,SERTHRNaEx
4hatvacid[c],,SERtN1
4hatvacid[e],,SERTRPHISt
4hatvlac[r],,SFGTHi
4hatvlac[e],,SGPL12r
4hmdgluc[c],,SIAASE2ly
4hmdgluc[e],,SIAASE3ly
4hmdgluc[r],,SIAASE4ly
4ohmdz[c],,SIAASEly
4ohmdz[e],,SIAT4Bg
tripvs[r],,SIAT9g
56dhpvs[r],,SLCBK1
56dhpvs[c],,SLDx
56dhpvs[e],,SMO
3ispvs[r],,SMPD3g
56eppvs[r],,SMPD3l
56eppvs[c],,SMPD4
56eppvs[e],,SMS
5ohfvs[r],,SMS1
5ohfvsglu[r],,SMS10
5ohfvsglu[c],,SMS11
5ohfvsglu[e],,SMS12
fvs[r],,SMS13
5ohfvs[c],,SMS14
5ohfvs[e],,SMS15
6ahglz[c],,SMS16
6ahglz[e],,SMS1S2
6ahglz[r],,SMS2
6bhglz[c],,SMS21e
6bhglz[e],,SMS3
6bhglzglc[c],,SMS4
6bhglzglc[e],,SMS5
6bhglz[r],,SMS6
6bhglzglc[r],,SMS7
6csmv[c],,SMS8
6csmvacid[c],,SMS9
6csmvacid[e],,SMVACIDATPteb
6msmv[r],,SMVACIDhep
6csmv[r],,SMVGLUChep
6epvs[c],,SMVHYDROhep
6epvs[e],,SMVthep
6hlvst[c],,SMVtu
6hlvstacid[c],,SO4CLtex2
6hlvst[e],,SO4HCOtex
6hmsmv[c],,SO4OXAtex2
6hmsmvacid[c],,SO4t4_2
6hmsmvacid[e],,SO4t4_3
6hmsmv[r],,SO4t_e
6hsmv[c],,SOAT12
6hsmvacid[c],,SPHK11
6hsmvacid[e],,SPHK21c
6melvst[c],,SPHK21n
6melvacid[c],,SPHK22n
6melvacid[e],,SPHMYLN180241_hs_ATPt
6melvst[e],,SPHMYLN18114_hs_ATPt
6ohfvsglu[r],,SPHMYLN18115_hs_ATPt
6ohfvsglu[c],,SPHMYLN181161_hs_ATPt
6ohfvsglu[e],,SPHMYLN18116_hs_ATPt
6ohfvs[r],,SPHMYLN18117_hs_ATPt
6ohfvs[c],,SPHMYLN181181_hs_ATPt
6ohfvs[e],,SPHMYLN18118_hs_ATPt
7ahglz[c],,SPHMYLN181201_hs_ATPt
7ahglz[e],,SPHMYLN18120_hs_ATPt
7ahglz[r],,SPHMYLN18121_hs_ATPt
7bhglz[c],,SPHMYLN181221_hs_ATPt
7bhglz[e],,SPHMYLN18122_hs_ATPt
7bhglzglc[c],,SPHMYLN18123_hs_ATPt
7bhglzglc[e],,SPHMYLN1824_hs_ATPt
7bhglz[r],,SPHMYLN1825_hs_ATPt
7bhglzglc[r],,SPHMYLN_HsATPte
7hpvs[r],,SPHPL
7hpvs[c],,SPHS1Pt2e
7hpvs[e],,SPMD3n
allop[e],,SPMS
allop[c],,SPODM
acmp[c],,SPODMe
acmp[e],,SPODMm
acmpglu[r],,SPODMn
acmpglut[e],,SPODMx
acmpglut[c],,SPR
acmpglu[c],,SPRMS
acmpglu[e],,SPRMti
sulpacmp[c],,SPTc
oxyp[c],,SPTix
am1csa[r],,SQLEr
am19cs[r],,SQLSr
am9csa[r],,SR5AR2r
am19cs[c],,SR5ARr
am19cs[e],,SRTNACT
am1acs[c],,SRTNENT4tc
am1a4ncs[c],,SRTNt6_2_r
am1a4ncs[e],,SRTNtu
am1ccs[r],,SSALxm
am1accs[r],,ST3GAL21g
am1accs[c],,ST3GAL22g
am1accs[e],,ST3GAL23g
am1alcs[r],,ST3GAL31g
am1acs[r],,ST3GAL61g
am1acs[e],,ST3GAL62g
am1csa[c],,ST6GALNAC21
am1alcs[c],,ST6GALNAC22
am1alcs[e],,ST6GALNAC23
am1c9cs[c],,ST6GALNAC24
am1c4n9cs[c],,ST6GALNAC26
am1c4n9cs[e],,ST6GALNAC27
am1c9cs[r],,ST6GALNAC28
am1c9cs[e],,ST6GALNAC31_1
csa[r],,ST6GALNAC61
am1ccs[c],,ST6GALNAC62
am1ccs[e],,ST8SIA11
am1cglc[r],,ST8SIA12
am1cglc[c],,ST8SIA13e
am1cglc[e],,ST8SIA51g
am1csa[e],,ST8SIA52g
am9csa[c],,ST8SIA53g
am4n9cs[c],,ST8SIA54g
am4ncs[r],,ST8SIA55g
am4n9cs[r],,ST8SIA56g
am4n9cs[e],,STCOATxc
csa[c],,STCRNte
am4ncs[c],,STEETH
am4ncs[e],,STRDNCCOAtxc
am9csa[e],,STRDNCCPT1
atvacid[e],,STRDNCCPT2
atvacid[c],,STRDNCCRNt
atvlac[c],,STS1
atvethgluc[r],,STS1r
atvacylgluc[r],,STS2
atvlacgluc[r],,STS2r
atvlac[e],,STS3
caribupglu__S[c],,STS3r
caribupglu__S[e],,STS4
caribup__R[c],,STS4r
caribup__R[e],,SUBERCACT
caribup_s[r],,SUBERCROT
caribupglu__S[r],,SUBGLYc
caribup_s[c],,SUCCCROT
caribup_s[e],,SUCCOAPET
crglz[c],,SUCCt4_2
crglz[e],,SUCCt4_3
mhglz[r],,SUCCtm
crglz[r],,SUCD1m
crvsm1[r],,SUCFUMtm
crvsm24[r],,SUCOAS1m
crvsm1[c],,SUCOASm
crvsm1[e],,SUCRe
crvsm23[r],,SULFOX
crvs[e],,SULPACMPtev
crvs[c],,TACRtu
crvsm22[c],,TALA
crvs[r],,TAUBETAtc
cvm1gluc[r],,TAUPAT1c
crvsm22[r],,TAURt4_2_r
cvm23gluc[r],,TAURtcx
crvsm23[c],,TCA3Sabc
crvsm23[e],,TCA3St
crvsm24[c],,TCASULT
crvsm24[e],,TCDCA3Sabc
crvsm31[r],,TCDCA3St
csasulp[c],,TCDCA6AH
csasulp[e],,TCDCASULT
csa[e],,TCHOLABCtc
cysacmp[c],,TCHOLAt
meracmp[c],,TCHOLAt2
cysacmp[e],,TCHOLAt3
crvsm31[c],,TDCA3Sabc
fvs[x],,TDCA3St
deoxfvs[x],,TDCASULT
deoxfvs[c],,TETDECAETH
deoxfvs[e],,TETPENT3CPT1
desfvs[r],,TETPENT3CPT2
desfvs[c],,TETPENT3CRNt
desfvs[e],,TETPENT6CPT1
dhglz[c],,TETPENT6CPT2
dhglz[e],,TETPENT6CRNt
glz[c],,TETTET6CPT1
dspvs[r],,TETTET6CPT2
dspvs[c],,TETTET6CRNt
dspvs[e],,THBPT4ACAMDASE
epoxtac[r],,THCHOLSTOICATP
epoxtac[c],,THCHOLSTOICt
epoxtac[e],,THD1m
fvs[e],,THEXDDm
fvstet[e],,THEXDDtm
fvstetglu[e],,THFATm
glc3meacp[e],,THFt2_1
glz[e],,THMDt2
gtacmp[e],,THMDt4
ibup__R[e],,THMDt5
ibup__S[e],,THMMPt4_1
ibupgluc[e],,THMt3
isolvstacid[e],,THMTP
lst4exp[e],,THMTPt_1
lstn[e],,THRALANaEx
lstn1gluc[e],,THRARGTYRt
lstnm1[e],,THRASNNaEx
lstnm2[e],,THRASNTYRt
lstnm4[e],,THRATB0tc
lstnm5[e],,THRCYSNaEx
lstnm7[e],,THRD_L
lvst[e],,THRGLNexR
mdz[e],,THRGLNGLUt
mdzglc[e],,THRGLNNaEx
meracmp[e],,THRGLNTYRt
mhglz[e],,THRGLYexR
ndersv[e],,THRHISHISt
nfd[e],,THRILEARGt
nfdac[e],,THRMETARGt
nfdlac[e],,THRPHEARGt
nfdnpy[e],,THRPHELAT2tc
nfdoh[e],,THRS
oxyp[e],,THRSERARGt
oxy1rb[e],,THRSERNaEx
oxy7rb[e],,THRt4
profvs[e],,THRTHRARGt
ptvst[e],,THRTYRMETt
ptvstlac[e],,THYMDt1
ptvstm3[e],,THYMDtl
pvs[e],,THYMDtm
pvsgluc[e],,THYMt
rsv[e],,THYOCHOLabc
rsvlac[e],,THYOCHOLt
s3meacmp[e],,THYOCHOLt2
smv[e],,THYOXt
smvacid[e],,THYOXt2
stacmp[e],,THYPX
sulpacmp[e],,TIGGLYc
tacr[e],,TKT1
tauribup__S[e],,TKT2
thrfvs[e],,TMABADH
tlacfvs[e],,TMDK1
tmd[e],,TMDK1m
tmdm1[e],,TMDM1hr
tmdm3[e],,TMDM5hr
tmdm5[e],,TMDOATthc
tripvs[e],,TMDPK
tsacmgluc[e],,TMDPP
tsacmsul[e],,TMDS
fvsgluc[r],,TMLYSOX
fvstet[r],,TMNDNCCPT1
fvstetglu[r],,TMNDNCCPT2
fvstetglu[c],,TMNDNCCRNt
fvstet[c],,TPI
tlacfvs[r],,TRDR
fvs[c],,TRDR2
3meacmp[r],,TRDR3
glc3meacp[r],,TREH
glc3meacp[c],,TREHe
tmacmp[r],,TRIDECETH
gtacmp[r],,TRIODTHYSULT
gtacmp[c],,TRIODTHYt
ibupgluc[c],,TRIODTHYt2
ibup__S[r],,TRIPVShc
ibupgluc[r],,TRIPVSteb
ibup__R[c],,TRPALAPROt
ibupcoa__R[c],,TRPARGALAt
ibup__R[r],,TRPASPASPt
2hibup__R[r],,TRPATB0tc
3hibup__R[r],,TRPB0AT3tc
ibupcoa__S[c],,TRPGLNGLNt
ibup__S[c],,TRPGLUGLYt
tauribup__S[c],,TRPGLULEUt
isolvstacid[c],,TRPGLUPROt
lst4exp[c],,TRPGLUTYRt
lstn[r],,TRPGLYASPt
lst4exp[r],,TRPGLYLEUt
lstn1gluc[r],,TRPGLYPHEt
lstn1gluc[c],,TRPGLYVALt
lstn[c],,TRPHISMETt
lstnm1[r],,TRPHYDRO2
lstnm1[c],,TRPILELYSt
lstnm2[r],,TRPILETRPt
lstnm2[c],,TRPLEUVALt
lstnm4[r],,TRPLYSt
lstnm4[c],,TRPMETARGt
lstnm5[r],,TRPMETVALt
lstnm5[c],,TRPO2
lstnm7[c],,TRPPHEt
lstnm7[r],,TRPPROGLYt
lvstacid[c],,TRPPROLEUt
lvst[c],,TRPPROVALt
lvstacid[e],,TRPSERTYRt
lvstacid[r],,TRPt
6hlvstacid[r],,TRPt4
6melvacid[r],,TRPTHRGLUt
lvst[r],,TRPTHRILEt
3hlvst[r],,TRPTHRTYRt
6hlvst[r],,TRPTYRGLNt
6melvst[r],,TRPTYRTYRt
mdzglc[c],,TRPVALASPt
mdz[c],,TRYPTAOX
mhglz[c],,TRYPTAte
rsv[r],,TSTSTERONEGLCte
ndersv[r],,TSTSTERONESULT
ndersv[c],,TSULt4_3
nfdac[r],,TTDCAtr
nfdoh[r],,TTDCEAc
nfdac[c],,TTDCPT1
nfdnpy[r],,TTDCPT2
nfdoh[c],,TTDCRNt
nfdlac[c],,TUDCA3Sabc
nfdnpy[c],,TUDCA3St
nfd[c],,TUDCASULT
udprib[c],,TXASr
oxy1rb[c],,TYMSULT
oxy7rb[c],,TYMte
fvscoa[x],,TYMte2
profvscoa[x],,TYR3MO2
profvscoa[c],,TYRALAPHEt
profvs[c],,TYRALAt
ptvst[c],,TYRARGGLUt
ptvst[r],,TYRARGSERt
ptvstgluc[r],,TYRASE
ptvstlac[r],,TYRASPARGt
ptvstlac[c],,TYRATB0tc
ptvstm13[r],,TYRB0AT3tc
ptvstm3[c],,TYRCBOX
ptvstm3[r],,TYRCYSGLYt
pvsgluc[r],,TYRCYSTHRt
pvsgluc[c],,TYRDHINDOX
rsv[c],,TYRDOPO
rsvgluc[r],,TYRDOPO3
rsvlac[r],,TYRDOPOX
rsvlac[c],,TYRGLUt
s3meacmp[c],,TYRLEUARGt
smvacid[c],,TYROX
simvgluc[r],,TYROXDAc
smvacid[r],,TYRPHELAT2tc
smv[c],,TYRPHETYRt
tmacmp[c],,TYRt
stacmp[c],,TYRt4
tacr[c],,TYRTA
thrfvs[c],,TYRTAim
thsacmp[r],,TYRTHRt
tlacfvs[c],,TYRTRPPHEt
tmdm1[c],,TYRTYRt
tmd[r],,TYRVALMETt
tmdm1[r],,UAG2EMA
tmdm3[c],,UAG4Ei
tmdm3[r],,UAGDP
tmdm5[c],,UCHOLabc
tmdm5[r],,UCHOLt
tmd[c],,UCHOLt2
tripvs[c],,UDCA3Sabc
tsacmgluc[c],,UDCA3St
tsacmgluc[r],,UDCASULT
thsacmp[c],,UDCHOLt
tsacmsul[c],,UDCHOLt2
3hpvscoa[c],,UDPDOLPT_L
3hpvstetcoa[c],,UDPG3DOPA
fvscoa[c],,UDPG4DOPA
mdzglc[r],,UDPG4E
ptvstm13[c],,UDPGALtg
ptvstm13[e],,UDPGD
acmpglut[r],,UDPGLCAter
cysacmp[r],,UDPGLDCg
gly[r],,UDPGP
napqi[r],,UDPXYLtg
paps[r],,UGALGTg
pap[r],,UGALNACtg
1a25dhvitd2[c],,UGCG
1a25dhvitd2[e],,UGLCNACtg
protein[c],,UGLT
h[i],,UGT1A10r_1
focytb5[c],,UGT1A1r
cmpglna[c],,UGT1A2r
ficytb5[c],,UGT1A3r
HC01115[c],,UGT1A4r
,,UGT1A5r
,,UGT1A5r2
,,UGT1A6r
,,UGT1A7r
,,UGT1A8r
,,UGT1A9r
,,UMPK
,,UMPK2
,,UMPK2n
,,UMPK3
,,UMPK3n
,,UMPK4
,,UMPK4n
,,UMPK5
,,UMPK5n
,,UMPK6
,,UMPK6n
,,UMPK7
,,UMPK7n
,,UMPKn
,,UPP3S
,,UPPDC1
,,UPPN
,,UPPRT
,,URAt
,,URCN
,,UREAt
,,UREAt5
,,UREAtm
,,URIDK2m
,,URIK1
,,URIK2
,,URIt
,,URIt2
,,URIt4
,,URIt5
,,Uritl
,,VACCCPT1
,,VACCCPT2
,,VALARGGLYt
,,VALATB0tc
,,VALB0AT3tc
,,VALHISASNt
,,VALLAT1tc
,,VALLEUPHEt
,,VALLYSTYRt
,,VALPHEARGt
,,VALPHELAT2tc
,,VALPROTRPt
,,VALSERARGt
,,VALt4
,,VALTA
,,VALTAim
,,VALtec
,,VALTRPPHEt
,,VALTRPVALt
,,VALVALt
,,VANILPYRc
,,VITEtl
,,VLCS2p
,,VLCS2r
,,VLCSp
,,VLCSr
,,XAND
,,XANDp
,,XAO
,,XAO2
,,XAO2x
,,XAOx
,,XOL7AH3ATP
,,XOL7AH3t
,,XOL7AONEATP
,,XOL7AONEt
,,XOLDIOLONEATP
,,XOLEST182CEH
,,XOLEST183CEH
,,XOLEST205CEH
,,XOLEST226CEH
,,XYLK
,,XYLR
,,XYLt
,,XYLTer
,,XYLUR
,,HPCLx_1
,,P4503A43r
,,PNTEH
,,DHEASABCCte
,,ESTROSABCCte
,,R03184_PLUS_R00647
,,R01115
,,R01803
,,R01465m
,,BIOMASS_reaction
,,ATPM
,,RETH
,,FUT32g
,,FUT33g
,,FUT34g
,,FUT35g
,,HMR_0870
,,HMR_0873
,,HMR_8271
,,10FTHF5GLUtl
,,10FTHF5GLUtm
,,10FTHF6GLUtl
,,10FTHF6GLUtm
,,10FTHF7GLUtl
,,10FTHF7GLUtm
,,10FTHFtl
,,10FTHFtm
,,11DOCRTSLtm
,,11DOCRTSLtr
,,11DOCRTSTRNtm
,,11DOCRTSTRNtr
,,12HARACHDte
,,12HARACHDtr
,,12HPETATP
,,12HPETUPKt
,,12HTACRitr
,,12HTACRtep
,,12HTACRtu
,,12PPDRte
,,1331TAALThr
,,1331TACRhr
,,1331TACRteb
,,1331TACRtev
,,13_CIS_RETNte
,,13DMThr
,,13DMTitr
,,13DMTtep
,,13DMTtu
,,13HTACRitr
,,14HMDZitr
,,14MDZtev
,,1513DTACRhr
,,1513DTALThr
,,1513TACRitr
,,1513TACRtep
,,1513TACRtu
,,1531TACRhr
,,1531TACRitr
,,1531TACRteb
,,1531TACRtev
,,1531TALThr
,,15DMThr
,,15DMTitr
,,15DMTtep
,,15DMTtu
,,15HPETATP
,,15HPETUPKt
,,15KPROSTGF2t
,,18HARACHDte
,,18HARACHDtr
,,1a_24_25VITD2Hm
,,1a25DHVITD3TRn
,,1A25HVITD2t
,,1A25HVITD2tm
,,1a_25VITD2Hm
,,1HIBUPGLUC_Sthv
,,1HIBUPGLUitr
,,1HIBUP_Sitr
,,1HIBUP_Sthv
,,1HMDGLUCitr
,,1HMDZGLUChc
,,1MNCAMt
,,1MNCAMti
,,1OHMDZitr
,,1OHMDZtep
,,1PPDCRp
,,21HPRGNLONEt1
,,21HPRGNLONEt2
,,24_25DHVITD2t
,,24_25DHVITD2tm
,,24_25DHVITD3t
,,24_25DHVITD3tm
,,24NPHte
,,25HVITD2t
,,25HVITD2tin_m
,,25HVITD3t
,,25HVITD3tin_m
,,2DR1PP
,,2H3MVte
,,2HATVACIDGLUCitr
,,2HATVACIDitr
,,2HATVACIDtep
,,2HATVLACGLUCitr
,,2HATVLAChc
,,2HATVLACtep
,,2HIBUPGLUC_Sitr
,,2HIBUPGLUC_Sthv
,,2HIBUP_Ritr
,,2HIBUP_Rthv
,,2HIBUP_Sitr
,,2HIBUP_Sthv
,,2HIVte
,,2HYDOGte
,,2M3HBUc
,,2M3HBUte
,,2M3HBUtm
,,2M3HVACc
,,2M3HVACte
,,2M3OVACm
,,2M3OVACtm
,,2MCITt
,,2MOPtm
,,2OXOADPt
,,2PGtr
,,31DMThr
,,31DMTitr
,,31DMTtep
,,31DMTtu
,,34DHOXPEGt
,,34DHPEt
,,34HPLFM
,,34HPLte
,,34HPLtm
,,34HPPte
,,35CGMPtn
,,35DHPVSitr
,,35DHPVStep
,,35DIODTYRte
,,35DSMVitr
,,35DSMVteb
,,3AIB_Dtm
,,3AIBSYMPt
,,3AIBt
,,3AIBt1
,,3ANTHRNtr
,,3DPHBH1
,,3DPHBH2
,,3H3MGLTc
,,3H3MGLTte
,,3HADPACte
,,3HADPACtxc
,,3HADPACx
,,3HBCOAHLm
,,3HGLUTCOAm
,,3HIBUPGLUC_Sitr
,,3HIBUPGLUC_Sthv
,,3HIBUP_Ritr
,,3HIBUP_Rthv
,,3HIBUP_Sitr
,,3HIBUP_Sthv
,,3HIVAcm
,,3HIVActe
,,3HIVActm
,,3HLVSTACtbc
,,3HLVSTitr
,,3HMPtd
,,3HMPtm
,,3HPPNOHGLUCte
,,3HPPPNOHc
,,3HPPPNOHGLUCc
,,3HPPt
,,3HPPtm
,,3HPVSCOAhc
,,3HPVSCOAitm
,,3HPVSCOAitx
,,3HPVSitr
,,3HPVStep
,,3HPVSTETCOAitm
,,3HPVSTETCOAitx
,,3HPVSTEThc
,,3HPVSTETtev
,,3HSMVACIDteb
,,3HSMVitr
,,3ISPVShc
,,3ISPVSitr
,,3ISPVStep
,,3ITYR_Lte
,,3MEACMPhc
,,3MEACMPitr
,,3MGLUTACc
,,3MGLUTACte
,,3MGLUTACtm
,,3MGLUTRc
,,3MGLUTRte
,,3MHISc
,,3MHISt1
,,3MHISt2
,,3MHISt3
,,3MLDAt
,,3MOBt2im
,,3MOBte
,,3MOPt
,,3MOPt2im
,,3MOX4HOXMte
,,3MOXTYRESSte
,,3MOXTYRt
,,3MTPte
,,3OHACMPitr
,,3OHACMPtev
,,3OHGLUTACm
,,3OHGLUTACte
,,3OHGLUTACtm
,,3OHSEBACte
,,3OHSEBACtxc
,,3OHSEBACx
,,3OHSUBACte
,,3OHSUBACtxc
,,3OHSUBACx
,,3PGtr
,,3SALAOX
,,3SPYRSP
,,3SPYRSPm
,,3UIBtd
,,4AABUTNt
,,4ABUTtcn
,,4ABUTtm
,,4BHGLZABCt
,,4BHGLZhr
,,4BHGLZitr
,,4BHGLZtev
,,4CMCOAS
,,4GLU56DIHDINDt
,,4HATVACIDitr
,,4HATVACIDtep
,,4HATVLAChc
,,4HATVLACitr
,,4HATVLACtep
,,4HBZCOAFm
,,4HBZFm
,,4HBZte
,,4HBZtm
,,4HDEBRISOQUINEte
,,4HMDGLUCitr
,,4HMDGLUCtev
,,4HPRO_LTte
,,4MOPt2im
,,4MOPte
,,4MPTNLte
,,4MPTNLtm
,,4MTOLBUTAMIDEte
,,4NPHSFte
,,4NPHte
,,4OHBUTm
,,4OHBUTtce
,,4OHBUTtmc
,,4OHMDZitr
,,4OHMDZtev
,,4PYRDX
,,4TMEABUTNt1
,,4TMEABUTNt2
,,56DHPVSitr
,,56DHPVStev
,,56DTHMt
,,56DTHMtd
,,56DURAt
,,56DURAtd
,,56EPPVSitr
,,56EPPVStev
,,5A2OPNTNte
,,5A2OPNTNtx
,,5ADTSTSTERONEGLCtr
,,5ADTSTSTERONESte
,,5ADTSTSTERONEte
,,5ADTSTSTERONEtr
,,5AOPt
,,5AOPt2
,,5AOPtm
,,5CYSDOPAt
,,5DHFtl
,,5EIPENCte
,,5G2OXPTte
,,5G2OXPTtx
,,5HOMEPRAZOLEte
,,5HPETATP
,,5HPETtd
,,5MTAte
,,5MTHFt2
,,5OHFVSGLUhc
,,5OHFVSGLUitr
,,5OHFVSGLUtev
,,5OHFVSitr
,,5OHFVSteb
,,5OHHEXAc
,,5OHHEXAte
,,5OXPROt
,,5THFtl
,,5THFtm
,,6AHGLZABCt
,,6AHGLZhr
,,6AHGLZitr
,,6AHGLZtev
,,6BHGLZABCt
,,6BHGLZGLCABCt
,,6BHGLZGLChr
,,6BHGLZGLCitr
,,6BHGLZGLCtev
,,6BHGLZitr
,,6BHGLZtev
,,6CSMVACIDteb
,,6CSMVitr
,,6DHFtl
,,6DHFtm
,,6EPVShc
,,6EPVStep
,,6HLVSTACIDitr
,,6HLVSTitr
,,6HLVSTthep
,,6HMSMVACIDteb
,,6HMSMVitr
,,6HOXMELATNte
,,6HSMVACIDteb
,,6HSMVitr
,,6HTSTSTERONEte
,,6HTSTSTERONEtr
,,6MELVACIDitr
,,6MELVSTitr
,,6MELVSTthep
,,6OHFVSGLUhc
,,6OHFVSGLUitr
,,6OHFVSGLUtev
,,6OHFVSitr
,,6OHFVSteb
,,6THFtl
,,6THFtm
,,7AHGLZABCt
,,7AHGLZhr
,,7AHGLZitr
,,7AHGLZtev
,,7BHGLZABCt
,,7BHGLZGLCABCt
,,7BHGLZGLChr
,,7BHGLZGLCitr
,,7BHGLZGLCtev
,,7BHGLZitr
,,7BHGLZtev
,,7DHCHSTEROLt
,,7DHCHSTEROLtd
,,7DHCHSTEROLtr
,,7DHFtl
,,7DHFtm
,,7HPVSitr
,,7HPVStev
,,7KLITCHOLc
,,7OHOCTAc
,,7OHOCTAte
,,7THFtl
,,7THFtm
,,AACTte
,,AACTtm
,,AADSACYCL
,,AASAD3m
,,ABTD
,,ABTD1
,,ABT_Dt
,,ABTpp2
,,ABTt
,,ACACtx
,,ACALDt
,,ACALDtm
,,ACALDtr
,,ACALDtx
,,ACCOAtn
,,ACDO
,,ACGAGBSIDEtg
,,ACGAGBSIDEtl
,,ACGALFUCGALACGALFUC12GAL14ACGLCGALGLUSIDEte
,,ACGALFUCGALACGALFUC12GAL14ACGLCGALGLUSIDEtg
,,ACGALFUCGALACGALFUCGALACGLCGAL14ACGLCGALGLUSIDEte
,,ACGALFUCGALACGALFUCGALACGLCGAL14ACGLCGALGLUSIDEtg
,,ACGALK
,,ACGALK2
,,ACGALtlg
,,ACGALtly
,,ACGALtr
,,ACGAMtly
,,ACGBGBSIDEtg
,,ACGBGBSIDEtl
,,ACGLUtd
,,ACGLUtm
,,ACGLYtc
,,ACGLYte
,,ACHOMm
,,ACHOMte
,,ACHOMtm
,,ACHtn
,,ACILEm
,,ACILEte
,,ACILEtm
,,ACLEUm
,,ACLEUte
,,ACLEUtm
,,ACLYSHYc
,,ACLYSt
,,ACLYStm
,,ACMPdt
,,ACMPGLUitr
,,ACMPGLUTdt
,,ACMPGLUTitr
,,ACMPGLUTTRsc
,,ACMPitr
,,ACN13ACNGALGBSIDEte
,,ACN13ACNGALGBSIDEtg
,,ACN23ACNGALGBSIDEte
,,ACN23ACNGALGBSIDEtg
,,ACNACNGAL14ACGLCGALGLUSIDEte
,,ACNACNGAL14ACGLCGALGLUSIDEtg
,,ACNACNGALGBSIDEte
,,ACNACNGALGBSIDEtg
,,ACNAMt2
,,ACNAMtn
,,ACNAMtr
,,ACNGALACGLCGAL14ACGLCGALGLUSIDEte
,,ACNGALACGLCGAL14ACGLCGALGLUSIDEtg
,,ACNML
,,ACORNt
,,ACRNtr
,,ACt2m
,,ACt2r
,,ACtg
,,ACTHRtc
,,ACTHRte
,,ACtp
,,ACTYRm
,,ACTYRtc
,,ACTYRte
,,ADCim
,,ADD
,,ADNK1m
,,ADNK3
,,ADNK4
,,ADPACDAc
,,ADPACtd
,,ADPACTD
,,ADPOHc
,,ADPOHt
,,ADPtx
,,ADRNCOAtx
,,ADRNLtu
,,ADRNt
,,AFLATOXINte
,,AGMt_m
,,AGPAT4
,,AHANDROSTANGLCtr
,,AHANDROSTANtr
,,AHCYSte
,,AHCYStm
,,AHCYStr
,,AICARte
,,AK2LGCHOLt
,,AKGtp
,,ALAARGCYSr
,,ALAARGGLYr
,,ALAASNLEUr
,,ALA_DTDe
,,ALAGLYLYSr
,,ALAHISALAr
,,ALALYSTHRr
,,ALAtmi
,,ALDSTRNte
,,ALDSTRNtm
,,ALLTNti
,,ALR
,,AM19CShr
,,AM19CSitr
,,AM19CSteb
,,Am19CStev
,,AM1A4NCShc
,,AM1A4NCSteb
,,AM1ACCShr
,,AM1ACCSitr
,,AM1ACCStev
,,AM1ACShr
,,AM1ACSitr
,,AM1ACSteb
,,AM1ACStep
,,AM1ALCShr
,,AM1ALCSitr
,,AM1ALCSteb
,,AM1ALCStep
,,AM1C4N9CShc
,,AM1C4N9CSteb
,,AM1C9CShr
,,AM1C9CSitr
,,AM1C9CSteb
,,AM1C9CStev
,,AM1CCShr
,,AM1CCSitr
,,AM1CCSteb
,,AM1CCStev
,,AM1CGLChr
,,AM1CGLCitr
,,AM1CGLCteb
,,AM1CSAitr
,,Am1CSAteb
,,AM1CSAtep
,,AM4N9CShc
,,AM4N9CShr
,,AM4N9CSitr
,,AM4N9CStev
,,AM4NC9CSteb
,,AM4NCShr
,,AM4NCSitr
,,AM4NCSteb
,,AM4NCStep
,,AM6SAD
,,AM9CSAitr
,,AM9CSAteb
,,AM9CSAtep
,,AMCOXO
,,AMETAMte
,,AMETr
,,AMETt
,,AMETtm
,,AMPtn
,,AMPtp
,,AND19ONEt
,,ANDRSTANDRtr
,,ANDRSTRNGLCtr
,,ANDRSTRNte
,,ANDRSTRNtr
,,ANTHte
,,ANTIPYRENEte
,,AOBUTDsm
,,APNNOXte
,,APOCF
,,APOCFm
,,APOC_LYS_BTNP
,,APOC_LYS_BTNPm
,,APPNNte
,,APRGSTRNABCt
,,APRGSTRNte
,,AQCOBALt
,,ARAB_Lt
,,ARACHCOAtx
,,ARACHDCOAtx
,,ARACHDtr
,,ARACHFATPc
,,ARACHt
,,ARGALAALAr
,,ARGALAPHEr
,,ARGALATHRr
,,ARGARGLYSr
,,ARGARGMETr
,,ARGARGr
,,ARGCYSGLYr
,,ARGCYSSERr
,,ARGDr
,,ARG_Dte
,,ARG_Dtx
,,ARGGLUGLUr
,,ARGGLUPROr
,,ARGGLYGLYr
,,ARGHISTHRr
,,ARGLEUPHEr
,,ARGLYSASPr
,,ARGPHEARGr
,,ARGPROMETr
,,ARGPROTHRr
,,ARGSERSERr
,,ARGSUCte
,,ARGTYRVALr
,,ARGVALCYSr
,,ARGVALTRPr
,,ARTCOAL1_cho
,,ARTCOAL2_cho
,,ARTCOAL3_cho
,,ARTFR208
,,ARTPLM3
,,ARTPLM3m
,,ASCBOX_1
,,ASCBt
,,ASNASNARGr
,,ASNCYSCYSr
,,ASNMETPROr
,,ASNPHEASPr
,,ASNPHECYSr
,,ASNtm
,,ASNTYRGLYr
,,ASNTYRPHEr
,,ASNTYRTHRr
,,ASPALAARGr
,,ASPASNGLUr
,,ASPDTDe
,,ASPDxt
,,ASPGLUPROr
,,ASPGLUr
,,ASPGLUTRPr
,,ASPHISCYSr
,,ASPHISPROr
,,ASPLYSGLUr
,,ASPLYSHISr
,,ASPMETASPr
,,ASPNATm
,,ASPPROLYSr
,,ASPte
,,ASPVALASNr
,,ATP1ter
,,ATP2ter
,,ATPtg
,,ATPtn
,,ATPtx
,,ATVACIDhr
,,ATVACIDitr
,,ATVACIDtdu
,,ATVLACh2r
,,ATVLAChc
,,ATVLAChr
,,ATVLACitr
,,ATVLACtdhc
,,AVITE2t
,,B3GALTg
,,BALABETAtc2
,,BALAPAT1tc2
,,BALAtmr
,,BANDMT
,,BCRNe
,,BETALDHxm
,,BGLUGCHe
,,BGLUTCHLe
,,BGLUTDECHOe
,,BGLYFm
,,BGLYte
,,BGLYtm
,,BHBt
,,BHBtm
,,BILDGLCURtr
,,BILGLCURtr
,,BILIRUBtr
,,BILIVERDt
,,BIOCYTtn
,,BTNTe
,,BTNtn
,,BVITEt
,,BZCOAFm
,,BZt
,,BZtm
,,BZtr
,,C02356t
,,C02592tx
,,C02712tm
,,C03990tr
,,C03990tx
,,C04483t2
,,C04717ATP
,,C04717td
,,C04805ATP
,,C04805td
,,C05298te
,,C05300t
,,C05463t2
,,C05767te
,,C05769te2
,,C05770te3
,,C05953t
,,C05953tm
,,C05957t
,,C05957td
,,C06314t
,,C06315t
,,C06439t
,,C10164te
,,C101CRNe
,,C10CRNe
,,C10DCe
,,C110CPT2m
,,C11695td
,,C12DCACT
,,C12DCe
,,C12DCTD
,,C13856te
,,C141OHe
,,C142OHe
,,C14768ATP
,,C14768td
,,C14769td1
,,C14769td2
,,C14770ATP
,,C14770UPKt
,,C14771ATP
,,C14771UPKt
,,C14825ATP
,,C14825td
,,C14826ATP
,,C14826td
,,C162OHe
,,C16DCe
,,C226COAtx
,,C226CRNt
,,C3DCe
,,C4CRNe
,,C4DCe
,,C5DCe
,,C6CRNe
,,C6DCe
,,C81CRNe
,,C8CRNe
,,C8DCe
,,CA24Gtr
,,CA2t
,,CALAtr
,,CAPROICc
,,CARBIBUP_SGLUthv
,,CARIBUPGLU_Sitr
,,CARIBUP_Rthv
,,CARIBUP_Sitr
,,CARIBUP_Sthv
,,CARN1619Zt_m
,,CARNtr
,,CAROtr
,,CARVEOLte
,,CATr
,,CBASPte
,,CBL2OR
,,CBPter
,,CDCA24Gtr
,,CDCA3Gtr
,,CDPDAGtm
,,CE0328t
,,CE0737te
,,CE0955te
,,CE0955tr
,,CE1243ATP
,,CE1243UPKt
,,CE1261t
,,CE1273t2
,,CE1297t
,,CE1297td
,,CE1401te
,,CE1556td
,,CE1617te
,,CE2026tm
,,CE2028t
,,CE2047te
,,CE2049te
,,CE2172t
,,CE2176t
,,CE2176tm
,,CE2445t
,,CE2510t
,,CE2512te
,,CE2513ATP
,,CE2537ATP
,,CE2934t
,,CE4843HYDc
,,CE4843t
,,CE4843td
,,CE4968tm
,,CE4970tm
,,CE5304t
,,CE5629t
,,CE5643te
,,CE6031t
,,CE6247t
,,CE7081tm
,,CE7081tr
,,CE7082ATP
,,CE7082UPKt
,,CE7083t
,,CE7172ATP
,,CE7172UPKt
,,CERT1tn
,,CHLtm
,,CHOLESTTDe
,,CHOLPtg
,,CHOLPtl
,,CHOLPtn
,,CHOLPtr
,,CHOLtg
,,CHOLtn
,,CHOLtr
,,CHSTEROLSte
,,CHSTEROLt2
,,CHSTEROLt3
,,CHSTEROLtrc
,,CITMCOAHm
,,CITMCOALm
,,CITt2r
,,CLPNDCOAtx
,,CLPNDt
,,CMPACNAtn
,,CO2t
,,CO2ter
,,CO2tg
,,CO2tm
,,CO2tp
,,COAtg
,,COAtl
,,COAtn
,,COAtp
,,COAtr
,,COKEte
,,COKEtr
,,COQ5m
,,Coqe
,,CORE4t
,,CORE5GTg
,,CORE5t
,,CORE7GTg
,,CORE7t
,,CORE8GTg
,,CORE8t
,,CORTSNt
,,CORTSNti
,,COt
,,COUCOAFm
,,COUMARINte
,,CREATtmdiffir
,,CRGLZABCt
,,CRGLZhr
,,CRGLZitr
,,CRGLZtev
,,CRMPte
,,CRMte
,,CRNCAR3tp
,,CRNtp
,,CRNtx
,,CRTNsyn_cho
,,CRTNtr
,,CRTSLt
,,CRTSLtm
,,CRTSLtr
,,CRTSTRNt
,,CRTSTRNtm
,,CRVNCtl
,,CRVNCtr
,,CRVS1tev
,,CRVSATPthc
,,CRVSitr
,,CRVSM1SPhc
,,CRVSM22hc
,,CRVSM22itr
,,CRVSM23tev
,,CRVSM24itr
,,CRVSM24tev
,,CRVSM31hc
,,CRVSM31itr
,,CRVStu
,,CSAitr
,,CSAPASEly
,,CSASULPhc
,,CSASULPteb
,,CSASULPtev
,,CSAtd
,,CSBPASEly
,,CSCPASEly
,,CSDPASEly
,,CSEPASEly
,,CSND
,,CSPG_At
,,CSPG_Atly
,,CSPG_Bt
,,CSPG_Btly
,,CSPG_Ct
,,CSPG_Ctly
,,CSPG_Dt
,,CSPG_Dtly
,,CSPG_Et
,,CSPG_Etly
,,CTPtn
,,CYANt
,,CYANtm
,,CYP2R1
,,CYSACMPAChc
,,CYSACMPitr
,,CYSAMOe
,,CYSAMPtev
,,CYSASNMETr
,,CYSASPPHEr
,,CYSCYSr
,,CYSGLNMETr
,,CYSGLTH
,,CYSGLUHISr
,,CYSGLUTRPr
,,CYSGLYPTASEe_1
,,CYSLEUTHRr
,,CYSSERMETr
,,CYST_Ltr
,,CYSTYRASNr
,,CYTDK2m
,,CYTDtn
,,D_3AIBt
,,DACT
,,DADNK
,,DAG_HSter
,,DAG_HStg
,,DAGt
,,DALAxt
,,DASCBH
,,DATPtm_cho
,,DATPtn
,,DCA24Gtr
,,DCA3Gtr
,,DCATDr
,,DCHOLESTANCOAc
,,DCK1m
,,DCMPtm
,,DCMPtr
,,DCSPTN1COAtx
,,DCSPTN1t
,,DCTPD
,,DCTPtm_cho
,,DCTPtn
,,DDCRNe
,,DDECCRNe
,,DDECE1CRNe
,,DDPGAm
,,DECCRNe
,,DECDICRNe
,,DECDPtm
,,DEDOLP1_L
,,DEDOLP2_L
,,DEDOLR_L
,,DELACCRVSM23hc
,,DEOXFVSitx
,,DEOXFVStev
,,DESAT22_1p
,,DESAT22_2p
,,DESFVSitr
,,DESFVSteb
,,DGCHOLte
,,DGCHOLtx
,,DGK2m
,,DGSNtm
,,DGTPtm_cho
,,DGTPtn
,,DGULND
,,DHAOX_c
,,DHAPtm
,,DHAPtr
,,DHBPTt
,,DHCHOLESTANATEtm
,,DHCRMter
,,DHCRMtg
,,DHEAStr
,,DHEAte
,,DHEAtr
,,DHFtl
,,DHFtm
,,DHGLZABCt
,,DHGLZhc
,,DHGLZtev
,,DHPR2
,,DIDPtn
,,DIGALSGALSIDEte
,,DIGALSGALSIDEtg
,,DIGALSIDEtg
,,DIGALSIDEtl
,,DITPtn
,,DKMPPD
,,DKMPPD3_1
,,DM_12dhchol_c
,,DM_13_cis_oretn_n
,,DM_13_cis_retn_n
,,DM_15HPET_n
,,DM_15HPET_r
,,DM_15HPET_x
,,DM_1a2425thvitd2_m
,,DM_1a25dhvitd3_n
,,DM_3dhcdchol_c
,,DM_3dhchol_c
,,DM_3dhdchol_c
,,DM_3dhlchol_c
,,DM_4abut_c
,,DM_4abut_n
,,DM_4glu56dihdind_c
,,DM_4hpro_LT_m
,,DM_5cysdopa_c
,,DM_5HPET_r
,,DM_6hddopaqn_c
,,DM_7dhcdchol_c
,,DM_7dhchol_c
,,DM_ach_c
,,DM_adrnl_c
,,DM_anth_c
,,DMANTIPYRINEte
,,DM_ascb__L_c
,,DM_Asn_X_Ser_Thr_l
,,DM_avite1_c
,,DM_avite2_c
,,DM_btn_m
,,DM_btn_n
,,DM_bvite_c
,,DM_C02712_c
,,DM_ca24g_c
,,DM_ca2_c
,,DM_ca3s_c
,,DM_cbl2_m
,,DM_cdca24g_c
,,DM_cdca3g_c
,,DM_CE1261_c
,,DM_CE1562_c
,,DM_CE4888_c
,,DM_CE5025_c
,,DM_CE5026_c
,,DM_cl_c
,,DM_coprost_c
,,DM_core5_g
,,DM_core7_g
,,DM_core8_g
,,DM_datp_m
,,DM_datp_n
,,DM_dca24g_c
,,DM_dca3g_c
,,DM_dca3s_c
,,DM_dctp_m
,,DM_dctp_n
,,DM_dem2emgacpail_prot_hs_r
,,DM_dgpi_prot_hs_r
,,DM_dgtp_m
,,DM_dgtp_n
,,DM_dopa_c
,,DM_dsT_antigen_g
,,DM_dttp_m
,,DM_dttp_n
,,DM_ethamp_r
,,DM_fol_c
,,DM_galam_c
,,DM_gca3s_c
,,DM_gcdca3s_c
,,DM_gd3_hs_g
,,DM_gd3_hs_l
,,DM_gd3_hs_m
,,DM_gda1_hs_n
,,DM_gdca3s_c
,,DMGLYtr
,,DM_gm1_hs_n
,,DM_gncore2_g
,,DM_gpi_sig_r
,,DMGtm
,,DM_gudca3s_c
,,DM_hca24g_c
,,DM_hca6g_c
,,DM_hdca24g_c
,,DM_hdca6g_c
,,DM_hhxdcal_c
,,DM_hista_c
,,DMHPTCRNCPT2
,,DMHPTCRNt
,,DMHPTCRNte
,,DM_hretn_n
,,DM_hyochol_c
,,DM_icdchol_c
,,DM_ind56qn_c
,,DM_isochol_c
,,DM_itp_n
,,DM_k_c
,,DM_kdn_c
,,DM_k_g
,,DM_kynate_c
,,DM_lca24g_c
,,DM_lca3g_c
,,DM_lca3s_c
,,DM_Lcystin_c
,,DM_Lkynr_c
,,DM_m3gacpail_prot_hs_r
,,DM_melanin_c
,,DM_mem2emgacpail_prot_hs_r
,,DM_mqn10_c
,,DM_mqn11_c
,,DM_mqn7_c
,,DM_mqn8_c
,,DM_mqn9_c
,,DM_myelin_hs_c
,,DM_n5m2masn_g
,,DM_na1_c
,,DM_na1_g
,,DM_na1_r
,,DM_na1_x
,,DM_ncam_c
,,DM_no2_c
,,DMNONCOACRNCPT1
,,DMNONCRNt
,,DM_nrpphr_c
,,DM_oretn_n
,,DM_pail35p_hs_n
,,DM_pchol_hs_c
,,DM_pcreat_c
,,DM_pe_hs_c
,,DM_pe_hs_r
,,DM_phsph1p_c
,,DM_pmtcoa_r
,,DM_pnto__R_c
,,DM_protein_c
,,DM_retn_n
,,DM_Ser_Gly_Ala_X_Gly_l
,,DM_Ser_Thr_l
,,DM_sph1p_n
,,DM_sphs1p_n
,,DM_sprm_c
,,DM_srtn_c
,,DM_sTn_antigen_g
,,DM_taur_c
,,DM_tca3s_c
,,DM_tcdca3s_c
,,DM_tdca3s_c
,,DM_thm_m
,,DM_thmpp_c
,,DM_thmtp_c
,,DM_thyochol_c
,,DM_ts3_c
,,DM_tudca3s_c
,,DM_tym_c
,,DM_uchol_c
,,DM_udca3s_c
,,DM_yvite_c
,,DM_zn2_c
,,DNADtn
,,DOCOSACTDe
,,DOCOSACTDr
,,DOCOSADIACTD
,,DOCOSDIACTD
,,DODECANACt
,,DODECANACtd
,,DOGULNO1
,,DOLGLCP_Lter
,,DOLGPP_Ler
,,DOLICHOL_Lter
,,DOLICHOL_Uter
,,DOLK_L
,,DOLK_U
,,DOLMANP_Uter
,,DOLP_Lter
,,DOLP_Uter
,,DOPA4SFt
,,DOPAc
,,DOPACCL
,,DOPACHRMDC
,,DOPAOQCYS
,,DOPAOQNOX
,,DOPAQNISO1
,,DOPASFt
,,DPCOAPPe
,,DPCOAtl
,,DPHMBDCm
,,DPPS
,,DRIBt
,,DSAT
,,DSMSTEROLte
,,DSMSTEROLtr
,,DSPVSitr
,,DSPVStev
,,DST_ANTIGENt
,,DTDPtn
,,DTTPtm_cho
,,DTTPtn
,,DUDPtn
,,DUMPtn
,,DURADx
,,DURItn
,,DUTPDP
,,DXTRNt
,,EAFLATOXINte
,,EANDRSTRNtr
,,EBASTINEOHte
,,EBASTINEOHtr
,,EBASTINEte
,,EBASTINEtr
,,ECOAR
,,EGMEte
,,EGMEtr
,,EIC21114TRte
,,EICOSTETt
,,ELAIDCRNtd
,,ELAIDCRNte
,,ENGASE2ly
,,ENGASE3ly
,,ENGASEly
,,EPOXTAChr
,,EPOXTACitr
,,EPOXTACteb
,,EPOXTACtev
,,ESTR2r
,,ESTRADIOLGLCtr
,,ESTRADIOLt
,,ESTRADIOLtr
,,ESTRIOLATP
,,ESTRIOLGLCtr
,,ESTRIOLtr
,,ESTRONEGLCtr
,,ESTRONEte
,,ESTRONEtr
,,ESTRr
,,ETHAAL
,,ETHAMPtr
,,ETHAt
,,ETHMALACc
,,ETHMALACte
,,ETHMALCOAc
,,ETOHt
,,ETOHtx
,,EX_10fthf5glu_e
,,EX_10fthf6glu_e
,,EX_10fthf7glu_e
,,EX_10fthf_e
,,EX_11_cis_retfa_e
,,EX_11docrtsl_e
,,EX_11docrtstrn_e
,,EX_12dgr120_e
,,EX_12dhchol_e
,,EX_12harachd_e
,,EX_12HPET_e
,,EX_12htacr_e
,,EX_12ppd__R_e
,,EX_1331tacr_e
,,EX_13_cis_retn_e
,,EX_13_cis_retnglc_e
,,EX_13dampp_e
,,EX_13dmt_e
,,EX_14hmdz_e
,,EX_1513tacr_e
,,EX_1531tacr_e
,,EX_15dmt_e
,,EX_15HPET_e
,,EX_15kprostgf2_e
,,EX_17ahprgnlone_e
,,EX_17ahprgstrn_e
,,EX_18harachd_e
,,EX_1a25dhvitd2_e
,,EX_1a25dhvitd3_e
,,EX_1glyc_hs_e
,,EX_1hibupglu__S_e
,,EX_1hibup__S_e
,,EX_1hmdgluc_e
,,EX_1mncam_e
,,EX_1ohmdz_e
,,EX_21hprgnlone_e
,,EX_23cump_e
,,EX_2425dhvitd2_e
,,EX_2425dhvitd3_e
,,EX_24nph_e
,,EX_25hvitd2_e
,,EX_25hvitd3_e
,,EX_2h3mv_e
,,EX_2hatvacid_e
,,EX_2hatvacidgluc_e
,,EX_2hatvlac_e
,,EX_2hatvlacgluc_e
,,EX_2hb_e
,,EX_2hibupglu__S_e
,,EX_2hibup__R_e
,,EX_2hibup__S_e
,,EX_2hiv_e
,,EX_2hyoxplac_e
,,EX_2m3hbu_e
,,EX_2m3hvac_e
,,EX_2mcit_e
,,EX_2obut_e
,,EX_2oxoadp_e
,,EX_2pg_e
,,EX_31dmt_e
,,EX_34dhoxmand_e
,,EX_34dhoxpeg_e
,,EX_34dhpe_e
,,EX_34dhpha_e
,,EX_34dhphe_e
,,EX_34hpl_e
,,EX_34hpp_e
,,EX_35cgmp_e
,,EX_35dhpvs_e
,,EX_35diotyr_e
,,EX_35dsmv_e
,,EX_3aib__D_e
,,EX_3aib_e
,,EX_3bcrn_e
,,EX_3ddcrn_e
,,EX_3deccrn_e
,,EX_3dhcdchol_e
,,EX_3dhchol_e
,,EX_3dhdchol_e
,,EX_3dhlchol_e
,,EX_3h3mglt_e
,,EX_3hadpac_e
,,EX_3hanthrn_e
,,EX_3hdececrn_e
,,EX_3hexdcrn_e
,,EX_3hibupglu__S_e
,,EX_3hibup__R_e
,,EX_3hibup__S_e
,,EX_3hivac_e
,,EX_3hlvstacid_e
,,EX_3hmp_e
,,EX_3hpp_e
,,EX_3hpppn_e
,,EX_3hpppnohgluc_e
,,EX_3hpvs_e
,,EX_3hpvstet_e
,,EX_3hsmvacid_e
,,EX_3ispvs_e
,,EX_3ityr__L_e
,,EX_3ivcrn_e
,,EX_3mglutac_e
,,EX_3mglutr_e
,,EX_3mhis_e
,,EX_3mlda_e
,,EX_3mob_e
,,EX_3mop_e
,,EX_3mox4hoxm_e
,,EX_3moxtyr_e
,,EX_3mtp_e
,,EX_3octdec2crn_e
,,EX_3octdeccrn_e
,,EX_3octdece1crn_e
,,EX_3ohacmp_e
,,EX_3ohglutac_e
,,EX_3ohsebac_e
,,EX_3ohsubac_e
,,EX_3pg_e
,,EX_3tdcrn_e
,,EX_3tetd7ecoacrn_e
,,EX_3thexddcoacrn_e
,,EX_3ttetddcoacrn_e
,,EX_3uib_e
,,EX_3ump_e
,,EX_4aabutn_e
,,EX_4abut_e
,,EX_4abutn_e
,,EX_4bhglz_e
,,EX_4glu56dihdind_e
,,EX_4hatvacid_e
,,EX_4hatvlac_e
,,EX_4hbz_e
,,EX_4hdebrisoquine_e
,,EX_4hmdgluc_e
,,EX_4hphac_e
,,EX_4hpro_LT_e
,,EX_4mop_e
,,EX_4mptnl_e
,,EX_4mtolbutamide_e
,,EX_4nph_e
,,EX_4nphsf_e
,,EX_4ohbut_e
,,EX_4ohmdz_e
,,EX_4pyrdx_e
,,EX_4tmeabutn_e
,,EX_56dhpvs_e
,,EX_56dthm_e
,,EX_56dura_e
,,EX_56eppvs_e
,,EX_5a2opntn_e
,,EX_5adtststerone_e
,,EX_5adtststeroneglc_e
,,EX_5adtststerones_e
,,EX_5aop_e
,,EX_5cysdopa_e
,,EX_5cysgly34dhphe_e
,,EX_5dhf_e
,,EX_5eipenc_e
,,EX_5fthf_e
,,EX_5g2oxpt_e
,,EX_5homeprazole_e
,,EX_5hoxindoa_e
,,EX_5HPET_e
,,EX_5htrp_e
,,EX_5mta_e
,,EX_5mthf_e
,,EX_5ohfvs_e
,,EX_5ohfvsglu_e
,,EX_5ohhexa_e
,,EX_5oxpro_e
,,EX_5thf_e
,,EX_6ahglz_e
,,EX_6bhglz_e
,,EX_6bhglzglc_e
,,EX_6csmvacid_e
,,EX_6dhf_e
,,EX_6epvs_e
,,EX_6hlvst_e
,,EX_6hmsmvacid_e
,,EX_6hoxmelatn_e
,,EX_6hsmvacid_e
,,EX_6htststerone_e
,,EX_6melvacid_e
,,EX_6melvst_e
,,EX_6ohfvs_e
,,EX_6ohfvsglu_e
,,EX_6thf_e
,,EX_7ahglz_e
,,EX_7bhglz_e
,,EX_7bhglzglc_e
,,EX_7dhcdchol_e
,,EX_7dhchol_e
,,EX_7dhchsterol_e
,,EX_7dhf_e
,,EX_7hpvs_e
,,EX_7klitchol_e
,,EX_7ohocata_e
,,EX_7thf_e
,,EX_9_cis_retfa_e
,,EX_aact_e
,,EX_abt__D_e
,,EX_abt_e
,,EX_acac_e
,,EX_acald_e
,,EX_ac_e
,,EX_acetone_e
,,EX_acgal_e
,,EX_acgalfucgalacgalfuc12gal14acglcgalgluside_hs_e
,,EX_acgalfucgalacgalfucgalacglcgal14acglcgalgluside_hs_e
,,EX_acgam_e
,,EX_acglu_e
,,EX_acgly_e
,,EX_ach_e
,,EX_achom__L_e
,,EX_acile__L_e
,,EX_acleu__L_e
,,EX_aclys_e
,,EX_acmana_e
,,EX_acmp_e
,,EX_acmpglu_e
,,EX_acmpglut_e
,,EX_acn13acngalgbside_hs_e
,,EX_acn23acngalgbside_hs_e
,,EX_acnacngal14acglcgalgluside_hs_e
,,EX_acnacngalgbside_hs_e
,,EX_acnam_e
,,EX_acngalacglcgal14acglcgalgluside_hs_e
,,EX_acorn_e
,,EX_acrn_e
,,EX_acthr__L_e
,,EX_actyr_e
,,EX_ade_e
,,EX_adn_e
,,EX_adpac_e
,,EX_adp_e
,,EX_adpman_e
,,EX_adpoh_e
,,EX_adprbp_e
,,EX_adprib_e
,,EX_adrn_e
,,EX_adrnl_e
,,EX_aflatoxin_e
,,EX_agm_e
,,EX_ahandrostan_e
,,EX_ahandrostanglc_e
,,EX_ahcys_e
,,EX_ahdt_e
,,EX_aicar_e
,,EX_ak2lgchol_hs_e
,,EX_akg_e
,,EX_alaala_e
,,EX_alaargcys_e
,,EX_alaarggly_e
,,EX_alaasnleu_e
,,EX_ala_B_e
,,EX_ala__D_e
,,EX_alaglylys_e
,,EX_alahisala_e
,,EX_ala__L_e
,,EX_alalysthr_e
,,EX_aldstrn_e
,,EX_allop_e
,,EX_alltn_e
,,EX_am19cs_e
,,EX_am1a4ncs_e
,,EX_am1accs_e
,,EX_am1acs_e
,,EX_am1alcs_e
,,EX_am1c4n9cs_e
,,EX_am1c9cs_e
,,EX_am1ccs_e
,,EX_am1cglc_e
,,EX_am1csa_e
,,EX_am4n9cs_e
,,EX_am4ncs_e
,,EX_am9csa_e
,,EX_ametam_e
,,EX_amet_e
,,EX_amp_e
,,EX_and19one_e
,,EX_andrstandn_e
,,EX_andrstndn_e
,,EX_andrstrn_e
,,EX_andrstrnglc_e
,,EX_anth_e
,,EX_antipyrene_e
,,EX_apnnox_e
,,EX_appnn_e
,,EX_aprgstrn_e
,,EX_aqcobal_e
,,EX_arab__L_e
,,EX_arachcoa_e
,,EX_arachd_e
,,EX_arach_e
,,EX_aracheth_e
,,EX_argalaala_e
,,EX_argalaphe_e
,,EX_argalathr_e
,,EX_argarg_e
,,EX_argarglys_e
,,EX_argargmet_e
,,EX_argcysgly_e
,,EX_argcysser_e
,,EX_arg__D_e
,,EX_arggluglu_e
,,EX_argglupro_e
,,EX_argglygly_e
,,EX_arghisthr_e
,,EX_arg__L_e
,,EX_argleuphe_e
,,EX_arglysasp_e
,,EX_argphearg_e
,,EX_argpromet_e
,,EX_argprothr_e
,,EX_argserser_e
,,EX_argsuc_e
,,EX_argtyrval_e
,,EX_argvalcys_e
,,EX_argvaltrp_e
,,EX_ascb__L_e
,,EX_asnasnarg_e
,,EX_asncyscys_e
,,EX_asn__L_e
,,EX_asnmetpro_e
,,EX_asnpheasp_e
,,EX_asnphecys_e
,,EX_asntyrgly_e
,,EX_asntyrphe_e
,,EX_asntyrthr_e
,,EX_aspalaarg_e
,,EX_aspasnglu_e
,,EX_asp__D_e
,,EX_aspglu_e
,,EX_aspglupro_e
,,EX_aspglutrp_e
,,EX_asphiscys_e
,,EX_asphispro_e
,,EX_asp__L_e
,,EX_asplysglu_e
,,EX_asplyshis_e
,,EX_aspmetasp_e
,,EX_aspprolys_e
,,EX_aspvalasn_e
,,EX_atp_e
,,EX_atvacid_e
,,EX_atvlac_e
,,EX_avite1_e
,,EX_avite2_e
,,EX_bglc_e
,,EX_bgly_e
,,EX_bhb_e
,,EX_bildglcur_e
,,EX_bilglcur_e
,,EX_bilirub_e
,,EX_biliverd_e
,,EX_biocyt_e
,,EX_btn_e
,,EX_but_e
,,EX_bvite_e
,,EX_bz_e
,,EX_C01601_e
,,EX_C02356_e
,,EX_C02470_e
,,EX_C02528_e
,,EX_C02712_e
,,EX_C03681_e
,,EX_C04717_e
,,EX_C04805_e
,,EX_C04849_e
,,EX_C05298_e
,,EX_C05299_e
,,EX_C05300_e
,,EX_C05301_e
,,EX_C05302_e
,,EX_C05767_e
,,EX_C05769_e
,,EX_C05770_e
,,EX_C05957_e
,,EX_C06314_e
,,EX_C06315_e
,,EX_C09642_e
,,EX_C10164_e
,,EX_c101crn_e
,,EX_c10crn_e
,,EX_c10dc_e
,,EX_C11695_e
,,EX_c12dc_e
,,EX_C13856_e
,,EX_C14768_e
,,EX_C14769_e
,,EX_C14770_e
,,EX_C14771_e
,,EX_C14825_e
,,EX_C14826_e
,,EX_c16dc_e
,,EX_c3dc_e
,,EX_c4crn_e
,,EX_c4dc_e
,,EX_c51crn_e
,,EX_c5dc_e
,,EX_c6crn_e
,,EX_c6dc_e
,,EX_c81crn_e
,,EX_c8crn_e
,,EX_c8dc_e
,,EX_ca24g_e
,,EX_ca2_e
,,EX_ca3s_e
,,EX_cala_e
,,EX_camp_e
,,EX_caproic_e
,,EX_caribupglu__S_e
,,EX_caribup__R_e
,,EX_caribup_s_e
,,EX_carn_e
,,EX_caro_e
,,EX_carveol_e
,,EX_cbasp_e
,,EX_cdca24g_e
,,EX_cdca3g_e
,,EX_cdp_e
,,EX_cdpea_e
,,EX_CE0074_e
,,EX_CE0737_e
,,EX_CE0955_e
,,EX_CE1243_e
,,EX_CE1261_e
,,EX_CE1273_e
,,EX_CE1310_e
,,EX_CE1352_e
,,EX_CE1401_e
,,EX_CE1447_e
,,EX_CE1556_e
,,EX_CE1617_e
,,EX_CE1918_e
,,EX_CE1925_e
,,EX_CE1926_e
,,EX_CE1935_e
,,EX_CE1936_e
,,EX_CE1939_e
,,EX_CE1940_e
,,EX_CE1943_e
,,EX_CE1950_e
,,EX_CE2006_e
,,EX_CE2026_e
,,EX_CE2028_e
,,EX_CE2047_e
,,EX_CE2049_e
,,EX_CE2172_e
,,EX_CE2176_e
,,EX_CE2209_e
,,EX_CE2211_e
,,EX_CE2250_e
,,EX_CE2445_e
,,EX_CE2510_e
,,EX_CE2537_e
,,EX_CE2705_e
,,EX_CE2838_e
,,EX_CE2839_e
,,EX_CE2915_e
,,EX_CE2916_e
,,EX_CE2917_e
,,EX_CE2934_e
,,EX_CE4633_e
,,EX_CE4722_e
,,EX_CE4723_e
,,EX_CE4724_e
,,EX_CE4877_e
,,EX_CE4881_e
,,EX_CE4890_e
,,EX_CE4968_e
,,EX_CE4969_e
,,EX_CE4970_e
,,EX_CE5025_e
,,EX_CE5026_e
,,EX_CE5072_e
,,EX_CE5304_e
,,EX_CE5629_e
,,EX_CE5643_e
,,EX_CE5786_e
,,EX_CE5787_e
,,EX_CE5788_e
,,EX_CE5789_e
,,EX_CE5791_e
,,EX_CE5797_e
,,EX_CE5798_e
,,EX_CE5853_e
,,EX_CE5854_e
,,EX_CE5867_e
,,EX_CE5868_e
,,EX_CE5869_e
,,EX_CE6031_e
,,EX_CE6205_e
,,EX_CE6247_e
,,EX_CE7081_e
,,EX_CE7082_e
,,EX_CE7083_e
,,EX_CE7085_e
,,EX_CE7090_e
,,EX_CE7096_e
,,EX_CE7172_e
,,EX_cgly_e
,,EX_cholate_e
,,EX_chol_e
,,EX_cholp_e
,,EX_chsterol_e
,,EX_chsterols_e
,,EX_chtn_e
,,EX_cit_e
,,EX_citr__L_e
,,EX_cl_e
,,EX_clpnd_e
,,EX_cmpacna_e
,,EX_cmp_e
,,EX_co2_e
,,EX_coa_e
,,EX_co_e
,,EX_coke_e
,,EX_coprost_e
,,EX_core4_e
,,EX_core5_e
,,EX_core7_e
,,EX_core8_e
,,EX_cortsn_e
,,EX_coumarin_e
,,EX_cpppg1_e
,,EX_creat_e
,,EX_crglz_e
,,EX_crm_hs_e
,,EX_crmp_hs_e
,,EX_crn_e
,,EX_crtn_e
,,EX_crtsl_e
,,EX_crtstrn_e
,,EX_crvnc_e
,,EX_crvs_e
,,EX_crvsm1_e
,,EX_crvsm23_e
,,EX_crvsm24_e
,,EX_csa_e
,,EX_csasulp_e
,,EX_csn_e
,,EX_cspg_a_e
,,EX_cspg_b_e
,,EX_cspg_c_e
,,EX_cspg_d_e
,,EX_cspg_e_e
,,EX_ctp_e
,,EX_cyan_e
,,EX_cynt_e
,,EX_cysacmp_e
,,EX_cysam_e
,,EX_cysasnmet_e
,,EX_cysaspphe_e
,,EX_cyscys_e
,,EX_cysglnmet_e
,,EX_cysgluhis_e
,,EX_cysglutrp_e
,,EX_cysi__L_e
,,EX_cys__L_e
,,EX_cysleuthr_e
,,EX_cyssermet_e
,,EX_cyst__L_e
,,EX_cystyrasn_e
,,EX_cytd_e
,,EX_dad_2_e
,,EX_dag_hs_e
,,EX_dca24g_e
,,EX_dca3g_e
,,EX_dca3s_e
,,EX_dca_e
,,EX_dchac_e
,,EX_dcmp_e
,,EX_dcsptn1_e
,,EX_dcyt_e
,,EX_ddca_e
,,EX_ddeccrn_e
,,EX_ddece1crn_e
,,EX_debrisoquine_e
,,EX_decdicrn_e
,,EX_deoxfvs_e
,,EX_desfvs_e
,,EX_dgchol_e
,,EX_dgmp_e
,,EX_dgsn_e
,,EX_dgtp_e
,,EX_dha_e
,,EX_dhap_e
,,EX_dhbpt_e
,,EX_dhcholestanate_e
,,EX_dhdascb_e
,,EX_dhea_e
,,EX_dheas_e
,,EX_dhf_e
,,EX_dhglz_e
,,EX_didecaeth_e
,,EX_digalsgalside_hs_e
,,EX_diholineth_e
,,EX_din_e
,,EX_ditp_e
,,EX_dlnlcg_e
,,EX_dmantipyrine_e
,,EX_dmgly_e
,,EX_dmhptcrn_e
,,EX_doco13ac_e
,,EX_docohxeth_e
,,EX_docosac_e
,,EX_docosdiac_e
,,EX_docteteth_e
,,EX_dodecanac_e
,,EX_dolichol__L_e
,,EX_dopa3glcur_e
,,EX_dopa4glcur_e
,,EX_dopa4sf_e
,,EX_dopa_e
,,EX_dopasf_e
,,EX_dpcoa_e
,,EX_drib_e
,,EX_dsmsterol_e
,,EX_dspvs_e
,,EX_dsT_antigen_e
,,EX_dtdp_e
,,EX_dtmp_e
,,EX_dttp_e
,,EX_duri_e
,,EX_dxtrn_e
,,EX_eaflatoxin_e
,,EX_eandrstrn_e
,,EX_ebastine_e
,,EX_ebastineoh_e
,,EX_egme_e
,,EX_eic21114tr_e
,,EX_eicostet_e
,,EX_eidi1114ac_e
,,EX_elaidcrn_e
,,EX_elaid_e
,,EX_epoxtac_e
,,EX_estradiol_e
,,EX_estradiolglc_e
,,EX_estriol_e
,,EX_estriolglc_e
,,EX_estrone_e
,,EX_estroneglc_e
,,EX_estrones_e
,,EX_etha_e
,,EX_ethamp_e
,,EX_ethmalac_e
,,EX_etoh_e
,,EX_f1a_e
,,EX_fad_e
,,EX_fald_e
,,EX_fdp_e
,,EX_fe2_e
,,EX_fe3_e
,,EX_fmn_e
,,EX_fna5moxam_e
,,EX_fol_e
,,EX_for_e
,,EX_forglu_e
,,EX_fru_e
,,EX_fuc13galacglcgal14acglcgalgluside_hs_e
,,EX_fuc14galacglcgalgluside_hs_e
,,EX_fucacgalfucgalacglcgalgluside_hs_e
,,EX_fucacngal14acglcgalgluside_hs_e
,,EX_fucacngalacglcgalgluside_hs_e
,,EX_fucfuc12gal14acglcgalgluside_hs_e
,,EX_fucfuc132galacglcgal14acglcgalgluside_hs_e
,,EX_fucfucfucgalacglc13galacglcgal14acglcgalgluside_hs_e
,,EX_fucfucfucgalacglcgal14acglcgalgluside_hs_e
,,EX_fucfucgalacglcgalgluside_hs_e
,,EX_fucgal14acglcgalgluside_hs_e
,,EX_fucgalfucgalacglcgalgluside_hs_e
,,EX_fucgalgbside_hs_e
,,EX_fuc__L_e
,,EX_fum_e
,,EX_fvs_e
,,EX_fvstet_e
,,EX_fvstetglu_e
,,EX_g1p_e
,,EX_g3pc_e
,,EX_ga1_hs_e
,,EX_galacglcgalgbside_hs_e
,,EX_galam_e
,,EX_gal_e
,,EX_galfuc12gal14acglcgalgluside_hs_e
,,EX_galfucgalacglcgal14acglcgalgluside_hs_e
,,EX_galgalfucfucgalacglcgalacglcgal14acglcgalgluside_hs_e
,,EX_galgalgalthcrm_hs_e
,,EX_galgluside_hs_e
,,EX_galside_hs_e
,,EX_galt_e
,,EX_gam_e
,,EX_gbside_hs_e
,,EX_gca3s_e
,,EX_gcdca3s_e
,,EX_gchola_e
,,EX_gd1a_hs_e
,,EX_gd1b2_hs_e
,,EX_gd1b_hs_e
,,EX_gd1c_hs_e
,,EX_gd2_hs_e
,,EX_gd3_hs_e
,,EX_gdca3s_e
,,EX_gdp_e
,,EX_glc3meacp_e
,,EX_glc__D_e
,,EX_glcn_e
,,EX_glcr_e
,,EX_glcur_e
,,EX_glgchlo_e
,,EX_glnasngln_e
,,EX_glnhishis_e
,,EX_glnhislys_e
,,EX_gln__L_e
,,EX_glnlyslys_e
,,EX_glnlystrp_e
,,EX_glnproglu_e
,,EX_glntrpglu_e
,,EX_glntyrleu_e
,,EX_gltcho_e
,,EX_gltdechol_e
,,EX_gluala_e
,,EX_gluargleu_e
,,EX_gluasnleu_e
,,EX_glucys_e
,,EX_gluglu_e
,,EX_gluilelys_e
,,EX_glu__L_e
,,EX_gluleu_e
,,EX_glumet_e
,,EX_glumethis_e
,,EX_gluside_hs_e
,,EX_glutcon_e
,,EX_gluthr_e
,,EX_gluthrlys_e
,,EX_glutrpala_e
,,EX_glx_e
,,EX_glyald_e
,,EX_glyb_e
,,EX_glyc2p_e
,,EX_glyc3p_e
,,EX_glyc_e
,,EX_glyclt_e
,,EX_glyc__R_e
,,EX_glyc__S_e
,,EX_gly_e
,,EX_glygly_e
,,EX_glygn2_e
,,EX_glygn4_e
,,EX_glygn5_e
,,EX_glyhisasn_e
,,EX_glyhislys_e
,,EX_glyleu_e
,,EX_glylyscys_e
,,EX_glylysphe_e
,,EX_glyphe_e
,,EX_glypro_e
,,EX_glysar_e
,,EX_glytyrlys_e
,,EX_glyvalhis_e
,,EX_glz_e
,,EX_gm1b_hs_e
,,EX_gm1_hs_e
,,EX_gm2_hs_e
,,EX_gm3_hs_e
,,EX_gmp_e
,,EX_gncore1_e
,,EX_gncore2_e
,,EX_gp1calpha_hs_e
,,EX_gp1c_hs_e
,,EX_gpi_sig_e
,,EX_gq1balpha_hs_e
,,EX_gq1b_hs_e
,,EX_gsn_e
,,EX_gt1a_hs_e
,,EX_gt1b_hs_e
,,EX_gtacmp_e
,,EX_gthox_e
,,EX_gthrd_e
,,EX_gtp_e
,,EX_gua_e
,,EX_gudac_e
,,EX_gudca3s_e
,,EX_gumdchac_e
,,EX_gum_e
,,EX_gumgchol_e
,,EX_gumtchol_e
,,EX_h2co3_e
,,EX_h2o2_e
,,EX_h2o_e
,,EX_ha_e
,,EX_ha_pre1_e
,,EX_HC00004_e
,,EX_HC00005_e
,,EX_HC00006_e
,,EX_HC00007_e
,,EX_HC00008_e
,,EX_HC00009_e
,,EX_HC00250_e
,,EX_HC00342_e
,,EX_HC00460_e
,,EX_HC00822_e
,,EX_HC00900_e
,,EX_HC00955_e
,,EX_HC01104_e
,,EX_HC01361_e
,,EX_HC01440_e
,,EX_HC01441_e
,,EX_HC01444_e
,,EX_HC01446_e
,,EX_HC01577_e
,,EX_HC01609_e
,,EX_HC01700_e
,,EX_HC02020_e
,,EX_HC02160_e
,,EX_HC02161_e
,,EX_HC02180_e
,,EX_HC02187_e
,,EX_HC02191_e
,,EX_HC02192_e
,,EX_HC02193_e
,,EX_HC02194_e
,,EX_HC02195_e
,,EX_HC02196_e
,,EX_HC02197_e
,,EX_HC02198_e
,,EX_HC02202_e
,,EX_HC02203_e
,,EX_HC02204_e
,,EX_HC02205_e
,,EX_HC02206_e
,,EX_HC02207_e
,,EX_HC02213_e
,,EX_HC02217_e
,,EX_HC02220_e
,,EX_hca24g_e
,,EX_hca6g_e
,,EX_hco3_e
,,EX_hcoumarin_e
,,EX_hcys__L_e
,,EX_hdca24g_e
,,EX_hdca6g_e
,,EX_hdca_e
,,EX_hdcea_e
,,EX_hdcecrn_e
,,EX_hdd2crn_e
,,EX_hdl_hs_e
,,EX_h_e
,,EX_hepdeceth_e
,,EX_hestratriol_e
,,EX_hexc_e
,,EX_hexdeceeth_e
,,EX_hexdiac_e
,,EX_hexdtr_e
,,EX_hexgly_e
,,EX_hgentis_e
,,EX_hisargcys_e
,,EX_hisargser_e
,,EX_hisasp_e
,,EX_hiscyscys_e
,,EX_hisglnala_e
,,EX_hisglu_e
,,EX_hisglugln_e
,,EX_hisglylys_e
,,EX_hishislys_e
,,EX_his__L_e
,,EX_hislysala_e
,,EX_hislysglu_e
,,EX_hislysile_e
,,EX_hislysthr_e
,,EX_hislysval_e
,,EX_hismet_e
,,EX_hismetgln_e
,,EX_hisphearg_e
,,EX_hisprolys_e
,,EX_hista_e
,,EX_histrphis_e
,,EX_hLkynr_e
,,EX_hmcarn_e
,,EX_hmcr_e
,,EX_hnifedipine_e
,,EX_hom__L_e
,,EX_homoval_e
,,EX_hpdca_e
,,EX_hpdece_e
,,EX_hretn_e
,,EX_hspg_e
,,EX_htaxol_e
,,EX_hxa_e
,,EX_hxan_e
,,EX_hxcoa_e
,,EX_hyochol_e
,,EX_hyptaur_e
,,EX_ibupgluc_e
,,EX_ibup__R_e
,,EX_ibup__S_e
,,EX_icdchol_e
,,EX_icit_e
,,EX_idl_hs_e
,,EX_idour_e
,,EX_idp_e
,,EX_i_e
,,EX_ileargile_e
,,EX_ileasnhis_e
,,EX_ileasp_e
,,EX_ileglnglu_e
,,EX_ileglyarg_e
,,EX_ile__L_e
,,EX_ileprolys_e
,,EX_ileserarg_e
,,EX_iletrptyr_e
,,EX_im4ac_e
,,EX_imp_e
,,EX_ind3ac_e
,,EX_inost_e
,,EX_ins_e
,,EX_isochol_e
,,EX_isolvstacid_e
,,EX_isomal_e
,,EX_itacon_e
,,EX_itp_e
,,EX_ivcrn_e
,,EX_kdn_e
,,EX_k_e
,,EX_ksi_deg1_e
,,EX_ksi_e
,,EX_ksii_core2_e
,,EX_ksii_core4_e
,,EX_kynate_e
,,EX_L2aadp_e
,,EX_lac__D_e
,,EX_lac__L_e
,,EX_lanost_e
,,EX_lca24g_e
,,EX_lca3g_e
,,EX_lca3s_e
,,EX_lcts_e
,,EX_Lcyst_e
,,EX_ldl_hs_e
,,EX_leualaarg_e
,,EX_leuasnasp_e
,,EX_leuasplys_e
,,EX_leugly_e
,,EX_leuktrA4_e
,,EX_leuktrB4_e
,,EX_leuktrB4wcooh_e
,,EX_leuktrB4woh_e
,,EX_leuktrC4_e
,,EX_leuktrD4_e
,,EX_leuktrE4_e
,,EX_leuktrF4_e
,,EX_leu__L_e
,,EX_leuleu_e
,,EX_leuleutrp_e
,,EX_leuproarg_e
,,EX_leupro_e
,,EX_leusertrp_e
,,EX_leutrparg_e
,,EX_leutrp_e
,,EX_leutyrtyr_e
,,EX_leuval_e
,,EX_lgnc_e
,,EX_Lhcystin_e
,,EX_limnen_e
,,EX_lineth_e
,,EX_lipoate_e
,,EX_Lkynr_e
,,EX_lneldccrn_e
,,EX_lneldc_e
,,EX_lnlccrn_e
,,EX_lnlc_e
,,EX_lnlnca_e
,,EX_lnlncg_e
,,EX_lpam_e
,,EX_lpchol_hs_e
,,EX_Lpipecol_e
,,EX_lst4exp_e
,,EX_lstn1gluc_e
,,EX_lstn_e
,,EX_lstnm1_e
,,EX_lstnm2_e
,,EX_lstnm4_e
,,EX_lstnm5_e
,,EX_lstnm7_e
,,EX_lthstrl_e
,,EX_lvstacid_e
,,EX_lvst_e
,,EX_lysargleu_e
,,EX_lyscyshis_e
,,EX_lysglnphe_e
,,EX_lysgluglu_e
,,EX_lys__L_e
,,EX_lyslyslys_e
,,EX_lyspheile_e
,,EX_lystrparg_e
,,EX_lystyrile_e
,,EX_lysvalphe_e
,,EX_lysvaltrp_e
,,EX_M00003_e
,,EX_M00008_e
,,EX_M00010_e
,,EX_M00017_e
,,EX_M00019_e
,,EX_M00021_e
,,EX_M00115_e
,,EX_M00117_e
,,EX_M00234_e
,,EX_M00241_e
,,EX_M00260_e
,,EX_M00265_e
,,EX_M00315_e
,,EX_M00341_e
,,EX_M00503_e
,,EX_M00510_e
,,EX_M01111_e
,,EX_M01197_e
,,EX_M01207_e
,,EX_M01235_e
,,EX_M01238_e
,,EX_M01582_e
,,EX_M01807_e
,,EX_M01820_e
,,EX_M01870_e
,,EX_M01872_e
,,EX_M01881_e
,,EX_M01966_e
,,EX_M01989_e
,,EX_M02053_e
,,EX_M02108_e
,,EX_M02155_e
,,EX_M02446_e
,,EX_M02447_e
,,EX_M02449_e
,,EX_M02451_e
,,EX_M02457_e
,,EX_M02560_e
,,EX_M02561_e
,,EX_M02613_e
,,EX_M02745_e
,,EX_M02837_e
,,EX_M02909_e
,,EX_M02956_e
,,EX_M03045_e
,,EX_M03051_e
,,EX_M03117_e
,,EX_M03131_e
,,EX_M03134_e
,,EX_M03153_e
,,EX_m3gacpail_prot_hs_e
,,EX_magarachi_hs_e
,,EX_mag_hs_e
,,EX_maglinl_hs_e
,,EX_magole_hs_e
,,EX_magpalm_hs_e
,,EX_magste_hs_e
,,EX_malcoa_e
,,EX_mal__L_e
,,EX_malt_e
,,EX_malthp_e
,,EX_malthx_e
,,EX_maltpt_e
,,EX_malttr_e
,,EX_maltttr_e
,,EX_man_e
,,EX_mdz_e
,,EX_mdzglc_e
,,EX_melatn_e
,,EX_mem2emgacpail_prot_hs_e
,,EX_meoh_e
,,EX_mepi_e
,,EX_meracmp_e
,,EX_mercplaccys_e
,,EX_metargleu_e
,,EX_metasntyr_e
,,EX_metglntyr_e
,,EX_metglyarg_e
,,EX_methislys_e
,,EX_methsucc_e
,,EX_met__L_e
,,EX_metmetile_e
,,EX_metphearg_e
,,EX_mettrpphe_e
,,EX_mev__R_e
,,EX_mhglz_e
,,EX_mhista_e
,,EX_mi1p__D_e
,,EX_mlthf_e
,,EX_mma_e
,,EX_mqn10_e
,,EX_mqn11_e
,,EX_mqn7_e
,,EX_mqn8_e
,,EX_mqn9_e
,,EX_mthgxl_e
,,EX_mvlac_e
,,EX_N1aspmd_e
,,EX_n2m2nmasn_e
,,EX_n5m2masn_e
,,EX_n8aspmd_e
,,EX_na1_e
,,EX_Nacasp_e
,,EX_nac_e
,,EX_nacvanala_e
,,EX_nad_e
,,EX_nadh_e
,,EX_nadp_e
,,EX_ncam_e
,,EX_ndersv_e
,,EX_nfdac_e
,,EX_nfd_e
,,EX_nfdlac_e
,,EX_nfdnpy_e
,,EX_nfdoh_e
,,EX_nh4_e
,,EX_nicrnt_e
,,EX_nifedipine_e
,,EX_no2_e
,,EX_no_e
,,EX_normete__L_e
,,EX_npthl_e
,,EX_nrpphr_e
,,EX_nrpphrsf_e
,,EX_nrvnc_e
,,EX_nwharg_e
,,EX_o2_e
,,EX_o2s_e
,,EX_oaa_e
,,EX_oagd3_hs_e
,,EX_oagt3_hs_e
,,EX_ocdca_e
,,EX_ocdcea_e
,,EX_octa_e
,,EX_odecrn_e
,,EX_oh1_e
,,EX_oleth_e
,,EX_omeprazole_e
,,EX_onpthl_e
,,EX_orn__D_e
,,EX_orn_e
,,EX_orot5p_e
,,EX_orot_e
,,EX_oxa_e
,,EX_oxy1rb_e
,,EX_oxy7rb_e
,,EX_oxyp_e
,,EX_pac_e
,,EX_paf_hs_e
,,EX_pa_hs_e
,,EX_pailar_hs_e
,,EX_pail_hs_e
,,EX_pailpalm_hs_e
,,EX_pailste_hs_e
,,EX_pan4p_e
,,EX_pchol2linl_hs_e
,,EX_pchol2ole_hs_e
,,EX_pchol2palm_hs_e
,,EX_pchol2ste_hs_e
,,EX_pcholar_hs_e
,,EX_pcholdoc_hs_e
,,EX_pcholeic_hs_e
,,EX_pcholet_hs_e
,,EX_pcholhep_hs_e
,,EX_pchol_hs_e
,,EX_pchollinl_hs_e
,,EX_pcholmyr_hs_e
,,EX_pcholn15_hs_e
,,EX_pcholn1836_hs_e
,,EX_pcholn183_hs_e
,,EX_pcholn19_hs_e
,,EX_pcholn201_hs_e
,,EX_pcholn203_hs_e
,,EX_pcholn204_hs_e
,,EX_pcholn205_hs_e
,,EX_pcholn224_hs_e
,,EX_pcholn2254_hs_e
,,EX_pcholn225_hs_e
,,EX_pcholn226_hs_e
,,EX_pcholn24_hs_e
,,EX_pcholn261_hs_e
,,EX_pcholn281_hs_e
,,EX_pcholn28_hs_e
,,EX_pcholole_hs_e
,,EX_pcholpalme_hs_e
,,EX_pcholpalm_hs_e
,,EX_pcholste_hs_e
,,EX_pcollg5hlys_e
,,EX_pcreat_e
,,EX_pcresol_e
,,EX_pcrn_e
,,EX_pcs_e
,,EX_pe12_hs_e
,,EX_pe13_hs_e
,,EX_pe14_hs_e
,,EX_pe15_hs_e
,,EX_pe161_hs_e
,,EX_pe17_hs_e
,,EX_pe203_hs_e
,,EX_pe224_hs_e
,,EX_pe226_hs_e
,,EX_pe2linl_hs_e
,,EX_pear_hs_e
,,EX_pect_e
,,EX_pectindchac_e
,,EX_pectingchol_e
,,EX_pectintchol_e
,,EX_pedh203_hs_e
,,EX_pe_hs_e
,,EX_pelinl_hs_e
,,EX_pendecaeth_e
,,EX_peole_hs_e
,,EX_pepalm_hs_e
,,EX_pep_e
,,EX_peplys_e
,,EX_perillyl_e
,,EX_peste_hs_e
,,EX_pglyc_hs_e
,,EX_phacgly_e
,,EX_pheacgln_e
,,EX_pheacgly_e
,,EX_pheasnmet_e
,,EX_pheasp_e
,,EX_pheglnphe_e
,,EX_phe__L_e
,,EX_pheleuasp_e
,,EX_pheleu_e
,,EX_pheleuhis_e
,,EX_phelysala_e
,,EX_phelyspro_e
,,EX_pheme_e
,,EX_phepheasn_e
,,EX_phephe_e
,,EX_phephethr_e
,,EX_pheproarg_e
,,EX_phesertrp_e
,,EX_phethrlys_e
,,EX_phetrpleu_e
,,EX_phetyr_e
,,EX_phetyrgln_e
,,EX_phetyrlys_e
,,EX_phlac_e
,,EX_phllqne_e
,,EX_phpyr_e
,,EX_phyt_e
,,EX_pi_e
,,EX_pmeth_e
,,EX_pmtcrn_e
,,EX_pnto__R_e
,,EX_ppa_e
,,EX_ppbng_e
,,EX_ppi_e
,,EX_ppiogly_e
,,EX_ppp9_e
,,EX_prgnlone_e
,,EX_prgnlones_e
,,EX_prgstrn_e
,,EX_prist_e
,,EX_proargasp_e
,,EX_proargcys_e
,,EX_proasncys_e
,,EX_procys_e
,,EX_profvs_e
,,EX_proglnpro_e
,,EX_proglulys_e
,,EX_progly_e
,,EX_prohis_e
,,EX_prohistyr_e
,,EX_pro__L_e
,,EX_proleuarg_e
,,EX_prolyspro_e
,,EX_prophe_e
,,EX_proproarg_e
,,EX_propropro_e
,,EX_prostgd2_e
,,EX_prostge1_e
,,EX_prostge2_e
,,EX_prostgf2_e
,,EX_prostgh2_e
,,EX_prostgi2_e
,,EX_protrplys_e
,,EX_protrpthr_e
,,EX_provalgln_e
,,EX_prpp_e
,,EX_pser__L_e
,,EX_ps_hs_e
,,EX_psylchol_e
,,EX_psyl_e
,,EX_psyltchol_e
,,EX_psyltdechol_e
,,EX_ptdca_e
,,EX_ptrc_e
,,EX_ptth_e
,,EX_ptvst_e
,,EX_ptvstlac_e
,,EX_ptvstm13_e
,,EX_ptvstm3_e
,,EX_pvs_e
,,EX_pvsgluc_e
,,EX_pydam_e
,,EX_pydx5p_e
,,EX_pydx_e
,,EX_pydxn_e
,,EX_pyr_e
,,EX_q10_e
,,EX_q10h2_e
,,EX_quln_e
,,EX_rbl__D_e
,,EX_rbt_e
,,EX_retfa_e
,,EX_retinal_e
,,EX_retinol_9_cis_e
,,EX_retinol_cis_11_e
,,EX_retinol_e
,,EX_retn_e
,,EX_retnglc_e
,,EX_rib__D_e
,,EX_ribflv_e
,,EX_rsv_e
,,EX_rsvlac_e
,,EX_Rtotal2_e
,,EX_Rtotal3_e
,,EX_Rtotal_e
,,EX_s2l2fn2m2masn_e
,,EX_s2l2n2m2masn_e
,,EX_s2l2n2m2m_e
,,EX_s3meacmp_e
,,EX_saccrp__L_e
,,EX_sarcs_e
,,EX_sbt__D_e
,,EX_sebacid_e
,,EX_serargala_e
,,EX_serargtrp_e
,,EX_sercysarg_e
,,EX_serglyglu_e
,,EX_ser__L_e
,,EX_serlyshis_e
,,EX_serphelys_e
,,EX_sertrphis_e
,,EX_slfcys_e
,,EX_sl__L_e
,,EX_smvacid_e
,,EX_smv_e
,,EX_so3_e
,,EX_so4_e
,,EX_spc_hs_e
,,EX_sph1p_e
,,EX_sphgn_e
,,EX_sphings_e
,,EX_sphmyln180241_hs_e
,,EX_sphmyln18114_hs_e
,,EX_sphmyln18115_hs_e
,,EX_sphmyln181161_hs_e
,,EX_sphmyln18116_hs_e
,,EX_sphmyln18117_hs_e
,,EX_sphmyln181181_hs_e
,,EX_sphmyln18118_hs_e
,,EX_sphmyln181201_hs_e
,,EX_sphmyln18120_hs_e
,,EX_sphmyln18121_hs_e
,,EX_sphmyln181221_hs_e
,,EX_sphmyln18122_hs_e
,,EX_sphmyln18123_hs_e
,,EX_sphmyln1824_hs_e
,,EX_sphmyln1825_hs_e
,,EX_sphmyln_hs_e
,,EX_sphs1p_e
,,EX_spmd_e
,,EX_sprm_e
,,EX_sql_e
,,EX_srtn_e
,,EX_stacmp_e
,,EX_stcrn_e
,,EX_steeth_e
,,EX_sTn_antigen_e
,,EX_strch1_e
,,EX_strch2_e
,,EX_strdnc_e
,,EX_subeac_e
,,EX_subgly_e
,,EX_sucaceto_e
,,EX_succ_e
,,EX_sucr_e
,,EX_sucsal_e
,,EX_sulpacmp_e
,,EX_T4hcinnm_e
,,EX_tacr_e
,,EX_tag__D_e
,,EX_tag_hs_e
,,EX_taur_e
,,EX_tauribup__S_e
,,EX_taxol_e
,,EX_tca3s_e
,,EX_tcdca3s_e
,,EX_tchola_e
,,EX_tcynt_e
,,EX_tdca3s_e
,,EX_tdchola_e
,,EX_tdechola_e
,,EX_tetdec2crn_e
,,EX_tetdeca511ac_e
,,EX_tetdecaeth_e
,,EX_tetdece1crn_e
,,EX_tethex3_e
,,EX_tetpent3_e
,,EX_tetpent6_e
,,EX_tettet6_e
,,EX_thbpt_e
,,EX_thcholstoic_e
,,EX_thexdd_e
,,EX_thf_e
,,EX_thm_e
,,EX_thmmp_e
,,EX_thmtp_e
,,EX_thrargtyr_e
,,EX_thrasntyr_e
,,EX_thrfvs_e
,,EX_thrglnglu_e
,,EX_thrglntyr_e
,,EX_thrhishis_e
,,EX_thrilearg_e
,,EX_thr__L_e
,,EX_thrmetarg_e
,,EX_thrnt_e
,,EX_thrphearg_e
,,EX_thrserarg_e
,,EX_thrthrarg_e
,,EX_thrtyrmet_e
,,EX_thymd_e
,,EX_thym_e
,,EX_thyochol_e
,,EX_thyox__L_e
,,EX_tiggly_e
,,EX_tlacfvs_e
,,EX_tmd_e
,,EX_tmdm1_e
,,EX_tmdm3_e
,,EX_tmdm5_e
,,EX_tmlys_e
,,EX_tmndnc_e
,,EX_tolbutamide_e
,,EX_tre_e
,,EX_trideceth_e
,,EX_triodthy_e
,,EX_triodthysuf_e
,,EX_tripvs_e
,,EX_trpalapro_e
,,EX_trpargala_e
,,EX_trpaspasp_e
,,EX_trpglngln_e
,,EX_trpglugly_e
,,EX_trpgluleu_e
,,EX_trpglupro_e
,,EX_trpglutyr_e
,,EX_trpglyasp_e
,,EX_trpglyleu_e
,,EX_trpglyphe_e
,,EX_trpglyval_e
,,EX_trphismet_e
,,EX_trpilelys_e
,,EX_trpiletrp_e
,,EX_trp__L_e
,,EX_trpleuval_e
,,EX_trplys_e
,,EX_trpmetarg_e
,,EX_trpmetval_e
,,EX_trpphe_e
,,EX_trpprogly_e
,,EX_trpproleu_e
,,EX_trpproval_e
,,EX_trpsertyr_e
,,EX_trpthrglu_e
,,EX_trpthrile_e
,,EX_trpthrtyr_e
,,EX_trptyrgln_e
,,EX_trptyrtyr_e
,,EX_trpvalasp_e
,,EX_trypta_e
,,EX_tsacmgluc_e
,,EX_tsacmsul_e
,,EX_tststerone_e
,,EX_tststeroneglc_e
,,EX_tststerones_e
,,EX_tsul_e
,,EX_ttdca_e
,,EX_ttdcea_e
,,EX_ttdcrn_e
,,EX_tudca3s_e
,,EX_txa2_e
,,EX_txb2_e
,,EX_tym_e
,,EX_tymsf_e
,,EX_tyrala_e
,,EX_tyralaphe_e
,,EX_tyrargglu_e
,,EX_tyrargser_e
,,EX_tyrasparg_e
,,EX_tyrcysgly_e
,,EX_tyrcysthr_e
,,EX_Tyr_ggn_e
,,EX_tyrglu_e
,,EX_tyr__L_e
,,EX_tyrleuarg_e
,,EX_tyrphetyr_e
,,EX_tyrthr_e
,,EX_tyrtrpphe_e
,,EX_tyrtyr_e
,,EX_tyrvalmet_e
,,EX_uchol_e
,,EX_udca3s_e
,,EX_udp_e
,,EX_udpgal_e
,,EX_udpg_e
,,EX_udpglcur_e
,,EX_ump_e
,,EX_ura_e
,,EX_urate_e
,,EX_urcan_e
,,EX_urea_e
,,EX_uri_e
,,EX_utp_e
,,EX_vacc_e
,,EX_valarggly_e
,,EX_valhisasn_e
,,EX_val__L_e
,,EX_valleuphe_e
,,EX_vallystyr_e
,,EX_valphearg_e
,,EX_valprotrp_e
,,EX_valserarg_e
,,EX_valtrpphe_e
,,EX_valtrpval_e
,,EX_valval_e
,,EX_vanillac_e
,,EX_vitd3_e
,,EX_wharachd_e
,,EX_whddca_e
,,EX_whhdca_e
,,EX_whtststerone_e
,,EX_whttdca_e
,,EX_xan_e
,,EX_xmp_e
,,EX_xol24oh_e
,,EX_xol25oh_e
,,EX_xol27oh_e
,,EX_xol7ah3_e
,,EX_xol7aone_e
,,EX_xoldiolone_e
,,EX_xolest181_hs_e
,,EX_xolest182_hs_e
,,EX_xolest183_hs_e
,,EX_xolest204_hs_e
,,EX_xolest205_hs_e
,,EX_xolest226_hs_e
,,EX_xolest2_hs_e
,,EX_xolest_hs_e
,,EX_xoltri24_e
,,EX_xoltri25_e
,,EX_xoltri27_e
,,EX_xtsn_e
,,EX_xyl__D_e
,,EX_xylt_e
,,EX_xylu__D_e
,,EX_xylu__L_e
,,EX_yvite_e
,,EX_zn2_e
,,F1Ate
,,F1Ate2
,,F1Atg
,,FA160tp
,,FA40COAtm
,,FACOAE160
,,FACOAE181
,,FACOAE60
,,FADH2tru
,,FADH2tx
,,FADRx
,,FADtru
,,FADtx
,,FALDtly
,,FALDtm
,,FAOXC5C5OHm
,,FAS180
,,FCLT
,,FCOAH2
,,FDPte
,,FE2t
,,FE2tm
,,FldAct
,,FNA5MOXAMte
,,FOLt2
,,FORGLUt
,,FORMCOAtx
,,FORtm
,,FORtr
,,FRDPtc
,,FRDPtcr
,,FRDPtr
,,FT
,,FUC13GALACGLCGAL14ACGLCGALGLUSIDEte
,,FUC13GALACGLCGAL14ACGLCGALGLUSIDEtg
,,FUC14GALACGLCGALGLUSIDEte
,,FUC14GALACGLCGALGLUSIDEtg
,,FUCACGALFUCGALACGLCGALGLUSIDEte
,,FUCACGALFUCGALACGLCGALGLUSIDEtg
,,FUCACNGAL14ACGLCGALGLUSIDEte
,,FUCACNGAL14ACGLCGALGLUSIDEtg
,,FUCACNGALACGLCGALGLUSIDEte
,,FUCACNGALACGLCGALGLUSIDEtg
,,FUCFUC12GAL14ACGLCGALGLUSIDEte
,,FUCFUC12GAL14ACGLCGALGLUSIDEtg
,,FUCFUC132GALACGLCGAL14ACGLCGALGLUSIDEte
,,FUCFUC132GALACGLCGAL14ACGLCGALGLUSIDEtg
,,FUCFUCFUCGALACGLC13GALACGLCGAL14ACGLCGALGLUSIDEte
,,FUCFUCFUCGALACGLC13GALACGLCGAL14ACGLCGALGLUSIDEtg
,,FUCFUCFUCGALACGLCGAL14ACGLCGALGLUSIDEte
,,FUCFUCFUCGALACGLCGAL14ACGLCGALGLUSIDEtg
,,FUCFUCGALACGLCGALGLUSIDEte
,,FUCFUCGALACGLCGALGLUSIDEtg
,,FUCGAL14ACGLCGALGLUSIDEte
,,FUCGAL14ACGLCGALGLUSIDEtg
,,FUCGALFUCGALACGLCGALGLUSIDEte
,,FUCGALFUCGALACGLCGALGLUSIDEtg
,,FUCGALGBSIDEte
,,FUCGALGBSIDEtg
,,FUCtly
,,FUMtr
,,FVSCOAhc
,,FVSCOAitx
,,FVSGLUChc
,,FVShc
,,FVSitr
,,FVSitx
,,FVSteb
,,FVStep
,,FVSTETGLUhc
,,FVSTETGLUitr
,,FVSTETGLUtev
,,FVSTETitr
,,FVSTETtev
,,G3PCt
,,G3PD1irm
,,G3PDm
,,G5SADrm
,,G5SADs
,,GA1tl
,,GACPAILter
,,GALACGLCGALGBSIDEte
,,GALACGLCGALGBSIDEtg
,,GALAMtr
,,GALFUC12GAL14ACGLCGALGLUSIDEte
,,GALFUC12GAL14ACGLCGALGLUSIDEtg
,,GALFUCGALACGLCGAL14ACGLCGALGLUSIDEte
,,GALFUCGALACGLCGAL14ACGLCGALGLUSIDEtg
,,GALGALFUCFUCGALACGLCGALACGLCGAL14ACGLCGALGLUSIDEte
,,GALGALFUCFUCGALACGLCGALACGLCGAL14ACGLCGALGLUSIDEtg
,,GALGALGALTHCRMte
,,GALGALGALTHCRMtg
,,GALGLUSIDEtg
,,GALGLUSIDEtg2
,,GALGLUSIDEtl
,,GALGLUSIDEtl2
,,GALSIDEter
,,GALSIDEtg
,,GALSIDEtl
,,GALSIDEtn
,,GALtly
,,GALTt
,,GBSIDEte
,,GBSIDEtl
,,GCHOLAte
,,GCHOLAtx
,,GD1Atg
,,GD1Atn
,,GD1B2te
,,GD1B2tg
,,GD1Btl
,,GD1Cte
,,GD1Ctg
,,GD3tg
,,GD3tl
,,GD3tlc
,,GD3tm
,,GDA1tn
,,GDPtg
,,GGT6
,,GGT_L
,,GLACter
,,GLC3MEACPitr
,,GLC3MEACPtev
,,GLCAE1g
,,GLCMter
,,GLCNte
,,GLCter
,,GLCtly
,,GLCURter
,,GLCURtr
,,GLNASNGLNr
,,GLNHISHISr
,,GLNHISLYSr
,,GLNLASEer
,,GLNLYSLYSr
,,GLNLYSTRPr
,,GLNPROGLUr
,,GLNtm
,,GLNtm_1
,,GLNTRPGLUr
,,GLNTYRLEUr
,,GLRASE
,,GLU5SAtmc
,,GLUARGLEUr
,,GLUASNLEUr
,,GLUCYSte
,,GLUGLUr
,,GLUILELYSr
,,GLULEUr
,,GLUMETHISr
,,GLUMETr
,,GLUSIDEte
,,GLUSIDEtg
,,GLUSIDEtl
,,GLUt7l
,,GLUTACOAm
,,GLUTARte
,,GLUTCONm
,,GLUTCONte
,,GLUTCONtm
,,GLUTHRLYSr
,,GLUTHRr
,,GLUtr
,,GLUTRPALAr
,,GLXt
,,GLXtm
,,GLXtp
,,GLY3Pt
,,GLYACm
,,GLYALDtr
,,GLYBtm
,,GLYC2P3Pc
,,GLYC2Pte
,,GLYC3Ptm
,,GLYC3tr
,,GLYCK2
,,GLYCLTDym
,,GLYCLTt
,,GLYCLTtm
,,GLYCLTtp
,,GLYC_Rt
,,GLYC_St
,,GLYCt
,,GLYCtm
,,GLYHISASNr
,,GLYHISLYSr
,,GLYitr
,,GLYLYSCYSr
,,GLYLYSPHEr
,,GLYOp
,,GLYPHEHYc
,,GLYPROt
,,GLYtm
,,GLYtp
,,GLYTYRLYSr
,,GLYVALHISr
,,GLZABCteb
,,GLZitr
,,GLZtd
,,GM1tg
,,GM1tl
,,GM2tg
,,GM2tl
,,GMPtg
,,GMPtn
,,GNCORE1t
,,GNCORE1te
,,GNCORE2t
,,GNCORE2te
,,GNK
,,GP1CALPHAte
,,GP1CALPHAtg
,,GP1Cte
,,GP1Ctg
,,GPDDA1
,,GQ1BALPHAte
,,GQ1BALPHAtg
,,GQ1Bte
,,GQ1Btg
,,GT1Ate
,,GT1Atg
,,GTACMPhr
,,GTACMPitr
,,GTACMPtev
,,GTHOXti2
,,GTHRDt
,,GTHRDt2
,,GTHRDtr
,,GUDACtr
,,GUDACtr2
,,GULLACter
,,GULN3D
,,GULNDer
,,GULNter
,,GUMDCHAe
,,GUMGCHLe
,,GUMTCHOLe
,,GUR1PP
,,H2O2t
,,H2O2ter
,,H2O2tly
,,H2O2tm
,,H2O2tn
,,H2O2tp
,,H2Oter
,,H2Otg
,,H2Otly
,,H2Otn
,,H2Otp
,,HAtly
,,HC00319t1
,,HC00319t2
,,HC00342te
,,HC00460te
,,HC00900t1
,,HC00900t2
,,HC00900t3
,,HC00900t4
,,HC02020te
,,HC02020tr
,,HC02149td
,,HC02194c
,,HCA24Gtr
,,HCA6Gtr
,,HCOUMARINte
,,HCYSte
,,HDCA24Gtr
,,HDCA6Gtr
,,HDCAter
,,HDCECRNtr
,,HDD2COAtx
,,HDD2CRNte
,,HDL_HSDEG
,,HDL_HSSYN
,,HEDCECRNe
,,HESTRATRIOLte
,,HESTRATRIOLtr
,,HEXCCOAtx
,,HEXCt
,,HEXDCRNe
,,HEXDIACATP
,,HEXDIACtd
,,HEXDIACtr
,,HEXDTRte
,,HEXGLYte
,,HGENTISt
,,HISARGCYSr
,,HISARGSERr
,,HISASPr
,,HISCYSCYSr
,,HISGLNALAr
,,HISGLUGLNr
,,HISGLUr
,,HISGLYLYSr
,,HISHISLYSr
,,HISLYSALAr
,,HISLYSGLUr
,,HISLYSILEr
,,HISLYSTHRr
,,HISLYSVALr
,,HISMETGLNr
,,HISMETr
,,HISPHEARGr
,,HISPROLYSr
,,HISTRPHISr
,,HIVCRNe
,,HMCARNc
,,HMCARNt
,,HMCRNc
,,HMCRNt
,,HMGCOAtm
,,HMGCOAtx
,,HMR_0015
,,HMR_0016
,,HMR_0017
,,HMR_0020
,,HMR_0166
,,HMR_0172
,,HMR_0178
,,HMR_0182
,,HMR_0185
,,HMR_0467
,,HMR_0469
,,HMR_0587
,,HMR_0763
,,HMR_0769
,,HMR_0771
,,HMR_0809
,,HMR_0831
,,HMR_0907
,,HMR_0912
,,HMR_0913
,,HMR_0962
,,HMR_0966
,,HMR_0979
,,HMR_0984
,,HMR_1095
,,HMR_1104
,,HMR_1135
,,HMR_1242
,,HMR_1243
,,HMR_1283
,,HMR_1284
,,HMR_1306
,,HMR_1311
,,HMR_1315
,,HMR_1316
,,HMR_1317
,,HMR_1318
,,HMR_1331
,,HMR_1332
,,HMR_1373
,,HMR_1623
,,HMR_1701
,,HMR_1744
,,HMR_1745
,,HMR_1752
,,HMR_1753
,,HMR_1758
,,HMR_1759
,,HMR_1764
,,HMR_1834
,,HMR_2002
,,HMR_2087
,,HMR_2090
,,HMR_2114
,,HMR_2127
,,HMR_2374
,,HMR_2376
,,HMR_2391
,,HMR_2393
,,HMR_2403
,,HMR_2495
,,HMR_2558
,,HMR_2560
,,HMR_2569
,,HMR_2571
,,HMR_3053
,,HMR_3054
,,HMR_3055
,,HMR_3056
,,HMR_3106
,,HMR_3396
,,HMR_3397
,,HMR_3478
,,HMR_3520
,,HMR_3597
,,HMR_3867
,,HMR_3951
,,HMR_3953
,,HMR_3996
,,HMR_4266
,,HMR_4702
,,HMR_4771
,,HMR_4782
,,HMR_4783
,,HMR_4790
,,HMR_4831
,,HMR_4955
,,HMR_4957
,,HMR_5249
,,HMR_5409
,,HMR_6408
,,HMR_6456
,,HMR_6500
,,HMR_6607
,,HMR_6617
,,HMR_6619
,,HMR_6629
,,HMR_6672
,,HMR_6782
,,HMR_6785
,,HMR_6786
,,HMR_6876
,,HMR_7173
,,HMR_7182
,,HMR_7184
,,HMR_7197
,,HMR_7198
,,HMR_7199
,,HMR_7255
,,HMR_7257
,,HMR_7330
,,HMR_7431
,,HMR_7432
,,HMR_7437
,,HMR_7711
,,HMR_7715
,,HMR_7720
,,HMR_7724
,,HMR_7727
,,HMR_7756
,,HMR_7898
,,HMR_7900
,,HMR_7903
,,HMR_7906
,,HMR_7944
,,HMR_7947
,,HMR_7949
,,HMR_8023
,,HMR_8056
,,HMR_8084
,,HMR_8086
,,HMR_8374
,,HMR_8418
,,HMR_8505
,,HMR_8510
,,HMR_8567
,,HMR_8588
,,HMR_8590
,,HMR_8776
,,HMR_9019
,,HMR_9174
,,HMR_9175
,,HMR_9176
,,HMR_9177
,,HMR_9178
,,HMR_9179
,,HMR_9180
,,HMR_9184
,,HMR_9185
,,HMR_9187
,,HMR_9188
,,HMR_9189
,,HMR_9612
,,HMR_9625
,,HMR_9626
,,HMR_9627
,,HMR_9628
,,HMR_9629
,,HMR_9630
,,HMR_9631
,,HMR_9634
,,HMR_9635
,,HMR_9638
,,HMR_9639
,,HMR_9640
,,HMR_9642
,,HMR_9644
,,HMR_9647
,,HMR_9648
,,HMR_9652
,,HMR_9656
,,HMR_9657
,,HMR_9658
,,HMR_9660
,,HMR_9661
,,HMR_9662
,,HMR_9663
,,HMR_9665
,,HMR_9667
,,HMR_9669
,,HMR_9670
,,HMR_9671
,,HMR_9674
,,HMR_9680
,,HMR_9716
,,HMR_9720
,,HMR_9803
,,HOCTDEC2CRNe
,,HOCTDECCRNe
,,HPACtr
,,HPDCAt
,,HPDECEte
,,HPPPNt2r
,,HPYRDC
,,HPYRDCm
,,HPYRtp
,,HRETNtn
,,HSAT1ly
,,HSAT2ly
,,HSAT3ly
,,HSAT4ly
,,HSK
,,HSPASEly
,,HSPGt
,,HSPGtly
,,Ht
,,HTAXOLte
,,HTDCRNe
,,Htg
,,Htr
,,Htx
,,HXANtx
,,HXAt1
,,HXAt2
,,HXAt3
,,HXCOAm
,,HXCOAte
,,HXCOAtx
,,HXCOAx
,,HYOCHOLtr
,,HYPTROX_cho
,,HYPTROXe
,,IBUPGLUCitr
,,IBUPGLUCtchep
,,IBUPGLUCtpvb
,,IBUP_Ritr
,,IBUP_Rtdhep
,,IBUP_Rtdu
,,IBUP_SCONJhep
,,IBUP_Sitr
,,IBUP_Stbc
,,IBUP_Stdhep
,,IBUP_Stdu
,,ICITtr
,,ICITt_x
,,ID3ACALDtm
,,IDL_HSDEG
,,IDL_HSSYN
,,IDOURte
,,IDPtn
,,ILEARGILEr
,,ILEASNHISr
,,ILEASPr
,,ILEGLNGLUr
,,ILEGLYARGr
,,ILEPROLYSr
,,ILESERARGr
,,ILEtmi
,,ILETRPTYRr
,,IM4ACte
,,IMPtr
,,IND3ACt
,,IND3ACtm
,,INSK
,,IPDPtx
,,ISOBUTte
,,ISOBUTtm
,,ISOLVSTAChep
,,ITPtn
,,IVCRNe
,,KDNH
,,KSII_CORE2t
,,KSII_CORE2tly
,,KSII_CORE4t
,,KSII_CORE4tly
,,KSItly
,,Kt3r
,,KYNATESYN
,,KYNATEtr2
,,L2AADPtr
,,LACLt
,,LACROX
,,LANOSTt
,,LANOSTtr
,,LAPCOAe
,,LCA24Gtr
,,LCA3Gtr
,,LCTStg
,,LCYSTt
,,LDL_HSDEG
,,LDL_HSSYN
,,LEUALAARGr
,,LEUASNASPr
,,LEUASPLYSr
,,LEUGLYHYc
,,LEUKTRA4tr
,,LEUKTRB4tr
,,LEUKTRB4WCOOHt
,,LEUKTRB4WOHt
,,LEUKTRB4WOHtr
,,LEUKTRD4t
,,LEUKTRD4tr
,,LEULEUt
,,LEULEUTRPr
,,LEUPROARGr
,,LEUPROr
,,LEUSERTRPr
,,LEUt5m
,,LEUTRPARGr
,,LEUTRPr
,,LEUTYRTYRr
,,LEUVALr
,,LHCYSTIN
,,LHCYSTINt
,,LIMNENte
,,LINKDEG1ly
,,LINKDEG2ly
,,LINKDEG3ly
,,LINKDEG4ly
,,LNELDCCRNtr
,,LNELDCt
,,LNLCCRNNAt
,,LNLCCRNtd
,,LPAMt
,,LPAMtm
,,LPCHOLt
,,LPIPECOLt
,,LPIPECOLtx
,,LRAT1
,,LRAT2
,,LST4EXPitr
,,LST4EXPTDhc
,,LST4EXPthc
,,LSTN1GLUCitr
,,LSTN1GLUCtev
,,LSTNitr
,,LSTNM1itr
,,LSTNM1tev
,,LSTNM2itr
,,LSTNM2tev
,,LSTNM4hr
,,LSTNM4itr
,,LSTNM4tev
,,LSTNM5itr
,,LSTNM5tev
,,LSTNM7itr
,,LSTNM7TDhc
,,LSTNM7thc
,,LSTNRATt
,,LSTNtd
,,LTC4CP
,,LTD4DP
,,LTHSTRLABCt
,,LTHSTRLt
,,LTHSTRLtr
,,LVACLAChep
,,LVSTACIDitr
,,LVSTitr
,,LVSTtu
,,LYSACm
,,LYSARGLEUr
,,LYSCYSHISr
,,LYSGLNPHEr
,,LYSGLUGLUr
,,LYSLYSLYSr
,,LYSOXp
,,LYSPHEILEr
,,LYStip
,,LYStn
,,LYSTRPARGr
,,LYSTYRILEr
,,LYSVALPHEr
,,LYSVALTRPr
,,M02155tr
,,MAGt
,,MAL_Ltx
,,MALOAAtm
,,MALt
,,MALTTTRt
,,MANtly
,,MCITS
,,MCLACCYSR
,,MDHp
,,MDRPD
,,MDZGLChr
,,MDZGLCitr
,,MDZGLCtev
,,MDZitr
,,MDZtd
,,MELATNte
,,MEOHt2
,,MEOHtly
,,MEPIt
,,MEPIVESSte_cho
,,MERCPLACCYSt
,,MESCOALm
,,METARGLEUr
,,METASNTYRr
,,METDECARc
,,METGLNTYRr
,,METGLYARGr
,,METHISLYSr
,,METHSUCC
,,METHSUCCOAc
,,METHSUCCte
,,METMETILEr
,,METPHEARGr
,,METtm
,,METTRANSc
,,METTRPPHEr
,,MEV_Rt
,,MGACONm
,,MGSA
,,MGSA2
,,MHGLZABCt
,,MHGLZitr
,,MHGLZtev
,,MI134P4P
,,MI13PP
,,MI14P4P
,,MI14Ptn
,,MI1P_Dtn
,,MI1Pt
,,MINOHPtn
,,MK10t
,,MK11t
,,MK7t
,,MK8t
,,MK9t
,,MLTHFtm
,,MMALtm
,,MMTSADm
,,MTHGXLt
,,MTRI
,,MVLACc
,,MVLACte
,,MYELIN_HSSYN
,,N2M2NMASNtly
,,N4Tg
,,NACASPt
,,NACASPtm
,,NACCYSte
,,NACCYStm
,,NACt
,,NACVANALAm
,,NACVANALAte
,,NACVANALAtm
,,NADHtpu
,,NADHtru
,,NADN
,,NADPHtru
,,NADPHtxu
,,NADPN
,,NADPtru
,,NADPtxu
,,NADtm
,,NADtn
,,NADtru
,,NADtx
,,NAGAlby
,,NAGLCAly
,,NAPQIhr
,,NAtx
,,NCAMUP
,,NDERSVitr
,,NEU310e
,,NFDACitr
,,NFDACtep
,,NFDDMEThr
,,NFDLAChc
,,NFDLACtep
,,NFDNPYitr
,,NFDNPYtep
,,NFDOHitr
,,NFDOHtep
,,NFDOXDhc
,,NFDtd
,,NH4t
,,NH4tm
,,NH4tn
,,NH4tp
,,NH4tr
,,NICRNS
,,NICRNtr
,,NICRNTtn
,,NIFEDIPINEte
,,NMNDA
,,NMNHYD
,,NMNtn
,,NO2t2r
,,NORMETEt
,,NORMETEVESSte
,,NOt
,,NPTHLte
,,NRPPHRSFt
,,NRVNCCOAtx
,,NRVNCt
,,NWHARGtd
,,O2St
,,O2Stm
,,O2Stn
,,O2Stx
,,O2t
,,O2ter
,,O2tm
,,O2tn
,,O2tp
,,OAADC
,,OAAt_1
,,OAGD3te
,,OAGD3tg
,,OAGT3te
,,OAGT3tg
,,OBDHc
,,OCCOAtm
,,OCCOAtx
,,OCDCAFATPc
,,OCTAt
,,OCTDECE1CRNe
,,ODECOAtx
,,ODECRNtr
,,OMEPRAZOLEte
,,OMHDEACIDTD
,,OMHDOCOSACTD
,,OMHPALTD
,,ONPTHLte
,,ORETNF
,,ORETNF2
,,ORETNtn
,,ORETNtn2
,,ORN_Dte
,,ORN_Dtx
,,OROATP
,,OROT5Ptr
,,OXAtp
,,OXYP1CONJ
,,OXYP2CONJ
,,OXYPR1tehv
,,OXYPR7tehv
,,OXYPtepv
,,P450LTB4r
,,P450SCC1m
,,pac
,,PACALDtm
,,PACCOAL
,,PACCOALm
,,PAFS
,,PAFt
,,PA_HSter
,,PA_HStg
,,PA_HStm
,,PA_HStn
,,PAIL45P_HStn
,,PAIL4P_HStn
,,PAIL_hs_SECt
,,PAIL_HStn
,,PAILPALM_HSSECt
,,PAILR_HSSECt
,,PAN4PP
,,PAN4PPe
,,PAPitr
,,PAPSitr
,,PAPtg
,,PCHLN225_HSt1e
,,PCHOL2LINL_HSt1e
,,PCHOL2OLE_HSt1e
,,PCHOL2PALM_HSte
,,PCHOL2STE_HSt1e
,,PCHOLAR_HSt1e
,,PCHOLDOC_HSt1e
,,PCHOLEIC_HSt1e
,,PCHOLET_HSt1e
,,PCHOLHEP_HSt1e
,,PCHOLHSTDe_1
,,PCHOL_HSter
,,PCHOL_HStg
,,PCHOL_HStn
,,PCHOLLINL_HSt1e
,,PCHOLMYR_Hst1e
,,PCHOLN15_HSt1e
,,PCHOLN1836_HSt1e
,,PCHOLN183_HSt1e
,,PCHOLN19_HSt1e
,,PCHOLN201_HSt1e
,,PCHOLN203_HSt1e
,,PCHOLN204_HSt1e
,,PCHOLN205_HSt1e
,,PCHOLN224_HSt1e
,,PCHOLN2254_HSt1e
,,PCHOLN225_HSt1e
,,PCHOLN261_HSte
,,PCHOLN264_HSt1e
,,PCHOLN281_HSte
,,PCHOLN28_HSte
,,PCHOLOLE_HSt1e
,,PCHOLPALME_HSt1e
,,PCHOLSTE_HSt1e
,,PCOLLG5HLYStd
,,PCREATte
,,PCREATtmdiffir
,,PCRESOLup
,,PCRNtc
,,PCSsec
,,PE12_HSt1e
,,Pe13_HSt1e
,,PE14_HSt1e
,,PE15_HSt1e
,,PE161_HSt1e
,,PE17_HSt1e
,,PE203_HSt1e
,,PE224_HSte
,,PE226_HSt1e
,,PE2LINL_HSt1e
,,PEAR_HSt1e
,,PECDCHe
,,PECGCHLe
,,PECTCHLe
,,PEDH203_HSt1e
,,PE_HSter
,,PE_HStm
,,PELINL_HSt1e
,,PELPALM_HSt1e
,,PEOLE_HSt1e
,,PEPALM_HSt1e
,,PEPtr
,,PERILLYLte
,,PESTE_HSt1e
,,PEt
,,PGLYCt
,,PGLYCtm
,,PGP_hs_tm
,,PGPP_hsc
,,PHACCOAGLNAC
,,PHACGLYc
,,PHACGLYt
,,PHCHGSm
,,PHCRMter
,,PHCRMtg
,,PHEACGLNt
,,PHEACGLYsec
,,PHEACGLYtm
,,PHEASNMETr
,,PHEASPr
,,PHEGLNPHEr
,,PHELEUASPr
,,PHELEUHISr
,,PHELEUr
,,PHELYSALAr
,,PHELYSPROr
,,PHEMEtm
,,PHEPHEASNr
,,PHEPHEr
,,PHEPHETHRr
,,PHEPROARGr
,,PHESERTRPr
,,PHEt2m
,,PHETHRLYSr
,,PHETRPLEUr
,,PHETYRGLNr
,,PHETYRLYSr
,,PHETYRr
,,PHLAC
,,PHLACHt
,,PHSGPL11c
,,PHSPHINGStg
,,PHSPHINGStr
,,PHYQt
,,PHYTt
,,PI345P5Pn
,,PI34P3Pn
,,PI34P4Pn
,,PI34P5Kn
,,PI3P3Pn
,,PI3P4Kn
,,PI3PP
,,PI45P3Kn
,,PI45P4P
,,PI45P5Pn
,,PI4P3Kn
,,PI4P4Pn
,,PI4P5Kn
,,PI4PP
,,PI5P4Kn
,,PIK3n
,,PIK4n
,,PIK5n
,,PIt
,,PIt2r
,,PItg
,,PItn
,,PItx
,,PMTCOAtx
,,PMTCRNtr
,,PNTEHe
,,PNTOt4
,,PNTOte
,,PPA2
,,PPAn
,,PPAtm
,,PPAtr
,,PPBNGte
,,PPCOAtm
,,PPD2CSPp
,,PPIOGLYte
,,PPIOGLYtm
,,PPItm
,,PPItr
,,PPItx
,,PPMI12346Ptn
,,PPPG9tm
,,PPPGO
,,PRGNLONEtm
,,PRGNLONEtr
,,PRGSTRNt
,,PRISTANALtx
,,PRISTCOAtx
,,PRISTte
,,PRISTtx
,,PROARGASPr
,,PROARGCYSr
,,PROASNCYSr
,,PROCYSr
,,PRO_Dtde
,,PROFVSCOAitx
,,PROFVShc
,,PROFVStev
,,PROGLNPROr
,,PROGLULYSr
,,PROGLyt
,,PROHISr
,,PROHISTYRr
,,PROLEUARGr
,,PROLYSPROr
,,PROPHEr
,,PROPROARGr
,,PROPROPROr
,,PROSTGE2t2m
,,PROSTGE2t2r
,,PROSTGH2t
,,PROSTGI2c
,,PROSTGI2t
,,PROSTGI2tr
,,PROTEIN_BS
,,PROtm
,,PROTRPLYSr
,,PROTRPTHRr
,,PROVALGLNr
,,PSDm_hsc
,,PSERtr
,,PSt3
,,PSYGCHe
,,PSYTCHe
,,PSYTDECHe
,,PTDCAt
,,PTPATe
,,PTRCtex2
,,PTVSTitr
,,PTVSTLAChc
,,PTVSTLACitr
,,PTVSTLACtev
,,PTVSTM13itr
,,PTVSTM13te
,,PTVSTM3itr
,,PTVSTtep
,,PVD3
,,PVSGLUChc
,,PVSGLUCitr
,,PVSGLUCtev
,,PVSHtu
,,PVSitr
,,PVStep
,,PYDAMtr
,,PYDXNtr
,,PYDXtr
,,Q10H2e
,,q10h2tc
,,q10tm
,,QUILSYN
,,r0002
,,r0156
,,r0157
,,r0179
,,r0330
,,r0331
,,r0365
,,r0381
,,r0466_1
,,r0480
,,r0558
,,r0571
,,r0647
,,r0784
,,r0788
,,r0789
,,r0795
,,r0796
,,r0809
,,r0818
,,r0826
,,r0839
,,r0840
,,r0841
,,r0842
,,r0853
,,r0859
,,r0860
,,r0870
,,r0871
,,r0881
,,r0886
,,r0892
,,r0899
,,r0907
,,r0908
,,r0909
,,r0911
,,r0921
,,r0926
,,r0927
,,r0931
,,r0932
,,r0936
,,r0937
,,r0940
,,r0950
,,r0962
,,r0968
,,r0970
,,r0973
,,r0975
,,r0986
,,r0987
,,r0989
,,r0990
,,r0994
,,r0998
,,r0999
,,r1000
,,r1002
,,r1003
,,r1005
,,r1006
,,r1007
,,r1008
,,r1011
,,r1012
,,r1013
,,r1014
,,r1017
,,r1018
,,r1019
,,r1020
,,r1024
,,r1025
,,r1029
,,r1030
,,r1051
,,r1052
,,r1078
,,r1106
,,r1109
,,r1116
,,r1117
,,r1134
,,r1146
,,r1148
,,r1150
,,r1159
,,r1162
,,r1292
,,r1298
,,r1299
,,r1301
,,r1302
,,r1303
,,r1304
,,r1318
,,r1364
,,r1365
,,r1367
,,r1368
,,r1375
,,r1377
,,r1384
,,r1400
,,r1401
,,r1421
,,r1428
,,r1435
,,r1437
,,r1456
,,r1457
,,r1459
,,r1467
,,r1468
,,r1512
,,r1528
,,r2506
,,r2507
,,r2508
,,r2509
,,r2510
,,r2511
,,r2512
,,r2513
,,r2514
,,r2514e
,,r2514m
,,r2515
,,r2519
,,r2521
,,r2535m
,,r2537
,,r2538
,,r2539
,,RADH
,,RADH2
,,RADH3
,,RADH4
,,RAHY
,,RAI1
,,RAI2
,,RAI4
,,RAtn
,,RAtn3
,,RBTt
,,RE0452M
,,RE0453C
,,RE0549C
,,RE0566C
,,RE0567C
,,RE0570C
,,RE0571C
,,RE0574C
,,RE0575C
,,RE0576C_1
,,RE0581C
,,RE0691C
,,RE0830C
,,RE0908C
,,RE0915C
,,RE0916C
,,RE0918C
,,RE0958C
,,RE1077C_1
,,RE1096C
,,RE1134C
,,RE1266C_1
,,RE1342C
,,RE1447N_1
,,RE1448N_1
,,RE1530C
,,RE1587C
,,RE1630C
,,RE1632C
,,RE1709C
,,RE1711C
,,RE1803C
,,RE1804C
,,RE1807C
,,RE1810M
,,RE1826C
,,RE1836C
,,RE1897C
,,RE1898C
,,RE1901R
,,RE1903R
,,RE1915C
,,RE1916C
,,RE1918C
,,RE1919C
,,RE1921C
,,RE1923C
,,RE1925C
,,RE1933C
,,RE1978C
,,RE2034C
,,RE2069C
,,RE2078M
,,RE2079R
,,RE2080C
,,RE2112C
,,RE2122C
,,RE2127C
,,RE2130C
,,RE2154C
,,RE2155C
,,RE2235C
,,RE2240C
,,RE2296C
,,RE2327C
,,RE2346C
,,RE2386C
,,RE2407C
,,RE2410C
,,RE2426C
,,RE2439C
,,RE2526C
,,RE2562C
,,RE2563C
,,RE2605C
,,RE2625C
,,RE2626C
,,RE2635C
,,RE2636C
,,RE2651R
,,RE2655R
,,RE2658C
,,RE2658R
,,RE2659R
,,RE2660C
,,RE2666C_1
,,RE2675C_1
,,RE2675C2
,,RE2677C_1
,,RE2677E_1
,,RE2677G_1
,,RE2677N_1
,,RE2705C
,,RE2799C
,,RE2814M
,,RE2814R
,,RE2898C
,,RE2948C
,,RE2958C
,,RE2974N_1
,,RE3011R
,,RE3013C
,,RE3016R
,,RE3017R
,,RE3033C
,,RE3044C
,,RE3050R
,,RE3051C
,,RE3052C
,,RE3076X
,,RE3104C
,,RE3106C
,,RE3108C
,,RE3112C
,,RE3113C
,,RE3119C
,,RE3121C
,,RE3122C
,,RE3152C
,,RE3153C
,,RE3154C
,,RE3162C
,,RE3163C
,,RE3164C
,,RE3166C
,,RE3167C
,,RE3168C
,,RE3169C
,,RE3171C
,,RE3172C
,,RE3173C
,,RE3175C
,,RE3176C
,,RE3180C
,,RE3181C
,,RE3198C
,,RE3201C
,,RE3227C
,,RE3228C
,,RE3229C
,,RE3230C
,,RE3231C
,,RE3232C
,,RE3234C
,,RE3235C
,,RE3236C
,,RE3237C
,,RE3238C
,,RE3239C
,,RE3242C
,,RE3243C
,,RE3244C
,,RE3251C
,,RE3252C
,,RE3267E
,,RE3286C
,,RE3287C
,,RE3288C
,,RE3289C
,,RE3352C
,,RE3411C_1
,,RE3413C
,,RE3417C_1
,,RE3420C_1
,,RE3421R
,,RE3422C
,,RE3423C
,,RE3430M
,,RE3430X
,,RE3431C
,,RE3434C
,,RE3435C
,,RE3436C
,,RE3437C
,,RE3475C
,,RE3477C1
,,RE3485C
,,RE3486C
,,RE3488C
,,RE3490C
,,RE3491C
,,RE3493C
,,RE3496C
,,RE3513C
,,RE3513R
,,RE3524R
,,RE3525M
,,RE3525R
,,RE3526M
,,RE3556C
,,RE3565C
,,RE3566C
,,RE3567C
,,RE3568C
,,RE3570C
,,RE3587C
,,RE3629C
,,RE3630C
,,RE3637C
,,RETFA
,,RETFAt
,,RETFAt1
,,RETFAt2
,,RETH1
,,RETH1e
,,RETH2
,,RETH2e
,,RETHe
,,RETI1
,,RETI2
,,RETI3
,,RETINALt
,,RETNGLCt
,,RETNGLCt2
,,RETNGLCt2r
,,RETNGLCtr
,,RETNt
,,RETNtr
,,RETNtr2
,,R_group_phosphotase_1
,,R_group_phosphotase_2
,,R_group_phosphotase_3
,,RIBt
,,RIBt2
,,RSVGLUChc
,,RSVhc
,,RSVitr
,,RSVLAChv
,,RSVLACitr
,,RSVtev
,,RTOTAL2t
,,RTOTALt
,,Rtotalter
,,Rtotaltg
,,Rtotaltl
,,S2L2FN2M2MASNtly
,,S2L2N2M2MASNtly
,,S2L2N2M2Mt
,,S2L2N2M2Mtl
,,S2TASE4ly
,,S2TASE5ly
,,S3MEACMPhc
,,S3MEACMPtev
,,S3TASE1ly
,,S3TASE2ly
,,S3TASE3ly
,,S4T4g
,,S4T5g
,,SACCRP_Lte
,,SACCRP_Ltm
,,SARCStex
,,SARCStm
,,SARCStp
,,SBT_Dt
,,SEBACACT
,,SEBACIDtd
,,SEBACIDTD
,,SELMETHt2e
,,SERARGALAr
,,SERARGTRPr
,,SERCYSARGr
,,SERGLYGLUr
,,SERLYSHISr
,,SERPHELYSr
,,Ser_Thrtg
,,SERtp
,,SERTRPHISr
,,SFCYSc
,,SFCYSe
,,SGALSIDEtg
,,SGALSIDEtl
,,SK_11_cis_retfa_c
,,SK_25hvitd2_c
,,SK_34dhpac_c
,,SK_4abut_l
,,SK_5HPET_c
,,SK_7klitchol_c
,,SK_9_cis_retfa_c
,,SK_adprbp_c
,,SK_akg_c
,,SK_ala__L_c
,,SK_arg__L_c
,,SK_asn__L_c
,,SK_asp__L_c
,,SK_band_c
,,SK_bandmt_c
,,SK_btn_c
,,SK_C02528_c
,,SK_c101coa_c
,,SK_c226coa_c
,,SK_c81coa_c
,,SK_CE1273_c
,,SK_cholate_c
,,SK_chol_c
,,SK_citr__L_c
,,SK_cmpglna_c
,,SK_coa_c
,,SK_crvnc_c
,,SK_cys__L_c
,,SK_dchac_c
,,SK_dd2coa_c
,,SK_decdicoa_c
,,SK_dgchol_c
,,SK_dhcholestanate_c
,,SK_doco13ecoa_c
,,SK_fad_c
,,SK_fe3_c
,,SK_ficytb5_c
,,SK_focytb5_c
,,SK_for_c
,,SK_gchola_c
,,SK_gln__L_c
,,SK_glu__L_c
,,SK_gly_c
,,SK_glygn2_c
,,SK_HC01115_c
,,SK_HC02191_c
,,SK_HC02192_c
,,SK_HC02193_c
,,SK_HC02194_c
,,SK_HC02195_c
,,SK_HC02196_c
,,SK_HC02197_c
,,SK_HC02198_c
,,SK_HC02220_c
,,SK_hdca_c
,,SK_his__L_c
,,SK_ile__L_c
,,SK_leu__L_c
,,SK_lnlc_c
,,SK_lnlccoa_c
,,SK_lnlncacoa_c
,,SK_lnlncgcoa_c
,,SK_lys__L_c
,,SK_met__L_c
,,SK_mi1345p_c
,,SK_mi134p_c
,,SK_mi145p_c
,,SK_mi14p_c
,,SK_nad_c
,,SK_nadp_c
,,SK_octdececoa_c
,,SK_odecoa_c
,,SK_phe__L_c
,,SK_phyQ_c
,,SK_pmtcoa_c
,,SK_pre_prot_r
,,SK_pro__L_c
,,SK_pydam_c
,,SK_pydx_c
,,SK_pydxn_c
,,SK_retfa_c
,,SK_retinol_c
,,SK_Ser_Gly_Ala_X_Gly_r
,,SK_ser__L_c
,,SK_stcoa_c
,,SK_tag_hs_c
,,SK_T_antigen_g
,,SK_tchola_c
,,SK_tdchola_c
,,SK_tdechola_c
,,SK_tetdec2coa_c
,,SK_tetdece1coa_c
,,SK_thcholstoic_c
,,SK_thf_c
,,SK_thr__L_c
,,SK_tmndnc_c
,,SK_tmndnccoa_c
,,SK_trp__L_c
,,SK_Tyr_ggn_c
,,SK_tyr__L_c
,,SK_val__L_c
,,SK_vitd3_c
,,SK_xol7ah3_c
,,SK_xol7aone_c
,,SK_xoldiolone_c
,,SLDt
,,SMOX
,,SMSn
,,SMVACIDitr
,,SMVACIDtev
,,SMVGLUCLAChep
,,SMVitr
,,SMVLAChep
,,SMVtv
,,SO4tl
,,SPC_HSt
,,SPH1Pte
,,SPH1Pter
,,SPHGNSte
,,SPHGNte
,,SPHGNtg
,,SPHGNtn
,,SPHGNtr
,,SPHINGStg
,,SPHINGStl
,,SPHINGStn
,,SPHINGStr
,,SPHMDAc
,,SPHMYLN180241_hs_SECt
,,SPHMYLN18114_hs_SECt
,,SPHMYLN18115_hs_SECt
,,SPHMYLN181161_hs_SECt
,,SPHMYLN18116_hs_SECt
,,SPHMYLN18117_hs_SECt
,,SPHMYLN181181_hs_SECt
,,SPHMYLN18118_hs_SECt
,,SPHMYLN181201_hs_SECt
,,SPHMYLN18120_hs_SECt
,,SPHMYLN18121_hs_SECt
,,SPHMYLN181221_hs_SECt
,,SPHMYLN18122_hs_SECt
,,SPHMYLN18123_hs_SECt
,,SPHMYLN1824_hs_SECt
,,SPHMYLN1825_hs_SECt
,,SPHMYLN_HsSECt
,,SPHMYLNte
,,SPHMYLNtg
,,SPHMYLNtl
,,SPHMYLNtl2
,,SPHS1Pte
,,SPHS1Ptr
,,SPMDAT1
,,SPMDAT2
,,SPMDOX
,,SPMDtex2
,,SPRMt2i
,,SQLte
,,SQLter
,,STACMPhc
,,STACMPtev
,,STCOAtx
,,STCRNtr
,,STN_ANTIGENt
,,STRDNCt
,,SUBEACtd
,,SUBEACTD
,,SUBERICACT
,,SUBGLYte
,,SUCACETATALTc
,,SUCACETATc
,,SUCACETOc
,,SUCACETOte
,,SUCCACT
,,SUCCtp
,,SUCSALte
,,SUCSALtm
,,T4HCINNMFM
,,T4HCINNMte
,,T4HCINNMtm
,,TACRDtsc
,,TACRitr
,,TAGAT_Dt
,,TAGt
,,TAURIBUP_Sthv
,,TAURt
,,TAXOLte
,,TCHOLAte
,,TCHOLAtx
,,TCYNTt
,,TCYNTtm
,,TD2GLTRCOAm
,,TDCHOLAte
,,TDCHOLAtx
,,TDCRNe
,,TDP
,,TDPm
,,TETDEC2CRNe
,,TETDECA511ACc
,,TETDECA511ACt
,,TETDECA511ACtd
,,TETDECE1CRNe
,,TETHEX3COAtx
,,TETHEX3t
,,TETPENT3COAtm
,,TETPENT3COAtx
,,TETPENT3t
,,TETPENT6COAtm
,,TETPENT6COAtx
,,TETPENT6t
,,TETTET6COAtm
,,TETTET6COAtx
,,TETTET6t
,,THBPTt
,,THCHOLSTOICtm
,,THCRMtl
,,THEXDDte
,,THFtl
,,THFtm
,,THMATPe
,,THMMPtm_cho
,,THMMPtrbc
,,THMP
,,THMPPtm_cho
,,THMt2m
,,THMtrbc
,,THP2Ctp
,,THRA
,,THRACm
,,THRARGTYRr
,,THRASNTYRr
,,THRFVShc
,,THRFVStev
,,THRGLNGLUr
,,THRGLNTYRr
,,THRHISHISr
,,THRILEARGr
,,THRMETARGr
,,thr_mt
,,THRNTt
,,THRPHEARGr
,,THRSERARGr
,,THRTHRARGr
,,THRTYRMETr
,,THSACMPhr
,,THSACMPitr
,,TIGCRNe
,,TIGGLYte
,,TIGGLYtm
,,TLACFVShc
,,TLACFVSitr
,,TLACFVStev
,,TMACMPhr
,,TMACMPitr
,,TMDitr
,,TMDM1itr
,,TMDM1OATt
,,TMDM3hr
,,TMDM3itr
,,TMDM3OATt
,,TMDM5itr
,,TMDM5OATt
,,TMDOATPtsc
,,TMDOATtev
,,TMDPPK
,,TMDtd
,,TMLYStd
,,TMNDNCCOAtx
,,TMNDNCt
,,TMNDNCtl
,,TOLBUTAMIDEte
,,TREt
,,TRIODTHYSUFt
,,TRIOK
,,TRIPVSitr
,,TRIPVStev
,,TRPALAPROr
,,TRPARGALAr
,,TRPASPASPr
,,TRPGLNGLNr
,,TRPGLUGLYr
,,TRPGLULEUr
,,TRPGLUPROr
,,TRPGLUTYRr
,,TRPGLYASPr
,,TRPGLYLEUr
,,TRPGLYPHEr
,,TRPGLYVALr
,,TRPHISMETr
,,TRPILELYSr
,,TRPILETRPr
,,TRPLEUVALr
,,TRPLYSr
,,TRPMETARGr
,,TRPMETVALr
,,TRPPHEr
,,TRPPROGLYr
,,TRPPROLEUr
,,TRPPROVALr
,,TRPSERTYRr
,,TRPTHRGLUr
,,TRPTHRILEr
,,TRPTHRTYRr
,,TRPTYRGLNr
,,TRPTYRTYRr
,,TRPVALASPr
,,TS3
,,TSACGLUCtev
,,TSACMGLUChr
,,TSACMGLUCitr
,,TSACMSULhc
,,TSACMSULtev
,,TSTSTERONEGLCtr
,,TSTSTERONESte
,,TSTSTERONEt
,,TSTSTERONEtr
,,TTCCOAtx
,,TTDCAFATPc
,,TTDCEAATP
,,TTDCEAt
,,TTDCRNNAt
,,TXA2te
,,TXA2tr
,,TXB2c
,,TXB2t
,,TYMc
,,TYMSFt
,,TYRALAPHEr
,,TYRALAr
,,TYRARGGLUr
,,TYRARGSERr
,,TYRASPARGr
,,TYRCYSGLYr
,,TYRCYSTHRr
,,TYRGLUr
,,TYRLEUARGr
,,TYRPHETYRr
,,TYRTHRr
,,TYRTRPPHEr
,,TYRTYRr
,,TYRVALMETr
,,UAGALDP
,,UDPACGALtl
,,UDPG1P
,,UDPGALt2n
,,UDPGALt2r
,,UDPGLCAtg
,,UDPGLCter
,,UDPGLCURtr
,,UDPGNP
,,UDPRIBc
,,UDPtl
,,UDPXYLter
,,UGT1A10c
,,UMPtr
,,UNK3
,,URATEt
,,URATEtx
,,URCANt
,,URIDK2r
,,URIK3
,,Uritn
,,UROLACer
,,URSCHOLCOAc
,,UTPtn
,,VACCt
,,VALARGGLYr
,,VALHISASNr
,,VALLEUPHEr
,,VALLYSTYRr
,,VALPHEARGr
,,VALPROTRPr
,,VALSERARGr
,,VALt5m
,,VALTRPPHEr
,,VALTRPVALr
,,VALVALr
,,VANILLACc
,,VANILLACte
,,VD3
,,VITD3t
,,VITKtl
,,WHARACHDt
,,WHARACHDtr
,,WHDDCAte
,,WHHDCAte
,,WHTSTSTERONEte
,,WHTSTSTERONEtr
,,WHTTDCAte
,,XANt
,,XANtx
,,XMPtr
,,XOL24OHte
,,XOL24OHtr
,,XOL25OHte
,,XOL25OHtr
,,XOL27OHte
,,XOL27OHtm
,,XOL27OHtmc
,,XOL7AH2tm
,,XOL7AONEtr
,,XOLDIOLONEt
,,XOLEST182_HSte
,,XOLEST182tl
,,XOLEST183te
,,XOLEST183tl
,,XOLEST205_HSte
,,XOLEST205tl
,,XOLEST226_HSte
,,XOLEST226tl
,,XOLEST2te
,,XOLESTte
,,XOLTRI24tc
,,XOLTRI24te
,,XOLTRI25tc
,,XOLTRI25te
,,XOLTRI27tc
,,XOLTRI27te
,,XOLTRIOLtm
,,XPPT
,,XSERtg
,,XTSNtr
,,XYLTD_D
,,XYLtly
,,XYLTt
,,XYLUDte
,,XYLULte
,,YVITEt
,,1a_24_25VITD3Hm
,,1a_25VITD3Hm
,,25HVITD2tin
,,25HVITD2tm
,,25HVITD3tm
,,3HPCOAHYD
,,3HPPD
,,3HXKYNDCL
,,3HXKYNOXDA
,,3NTD7l
,,4MPTNLtr
,,5HOXINDACTOXm
,,5HTRPDOX
,,5HXKYNDCL
,,5HXKYNOXDA
,,A_MANASE
,,ACSOMT
,,ADEtl
,,ADHAPtx
,,ADPGLC
,,ADPRDPm
,,ADSELK
,,AG13T10g
,,AG13T11g
,,AG13T12g
,,AG13T13g
,,AG13T14g
,,AG13T15g
,,AG13T4g
,,AG13T5g
,,AG13T6g
,,AG13T7g
,,AG13T8g
,,AG13T9g
,,AGLPC
,,AGLPED
,,AGLPET
,,AGLPH
,,AGLPR
,,AGLPT
,,AGPex
,,AGPRim
,,AGPSx
,,AHCYStn
,,ALAt2rL
,,ALKP
,,ALOX12R
,,AMACR2r
,,AMACRr
,,AMETtn
,,AMPtr
,,AP4AH1
,,ARTFR11
,,ARTFR12
,,ARTFR13
,,ARTFR202
,,ARTFR203
,,ARTFR204
,,ARTFR205
,,ARTFR206
,,ARTFR207
,,ARTFR209
,,ARTFR210
,,ARTFR211
,,ARTFR212
,,ARTFR213
,,ARTFR31
,,ARTFR32
,,ARTFR33
,,ARTFR34
,,ARTFR41
,,ARTFR42
,,ARTFR43
,,ARTFR44
,,ARTFR45
,,ARTFR46
,,ARTFR51
,,ARTFR52
,,ARTFR53
,,ARTFR54
,,ARTFR55
,,ARTFR56
,,ARTFR57
,,ARTFR61
,,ARTPLM1
,,ARTPLM1m
,,ARTPLM2
,,ARTPLM2m
,,Asn_X_Ser_Thrtr
,,BAMPPALDOXm
,,BDMT_L
,,BDMT_U
,,BMTer_L
,,C2M26DCOAHLm
,,C2M26DCOAHLx
,,CBLATm
,,CBR1
,,CCA_D3t
,,CCA_D3tm
,,CO2tn
,,CPCTDTX
,,CRTSTRNtr
,,CYSLYSL
,,CYSTAm
,,DALAt2rL
,,DEDOLP1_U
,,DEDOLP2_U
,,DEDOLR_U
,,DHAPA
,,DHAPAx
,,DMHPTCRNCPT1
,,DNAMTn
,,DNAMTSEn
,,DNDPt22m
,,DNDPt26m
,,DNDPt27m
,,DNDPt29m
,,DNDPt33m
,,DNDPt34m
,,DNDPt35m
,,DNDPt36m
,,DNDPt8m
,,DNDPt9m
,,DOGULND1
,,DOGULND2
,,DOGULNO2
,,DOLASNT_Ler
,,DOLASNT_Uer
,,DOLDPP_Ler
,,DOLDPP_Uer
,,DOLGLCP_Uter
,,DOLGPP_Uer
,,DOLMANP_Lter
,,DOLPGT1_Ler
,,DOLPGT1_Uer
,,DOLPGT2_Ler
,,DOLPGT2_Uer
,,DOLPGT3_Ler
,,DOLPGT3_Uer
,,DOLPMT_L
,,DOLPMT1_Ler
,,DOLPMT1_Uer
,,DOLPMT2_Ler
,,DOLPMT2_Uer
,,DOLPMT3_Ler
,,DOLPMT3_Uer
,,DOLPMT4_Ler
,,DOLPMT4_Uer
,,DPROOp
,,ECGISOr
,,EGMESTr
,,ENGASE
,,ENGASE2
,,ENMAN1g
,,ENMAN2g
,,ENMAN3g
,,ENMAN4g
,,ENMAN5g
,,ENMAN6g
,,EPCTX
,,EX_cca_d3_e
,,EX_pro_D_e
,,EX_sel_e
,,EX_ser_D_e
,,EX_vitd2_e
,,F6Tg
,,FA120ACPH
,,FA140ACPH
,,FA141ACPH
,,FA160ACPH
,,FA161ACPH
,,FA180ACPH
,,FA181ACPH
,,FA1821ACPH
,,FA1822ACPH
,,FA182ACPH
,,FORtrn
,,G12MT1_L
,,G12MT1_U
,,G12MT2_L
,,G12MT2_U
,,G13MT_L
,,G13MT_U
,,G14T10g
,,G14T11g
,,G14T12g
,,G14T13g
,,G14T14g
,,G14T15g
,,G14T16g
,,G14T17g
,,G14T6g
,,G14T7g
,,G14T8g
,,G14T9g
,,G14Tg
,,G16MT_L
,,G16MT_U
,,G1M6MASNB1terg
,,G1M7MASNBterg
,,G1M7MASNCterg
,,G1M8MASNterg
,,G2M8MASNterg
,,G3M8MASNterg
,,GGT_U
,,GHMT3m
,,GK1m
,,GLACOm
,,GLCNACPT_L
,,GLCNACPT_U
,,GLCNACT_L
,,GLCNACT_U
,,GLYt2rL
,,GPAMm_hs
,,GPIMTer_L
,,GSNKm
,,GSNtm
,,GTPCIn
,,GTPtn
,,H2MTer_L
,,H3MTer_L
,,H5MTer_L
,,H6MTer_L
,,H7MTer_L
,,H8MTer_L
,,H8MTer_U
,,HEXCCPT1
,,HEXCCPT2
,,HEXCCRNt
,,HMGCOARr
,,HXANtl
,,IMACTD_m
,,INSKm
,,INStl
,,INStm
,,IPDPtr
,,KSIt
,,LACZly
,,LALDO2x
,,LCADi_Dm
,,LCTStl
,,LCYSTATm
,,LGNCCPT1
,,LGNCCPT2
,,LGNCCRNt
,,LPSe
,,LS3
,,LYSMTF1n
,,LYSMTF2n
,,LYSMTF3n
,,M1316Mg
,,M13N2Tg
,,M13N4Tg
,,M14NTg
,,M16N4Tg
,,M16N6Tg
,,M16NTg
,,M4ATAer
,,M4BET2er
,,M4MPDOL_Lter
,,M4MPDOL_Uter
,,M7MASNBterg
,,M8MASNterg
,,MAN1_6B1er
,,MAN1_7Ber
,,MAN2_6B1er
,,MAN2_7Cer
,,MANter
,,MANtg
,,MCOATAm
,,MEOHtr
,,MG1er
,,MG2er
,,MG3er
,,MI13456PK
,,MI13456Ptn
,,MI1345PKn
,,MI1346PKn
,,MI1346Ptn
,,MI134PK
,,MI1456PKn
,,MI145P6Kn
,,MI145PKn
,,MI3456PK
,,MM5ag
,,MM5bg
,,MM5cg
,,MM6ag
,,MM6B1ag
,,MM6B1bg
,,MM6B2g
,,MM6bg
,,MM7Ag
,,MM7B1g
,,MM7B2g
,,MM7Cag
,,MM7Cbg
,,MM8Ag
,,MM8Ber
,,MM8Cg
,,MMCD
,,MMCDp
,,N2M2NMASNt
,,NABTNOm
,,NADtpu
,,NDPK10m
,,NDPK2m
,,NDPK9m
,,NMPTRCOX
,,NNATm
,,NRVNCCPT1
,,NRVNCCPT2
,,NRVNCCRNt
,,NTD2m
,,NTD3l
,,NTD6l
,,NTD8l
,,NTMELYStner
,,NTPP11
,,PCLYSOX
,,PE_HStg
,,PECGONCOATr
,,PEPLYStn
,,PI45PLCn
,,PI4P3Ker
,,PI5P3Ker
,,PIK3er
,,PLA2
,,PLYSPSer
,,PMI1346PH
,,PMI1346PHn
,,PNTKm
,,PPA2m
,,PPCOACm
,,PPCOAOm
,,PPDOx
,,PPMI1346Ptn
,,PPPItn
,,PRO1xm
,,PROAKGOX1r
,,PRODt2rL
,,PROt2rL
,,PRPNCOAHYDm
,,PRPNCOAHYDx
,,PS_HSter
,,PS_HStg
,,PTE5x
,,PTHPSn
,,PYAM5Ptm
,,PYDX5Ptm
,,PYLALDOX
,,PYLALDOXm
,,RETNCOA
,,RTOT_2
,,RTOT_3
,,RTOT1
,,RTOT2
,,RTOT3
,,RTOT4
,,RTOT5
,,RTOT6
,,RTOTAL2CRNCPT1
,,RTOTAL2CRNCPT2
,,RTOTAL2CRNt
,,RTOTAL3t
,,RTOTALCRNCPT1
,,RTOTALCRNCPT2
,,RTOTALCRNt
,,Rtotaltp
,,S23T3g
,,S26Tg
,,S2L2FN2M2MASNt
,,S6T10g
,,S6T11g
,,S6T12g
,,S6T13g
,,S6T14g
,,S6T15g
,,S6T4g
,,S6T5g
,,S6T6g
,,S6T7g
,,S6T8g
,,S6T9g
,,SEAHCYSHYD
,,SEAHCYStn
,,SEASMETtn
,,SELADT
,,SELCYSLY
,,SELCYSLY2
,,SELCYSTGL
,,SELCYSTS
,,SELMETAT
,,SELNPS
,,SELt4_3
,,SGPL11r
,,SIAASE
,,SLDxm
,,SOAT11
,,SOAT11r
,,SOAT12r
,,SPRn
,,SRTN23OX
,,SRTNMTX
,,T2M26DCOAHLm
,,T2M26DCOAHLx
,,T4HCINNOX
,,TDPDRR
,,TMLYSter
,,TRDRm
,,UDPDOLPT_U
,,UDPGALt2g
,,UDPGLCtg
,,UGALNACter
,,UMPKm
,,UNK2
,,Uritm
,,VITD2Hm
,,VITD2t
,,VITD2tm
,,VITD3Hm
,,VITD3tm
,,VITD3tm3
,,XOL7AH2tr
,,XOLDIOLONEtm
,,XOLTRIOLtr
,,r0001
,,r0120
,,r0121
,,r0163
,,r0276
,,r0366
,,r0368
,,r0384
,,r0430
,,r0446
,,r0464
,,r0537
,,r0549
,,r0556
,,r0559
,,r0580
,,r0598
,,r0614
,,r0620
,,r0625
,,r0626
,,r0644
,,r0668
,,r0678
,,r0679
,,r0680
,,r0681
,,r0682
,,r0683
,,r0691
,,r0692
,,r0693
,,r0694
,,r0695
,,r0696
,,r0697
,,r0701
,,r0702
,,r0708
,,r0709
,,r0712
,,r0713
,,r0760
,,r0761
,,r0762
,,r0763
,,r0764
,,r0765
,,r0766
,,r0767
,,r0768
,,r0769
,,r0770
,,r0771
,,r0772
,,r0773
,,r0775
,,r0776
,,r0777
,,r0778
,,r0780
,,r0800
,,r0801
,,r0802
,,r0803
,,r0804
,,r0805
,,r0806
,,r0807
,,r0808
,,r0825
,,r0925
,,r0941
,,r0947
,,r0988
,,r0992
,,r1004
,,r1010
,,r1021
,,r1027
,,r1033
,,r1034
,,r1048
,,r1049
,,r1050
,,r1054
,,r1055
,,r1056
,,r1057
,,r1059
,,r1061
,,r1062
,,r1063
,,r1064
,,r1067
,,r1068
,,r1071
,,r1073
,,r1074
,,r1076
,,r1077
,,r1080
,,r1081
,,r1082
,,r1092
,,r1093
,,r1094
,,r1095
,,r1096
,,r1097
,,r1098
,,r1099
,,r1100
,,r1101
,,r1102
,,r1103
,,r1104
,,r1105
,,r1112
,,r1113
,,r1127
,,r1128
,,r1129
,,r1130
,,r1131
,,r1132
,,r1133
,,r1140
,,r1173
,,r1176
,,r1178
,,r1180
,,r1184
,,r1185
,,r1186
,,r1187
,,r1188
,,r1189
,,r1190
,,r1290
,,r1293
,,r1294
,,r1313
,,r1314
,,r1315
,,r1316
,,r1317
,,r1319
,,r1320
,,r1321
,,r1322
,,r1323
,,r1324
,,r1325
,,r1326
,,r1327
,,r1328
,,r1329
,,r1330
,,r1331
,,r1332
,,r1333
,,r1334
,,r1335
,,r1336
,,r1337
,,r1338
,,r1339
,,r1340
,,r1341
,,r1342
,,r1343
,,r1344
,,r1345
,,r1346
,,r1347
,,r1348
,,r1349
,,r1350
,,r1351
,,r1352
,,r1353
,,r1354
,,r1355
,,r1356
,,r1357
,,r1358
,,r1359
,,r1381
,,r1386
,,r1393
,,r1402
,,r1403
,,r1429
,,r1430
,,r1431
,,r1432
,,r1433
,,r1441
,,r1453
,,r1464
,,r1466
,,r1479
,,r1526
,,r1618
,,r1619
,,r1620
,,r1622
,,r1623
,,r1624
,,r1626
,,r1644
,,r1647
,,RE0066C
,,RE0066M
,,RE0066R
,,RE0344M
,,RE0344X
,,RE0452N
,,RE0456M
,,RE0512C
,,RE0572N
,,RE0573N
,,RE0577M
,,RE0577X
,,RE0578M
,,RE0578X
,,RE0579M
,,RE0579X
,,RE0580L
,,RE0580R
,,RE0581R
,,RE0582N
,,RE0583N
,,RE0688C
,,RE0688X
,,RE0689C
,,RE0689X
,,RE0690C
,,RE0690X
,,RE0702C
,,RE0702E
,,RE0702L
,,RE0702M
,,RE0702N
,,RE0827C
,,RE0827X
,,RE0828C
,,RE0828X
,,RE0864C
,,RE0875C
,,RE0908G
,,RE0908R
,,RE0916G
,,RE0916R
,,RE0918G
,,RE0918R
,,RE0919C
,,RE0919R
,,RE0920C
,,RE0920R
,,RE0921C
,,RE0921R
,,RE0922C
,,RE0922R
,,RE0923C
,,RE0923R
,,RE0924C
,,RE0924R
,,RE0925C
,,RE0925R
,,RE0926C
,,RE0927C
,,RE0927R
,,RE0928C
,,RE0928R
,,RE0935C
,,RE0936C
,,RE0937C
,,RE0938C
,,RE0944C
,,RE1050C
,,RE1050L
,,RE1050N
,,RE1062C
,,RE1062M
,,RE1063C
,,RE1064C
,,RE1096M
,,RE1096R
,,RE1099G
,,RE1099L
,,RE1099R
,,RE1100G
,,RE1100L
,,RE1134M
,,RE1134R
,,RE1135G
,,RE1135L
,,RE1233M
,,RE1236C
,,RE1238X
,,RE1240C
,,RE1308C
,,RE1308M
,,RE1309C
,,RE1309M
,,RE1310C
,,RE1310M
,,RE1311C
,,RE1311M
,,RE1317C
,,RE1441G
,,RE1473C
,,RE1508C
,,RE1514M
,,RE1514X
,,RE1525C
,,RE1526C
,,RE1527C
,,RE1537C
,,RE1537X
,,RE1538C
,,RE1538X
,,RE1539C
,,RE1539X
,,RE1582C
,,RE1582L
,,RE1582R
,,RE1587L
,,RE1587R
,,RE1627C
,,RE1628C
,,RE1629C
,,RE1630R
,,RE1631C
,,RE1635C
,,RE1635M
,,RE1635R
,,RE1635X
,,RE1651C
,,RE1653C
,,RE1699C
,,RE1700C
,,RE1701C
,,RE1702C
,,RE1711M
,,RE1796C
,,RE1806C
,,RE1806R
,,RE1808R
,,RE1809C
,,RE1809R
,,RE1811C
,,RE1811R
,,RE1812C
,,RE1812R
,,RE1815C
,,RE1815M
,,RE1815R
,,RE1815X
,,RE1816C
,,RE1816M
,,RE1816R
,,RE1816X
,,RE1817C
,,RE1817M
,,RE1817R
,,RE1817X
,,RE1818C
,,RE1818M
,,RE1818R
,,RE1818X
,,RE1819C
,,RE1819M
,,RE1819X
,,RE1826M
,,RE1827C
,,RE1827M
,,RE1828C
,,RE1828M
,,RE1829C
,,RE1829M
,,RE1830C
,,RE1830M
,,RE1835M
,,RE1835X
,,RE1836M
,,RE1846X
,,RE1860C
,,RE1899C
,,RE1904C
,,RE1904R
,,RE1905C
,,RE1905R
,,RE1906C
,,RE1906R
,,RE1907C
,,RE1916X
,,RE1917C
,,RE1920C
,,RE1922C
,,RE1927C
,,RE1938C
,,RE1938R
,,RE1941C
,,RE1941R
,,RE1942C
,,RE1942R
,,RE1943C
,,RE1943R
,,RE1952C
,,RE1952R
,,RE1952X
,,RE1954C
,,RE1956C
,,RE1956R
,,RE1956X
,,RE1957G
,,RE2026C
,,RE2027C
,,RE2028C
,,RE2029C
,,RE2031M
,,RE2032M
,,RE2040C
,,RE2041C
,,RE2048N
,,RE2048R
,,RE2049C
,,RE2050C
,,RE2050R
,,RE2051C
,,RE2051G
,,RE2051R
,,RE2067C
,,RE2068C
,,RE2070C
,,RE2081C
,,RE2117M
,,RE2124C
,,RE2128C
,,RE2129C
,,RE2131C
,,RE2132C
,,RE2133C
,,RE2138C
,,RE2139C
,,RE2140C
,,RE2141C
,,RE2146C
,,RE2146R
,,RE2149C
,,RE2149R
,,RE2150C
,,RE2150R
,,RE2151C
,,RE2151R
,,RE2152C
,,RE2155R
,,RE2156M
,,RE2202C
,,RE2203C
,,RE2220C
,,RE2221C
,,RE2221M
,,RE2248C
,,RE2249C
,,RE2250C
,,RE2251C
,,RE2252C
,,RE2265C
,,RE2269C
,,RE2270C
,,RE2272C
,,RE2272L
,,RE2273C
,,RE2292C
,,RE2296X
,,RE2306C
,,RE2318C
,,RE2318M
,,RE2318R
,,RE2318X
,,RE2319C
,,RE2319M
,,RE2319R
,,RE2319X
,,RE2333C
,,RE2334C
,,RE2335C
,,RE2349M
,,RE2360C
,,RE2360N
,,RE2373C
,,RE2375C
,,RE2377C
,,RE2382C
,,RE2382R
,,RE2383C
,,RE2383R
,,RE2384C
,,RE2387C
,,RE2387R
,,RE2398C
,,RE2398R
,,RE2404R
,,RE2405R
,,RE2410N
,,RE2440C
,,RE2442C
,,RE2443C
,,RE2443M
,,RE2444C
,,RE2445C
,,RE2452C
,,RE2453M
,,RE2454M
,,RE2459C
,,RE2474C
,,RE2474R
,,RE2476C
,,RE2477C
,,RE2493C
,,RE2513C
,,RE2513E
,,RE2513L
,,RE2513N
,,RE2514C
,,RE2514L
,,RE2514N
,,RE2520C
,,RE2521C
,,RE2522C
,,RE2522X
,,RE2523C
,,RE2523X
,,RE2524C
,,RE2524X
,,RE2525C
,,RE2525X
,,RE2533C
,,RE2541L
,,RE2591C
,,RE2594C
,,RE2596C
,,RE2601C
,,RE2622C
,,RE2622R
,,RE2632C
,,RE2632M
,,RE2633C
,,RE2633R
,,RE2638X
,,RE2642C
,,RE2649X
,,RE2680C
,,RE2680G
,,RE2718C
,,RE2718G
,,RE2722C
,,RE2722G
,,RE2746C
,,RE2768C
,,RE2768M
,,RE2768R
,,RE2782C
,,RE2813C
,,RE2848C
,,RE2849C
,,RE2850C
,,RE2851C
,,RE2852C
,,RE2853C
,,RE2854C
,,RE2856C
,,RE2857C
,,RE2858C
,,RE2859C
,,RE2860C
,,RE2861C
,,RE2862C
,,RE2863C
,,RE2864C
,,RE2865C
,,RE2866C
,,RE2867C
,,RE2868C
,,RE2869C
,,RE2870C
,,RE2871C
,,RE2872C
,,RE2873C
,,RE2874C
,,RE2875C
,,RE2876C
,,RE2877C
,,RE2878C
,,RE2880C
,,RE2888E
,,RE2888N
,,RE2897C
,,RE2899C
,,RE2908C
,,RE2908M
,,RE2908X
,,RE2909C
,,RE2909M
,,RE2909X
,,RE2910C
,,RE2910M
,,RE2910X
,,RE2911C
,,RE2912X
,,RE2913M
,,RE2913X
,,RE2914M
,,RE2914X
,,RE2915M
,,RE2915X
,,RE2916M
,,RE2916X
,,RE2917M
,,RE2917X
,,RE2919M
,,RE2919X
,,RE2920M
,,RE2920X
,,RE2921M
,,RE2921X
,,RE2972G
,,RE2972R
,,RE2973G
,,RE2974G
,,RE2974R
,,RE2975C
,,RE2975M
,,RE2977C
,,RE2995M
,,RE2995X
,,PAPSR
,,RE3010R
,,RE3013R
,,RE3014C
,,RE3015C
,,RE3018C
,,RE3018R
,,RE3019C
,,RE3019R
,,RE3020C
,,RE3020R
,,RE3021C
,,RE3022C
,,RE3033N
,,RE3033R
,,RE3036N
,,RE3038N
,,RE3038R
,,RE3038X
,,RE3039C
,,RE3040R
,,RE3040X
,,RE3041N
,,RE3044N
,,RE3045C
,,RE3053C
,,RE3066X
,,RE3072X
,,RE3075C
,,RE3075X
,,RE3079C
,,RE3083X
,,RE3084X
,,RE3087X
,,RE3088X
,,RE3089X
,,RE3090X
,,RE3092X
,,RE3093X
,,RE3095L
,,RE3095X
,,RE3097X
,,RE3103R
,,RE3104R
,,RE3106R
,,RE3110R
,,RE3111C
,,RE3111M
,,RE3111R
,,RE3112R
,,RE3113R
,,RE3119R
,,RE3120R
,,RE3121R
,,RE3122R
,,RE3123C
,,RE3123R
,,RE3124C
,,RE3124R
,,RE3125C
,,RE3125R
,,RE3126C
,,RE3126R
,,RE3129N
,,RE3134R
,,RE3139X
,,RE3140X
,,RE3141X
,,RE3144C
,,RE3144M
,,RE3145X
,,RE3147C
,,RE3147R
,,RE3148C
,,RE3148R
,,RE3150C
,,RE3150R
,,RE3151R
,,RE3152R
,,RE3153R
,,RE3154R
,,RE3155C
,,RE3155R
,,RE3161R
,,RE3162R
,,RE3163R
,,RE3164R
,,RE3165R
,,RE3166R
,,RE3167R
,,RE3168R
,,RE3169R
,,RE3170R
,,RE3171R
,,RE3172R
,,RE3173R
,,RE3174R
,,RE3175R
,,RE3176R
,,RE3184M
,,RE3218L
,,RE3218R
,,RE3220L
,,RE3220R
,,RE3224R
,,RE3225R
,,RE3226R
,,RE3227R
,,RE3228R
,,RE3229R
,,RE3230R
,,RE3231R
,,RE3232R
,,RE3233C
,,RE3233G
,,RE3233L
,,RE3234R
,,RE3235R
,,RE3236R
,,RE3241R
,,RE3242R
,,RE3243R
,,RE3244R
,,RE3248M
,,RE3248X
,,RE3250C
,,RE3250M
,,RE3250X
,,RE3258R
,,RE3259R
,,RE3260C
,,RE3260R
,,RE3261C
,,RE3261R
,,RE3263C
,,RE3264C
,,RE3264R
,,RE3265C
,,RE3265R
,,RE3267G
,,RE3267M
,,RE3267N
,,RE3267R
,,RE3268C
,,RE3273G
,,RE3286R
,,RE3287R
,,RE3288R
,,RE3289R
,,RE3295C
,,RE3301G
,,RE3301R
,,RE3307M
,,RE3307X
,,RE3308C
,,RE3308M
,,RE3308R
,,RE3308X
,,RE3310C
,,RE3310R
,,RE3326M
,,RE3334M
,,RE3334X
,,RE3335C
,,RE3335M
,,RE3335R
,,RE3335X
,,RE3336M
,,RE3336X
,,RE3337M
,,RE3337X
,,RE3338C
,,RE3338M
,,RE3338X
,,RE3339C
,,RE3339M
,,RE3339X
,,RE3340C
,,RE3340M
,,RE3340X
,,RE3341M
,,RE3341X
,,RE3342M
,,RE3342X
,,RE3343C
,,RE3343M
,,RE3343X
,,RE3344M
,,RE3344X
,,RE3345C
,,RE3345M
,,RE3345R
,,RE3345X
,,RE3346R
,,RE3367C
,,RE3367X
,,RE3370C
,,RE3370R
,,RE3372C
,,RE3378C
,,RE3381L
,,RE3383M
,,RE3384M
,,RE3385M
,,RE3386M
,,RE3387M
,,RE3388M
,,RE3389M
,,RE3390M
,,RE3391M
,,RE3392M
,,RE3393M
,,RE3394M
,,RE3395M
,,RE3396M
,,RE3397M
,,RE3398M
,,RE3399M
,,RE3400M
,,RE3401M
,,RE3402M
,,RE3403M
,,RE3404M
,,RE3407C
,,RE3408C
,,RE3409C
,,RE3410C
,,RE3412C
,,RE3414C
,,RE3415C
,,RE3421M
,,RE3434R
,,RE3435R
,,RE3436R
,,RE3440C
,,RE3440R
,,RE3443M
,,RE3443X
,,RE3444C
,,RE3444M
,,RE3444X
,,RE3445M
,,RE3445X
,,RE3446C
,,RE3446M
,,RE3446R
,,RE3446X
,,RE3447M
,,RE3447X
,,RE3448C
,,RE3448M
,,RE3448X
,,RE3449C
,,RE3450C
,,RE3451C
,,RE3452C
,,RE3453C
,,RE3454C
,,RE3455C
,,RE3456C
,,RE3457C
,,RE3458C
,,RE3459C
,,RE3460C
,,RE3464C
,,RE3464R
,,RE3469C
,,RE3470X
,,RE3474C
,,RE3474R
,,RE3475N
,,RE3476X
,,RE3485N
,,RE3488N
,,RE3488X
,,RE3492C
,,RE3494C
,,RE3495C
,,RE3496N
,,RE3498N
,,RE3498R
,,RE3499C
,,RE3500C
,,RE3500R
,,RE3500X
,,RE3501C
,,RE3501R
,,RE3501X
,,RE3502C
,,RE3502X
,,RE3503C
,,RE3503N
,,RE3506C
,,RE3506R
,,RE3511C
,,RE3511M
,,RE3511R
,,RE3513N
,,RE3514C
,,RE3514R
,,RE3515C
,,RE3518C
,,RE3518R
,,RE3519C
,,RE3519R
,,RE3519X
,,RE3520C
,,RE3520M
,,RE3520N
,,RE3521C
,,RE3521M
,,RE3521R
,,RE3521X
,,RE3522C
,,RE3522R
,,RE3525N
,,RE3525X
,,RE3526X
,,RE3532C
,,RE3532M
,,RE3532R
,,RE3533C
,,RE3533M
,,RE3533R
,,RE3534C
,,RE3534M
,,RE3534R
,,RE3535R
,,RE3536C
,,RE3537C
,,RE3550X
,,RE3551X
,,RE3552X
,,RE3554C
,,RE3554M
,,RE3554R
,,RE3557C
,,RE3557M
,,RE3557R
,,RE3559M
,,RE3559X
,,RE3560C
,,RE3560M
,,RE3560X
,,RE3561M
,,RE3561X
,,RE3562C
,,RE3562M
,,RE3562R
,,RE3562X
,,RE3563M
,,RE3563X
,,RE3564C
,,RE3564M
,,RE3564X
,,RE3571C
,,RE3571R
,,RE3572X
,,RE3573X
,,RE3574X
,,RE3575X
,,RE3576X
,,RE3577X
,,RE3578X
,,RE3580X
,,RE3581X
,,RE3582X
,,RE3583X
,,RE3586X
,,RE3587N
,,RE3596C
,,RE3596M
,,RE3596X
,,RE3624X
,,RE3627C
,,RE3631C
,,RE3633C
,,RE3636C
,,RN0001C
,,RN0001R
,,RN0002N
,,RN0002R
,,RN0013C
,,RN0014R
,,RN0020C
,,RN0020R
,,RN0021C
,,RN0021R
,,RN0021X
,,RN0022C
,,RN0022R
,,RN0022X
,,RN0023C
,,RN0023R
,,RN0023X
,,RN0027C
,,RN0027R
,,RN0028C
,,RN0028R
,,RN0028X
,,RN0029C
,,RN0029R
,,RN0030C
,,RN0030R
,,RN0031C
,,RN0031R
,,RN0031X
,,RN0032C
,,RN0032R
,,EX_HC00001_e
,,EX_HC00002_e
,,EX_HC00003_e
,,EX_HC01787_e
,,EX_HC01852_e
,,EX_HC01939_e
,,EX_HC01942_e
,,EX_HC01943_e
,,EX_HC01944_e
,,EX_HC02154_e
,,EX_HC02199_e
,,EX_HC02200_e
,,EX_HC02201_e
,,EX_HC02208_e
,,EX_HC02210_e
,,EX_HC02214_e
,,EX_HC02216_e
,,EX_CE2011_e
,,FAOXC101m
,,FAOXC9BRC7BRm
,,SUCCTD
,,CARhPTtc
,,CBLTDe
,,CBLtle
,,HISCAT1
,,HIShPTtc
,,MTHFTe
,,NACDe
,,NCAMDe
,,PNTORDe
,,TAGHSTDe
,,XOLEST2HSTDle
,,EX_adpcbl_e
,,FADtm
,,GLCGLUT2
,,GLYC3Ptmc
,,GLYCTDle
,,HMGCOARc
,,NODe
,,PHEMEe
,,RTOTAL3FATPc
,,SBT_Dtde
,,SPMTDe
,,CITRtr
,,THYMDtr2
,,CRNCT2te
,,VITD3t2
,,25HVITD3tin
,,OCTAte
,,C08261te
,,BIOMASS_maintenance
,,BIOMASS_maintenance_noTrTr
,,ALPA_HSx
,,LCAT26e
,,LCAT28e
,,XOLEST181CEH
,,XOLEST204CEH
,,C05953td
,,C05953tr
,,C06439td
,,C06439tn
,,CE1554t
,,CE2516t
,,EX_CE1297_e
,,EX_CE1554_e
,,EX_HC00319_e
,,WHARACHDtd
,,EX_CE2516_e
,,HC02191c
,,ALPA_HStc
,,GLYNATm
,,INDOXYLF
,,INDSF
,,INDOLEup
,,INDSt
,,PCSup
,,3HCINNMup
,,3HCINNMsec
,,3HPPAup
,,3HPPAsec
,,EX_3hcinnm_e
,,EX_3hppa_e
,,EX_inds_e
,,ADPRIBte
,,XOLEST181_HSte
,,XOLEST204_HSte
,,3BCRNtr
,,3DDCRNtr
,,3DECCRNtr
,,3HDECECRNtr
,,3HEXDCRNtr
,,3IVCRNtr
,,3OCTDEC2CRNtr
,,3OCTDECCRNtr
,,3OCTDECE1CRNtr
,,3TDCRNtr
,,3TETD7ECOACRNtr
,,3THEXDDCOACRNtr
,,3TTETDDCOACRNtr
,,C101CRNtr
,,C10CRNtr
,,C10DCtr
,,C12DCtr
,,C16DCtr
,,C3DCtr
,,C4CRNtr
,,C4DCtr
,,C51CRNtr
,,C5DCtr
,,C6CRNtr
,,C6DCtr
,,C81CRNtr
,,C8CRNtr
,,C8DCtr
,,DDECCRNtr
,,DDECE1CRNtr
,,DECDICRNtr
,,DMHPTCRNtr
,,ELAIDCRNtr
,,IVCRNtr
,,LNLCCRNtr
,,PCRNtr
,,TETDEC2CRntr
,,TETDECE1CRNtr
,,TTDCRNtr
,,XOLEST181tl
,,VACCtl
,,XOLEST204tl
,,CE0328te
,,AGPAT2
,,AGPAT3
,,C160CPT2rbc
,,C181CPT2rbc
,,LNLCCPT2rbc
,,ETHAtr
,,EX_C08261_e
,,sink_glgchlo_c
,,EX_glutar_e
,,ACOATA
,,EHGLAT
,,FRTT
,,MCOATA
,,r0010
,,G1PTT
,,MICITDr
,,PGLYCP
,,RE1944C
,,TDPDRE
,,TDPGDH
,,EX_indole_e
,,EX_ch4s_e
,,3MOX4HOXMtm
,,PAILSTE_HSSECt
,,DIGALSGALSIDEt1e
,,PAIL_hs_t1e
,,PAILR_HSt1e
,,PAILPALM_HSt1e
,,PAILSTE_HSt1e
,,SPHMYLN180241_hs_t1
,,SPHMYLN18114_hs_t1
,,SPHMYLN18115_hs_t1
,,SPHMYLN18116_hs_t1
,,SPHMYLN181161_hs_t1
,,SPHMYLN18117_hs_t1
,,SPHMYLN18118_hs_t1
,,SPHMYLN181181_hs_t1
,,SPHMYLN18120_hs_t1
,,SPHMYLN181201_hs_t1
,,SPHMYLN18121_hs_t1
,,SPHMYLN18122_hs_t1
,,SPHMYLN181221_hs_t1
,,SPHMYLN18123_hs_t1
,,SPHMYLN1824_hs_t1
,,SPHMYLN1825_hs_t1
,,2HXIC_Lt1e
,,2HXIC_Lt2e
,,EX_2hxic_L_e
,,EX_2hydog_e
,,TAG_HSad
,,TAG_HSad_NE
,,TAG_HSad_E
,,VLDL_HSSYN
,,VLDL_HSSEC
,,VLDL_HSDEG
,,CHYLO_HSSYN
,,CHYLO_HSSEC
,,CHYLO_HSDEG
,,DM_chylo_hs_e
,,CH4Ste
,,EX_selmeth_e
,,1A25DHVITD3t2e
,,EX_vldl_hs_e
,,HC00005t1r
,,HC00005te
,,HC00005t1e
,,HC00006t1r
,,HC00006te
,,HC00006t1e
,,HC00007t1r
,,HC00007te
,,HC00007t1e
,,HC00008t1r
,,HC00008te
,,HC00008t1e
,,HC00009t1r
,,HC00009te
,,HC00009t1e
,,HC00004t1r
,,HC00004t1e
,,DM_neuromelanin_c
,,BGAL4l
,,GM1Atl
,,GM2Atl
,,SLDtm
,,LCYSTtm
,,PAPStl
,,PAPtl
,,EX_gm1a_hs_e
,,EX_gm2a_hs_e
,,HMR_0001
,,HMR_0004
,,HMR_0005
,,HMR_0006
,,HMR_0007
,,HMR_0009
,,HMR_0010
,,HMR_0011
,,HMR_0012
,,HMR_0013
,,HMR_0014
,,HMR_0024
,,HMR_0025
,,HMR_0026
,,HMR_0027
,,HMR_0028
,,HMR_0029
,,HMR_0030
,,HMR_0462
,,HMR_0463
,,HMR_0468
,,HMR_0470
,,HMR_0477
,,HMR_0484
,,HMR_0486
,,HMR_0487
,,HMR_0488
,,HMR_0489
,,HMR_0490
,,HMR_0491
,,HMR_0492
,,HMR_0495
,,HMR_0496
,,HMR_0497
,,HMR_0498
,,HMR_0500
,,HMR_0501
,,HMR_0503
,,HMR_0504
,,HMR_0505
,,HMR_0506
,,HMR_0507
,,HMR_0508
,,HMR_0509
,,HMR_0510
,,HMR_0511
,,HMR_0512
,,HMR_0513
,,HMR_0514
,,HMR_0515
,,HMR_0516
,,HMR_0517
,,HMR_0518
,,HMR_0519
,,HMR_0520
,,HMR_0521
,,HMR_0522
,,HMR_0523
,,HMR_0524
,,HMR_0525
,,HMR_0526
,,HMR_0527
,,HMR_0528
,,HMR_0529
,,HMR_0530
,,HMR_0531
,,HMR_0532
,,HMR_0533
,,HMR_0535
,,HMR_0536
,,HMR_0538
,,HMR_0539
,,HMR_0540
,,HMR_0541
,,HMR_0542
,,HMR_0543
,,HMR_0544
,,HMR_0545
,,HMR_0546
,,HMR_0547
,,HMR_0548
,,HMR_0549
,,HMR_0550
,,HMR_0551
,,HMR_0552
,,HMR_0553
,,HMR_0555
,,HMR_0556
,,HMR_0557
,,HMR_0558
,,HMR_0559
,,HMR_0560
,,HMR_0561
,,HMR_0578
,,HMR_0579
,,HMR_0580
,,HMR_0581
,,HMR_0588
,,HMR_0589
,,HMR_0590
,,HMR_0591
,,HMR_0592
,,HMR_0594
,,HMR_0599
,,HMR_0600
,,HMR_0602
,,HMR_0605
,,HMR_0607
,,HMR_0612
,,HMR_0613
,,HMR_0615
,,HMR_0616
,,HMR_0630
,,HMR_0632
,,HMR_0633
,,HMR_0643
,,HMR_0644
,,HMR_0645
,,HMR_0646
,,HMR_0652
,,HMR_0663
,,HMR_0664
,,HMR_0665
,,HMR_0667
,,HMR_0668
,,HMR_0669
,,HMR_0670
,,HMR_0671
,,HMR_0673
,,HMR_0674
,,HMR_0675
,,HMR_0676
,,HMR_0677
,,HMR_0679
,,HMR_0680
,,HMR_0681
,,HMR_0682
,,HMR_0683
,,HMR_0684
,,HMR_0685
,,HMR_0686
,,HMR_0687
,,HMR_0688
,,HMR_0689
,,HMR_0690
,,HMR_0691
,,HMR_0692
,,HMR_0703
,,HMR_0705
,,HMR_0706
,,HMR_0707
,,HMR_0708
,,HMR_0715
,,HMR_0716
,,HMR_0717
,,HMR_0718
,,HMR_0719
,,HMR_0733
,,HMR_0792
,,HMR_0813
,,HMR_0834
,,HMR_0840
,,HMR_0856
,,HMR_0857
,,HMR_0858
,,HMR_0861
,,HMR_0865
,,HMR_0866
,,HMR_0879
,,HMR_0880
,,HMR_0881
,,HMR_0882
,,HMR_0883
,,HMR_0884
,,HMR_0885
,,HMR_0886
,,HMR_0887
,,HMR_0888
,,HMR_0891
,,HMR_0892
,,HMR_0893
,,HMR_0894
,,HMR_0895
,,HMR_0896
,,HMR_0897
,,HMR_0898
,,HMR_0899
,,HMR_0900
,,HMR_0901
,,HMR_0902
,,HMR_0903
,,HMR_0904
,,HMR_0905
,,HMR_0917
,,HMR_0931
,,HMR_0932
,,HMR_0933
,,HMR_0935
,,HMR_0936
,,HMR_0937
,,HMR_0938
,,HMR_0939
,,HMR_0940
,,HMR_0945
,,HMR_0949
,,HMR_0953
,,HMR_0957
,,HMR_0988
,,HMR_0989
,,HMR_0990
,,HMR_0991
,,HMR_0992
,,HMR_0993
,,HMR_0994
,,HMR_0995
,,HMR_0996
,,HMR_0997
,,HMR_0998
,,HMR_0999
,,HMR_1026
,,HMR_1034
,,HMR_1040
,,HMR_1041
,,HMR_1042
,,HMR_1062
,,HMR_1063
,,HMR_1064
,,HMR_1065
,,HMR_1066
,,HMR_1067
,,HMR_1068
,,HMR_1069
,,HMR_1070
,,HMR_1073
,,HMR_1074
,,HMR_1079
,,HMR_1087
,,HMR_1089
,,HMR_1092
,,HMR_1094
,,HMR_1097
,,HMR_1099
,,HMR_1115
,,HMR_1117
,,HMR_1143
,,HMR_1144
,,HMR_1145
,,HMR_1148
,,HMR_1150
,,HMR_1154
,,HMR_1156
,,HMR_1158
,,HMR_1160
,,HMR_1172
,,HMR_1173
,,HMR_1185
,,HMR_1186
,,HMR_1187
,,HMR_1188
,,HMR_1189
,,HMR_1190
,,HMR_1197
,,HMR_1198
,,HMR_1199
,,HMR_1214
,,HMR_1215
,,HMR_1227
,,HMR_1232
,,HMR_1240
,,HMR_1247
,,HMR_1252
,,HMR_1266
,,HMR_1267
,,HMR_1268
,,HMR_1269
,,HMR_1286
,,HMR_1302
,,HMR_1303
,,HMR_1319
,,HMR_1320
,,HMR_1328
,,HMR_1336
,,HMR_1337
,,HMR_1338
,,HMR_1341
,,HMR_1344
,,HMR_1374
,,HMR_1391
,,HMR_1393
,,HMR_1403
,,HMR_1404
,,HMR_1405
,,HMR_1406
,,HMR_1407
,,HMR_1408
,,HMR_1409
,,HMR_1410
,,HMR_1411
,,HMR_1412
,,HMR_1413
,,HMR_1414
,,HMR_1416
,,HMR_1417
,,HMR_1689
,,HMR_1694
,,HMR_1703
,,HMR_1704
,,HMR_1708
,,HMR_1710
,,HMR_1730
,,HMR_1772
,,HMR_1778
,,HMR_1798
,,HMR_1802
,,HMR_1804
,,HMR_1836
,,HMR_1925
,,HMR_1931
,,HMR_1932
,,HMR_1933
,,HMR_1934
,,HMR_1935
,,HMR_1942
,,HMR_1943
,,HMR_1950
,,HMR_1951
,,HMR_2003
,,HMR_2030
,,HMR_2031
,,HMR_2032
,,HMR_2033
,,HMR_2034
,,HMR_2040
,,HMR_2061
,,HMR_2062
,,HMR_2063
,,HMR_2065
,,HMR_2066
,,HMR_2067
,,HMR_2076
,,HMR_2077
,,HMR_2078
,,HMR_2080
,,HMR_2081
,,HMR_2082
,,HMR_2092
,,HMR_2093
,,HMR_2094
,,HMR_2099
,,HMR_2100
,,HMR_2101
,,HMR_2103
,,HMR_2104
,,HMR_2105
,,HMR_2116
,,HMR_2132
,,HMR_2139
,,HMR_2140
,,HMR_2142
,,HMR_2143
,,HMR_2227
,,HMR_2228
,,HMR_2229
,,HMR_2230
,,HMR_2231
,,HMR_2232
,,HMR_2233
,,HMR_2234
,,HMR_2235
,,HMR_2236
,,HMR_2237
,,HMR_2238
,,HMR_2239
,,HMR_2240
,,HMR_2241
,,HMR_2242
,,HMR_2243
,,HMR_2244
,,HMR_2245
,,HMR_2246
,,HMR_2247
,,HMR_2248
,,HMR_2249
,,HMR_2250
,,HMR_2251
,,HMR_2252
,,HMR_2253
,,HMR_2254
,,HMR_2255
,,HMR_2256
,,HMR_2257
,,HMR_2258
,,HMR_2437
,,HMR_2438
,,HMR_2441
,,HMR_2443
,,HMR_2447
,,HMR_2456
,,HMR_2458
,,HMR_2547
,,HMR_2554
,,HMR_2561
,,HMR_2564
,,HMR_2567
,,HMR_2575
,,HMR_2577
,,HMR_2578
,,HMR_2582
,,HMR_2605
,,HMR_2606
,,HMR_2607
,,HMR_2614
,,HMR_2616
,,HMR_2618
,,HMR_2787
,,HMR_2788
,,HMR_2789
,,HMR_2790
,,HMR_2791
,,HMR_2792
,,HMR_2793
,,HMR_2794
,,HMR_2795
,,HMR_2796
,,HMR_2797
,,HMR_2798
,,HMR_2799
,,HMR_2800
,,HMR_2805
,,HMR_2806
,,HMR_2811
,,HMR_2812
,,HMR_2813
,,HMR_2814
,,HMR_2815
,,HMR_2816
,,HMR_2822
,,HMR_2823
,,HMR_2824
,,HMR_2829
,,HMR_2830
,,HMR_2831
,,HMR_2832
,,HMR_2833
,,HMR_2834
,,HMR_2835
,,HMR_2836
,,HMR_2837
,,HMR_2838
,,HMR_2839
,,HMR_2840
,,HMR_2841
,,HMR_2842
,,HMR_2843
,,HMR_2844
,,HMR_2845
,,HMR_2846
,,HMR_2847
,,HMR_2848
,,HMR_2849
,,HMR_2850
,,HMR_2853
,,HMR_2854
,,HMR_2855
,,HMR_2856
,,HMR_2863
,,HMR_2864
,,HMR_2867
,,HMR_2868
,,HMR_2869
,,HMR_2870
,,HMR_2871
,,HMR_2872
,,HMR_2873
,,HMR_2874
,,HMR_2875
,,HMR_2876
,,HMR_2877
,,HMR_2878
,,HMR_2879
,,HMR_2896
,,HMR_2897
,,HMR_2898
,,HMR_2899
,,HMR_2900
,,HMR_2901
,,HMR_2902
,,HMR_2903
,,HMR_2904
,,HMR_2905
,,HMR_2906
,,HMR_2907
,,HMR_2908
,,HMR_2910
,,HMR_2911
,,HMR_2913
,,HMR_2914
,,HMR_2916
,,HMR_2917
,,HMR_2918
,,HMR_2919
,,HMR_2920
,,HMR_2922
,,HMR_2923
,,HMR_2925
,,HMR_2926
,,HMR_2928
,,HMR_2929
,,HMR_2930
,,HMR_2931
,,HMR_2932
,,HMR_3017
,,HMR_3272
,,HMR_3288
,,HMR_3316
,,HMR_3356
,,HMR_3357
,,HMR_3358
,,HMR_3359
,,HMR_3360
,,HMR_3361
,,HMR_3362
,,HMR_3363
,,HMR_3375
,,HMR_3476
,,HMR_3537
,,HMR_3538
,,HMR_3539
,,HMR_3540
,,HMR_3541
,,HMR_3542
,,HMR_3543
,,HMR_3544
,,HMR_3546
,,HMR_3547
,,HMR_3548
,,HMR_3549
,,HMR_3550
,,HMR_3553
,,HMR_3555
,,HMR_3556
,,HMR_3557
,,HMR_3558
,,HMR_3559
,,HMR_3560
,,HMR_3561
,,HMR_3562
,,HMR_3563
,,HMR_3564
,,HMR_3565
,,HMR_3566
,,HMR_3567
,,HMR_3568
,,HMR_3569
,,HMR_3570
,,HMR_3571
,,HMR_3572
,,HMR_3573
,,HMR_3574
,,HMR_3575
,,HMR_3576
,,HMR_3577
,,HMR_3578
,,HMR_3579
,,HMR_3580
,,HMR_3581
,,HMR_3582
,,HMR_3583
,,HMR_3584
,,HMR_3585
,,HMR_3587
,,HMR_3588
,,HMR_3590
,,HMR_3591
,,HMR_3592
,,HMR_3593
,,HMR_3594
,,HMR_3595
,,HMR_3596
,,HMR_3622
,,HMR_3643
,,HMR_3671
,,HMR_3672
,,HMR_3683
,,HMR_3702
,,HMR_3730
,,HMR_3731
,,HMR_3742
,,HMR_3746
,,HMR_3921
,,HMR_4072
,,HMR_4205
,,HMR_4227
,,HMR_4241
,,HMR_4313
,,HMR_4314
,,HMR_4318
,,HMR_4466
,,HMR_4538
,,HMR_4549
,,HMR_4556
,,HMR_4594
,,HMR_4684
,,HMR_4762
,,HMR_4763
,,HMR_4767
,,HMR_4768
,,HMR_4902
,,HMR_4903
,,HMR_5130
,,HMR_5131
,,HMR_5132
,,HMR_5133
,,HMR_5134
,,HMR_5135
,,HMR_5136
,,HMR_5137
,,HMR_5138
,,HMR_5139
,,HMR_5140
,,HMR_5141
,,HMR_5142
,,HMR_5143
,,HMR_5144
,,HMR_5145
,,HMR_5146
,,HMR_5147
,,HMR_5148
,,HMR_5149
,,HMR_5150
,,HMR_5169
,,HMR_5170
,,HMR_5171
,,HMR_5173
,,HMR_5174
,,HMR_5222
,,HMR_5224
,,HMR_5225
,,HMR_5226
,,HMR_5227
,,HMR_5228
,,HMR_5230
,,HMR_5231
,,HMR_5232
,,HMR_5233
,,HMR_5234
,,HMR_5236
,,HMR_5237
,,HMR_5238
,,HMR_5239
,,HMR_5240
,,HMR_5241
,,HMR_5243
,,HMR_5244
,,HMR_5245
,,HMR_5246
,,HMR_5247
,,HMR_5248
,,HMR_5250
,,HMR_5251
,,HMR_5252
,,HMR_5253
,,HMR_5254
,,HMR_5255
,,HMR_5257
,,HMR_5285
,,HMR_5286
,,HMR_5287
,,HMR_5289
,,HMR_5290
,,HMR_5291
,,HMR_5336
,,HMR_5344
,,HMR_5388
,,HMR_5395
,,HMR_6399
,,HMR_6400
,,HMR_6401
,,HMR_6402
,,HMR_6403
,,HMR_6404
,,HMR_6425
,,HMR_6430
,,HMR_6431
,,HMR_6432
,,HMR_6433
,,HMR_6434
,,HMR_6435
,,HMR_6436
,,HMR_6438
,,HMR_6439
,,HMR_6440
,,HMR_6441
,,HMR_6442
,,HMR_6445
,,HMR_6446
,,HMR_6447
,,HMR_6450
,,HMR_6451
,,HMR_6453
,,HMR_6454
,,HMR_6455
,,HMR_6463
,,HMR_6468
,,HMR_6469
,,HMR_6470
,,HMR_6471
,,HMR_6472
,,HMR_6473
,,HMR_6475
,,HMR_6480
,,HMR_6481
,,HMR_6482
,,HMR_6484
,,HMR_6486
,,HMR_6488
,,HMR_6499
,,HMR_6568
,,HMR_6573
,,HMR_6574
,,HMR_6577
,,HMR_6578
,,HMR_6601
,,HMR_6618
,,HMR_6620
,,HMR_6634
,,HMR_6635
,,HMR_6636
,,HMR_6637
,,HMR_6639
,,HMR_6648
,,HMR_6653
,,HMR_6655
,,HMR_6656
,,HMR_6671
,,HMR_6682
,,HMR_6684
,,HMR_6690
,,HMR_6691
,,HMR_6692
,,HMR_6693
,,HMR_6700
,,HMR_6701
,,HMR_6702
,,HMR_6703
,,HMR_6704
,,HMR_6705
,,HMR_6709
,,HMR_6711
,,HMR_6717
,,HMR_6720
,,HMR_6727
,,HMR_6757
,,HMR_6771
,,HMR_6781
,,HMR_6793
,,HMR_6794
,,HMR_6797
,,HMR_6802
,,HMR_6813
,,HMR_6827
,,HMR_6835
,,HMR_6840
,,HMR_6841
,,HMR_6848
,,HMR_6849
,,HMR_6855
,,HMR_6928
,,HMR_6929
,,HMR_6937
,,HMR_6939
,,HMR_6957
,,HMR_6983
,,HMR_6984
,,HMR_6985
,,HMR_6990
,,HMR_6991
,,HMR_6992
,,HMR_6993
,,HMR_6994
,,HMR_6995
,,HMR_6996
,,HMR_6997
,,HMR_6998
,,HMR_6999
,,HMR_7000
,,HMR_7002
,,HMR_7003
,,HMR_7004
,,HMR_7005
,,HMR_7006
,,HMR_7007
,,HMR_7008
,,HMR_7009
,,HMR_7010
,,HMR_7011
,,HMR_7012
,,HMR_7013
,,HMR_7014
,,HMR_7015
,,HMR_7016
,,HMR_7017
,,HMR_7018
,,HMR_7019
,,HMR_7020
,,HMR_7022
,,HMR_7023
,,HMR_7024
,,HMR_7025
,,HMR_7026
,,HMR_7027
,,HMR_7028
,,HMR_7029
,,HMR_7030
,,HMR_7031
,,HMR_7032
,,HMR_7033
,,HMR_7034
,,HMR_7035
,,HMR_7036
,,HMR_7037
,,HMR_7038
,,HMR_7039
,,HMR_7040
,,HMR_7041
,,HMR_7042
,,HMR_7043
,,HMR_7044
,,HMR_7045
,,HMR_7046
,,HMR_7047
,,HMR_7048
,,HMR_7049
,,HMR_7050
,,HMR_7051
,,HMR_7052
,,HMR_7053
,,HMR_7054
,,HMR_7055
,,HMR_7056
,,HMR_7057
,,HMR_7058
,,HMR_7059
,,HMR_7060
,,HMR_7061
,,HMR_7062
,,HMR_7063
,,HMR_7064
,,HMR_7065
,,HMR_7066
,,HMR_7067
,,HMR_7068
,,HMR_7069
,,HMR_7070
,,HMR_7071
,,HMR_7072
,,HMR_7073
,,HMR_7074
,,HMR_7075
,,HMR_7076
,,HMR_7077
,,HMR_7078
,,HMR_7079
,,HMR_7080
,,HMR_7081
,,HMR_7082
,,HMR_7083
,,HMR_7084
,,HMR_7085
,,HMR_7086
,,HMR_7087
,,HMR_7088
,,HMR_7089
,,HMR_7090
,,HMR_7091
,,HMR_7092
,,HMR_7093
,,HMR_7094
,,HMR_7095
,,HMR_7096
,,HMR_7097
,,HMR_7098
,,HMR_7099
,,HMR_7100
,,HMR_7103
,,HMR_7104
,,HMR_7106
,,HMR_7109
,,HMR_7115
,,HMR_7117
,,HMR_7119
,,HMR_7121
,,HMR_7123
,,HMR_7125
,,HMR_7127
,,HMR_7130
,,HMR_7131
,,HMR_7137
,,HMR_7140
,,HMR_7141
,,HMR_7145
,,HMR_7146
,,HMR_7147
,,HMR_7160
,,HMR_7161
,,HMR_7162
,,HMR_7163
,,HMR_7164
,,HMR_7165
,,HMR_7166
,,HMR_7167
,,HMR_7168
,,HMR_7169
,,HMR_7170
,,HMR_7185
,,HMR_7186
,,HMR_7187
,,HMR_7188
,,HMR_7265
,,HMR_7268
,,HMR_7269
,,HMR_7270
,,HMR_7271
,,HMR_7274
,,HMR_7275
,,HMR_7276
,,HMR_7277
,,HMR_7279
,,HMR_7283
,,HMR_7435
,,HMR_7594
,,HMR_7597
,,HMR_7599
,,HMR_7602
,,HMR_7604
,,HMR_7605
,,HMR_7606
,,HMR_7607
,,HMR_7610
,,HMR_7614
,,HMR_7615
,,HMR_7616
,,HMR_7617
,,HMR_7618
,,HMR_7619
,,HMR_7620
,,HMR_7621
,,HMR_7622
,,HMR_7623
,,HMR_7624
,,HMR_7625
,,HMR_7626
,,HMR_7656
,,HMR_7660
,,HMR_7677
,,HMR_7678
,,HMR_7698
,,HMR_7741
,,HMR_7743
,,HMR_7744
,,HMR_7745
,,HMR_7746
,,HMR_7747
,,HMR_7759
,,HMR_7760
,,HMR_7761
,,HMR_7897
,,HMR_7899
,,HMR_7901
,,HMR_8211
,,HMR_8218
,,HMR_8378
,,HMR_8490
,,HMR_8491
,,HMR_8492
,,HMR_8540
,,HMR_8608
,,HMR_8639
,,HMR_8746
,,HMR_8749
,,HMR_8750
,,HMR_8785
,,HMR_8798
,,HMR_9014
,,HMR_9016
,,HMR_9017
,,HMR_9018
,,HMR_9022
,,HMR_9173
,,HMR_9183
,,HMR_9199
,,HMR_9200
,,HMR_9464
,,HMR_9484
,,HMR_9485
,,HMR_9487
,,HMR_9488
,,HMR_9489
,,HMR_9490
,,HMR_9491
,,HMR_9492
,,HMR_9493
,,HMR_9494
,,HMR_9495
,,HMR_9496
,,HMR_9497
,,HMR_9498
,,HMR_9499
,,HMR_9500
,,HMR_9501
,,HMR_9502
,,HMR_9503
,,HMR_9504
,,HMR_9505
,,HMR_9506
,,HMR_9507
,,HMR_9508
,,HMR_9509
,,HMR_9510
,,HMR_9511
,,HMR_9512
,,HMR_9513
,,HMR_9514
,,HMR_9515
,,HMR_9516
,,HMR_9517
,,HMR_9518
,,HMR_9519
,,HMR_9520
,,HMR_9521
,,HMR_9522
,,HMR_9523
,,HMR_9524
,,HMR_9525
,,HMR_9527
,,HMR_9528
,,HMR_9529
,,HMR_9530
,,HMR_9531
,,HMR_9532
,,HMR_9535
,,HMR_9536
,,HMR_9537
,,HMR_9538
,,HMR_9539
,,HMR_9541
,,HMR_9542
,,HMR_9543
,,HMR_9544
,,HMR_9545
,,HMR_9546
,,HMR_9547
,,HMR_9548
,,HMR_9549
,,HMR_9550
,,HMR_9551
,,HMR_9552
,,HMR_9554
,,HMR_9575
,,HMR_9577
,,HMR_9578
,,HMR_9579
,,HMR_9580
,,HMR_9585
,,HMR_9586
,,HMR_9587
,,HMR_9588
,,HMR_9632
,,HMR_9633
,,HMR_9637
,,HMR_9643
,,HMR_9645
,,HMR_9646
,,HMR_9651
,,HMR_9653
,,HMR_9654
,,HMR_9659
,,HMR_9666
,,HMR_9672
,,HMR_9673
,,HMR_9677
,,HMR_9717
,,HMR_9722
,,HMR_9723
,,HMR_9724
,,HMR_9727
,,HMR_9728
,,HMR_9731
,,HMR_9732
,,HMR_9733
,,HMR_9734
,,HMR_9735
,,HMR_9738
,,HMR_9739
,,HMR_9740
,,HMR_9741
,,HMR_9742
,,HMR_9743
,,HMR_9744
,,HMR_9745
,,HMR_9746
,,HMR_9747
,,HMR_9748
,,HMR_9749
,,HMR_9750
,,HMR_9751
,,HMR_9752
,,HMR_9753
,,HMR_9754
,,HMR_9755
,,HMR_9756
,,HMR_9757
,,HMR_9758
,,HMR_9759
,,HMR_9760
,,HMR_9761
,,HMR_9763
,,HMR_9764
,,HMR_9765
,,HMR_9766
,,HMR_9767
,,HMR_9771
,,HMR_9772
,,HMR_9773
,,HMR_9776
,,HMR_9777
,,HMR_9778
,,HMR_9781
,,HMR_9782
,,HMR_9783
,,HMR_9784
,,HMR_9785
,,HMR_9787
,,HMR_9790
,,HMR_9791
,,HMR_9792
,,HMR_9794
,,HMR_9795
,,HMR_9796
,,HMR_9798
,,HMR_9799
,,HMR_9800
,,HMR_9806
,,HMR_9817
,,HMR_9818
,,HMR_biomass_Renalcancer
,,DM_HMR_biomass_renalcancer
,,EX_M03044_e
,,EX_M01403_e
,,EX_CN0020_e
,,EX_M00932_e
,,EX_M00545_e
,,EX_M00228_e
,,EX_M00242_e
,,EX_M02957_e
,,EX_M01570_e
,,EX_M03147_e
,,EX_M02048_e
,,EX_M02353_e
,,EX_M01569_e
,,EX_M03146_e
,,EX_M02047_e
,,EX_M02352_e
,,EX_apoC_Lys_e
,,EX_pre_prot_e
,,EX_dad_5_e
,,EX_M02723_e
,,EX_xtp_e
,,EX_adpglc_e
,,EX_M03161_e
,,HMR_9725
,,HMR_0031
,,HMR_0032
,,biomass_components
,,cofactors_vitamins
,,vitaminA
,,vitaminD
,,vitaminE
,,xenobiotics
,,arachidonates
,,steroids
,,others
,,HMR_7596
,,HMR_6588
,,HMR_1800
,,HMR_1048
,,HMR_6686
,,HMR_1264
,,HMR_1233
,,HMR_1691
,,HMR_1151
,,HMR_5151
,,HMR_5152
,,HMR_5153
,,HMR_5154
,,HMR_5155
,,HMR_5156
,,HMR_5157
,,HMR_5158
,,HMR_5159
,,HMR_5160
,,HMR_5161
,,HMR_5162
,,HMR_5163
,,HMR_5164
,,HMR_5165
,,HMR_5166
,,HMR_5167
,,HMR_5168
,,HMR_5172
,,HMR_3264
,,HMR_3256
,,HMR_3258
,,HMR_1147
,,HMR_1049
,,HMR_1018
,,HMR_1149
,,HMR_1383
,,HMR_4531
,,HMR_6955
,,HMR_6822
,,HMR_5099
,,OHCLtm
,,EX_M01819_e
,,EX_M01268_e
,,EX_HC02080_e
,,EX_C07535_e
,,EX_M02382_e
,,EX_M02035_e
,,EX_M02467_e
,,EX_M02821_e
,,EX_mg2_e
,,EX_cu2_e
,,EX_M01571_e
,,DM_5mthf_n
,,DM_thf_n
,,DM_dna5mtc_c
,,DM_cbl1_m
,,GLACtm
,,CLCFTRtm
,,PIt2mi