mCADRE_brain_rxns,rFASTACOROMICS_brain_rxns,CORDA_brain_rxns,ftINIT_brain_rxns
10FTHF7GLUtl,10FTHF7GLUtl,10FTHF5GLUtl,10FTHF7GLUtl
10FTHFtl,10FTHF7GLUtm,10FTHF5GLUtm,10FTHF7GLUtm
13DAMPPOX,10FTHFtl,10FTHF6GLUtl,10FTHFtl
2AMACSULT,13DAMPPOX,10FTHF6GLUtm,11DOCRTSLtm
2HBO,2AMACSULT,10FTHF7GLUtl,11DOCRTSLtr
2HBt2,2DR1PP,10FTHF7GLUtm,11DOCRTSTRNtm
2HCO3_NAt,2HBO,10FTHFtl,11DOCRTSTRNtr
2OXOADOXm,2HBt2,10FTHFtm,13DAMPPOX
34DHPHAMT,2HCO3_NAt,13DAMPPOX,1a_24_25VITD2Hm
34DHPLACOX_NADP,2OXOADOXm,24NPHte,1a_25VITD2Hm
34DHXMANDACOX_NADP,34DHOXPEGOX,2AMACHYD,1MNCAMti
34HPPOR,34DHOXPEGt,2AMACSULT,24_25DHVITD3t
35CGMPtn,34DHPHAMT,2AMADPTm,24_25DHVITD3tm
3AIBTm,34DHALDD,2DR1PP,24_25VITD2Hm
3DPHBH2,34DHPLACOX_NADP,2HBO,24_25VITD3Hm
3DSPHR,34DHXMANDACOX,2HBt2,24NPHte
3HLYTCL,34DHXMANDACOX_NADP,2HCO3_NAt,25HVITD2tin_m
3M4HDXPAC,34HPLFM,2OXOADOXm,25HVITD3tin_m
3MOPt2im,34HPPOR,2OXOADPTm,25VITD2Hm
3MOX4HOXPGALDOX_NADP,35CGMPtn,34DHOXPEGOX,25VITD3Hm
3MOXTYROX,3AIBTm,34DHPHAMT,2AMACHYD
3SALACBOXL_cho,3DPHBH2,34DHPHEt,2AMACSULT
3SALATAi,3DSPHR,34DHALDD,2AMADPTm
3SPYRSP,3HBCDm,34DHPLACOX_NADP,2DR1PP
41R1H2MAE12BOOX,3HBCOAHLm,34DHXMANDACOX,2HBO
41R2A1H12BOOX,3HLYTCL,34DHXMANDACOX_NADP,2HBt2
42A12BOOX,3M4HDXPAC,34HPPOR,2HCO3_NAt
4ABUTtm,3MLDAt,35CGMPtn,2OXOADPTm
4HBZCOAFm,3MOX4HOXPGALDOX,3AIBTm,34DHOXPEGOX
4HBZFm,3MOX4HOXPGALDOX_NADP,3AIBtm,34DHOXPEGt
4HOXPACDOX_NADP,3MOXTYROX,3DPHBH1,34DHPHEt
4MOPt2im,3SALAASPm,3DSPHR,34DHALDD
4MPTNLte,3SALACBOXL_cho,3HBCDm,34DHPLACOX_NADP
4MPTNLtm,3SALATAi,3HLYTCL,34DHXMANDACOX
5ADTSTSTERONEGLCte,3SALATAim,3M4HDXPAC,34DHXMANDACOX_NADP
5ADTSTSTERONEGLCtr,3SPYRSP,3MLDAt,34HPLFM
5ADTSTSTERONEtr,3SPYRSPm,3MOX4HOXPGALDOX,34HPPOR
5AOPtm,41R1H2MAE12BOOX,3MOX4HOXPGALDOX_NADP,35CGMPtn
5HLTDL,41R2A1H12BOOX,3MOXTYROX,3AIBTm
5HOXINDACTO2OX,42A12BOOX,3SALAASPm,3AIBtm
5HOXINOXDA,4ABUTtm,3SALACBOXL_cho,3DPHBH1
5MTHFt,4HDEBRISOQUINEte,3SALATAi,3DSPHR
7DHCHSTEROLtr,4HGLSDm,3SALATAim,3HAO
7DHFtl,4HOXPACDOX_NADP,3SPYRSP,3HBCDm
7THFtl,4MOPt2im,3SPYRSPm,3HBCOAHLm
A_MANASEly,4MPTNLte,41R1H2MAE12BOOX,3HKYNAKGAT
A4GALTc,4MPTNLtm,41R2A1H12BOOX,3HLYTCL
A4GALTg,4NPHSFte,42A12BOOX,3M4HDXPAC
ABTArm,4NPHSULT,4ABUTtm,3MLDAt
ABTD,4NPHte,4HDEBRISOQUINEte,3MOPt2im
ABUTt2rL,5ADTSTSTERONESte,4HGLSDm,3MOX4HOXPGALDOX
ABUTt4_2_r,5ADTSTSTERONESULT,4HOXPACDOX_NADP,3MOX4HOXPGALDOX_NADP
ACACT10m,5ADTSTSTERONEtr,4MOPt2im,3MOXTYROX
ACACT1x,5AOPtm,4MPTNLte,3SALAASPm
ACACt2m,5FTHFt2_1,4MPTNLtm,3SALACBOXL_cho
ACACT6p,5HLTDL,4NPHSFte,3SALATAi
ACACT7p,5HOXINOXDA,4NPHSULT,3SALATAim
ACACT8p,7DHFtl,4NPHte,3SPYRSP
ACACT9p,7DHFtm,4PYRDX,3SPYRSPm
ACALDtm,7THFtl,5ADTSTSTERONEGLCte,41R1H2MAE12BOOX
ACALDtr,7THFtm,5ADTSTSTERONEGLCtr,41R2A1H12BOOX
ACALDtx,A_MANASEly,5ADTSTSTERONESte,42A12BOOX
ACCOACrm,A4GALTc,5ADTSTSTERONESULT,4ABUTtm
ACCOAtr,A4GALTg,5ADTSTSTERONEte,4HBZCOAFm
ACETONEt2,AACTOOR,5ADTSTSTERONEtr,4HBZFm
ACETONEt2m,AACTtm,5AOPtm,4HDEBRISOQUINEte
ACGALK,ABO9g,5DHFtl,4HGLSDm
ACGALtly,ABTArm,5FTHFt2_1,4HOXPACDOX_NADP
ACGAMK,ABTD,5HLTDL,4MOPt2im
ACGAMPM,ABUTt2rL,5HOXINDACTO2OX,4MPTNLte
ACGAMtly,ABUTt4_2_r,5HOXINOXDA,4MPTNLtm
ACGPID,ACACT10m,5HTRPVESSEC_1,4MTOLBUTAMIDEte
ACHEe,ACACT1m,5MTHFt,4NPHSFte
ACNACNGAL14ACGLCGALGLUSIDEte,ACACT1x,5MTHFt2_1,4NPHSULT
ACNACNGAL14ACGLCGALGLUSIDEtg,ACACt2m,5THFtl,4NPHte
ACNACNGALGBSIDEte,ACACT6p,5THFtm,4PYRDX
ACNACNGALGBSIDEtg,ACACT8p,6DHFtl,5ADTSTSTERONEGLCte
ACNAM9PL,ACACT9p,6DHFtm,5ADTSTSTERONEGLCtr
ACNAMlt,ACACtx,6THFtl,5ADTSTSTERONESULT
ACNAMPH,ACALDtm,6THFtm,5AOPtm
ACNAMtn,ACALDtx,7DHCHSTEROLtr,5FTHFt2_1
ACOAD1fm,ACCOAgt,7DHFtl,5HLTDL
ACOAD8m,ACCOALm,7DHFtm,5HOMEPRAZOLEte
ACOAD9m,ACCOAtr,7THFtl,5HOXINDACTO2OX
ACOAO7p,ACGAGBSIDEtg,7THFtm,5HOXINOXDA
ACONTm,ACGAGBSIDEtl,A_MANASEly,5HTRPVESSEC_1
ACOX2x,ACGALtly,A4GALTc,5MTHFt
ACP1_FMN,ACGAM6PS,A4GALTg,5MTHFt2_1
ACRNtm,ACGAMK,A4GNT2g,6HTSTSTERONEte
ACS2,ACGAMPM,AATA,6HTSTSTERONEtr
ACSm,ACGAMtly,ABO9g,7DHFtl
ACtg,ACGPID,ABTArm,7DHFtm
ACTNMO,ACHEe,ABTD,7THFtl
ADAe,ACITL,ABUTt2rL,7THFtm
ADCim,ACNACNGAL14ACGLCGALGLUSIDEte,ABUTt4_2_r,A_MANASEly
ADK3,ACNACNGAL14ACGLCGALGLUSIDEtg,ACACT10m,A4GALTc
ADK3m,ACNACNGALGBSIDEte,ACACT1m,A4GALTg
ADKd,ACNACNGALGBSIDEtg,ACACT1x,A4GNT1g
ADMDC,ACNAM9PL,ACACt2m,A4GNT2g
ADNCYC,ACNAM9PL2,ACACT4p,AACTOOR
ADNK1m,ACNAMlt,ACACT5p,AACTtm
ADNt,ACNAMPH,ACACT6p,AATA
ADNtl,ACNGALACGLCGAL14ACGLCGALGLUSIDEte,ACACT7p,ABO1g
ADNtm,ACNGALACGLCGAL14ACGLCGALGLUSIDEtg,ACACT8p,ABO2g
ADRNCPT1,ACOAD10m,ACACT9p,ABO3g
ADRNCPT2,ACOAD1fm,ACACtx,ABO4g
ADRNCRNt,ACOAD8m,ACALDtm,ABO5g
ADSK,ACOAD9m,ACALDtx,ABO6g
ADSL1r,ACOAO7p,ACCOACrm,ABO7g
ADSL2r,ACODA,ACCOAgt,ABO8g
AG13T16g,ACONTm,ACCOALm,ABO9g
AG13T17g,ACOX2x,ACCOAtr,ABTArm
AG13T18g,ACP1_FMN,ACETONEt2,ABTD
AG13T1g,ACRNtm,ACETONEt2m,ABUTt2rL
AG13T2g,ACS2,ACGAGBSIDEtg,ABUTt4_2_r
AG13T3g,ACSm,ACGAGBSIDEtl,ACACT10m
AGPAT1_1,ACtg,ACGALK,ACACT1x
AHEXASE2ly,ADK1m,ACGALK2,ACACt2m
AHEXASEly,ADK3,ACGALtlg,ACACT4p
AIRCr,ADK3m,ACGALtly,ACACT5p
AKGDm,ADKd,ACGAM6PS,ACACT6p
AKGMALtm,ADMDC,ACGAMK,ACACT7p
AKGt4_3,ADNCYC,ACGAMPM,ACACT8p
AKR1D,ADNt,ACGAMtly,ACACT9p
AKR1D2,ADNtl,ACGBGBSIDEtg,ACALDtm
ALADGLYexR,ADNtm,ACGBGBSIDEtl,ACALDtr
ALASm,ADPMAN,ACGPID,ACCOACrm
ALAt4,ADPRIBt,ACHEe,ACCOAgt
ALATA_L,ADRNCPT1,ACITL,ACCOALm
ALCD21_D,ADRNCPT2,ACN13ACNGALGBSIDEte,ACCOAtn
LCARS,ADRNCRNt,ACN13ACNGALGBSIDEtg,ACCOAtr
ALCD22_L,ADSK,ACN23ACNGALGBSIDEte,ACETONEt2
ALDD20x,ADSL1r,ACN23ACNGALGBSIDEtg,ACETONEt2m
ALDD20xm,ADSL2r,ACNACNGAL14ACGLCGALGLUSIDEte,ACGAGBSIDEtg
ALDD21,AG13T16g,ACNACNGAL14ACGLCGALGLUSIDEtg,ACGAGBSIDEtl
ALDD2xm,AG13T17g,ACNACNGALGBSIDEte,ACGALFUCGALACGALFUC12GAL14ACGLCGALGLUSIDEte
ALDD2y,AG13T18g,ACNACNGALGBSIDEtg,ACGALFUCGALACGALFUC12GAL14ACGLCGALGLUSIDEtg
ALOX5,AG13T1g,ACNAM9PL,ACGALFUCGALACGALFUCGALACGLCGAL14ACGLCGALGLUSIDEte
ALR2,AG13T2g,ACNAM9PL2,ACGALFUCGALACGALFUCGALACGLCGAL14ACGLCGALGLUSIDEtg
ALR3,AG13T3g,ACNAMlt,ACGALtlg
AMACR2p,AGPAT1_1,ACNAMPH,ACGALtly
AMACRp,AGTim,ACNAMtn,ACGAM6PS
AMETt2m,AHEXASE2ly,ACNGALACGLCGAL14ACGLCGALGLUSIDEte,ACGAMPM
AMPDA,AHEXASEly,ACNGALACGLCGAL14ACGLCGALGLUSIDEtg,ACGAMtly
AMY1e,AIRCr,ACNML,ACGBGBSIDEtg
AMY2e,AKGDm,ACOAD10m,ACGBGBSIDEtl
ANDRSTRNGLCte,AKGMALtm,ACOAD1fm,ACGPID
ANDRSTRNGLCtr,AKGt4_3,ACOAD8m,ACGSm
APAT2rm,AKGtp,ACOAD9m,ACHtn
APOCF,AKR1D,ACOAO7p,ACHVESSEC_1
APOCFm,AKR1D2,ACODA,ACN13ACNGALGBSIDEte
APOC_LYS_BTNP,ALADGLNexR,ACONTm,ACN13ACNGALGBSIDEtg
APOC_LYS_BTNPm,ALADGLYexR,ACOX2x,ACN23ACNGALGBSIDEte
APRTO2,ALAGLNexR,ACP1_FMN,ACN23ACNGALGBSIDEtg
AQCOBALt,ALAGLYexR,ACRNtm,ACNACNGAL14ACGLCGALGLUSIDEte
ARAB_Lt,ALASm,ACS2,ACNACNGAL14ACGLCGALGLUSIDEtg
ARABR,ALATA_L,ACSm,ACNACNGALGBSIDEte
ARACHCRNt,ALAtN1,ACtg,ACNACNGALGBSIDEtg
ARGNm,ALCD21_D,ACTLMO,ACNAM9PL
ARGSS,LCARS,ACTNMO,ACNAM9PL2
ARGtm,ALCD22_D,ADAe,ACNAMlt
R_group_phosphotase_1,ALCD22_L,ADCim,ACNAMPH
R_group_phosphotase_2,ALCD2x,ADEt,ACNGALACGLCGAL14ACGLCGALGLUSIDEte
R_group_phosphotase_3,ALDD20x,ADK1m,ACNGALACGLCGAL14ACGLCGALGLUSIDEtg
ARTPLM3m,ALDD20xm,ADK3,ACOAD1fm
ASAH1,ALDD21,ADK3m,ACOAD8m
ASCBt4,ALDD2xm,ADKd,ACOAD9m
ASNS1,ALDD2y,ADMDC,ACODA
ASNt4,ALOX15,ADNCYC,ACONTm
ASPCT,ALR2,ADNK1m,ACOX22x
ASPDt6,ALR3,ADNt,ACOX2x
ASPDxt,AMACR2p,ADNtl,ACP1_FMN
ASPt6,AMACRp,ADNtm,ACRNtm
ATP1ter,AMETt2m,ADPMAN,ACS2
ATP2ter,AMPDA,ADPRIBt,ACSm
ATPH1e,AMY1e,ADRNCOAtx,ACSRTNMT
ATPH2e,AMY2e,ADRNCPT1,ACtg
B_MANNASEly,AOBUTDsm,ADRNCPT2,ACTLMO
B3GALT3g,APAT2rm,ADRNCRNt,ACTNMO
B3GALT41g,APOCF,ADRNLPVESSEC_1,ADA
B3GALT43g,APOCFm,ADSK,ADAe
B3GALT44g,APOC_LYS_BTNP,ADSL1r,ADCim
B3GALT5g,APOC_LYS_BTNPm,ADSL2r,ADEt
B3GALTg,APRTO2,AG13T16g,ADK1m
B3GNT11g,ARAB_Lt,AG13T17g,ADMDC
B3GNT12g,ARABR,AG13T18g,ADNCYC
B3GNT310g,ARACHCPT1,AG13T1g,ADNt
B3GNT312g,ARACHCPT2,AG13T2g,ADNt4
B3GNT315g,ARACHCRNt,AG13T3g,ADNtl
B3GNT39g,ARACHDtr,AGPAT1_1,ADNtm
B3GNT51g,ARACHt,AGTim,ADPMAN
BAAT3x,ARGLYSex,AHANDROSTANGLCte,ADPRIBt
BACCL,ARGSS,AHANDROSTANGLCtr,ADRNCOAtx
BACCLm,ARSA,AHEXASE2ly,ADRNCPT1
BALAtmr,R_group_phosphotase_1,AHEXASEly,ADRNCPT2
BALAVECSEC_1,R_group_phosphotase_2,AIRCr,ADRNCRNt
BAMPPALDOX,R_group_phosphotase_3,AKGDm,ADRNLPVESSEC_1
BBHOX,ARTFR208,AKGMALtm,ADSK
BDHm,ARTPLM3m,AKGt4_3,ADSL1r
BHBtm,ASAH1,AKGtp,ADSL2r
BILDGLCURt,ASCBt4,AKR1C1,AFLATOXINte
BILDGLCURte,ASNNm,AKR1C41,AG13T16g
BILGLCURt,ASNS1,AKR1C42,AG13T17g
BILGLCURte,ASNtm,AKR1D,AG13T18g
BILGLCURtr,ASNtN1,AKR1D2,AG13T1g
BILIRED,ASPCT,ALAASNNaEx,AG13T2g
BILIRUBt2,ASPDt6,ALACYSNaEx,AG13T3g
BIOCYTtn,ASPDxt,ALADGLNexR,AGMTm
BTND1,ASPGLUm,ALADGLYexR,AGPAT1_1
BTND1n,ASPTAm,ALAGLNexR,AGTim
BTNDe,ATP1ter,ALAGLNNaEx,AGTix
BTNDm,ATP2ter,ALAGLYexR,AHANDROSTANGLCte
BTNPL,ATPH1e,ALASERNaEx,AHANDROSTANGLCtr
BTNPLm,ATPH2e,ALASm,AHEXASE2ly
BTNt2i,ATPtn,ALAt4,AHEXASEly
BTNt2m,B_MANNASEly,ALATA_L,AIRCr
BTNt3i_1,B3GALT3g,ALATHRNaEx,AKGDm
BTNtn,B3GALT41g,ALAtN1,AKGMALtm
BUP2,B3GALT42g,ALCD21_D,AKGt4_3
BUTt2m,B3GALT43g,LCARS,AKGtp
C14STRr,B3GALT44g,ALCD22_D,AKR1C1
C160CPT2,B3GALT5g,ALCD22_L,AKR1C41
C160CRNt,B3GALTg,ALCD2x,AKR1C42
C161CPT1,B3GNT11g,ALDD20x,AKR1D
C161CPT12,B3GNT12g,ALDD20xm,AKR1D2
C161CPT2,B3GNT310g,ALDD21,ALAASNNaEx
C161CRN2t,B3GNT312g,ALDD2xm,ALACYSNaEx
C161CRNt,B3GNT314g,ALDD2y,ALAGLNNaEx
C180CPT2,B3GNT315g,ALOX15,ALASERNaEx
C180CRNt,B3GNT51g,ALOX52,ALASm
C181CRNt,BAAT2x,ALR2,ALAt4
C204CPT2,BAAT3x,ALR3,ALATA_L
C204CRNt,BACCL,AMACR2p,ALATHRNaEx
C226CPT1,BACCLm,AMACRp,ALAtN1
C226CPT2,BALAtmr,AMETt2m,ALCD21_D
C3STDH1Pr,BAMPPALDOX,AMPDA,ALCD22_D
C3STDH1r,BBHOX,AMPTASECGe,ALCD2x
C3STKR2r,BDHm,AMY1e,ALCD2y
C4STMO2Pr,BHBtm,AMY2e,ALDD20x
C4STMO2r,BHMT,ANDRSTRNGLCte,ALDD20xm
CAATPS_1,BILDGLCURt,ANDRSTRNGLCtr,ALDD2xm
CAT2p,BILGLCURt,ANDRSTRNte,ALDD2y
CATm,BILIRED,ANDRSTRNtr,ALDSTRNte
CATp,BILIRUBt2,APAT2rm,ALDSTRNtm
CBL2OR,BIOCYTtn,APOCF,ALOX12
CBL2tm,BMTer_U,APOCFm,ALOX15
CDIPTr,BPNT2,APOC_LYS_BTNP,ALOX5
CDPDAGtm,BTND1,APOC_LYS_BTNPm,ALOX52
CDS,BTND1n,APRTO2,ALR2
CDSm,BTNDe,AQCOBALt,AMACR2p
CEPTC,BTNDm,ARAB_Lt,AMACRp
CEPTE,BTNPL,ARABR,AMETt2m
CERK,BTNPLm,ARACHCOAtx,AMPDA
CERT1rt,BTNt2i,ARACHCPT1,AMPTASECGe
CGLYt3_2,C14STRr,ARACHCPT2,AMPtp
CH25H,C160CPT1,ARACHCRNt,AMY1e
CHAT,C160CPT2,ARACHDCOAtx,AMY2e
CHLPCTD,C160CRNt,ARACHDt2,ANDRSTRNGLCte
CHLtm,C161CPT1,ARACHDtr,ANDRSTRNGLCtr
CHOLATEt,C161CPT12,ARGDCm,ANDRSTRNte
CHOLK,C161CPT2,ARGLYSex,ANTIPYRENEte
CHOLPtg,C161CPT22,ARGNm,AOBUTDsm
CHOLPtl,C161CRN2t,ARGSS,APAT2rm
CHOLtu,C161CRNt,ARGtm,APNNOXte
CHSTEROLt1,C180CPT1,ARSA,APOCF
CITRtm,C180CPT2,ARTCOAL2_cho,APOCFm
CITtam,C180CRNt,R_group_phosphotase_1,APOC_LYS_BTNP
CITtbm,C181CPT1,R_group_phosphotase_3,APOC_LYS_BTNPm
CK_cho,C181CPT2,ARTFR208,APPNNte
CLOXAtex2,C181CRNt,ASAH1,APRTO2
CLPNDCPT1,C204CPT1,ASCBt4,AQCOBALt
CLPNDCPT2,C204CPT2,ASNALANaEx,ARAB_Lt
CLPNDCRNt,C204CRNt,ASNCYSNaEx,ARABR
CLS_hs,C226CPT1,ASNGLNNaEx,ARACHCPT1
CMPACNAtg,C226CPT2,ASNNm,ARACHCPT2
CMPACNAtn,C3STDH1Pr,ASNS1,ARACHCRNt
ACNMCT,C3STDH1r,ASNSERNaEx,ARACHDt2
CMPSASn,C3STKR2r,ASNt4,ARACHDtr
CO2ter,C4STMO2Pr,ASNTHRNaEx,ARGDCm
COQ3m,C4STMO2r,ASNtm,ARGLYSex
COQ5m,CAATPS_1,ASNtN1,ARGNm
COQ6m,CAT2p,ASPCT,ARGt4
COQ7m,CAt7r,ASPDt6,ARGtm
CORE2GTg,CATm,ASPDxt,ARSA
CORE3GTg,CATp,ASPGLUm,R_group_phosphotase_1
CORE4GTg,CBPPer,ASPt6,R_group_phosphotase_2
COt,CBPter,ASPTAm,R_group_phosphotase_3
COUCOAFm,CBR2,ATP1ter,ARTFR208
CREATtmdiffir,CDIPTr,ATP2ter,ARTPLM3m
CRNCAR3tp,CDS,ATPH1e,ASAH1
CRNCARtp,CDSm,ATPH2e,ASCBt4
CRNt,CEPTC,ATPtm,ASNALANaEx
CRNtim,CEPTE,ATPtn,ASNCYSNaEx
CRNtuNa,CERK,B_MANNASEly,ASNGLNNaEx
CSAPASEly,CERT1gt,B3GALT3g,ASNNm
CSBPASEly,CERT1rt,B3GALT41g,ASNS1
CSCPASEly,CGLYt3_2,B3GALT42g,ASNSERNaEx
CSDPASEly,CH25H,B3GALT43g,ASNt4
CSEPASEly,CHAT,B3GALT44g,ASNTHRNaEx
CSm,CHLPCTD,B3GALT5g,ASNtm
CSNAT2m,CHLtm,B3GALTg,ASNtN1
CSNAT2x,CHOLATEt,B3GNT11g,ASPCT
CSNAT3x,CHOLK,B3GNT12g,ASPDt6
CSNATer,CHOLPtg,B3GNT310g,ASPDxt
CSNATm,CHOLPtl,B3GNT312g,ASPGLUm
CSNATp,CHOLtg,B3GNT314g,ASPt6
CSNATr,CHOLtr,B3GNT315g,ASPTAm
CSPG_At,CHOLtu,B3GNT36g,ATP1ter
CSPG_Atly,CHSTEROLSULT,B3GNT37g,ATP2ter
CSPG_Bt,CHSTEROLt1,B3GNT51g,ATPH1e
CSPG_Btly,CITRtm,BAAT3x,ATPH2e
CSPG_Ct,CITtam,BACCL,ATPtm
CSPG_Ctly,CITtbm,BACCLm,ATPtn
CSPG_Dt,CK_cho,BALAtmr,ATPtx
CSPG_Dtly,CKc_cho,BALAVECSEC_1,AVITE2t
CSPG_Et,CLPNDCPT1,BAMPPALDOX,B_MANNASEly
CSPG_Etly,CLPNDCPT2,BBHOX,B3GALT3g
CTPtn,CLPNDCRNt,BDHm,B3GALT41g
CYANt,CLS_hs,BETALDHxm,B3GALT42g
CYANtm,CMPACNAtg,BHBtm,B3GALT43g
CYSO,CMPACNAtn,BHMT,B3GALT44g
CYSt4,ACNMCT,BILDGLCURt,B3GALT5g
CYSTA,CMPSASn,BILDGLCURte,B3GALTg
CYTDK1,CO2ter,BILGLCURt,B3GNT11g
CYTDK2m,CO2tg,BILGLCURte,B3GNT12g
CYTDt,CO2tp,BILGLCURtr,B3GNT310g
CYTDtl,COAtg,BILIRED,B3GNT311g
CYTDtm,COAtl,BILIRUBt2,B3GNT312g
CYTK10,COAtim,BILIRUBtr,B3GNT313g
CYTK10n,COQ3m,BIOCYTtn,B3GNT314g
CYTK11,COQ5m,BMTer_U,B3GNT315g
CYTK11n,COQ6m,BPNT2,B3GNT31g
CYTK12,COQ7m,BTND1,B3GNT32g
CYTK12n,CORE2GTg,BTND1n,B3GNT33g
CYTK13,CORE3GTg,BTNDe,B3GNT34g
CYTK13n,CORE4GTg,BTNDm,B3GNT35g
CYTK14,COt,BTNPL,B3GNT36g
CYTK14n,CREATt4_2_r,BTNPLm,B3GNT37g
CYTK1m,CREATtmdiffir,BTNt2i,B3GNT39g
CYTK1n,CRNCAR3tp,BTNt2m,B3GNT51g
CYTK2n,CRNCARtp,BTNt3i_1,BAAT1x
CYTK3,CRNtim,BTNt4i,BAAT2x
CYTK3n,CRTSLtr,BTNtn,BAAT3x
CYTK4,CSAPASEly,BUTt2m,BAAT4x_cho
CYTK4n,CSBPASEly,BZt,BACCL
CYTK2_1,CSCPASEly,C14STRr,BACCLm
CYTK5n,CSDPASEly,C160CPT1,BALAtmr
CPK1,CSEPASEly,C160CPT2,BAMPPALDOX
CYTK6n,CSm,C160CRNt,BBHOX
CYTK7,CSNAT2m,C161CPT1,BCDO
CYTK7n,CSNAT2x,C161CPT12,BETALDHxm
CYTK8,CSNAT3x,C161CPT2,BHMT
CYTK8n,CSNATer,C161CPT22,BILDGLCURt
CYTK9,CSNATm,C161CRN2t,BILDGLCURte
CYTK9n,CSNATp,C161CRNt,BILGLCURt
DAG_HSter,CSNATr,C180CPT1,BILGLCURte
DAGK_hs,CSPG_At,C180CPT2,BILGLCURtr
DAGKn_hs,CSPG_Atly,C180CRNt,BILIRED
DALAt2r,CSPG_Bt,C181CPT1,BILIRUBt2
DASCBR_1,CSPG_Btly,C181CPT2,BIOCYTtn
DASPO1p,CSPG_Ct,C181CRNt,BMTer_U
DATPtn,CSPG_Ctly,C204CPT1,BTND1
DCIm,CSPG_Dt,C204CPT2,BTND1n
DCK1m,CSPG_Dtly,C204CRNt,BTNDe
DCK1n,CSPG_Et,C226COAtx,BTNDm
DCK2n,CSPG_Etly,C226CPT1,BTNPL
DCSPTN1CPT1,CTPtn,C226CPT2,BTNPLm
DCSPTN1CPT2,CYANt,C3STDH1Pr,BTNt2i
DCSPTN1CRNt,CYANtm,C3STDH1r,BTNt2m
DDPGAm,CYSGLUexR,C3STKR2r,BTNt3i_1
DECDPtm,CYSGLYex,C4STMO2Pr,BTNt4i
DESAT18_10,CYSO,C4STMO2r,BUP2
DESAT18_6,CYSTA,CAATPS_1,BUTt2m
DESAT18_12,CYStec,CAT2p,BVITEt
DESAT18_8,CYSTGLUex,CAt7r,BZt
DESAT18_9,CYTDK1,CATm,BZtr
DESAT24_1,CYTDt,CATp,C14STRr
DGAT,CYTDtl,CBL2OR,C160CPT1
DGCHOLtx,CYTK10,CBL2tm,C160CPT2
DGK2m,CYTK10n,CBPPer,C160CRNt
DGNSKm,CYTK11,CBPSam,C161CPT1
DGSNtm,CYTK11n,CBPter,C161CPT12
DGTPtn,CYTK12,CBR2,C161CPT2
DHAAt1r,CYTK12n,CDIPTr,C161CPT22
DHCR71r,CYTK13,CDPDAGtm,C161CRN2t
DHCR72r,CYTK13n,CDS,C161CRNt
DHCRD1,CYTK14,CDSm,C180CPT1
DHDPBMTm,CYTK14n,CEPTC,C180CPT2
DHEASt,CYTK1m,CEPTE,C180CRNt
DHFtl,CYTK1n,CERK,C181CPT1
DHORD9,CYTK2n,CERT1gt,C181CPT2
DHPM1,CYTK3,CERT1rt,C181CRNt
DHPM2,CYTK3n,CERT2rt,C204CPT1
DIDPtn,CYTK4,CGLYt3_2,C204CPT2
DIGALSGALSIDEtg,CYTK4n,CHAT,C204CRNt
DITPtn,CYTK2_1,CHATn,C226CPT1
D_LACt2,CYTK5n,CHLP,C226CPT2
D_LACtm,CPK1,CHLPCTD,C3STDH1Pr
DLNLCGCPT1,CYTK6n,CHLtm,C3STDH1r
DLNLCGCPT2,CYTK7,CHOLATEt,C3STKR2r
DLNLCGCRNt,CYTK7n,CHOLD2m,C4STMO1r
DM_Asn_X_Ser_Thr_l,CYTK8,CHOLK,C4STMO2Pr
DM_dctp_m,CYTK8n,CHOLPtg,C4STMO2r
DM_dem2emgacpail_prot_hs_r,CYTK9,CHOLPtl,CAATPS_1
DM_dgpi_prot_hs_r,CYTK9n,CHOLt4,CAROtr
DM_gpi_sig_r,D3AIBTm,CHOLtg,CARVEOLte
DM_Ser_Gly_Ala_X_Gly_l,DADNK,CHOLtr,CAt7r
DMATTx,DAG_HSter,CHOLtu,CBL2OR
DMNONCOACRNCPT1,DAGK_hs,CHSTEROLSULT,CBL2tm
C110CPT2m,DAGKn_hs,CHSTEROLt1,CBPPer
DNDPt10m,DALAt2r,CHSTEROLt3,CBPSam
DNDPt11m,DASCBR_1,CHSTEROLtg,CBPter
DNDPt12m,DASPO1p,CHTNASE,CDIPTr
DNDPt13m,DATPtn,CITRtm,CDPDAGtm
DNDPt14m,DCIm,CITtam,CDS
DNDPt15m,DCK1n,CITtbm,CDSm
DNDPt16m,DCK2n,CK_cho,CERT1gt
DNDPt17m,DCSPTN1CPT1,CKc_cho,CERT1rt
DNDPt18m,DCSPTN1CPT2,CLFORtex,CERT2gt
DNDPt19m,DCSPTN1CRNt,CLHCO3tex2,CERT2rt
DNDPt1m,DCSPTN1t,CLI2tex,CGLYt3_2
DNDPt20m,DCTPtn,CLOHtex2_1,CH25H
DNDPt21m,DDPGAm,CLOXAtex2,CHAT
DNDPt23m,DEBRISOQUINEt,CLPNDCPT1,CHATn
DNDPt24m,DECDPtm,CLPNDCPT2,CHLP
DNDPt25m,DESAT16_2,CLPNDCRNt,CHLPCTD
DNDPt28m,DESAT18_10,CLPNDt,CHOLATEt
DNDPt2m,DESAT18_3,CLS_hs,CHOLATEt2
DNDPt30m,DESAT18_11,CMPACNAtg,CHOLATEt3
DNDPt31m,DESAT18_5,CMPACNAtn,CHOLD2m
DNDPt32m,DESAT18_6,ACNMCT,CHOLK
DNDPt37m,DESAT18_12,CMPSASn,CHOLPtg
DNDPt38m,DESAT18_8,CO2ter,CHOLPtl
DNDPt39m,DESAT18_9,CO2tg,CHOLt4
DNDPt3m,DESAT20_1,CO2tm,CHOLtg
DNDPt40m,DESAT20_2,CO2tp,CHOLtn
DNDPt41m,DESAT22_1p,COAtg,CHOLtr
DNDPt42m,DESAT24_1,COAtl,CHOLtu
DNDPt43m,DGAT,COAtim,CHSTEROLSULT
DNDPt44m,DGCHOLtx,COAtp,CHSTEROLt1
DNDPt45m,DGK2m,COQ3m,CHSTEROLt3
DNDPt46m,DGNSKm,COQ5m,CHSTEROLtg
DNDPt47m,DGSNtm,COQ6m,CHTNASE
DNDPt48m,DGTPtn,COQ7m,CHTNASEe
DNDPt49m,DHAAt1r,CORE2GTg,CITRtm
DNDPt4m,DHCR241r,CORE3GTg,CITt4_2
DNDPt50m,DHCR242r,CORE4GTg,CITtbm
DNDPt51m,DHCR243r,CORE6GTg,CK_cho
DNDPt52m,DHCR71r,COt,CKc_cho
DNDPt53m,DHCR72r,CREATt4_2_r,CLFORtex
DNDPt54m,DHCRD1,CREATtmdiffir,CLHCO3tex2
DNDPt55m,DHCRD2,CRNCAR3tp,CLI2tex
DNDPt56m,DHDPBMTm,CRNCARtp,CLOHtex2_1
DNDPt57m,DHEASULT,CRNt,CLOXAtex2
DNDPt58m,DHEAtr,CRNtHa,CLPNDCPT1
DNDPt59m,DHFtl,CRNtim,CLPNDCPT2
DNDPt5m,DHFtm,CRNtuNa,CLPNDCRNt
DNDPt60m,DHORD9,CRTSLtr,CLS_hs
DNDPt61m,DHPM1,CSAPASEly,CMPACNAtg
DNDPt62m,DIDPtn,CSBPASEly,CMPACNAtn
DNDPt63m,DIGALSGALSIDEtg,CSCPASEly,ACNMCT
DNDPt6m,DIGALSIDEtl,CSDPASEly,CMPSASn
DNDPt7m,DINt,CSEPASEly,CO2ter
DOLGLCP_Lter,DITPtn,CSm,CO2tg
DOLGPP_Ler,D_LACt2,CSNAT2m,CO2tm
DOLMANP_Uter,D_LACtm,CSNAT2x,CO2tp
DOLPMT_U,DLNLCGCPT1,CSNAT3x,COAtg
DOLP_Uter,DLNLCGCPT2,CSNATer,COAtl
DOPABMO_1,DLNLCGCRNt,CSNATm,COAtim
DOPAMT,DM_Asn_X_Ser_Thr_l,CSNATp,COAtn
DOPAtu,DM_datp_m,CSNATr,COKECBESr
DOPAVESSEC_1,DM_dem2emgacpail_prot_hs_r,CSNt,COQ3m
DPGase,DM_dgpi_prot_hs_r,CSPG_At,COQ5m
DPGM,DM_dsT_antigen_g,CSPG_Atly,COQ6m
DPHMBDCm,DM_gpi_sig_r,CSPG_Bt,COQ7m
DPMVDx,DM_kdn_c,CSPG_Btly,CORE2GTg
DPPS,DM_mem2emgacpail_prot_hs_r,CSPG_Ct,CORE3GTg
DRPA,DM_Ser_Gly_Ala_X_Gly_l,CSPG_Ctly,CORE4GTg
DSAT,DMATTx,CSPG_Dt,CORE6GTg
DTDPtn,DMHPTCRNCPT2,CSPG_Dtly,COt
DUMPtn,DMHPTCRNt,CSPG_Et,COUCOAFm
DURAD,DMHPTCRNte,CSPG_Etly,COUMARINte
DURAD2,C110CPT2m,CTPtn,CREATtmdiffir
DURIK1,DMNONCRNt,CYANt,CRMPte
DURIK1m,DNDPt11m,CYSALANaEx,CRNCARtp
DUTPDPm,DNDPt12m,CYSASNNaEx,CRNt
DUTPDPn,DNDPt37m,CYSGLNNaEx,CRNtHa
EBP1r,DNDPt38m,CYSGLUexR,CRNtim
EBP2r,DNDPt60m,CYSGLYex,CRNtuNa
ECOAH1m,DOLGLCP_Lter,CYSO,CRNtx
ECOAH1x,DOLGPP_Ler,CYSSERNaEx,CRTSLtm
ECOAH9m,DOLICHOL_Lter,CYSt4,CRTSTRNtm
EHGLATm,DOLICHOL_Uter,CYSTA,CSAPASEly
EICOSTETCPT1,DOLK_U,CYStec,CSBPASEly
EICOSTETCPT2,DOLMANP_Uter,CYSTGLUex,CSCPASEly
EICOSTETCRNt,DOLPH_Ler,CYSTHRNaEx,CSDPASEly
ELAIDCPT2,DOLPH_Uer,CYTD,CSEPASEly
ELAIDCRNt,DOLPMT_U,CYTDK1,CSm
ENGASE2ly,DOLP_Uter,CYTDt,CSNAT2m
ENGASE3ly,DOPABMO_1,CYTDtl,CSNAT2x
ENGASEly,DOPAMT,CYTDtm,CSNAT3x
ESTRADIOLGLCt,DOPASFt,CYTK10,CSNATer
ESTRADIOLGLCt2,DOPASULT,CYTK10n,CSNATm
ESTRIOLGLCte,DOPAtu,CYTK11,CSNATp
ESTRIOLGLCtr,DPCOAtl,CYTK11n,CSNATr
ESTRONESt,DPGase,CYTK12,CSNt
ETF,DPGM,CYTK12n,CSPG_At
ETFQO,DPHMBDCm,CYTK13,CSPG_Atly
ETHAK,DPMVDx,CYTK13n,CSPG_Bt
ETOHtx,DPPS,CYTK14,CSPG_Btly
EX_10fthf_e,DRPA,CYTK14n,CSPG_Ct
EX_10fthf7glu_e,DSAT,CYTK1m,CSPG_Ctly
EX_13_cis_retnglc_e,DTTPtn,CYTK1n,CSPG_Dt
EX_2hb_e,DUDPtn,CYTK2n,CSPG_Dtly
EX_35cgmp_e,DUMPtn,CYTK3,CSPG_Et
EX_3aib_e,DURAD,CYTK3n,CSPG_Etly
EX_4hphac_e,DURAD2,CYTK4,CTPtn
EX_4mptnl_e,DURIK1,CYTK4n,CYANt
EX_5adtststeroneglc_e,DURIK1m,CYTK2_1,CYANtm
EX_5mthf_e,DUTPDPm,CYTK5n,CYSALANaEx
EX_7dhf_e,DUTPDPn,CPK1,CYSASNNaEx
EX_7thf_e,EBASTINEOHte,CYTK6n,CYSGLNNaEx
EX_acnacngal14acglcgalgluside_hs_e,EBASTINEOHtr,CYTK7,CYSGLYex
EX_acnacngalgbside_hs_e,EBASTINEte,CYTK7n,CYSO
EX_adp_e,EBASTINEtr,CYTK8,CYSSERNaEx
EX_adrnl_e,EBP1r,CYTK8n,CYSt4
EX_andrstrnglc_e,EBP2r,CYTK9,CYSTA
EX_aqcobal_e,ECOAH12m,CYTK9n,CYSTGLUex
EX_asp__D_e,ECOAH1m,DADA,CYSTHRNaEx
EX_bhb_e,ECOAH1x,DADNt4,CYSTSERex
EX_bilglcur_e,ECOAH9m,DAG_HSter,CYTD
EX_biocyt_e,EHGLAT2m,DAGK_hs,CYTDK1
EX_camp_e,EHGLATm,DAGKn_hs,CYTDK2m
EX_cmp_e,EICOSTETCPT1,DAGt,CYTDn
EX_co_e,EICOSTETCPT2,DALAOXx,CYTDt
EX_cyan_e,EICOSTETCRNt,DALAt2r,CYTDt4
EX_dhf_e,ELAIDCPT1,DALAxt,CYTDtl
EX_digalsgalside_hs_e,ELAIDCPT2,DARGOp,CYTDtm
EX_estriolglc_e,ELAIDCRNt,DASCBR_1,CYTDtn
EX_fuc13galacglcgal14acglcgalgluside_hs_e,ENGASE2ly,DASPO1p,CYTK10
EX_fucacngal14acglcgalgluside_hs_e,ENGASE3ly,DATPtn,CYTK10n
EX_fucacngalacglcgalgluside_hs_e,ENGASEly,DCIm,CYTK11
EX_fucfuc132galacglcgal14acglcgalgluside_hs_e,ESTRADIOLt,DCK1n,CYTK11n
EX_fucfucfucgalacglc13galacglcgal14acglcgalgluside_hs_e,ESTRADIOLtr,DCK2n,CYTK12
EX_fucfucfucgalacglcgal14acglcgalgluside_hs_e,ESTRIOLtr,DCSPTN1COAtx,CYTK12n
EX_fucgal14acglcgalgluside_hs_e,ESTRONESt,DCSPTN1CPT1,CYTK13
EX_fuc__L_e,ESTRONEtr,DCSPTN1CPT2,CYTK13n
EX_gluala_e,ESTSULT,DCSPTN1CRNt,CYTK14
EX_glyc__S_e,ETF,DCSPTN1t,CYTK14n
EX_glygn2_e,ETFQO,DCTPtn,CYTK1m
EX_glygn4_e,ETHAK,DCYTD,CYTK1n
EX_gp1calpha_hs_e,ETOHtx,DCYTt,CYTK2n
EX_gtp_e,EX_10fthf_e,DDPGAm,CYTK3n
EX_i_e,EX_10fthf7glu_e,DEBRISOQUINEt,CYTK4n
EX_idp_e,EX_2hb_e,DECDPtm,CYTK2_1
EX_ksi_e,EX_34dhoxpeg_e,DEDOLP1_L,CYTK5n
EX_ksi_deg1_e,EX_3aib_e,DEDOLP2_L,CPK1
EX_ksii_core4_e,EX_3mlda_e,DEDOLR_L,CYTK6n
EX_lac__D_e,EX_4hdebrisoquine_e,DESAT16_2,CYTK7
EX_lipoate_e,EX_4hphac_e,DESAT18_10,CYTK7n
EX_mercplaccys_e,EX_4mptnl_e,DESAT18_3,CYTK8
EX_n2m2nmasn_e,EX_4nphsf_e,DESAT18_11,CYTK8n
EX_no_e,EX_5adtststerones_e,DESAT18_5,CYTK9
EX_o2s_e,EX_5fthf_e,DESAT18_6,CYTK9n
EX_oagt3_hs_e,EX_7dhf_e,DESAT18_12,D_3AIBt
EX_octa_e,EX_7thf_e,DESAT18_8,D3AIBTm
EX_oxa_e,EX_acnacngal14acglcgalgluside_hs_e,DESAT18_9,DADA
EX_peplys_e,EX_acnacngalgbside_hs_e,DESAT20_1,DADAe
EX_phyt_e,EX_acngalacglcgal14acglcgalgluside_hs_e,DESAT20_2,DADNt4
EX_s2l2fn2m2masn_e,EX_adprbp_e,DESAT24_1,DAG_HSter
EX_strch1_e,EX_adrnl_e,DGAT,DAGK_hs
EX_strch2_e,EX_arach_e,DGCHOLtx,DAGKn_hs
EX_tcynt_e,EX_arachd_e,DGK2m,DALAOXx
EX_tetpent3_e,EX_asp__D_e,DGNSKm,DALAt2r
EX_tettet6_e,EX_atp_e,DGSNt,DALAxt
EX_thyox__L_e,EX_bhb_e,DGSNtm,DARGOp
EX_tststeroneglc_e,EX_bilirub_e,DGTPtn,DASCBR_1
F1PGT,EX_biocyt_e,DHAAt1r,DASPO1p
FACOAL140,EX_chol_e,DHCHOLESTANATEtm,DATPtn
FACOAL150,EX_cholate_e,DHCR241r,DCIm
FACOAL160,EX_chsterol_e,DHCR242r,DCK1m
FACOAL170,EX_co_e,DHCR243r,DCK1n
FACOAL180,EX_cspg_a_e,DHCR71r,DCK2n
FACOAL181,EX_cspg_b_e,DHCR72r,DCSPTN1CPT1
FACOAL1821,EX_cspg_c_e,DHCRD1,DCSPTN1CPT2
FACOAL1831,EX_cspg_d_e,DHCRD2,DCSPTN1CRNt
FACOAL191,EX_cspg_e_e,DHDPBMTm,DCSPTN1t
FACOAL204,EX_cyan_e,DHEASt,DCT
FACOAL206,EX_dcsptn1_e,DHEASULT,DCTPtn
FACOAL226,EX_debrisoquine_e,DHEAtr,DCYTD
FACOAL244_1,EX_dhf_e,DHFtl,DCYTDn
FACOAL245_2,EX_digalsgalside_hs_e,DHFtm,DCYTt
FACOAL40im,EX_dmhptcrn_e,DHORD9,DDPGAm
FACOAL80,EX_dopasf_e,DHPM1,DEBRISOQUINEt
FADH2tx,EX_ebastine_e,DIGALSGALSIDEtg,DECDPtm
FADtx,EX_ebastineoh_e,DIGALSIDEtg,DESAT16_2
FAEL183,EX_estradiol_e,DIGALSIDEtl,DESAT18_10
FAEL184,EX_fuc13galacglcgal14acglcgalgluside_hs_e,DINt,DESAT18_3
FAEL204,EX_fuc14galacglcgalgluside_hs_e,D_LACt2,DESAT18_11
FAEL205,EX_fucacgalfucgalacglcgalgluside_hs_e,D_LACtm,DESAT18_5
FAH3_1,EX_fucacngal14acglcgalgluside_hs_e,DLNLCGCPT1,DESAT18_6
FALDH,EX_fucacngalacglcgalgluside_hs_e,DLNLCGCPT2,DESAT18_12
FAOXC1811602m_1,EX_fucfuc12gal14acglcgalgluside_hs_e,DLNLCGCRNt,DESAT18_8
FAOXC204184m,EX_fucfuc132galacglcgal14acglcgalgluside_hs_e,DLNLCGt,DESAT18_9
FAOXC2051843x,EX_fucfucfucgalacglc13galacglcgal14acglcgalgluside_hs_e,DM_Asn_X_Ser_Thr_l,DESAT20_1
FAOXC2242046x,EX_fucfucfucgalacglcgal14acglcgalgluside_hs_e,DM_datp_m,DESAT20_2
FAOXC2252053m,EX_fucgal14acglcgalgluside_hs_e,DM_dctp_m,DESAT24_1
FAOXC226205x,EX_fuc__L_e,DM_dem2emgacpail_prot_hs_r,DGAT
FAOXC246226x,EX_galgalfucfucgalacglcgalacglcgal14acglcgalgluside_hs_e,DM_dgpi_prot_hs_r,DGCHOLtx
FAS100COA,EX_gd1c_hs_e,DM_dsT_antigen_g,DGK2m
FAS120COA,EX_gluala_e,DM_dttp_m,DGNSKm
FATP1t,EX_glyc__S_e,DM_ethamp_r,DGSNt
FATP2t,EX_glygn2_e,DM_gncore2_g,DGSNtm
FATP9t,EX_glygn4_e,DM_gpi_sig_r,DGTPtn
FBA4,EX_gp1calpha_hs_e,DM_kdn_c,DHAAt1r
FBP26,EX_gq1balpha_hs_e,DM_mem2emgacpail_prot_hs_r,DHCHOLESTANATEtm
FCLTm,EX_gsn_e,DM_Ser_Thr_l,DHCR242r
FCOAH2,EX_gthox_e,DM_Ser_Gly_Ala_X_Gly_l,DHCR71r
FDH,EX_gtp_e,DM_sprm_c,DHCR72r
FE3R2e_1,EX_ha_e,DM_sTn_antigen_g,DHCRD1
FK,EX_hom__L_e,SK_T_antigen_g,DHCRD2
FORMCOAtx,EX_i_e,DMATTx,DHDPBMTm
FORtm,EX_idp_e,DMHPTCRNCPT2,DHEASt
FORtr,EX_ksi_e,DMHPTCRNt,DHEAStr
FPGS4_1,EX_ksi_deg1_e,DMHPTCRNte,DHEASULT
FPGS5,EX_ksii_core2_e,C110CPT2m,DHFtl
FPGS6,EX_ksii_core4_e,DMNONCRNt,DHORD9
FPGS8,EX_lac__D_e,DNADtn,DHPM1
FPGS9,EX_cysi__L_e,DNDPt10m,DHPM2
FRDPtr,EX_leuktrA4_e,DNDPt11m,DIDPtn
FTHFDH,EX_leuktrC4_e,DNDPt12m,DIGALSGALSIDEtg
FTHFLmi,EX_leuktrD4_e,DNDPt13m,DIGALSIDEtg
FUC13GALACGLCGAL14ACGLCGALGLUSIDEte,EX_lipoate_e,DNDPt14m,DIGALSIDEtl
FUC13GALACGLCGAL14ACGLCGALGLUSIDEtg,EX_lpchol_hs_e,DNDPt15m,DINt
FUCACNGAL14ACGLCGALGLUSIDEte,EX_mercplaccys_e,DNDPt16m,DITPtn
FUCACNGAL14ACGLCGALGLUSIDEtg,EX_n2m2nmasn_e,DNDPt17m,DKMPPD
FUCACNGALACGLCGALGLUSIDEte,EX_nad_e,DNDPt18m,D_LACt2
FUCACNGALACGLCGALGLUSIDEtg,EX_nadp_e,DNDPt19m,D_LACtm
FUCASE2e,EX_ncam_e,DNDPt1m,DLNLCGCPT1
FUCASE2ly,EX_no_e,DNDPt20m,DLNLCGCPT2
FUCASEe,EX_nrpphrsf_e,DNDPt21m,DLNLCGCRNt
FUCFUC132GALACGLCGAL14ACGLCGALGLUSIDEte,EX_o2s_e,DNDPt23m,DLNLCGt
FUCFUC132GALACGLCGAL14ACGLCGALGLUSIDEtg,EX_oagd3_hs_e,DNDPt24m,DM_13_cis_oretn_n
FUCFUCFUCGALACGLC13GALACGLCGAL14ACGLCGALGLUSIDEte,EX_oagt3_hs_e,DNDPt25m,DM_13_cis_retn_n
FUCFUCFUCGALACGLC13GALACGLCGAL14ACGLCGALGLUSIDEtg,EX_octa_e,DNDPt28m,DM_Asn_X_Ser_Thr_l
FUCFUCFUCGALACGLCGAL14ACGLCGALGLUSIDEte,EX_oxa_e,DNDPt2m,DM_avite2_c
FUCFUCFUCGALACGLCGAL14ACGLCGALGLUSIDEtg,EX_pe_hs_e,DNDPt30m,DM_bvite_c
FUCGAL14ACGLCGALGLUSIDEte,EX_peplys_e,DNDPt31m,DM_core5_g
FUCGAL14ACGLCGALGLUSIDEtg,EX_pglyc_hs_e,DNDPt32m,DM_core7_g
FUCtly,EX_phyt_e,DNDPt37m,DM_core8_g
FUMAC,EX_prostge1_e,DNDPt38m,DM_datp_m
FUMm,EX_prostge2_e,DNDPt39m,DM_datp_n
FUT16g,EX_ps_hs_e,DNDPt3m,DM_dctp_m
FUT32g,EX_ptdca_e,DNDPt40m,DM_dctp_n
FUT910g,EX_retnglc_e,DNDPt41m,DM_dem2emgacpail_prot_hs_r
FUT911g,EX_Rtotal_e,DNDPt42m,DM_dgpi_prot_hs_r
FUT91g,EX_s2l2fn2m2masn_e,DNDPt43m,DM_dgtp_m
FUT92g,EX_s2l2n2m2masn_e,DNDPt44m,DM_dgtp_n
FUT94g,EX_sl__L_e,DNDPt45m,DM_dsT_antigen_g
FUT95g,EX_spc_hs_e,DNDPt46m,DM_dttp_m
FUT96g,EX_sphs1p_e,DNDPt47m,DM_dttp_n
FUT97g,EX_strch1_e,DNDPt48m,DM_ethamp_r
FUT98g,EX_strch2_e,DNDPt49m,DM_gncore2_g
FUT99g,EX_tag__D_e,DNDPt4m,DM_gpi_sig_r
G14T18g,EX_tcynt_e,DNDPt50m,DM_hretn_n
G14T19g,EX_tethex3_e,DNDPt51m,DM_kdn_c
G14T20g,EX_tetpent3_e,DNDPt52m,DM_m3gacpail_prot_hs_r
G14T21g,EX_tetpent6_e,DNDPt53m,DM_melanin_c
G14T2g,EX_thyox__L_e,DNDPt54m,DM_mem2emgacpail_prot_hs_r
G14T3g,EX_triodthy_e,DNDPt55m,DM_n5m2masn_g
G14T4g,EX_tststerone_e,DNDPt56m,DM_oretn_n
G14T5g,EX_tststerones_e,DNDPt57m,DM_Ser_Thr_l
G3PD2m,EX_tsul_e,DNDPt58m,DM_Ser_Gly_Ala_X_Gly_l
G5SADrm,EX_tymsf_e,DNDPt59m,DM_sprm_c
G5SDym,EX_utp_e,DNDPt5m,DM_sTn_antigen_g
G6PDH2er,EX_whtststerone_e,DNDPt60m,SK_T_antigen_g
G6Pter,EX_xolest_hs_e,DNDPt61m,DM_yvite_c
GABAVESSEC_1,EX_xoltri25_e,DNDPt62m,DMANTIPYRINEte
GACMTRc,EX_xoltri27_e,DNDPt63m,DMATTx
GACPAILter,F1PGT,DNDPt6m,DMGDHm
GAL3ST12,FACOAL140,DNDPt7m,DMGtm
GALASE10ly,FACOAL150,DOLGLCP_Lter,DMNONCOACRNCPT1
GALASE11ly,FACOAL160,DOLGPP_Ler,C110CPT2m
GALASE12ly,FACOAL170,DOLICHOL_Lter,DNDPt30m
GALASE13ly,FACOAL180,DOLICHOL_Uter,DNDPt38m
GALASE14ly,FACOAL1812_1,DOLK_L,DOLGLCP_Lter
GALASE15ly,FACOAL1813,DOLK_U,DOLGPP_Ler
GALASE16ly,FACOAL181,DOLMANP_Uter,DOLICHOL_Lter
GALASE17ly,FACOAL1821,DOLPH_Ler,DOLICHOL_Uter
GALASE18ly,FACOAL1822,DOLPH_Uer,DOLK_U
GALASE19ly,FACOAL1831,DOLPMT_U,DOLMANP_Uter
GALASE1ly,FACOAL1832,DOLP_Uter,DOLPH_Ler
GALASE20ly,FACOAL184,DOPABMO_1,DOLPH_Uer
GALASE3ly,FACOAL191,DOPAMT,DOLPMT_U
GALASE4ly,FACOAL200,DOPASFt,DOPABMO_1
GALASE5ly,FACOAL203,DOPASULT,DOPACHRMISO
GALASE6ly,FACOAL204,DOPAtu,DOPAQNISO1
GALASE7ly,FACOAL2042,DOPAVESSEC_1,DOPASFt
GALASE8ly,FACOAL205,DORNOp,DOPASULT
GALASE9ly,FACOAL206,DPCOAtl,DOPAt4_2_r
GALC,FACOAL224,DPGase,DOPAtu
GALGT1,FACOAL2251,DPGM,DOPAVESSEC_1
GALGT3,FACOAL2252,DPHMBDCm,DORNOp
GALGT4,FACOAL226,DPMVDx,DPCOAtl
GALNACT1g,FACOAL240_1,DPPS,DPGase
GALNACT2g,FACOAL241,DRPA,DPGM
GALNACT3g,FACOAL244_1,DSAT,DPHMBDCm
GALNACT4g,FACOAL245_1,DTTPtn,DPMVDx
GALNACT5g,FACOAL245_2,DUDPtn,DPPS
GALNTg,FACOAL246_1,DUMPtn,DRPA
GALSIDEtl,FACOAL260,DURAD,DTDPtn
GALt1r,FACOAL80,DURAD2,DUDPtn
GALT2g,FADDP,DURIK1,DURAD
GALTg,FADH2tru,DURIK1m,DURAD2
GALtly,FADtru,DURIt,DURIK1
GAMt1r,FAEL183,DUTPDPm,DURIt
GAO2,FAEL184,DUTPDPn,DURItn
GARFT,FAEL204,EBASTINEOHte,EAFLATOXINte
GASNASE2ly,FAEL205,EBASTINEOHtr,EBASTINEOHte
GASNASE3ly,FAH3_1,EBASTINEte,EBASTINEOHtr
GASNASEly,FALDH,EBASTINEtr,EBASTINEte
GBA,FAOXC11,EBP1r,EBASTINEtr
GBAl,FAOXC140,EBP2r,EBP1r
GCALDDm,FAOXC150m,ECOAH12m,EBP2r
GCC2cm,FAOXC160,ECOAH1m,ECOAH12m
GCHOLAt,FAOXC16080m,ECOAH1x,ECOAH1x
GD1Cte,FAOXC161802m,ECOAH9m,ECOAH9m
GD1Ctg,FAOXC16180m,EHGLAT2m,EHGLAT2m
GDPFUCtg,FAOXC170m,EHGLATm,EHGLATm
GDPtg,FAOXC180,EICOSTETCPT1,EICOSTETCPT1
GFUCS,FAOXC1811601m,EICOSTETCPT2,EICOSTETCPT2
GGH_10FTHF5GLUe,FAOXC1811602m_1,EICOSTETCRNt,EICOSTETCRNt
GGH_10FTHF5GLUl,FAOXC1811603m,EICOSTETt,ELAIDCPT1
GGH_10FTHF6GLUe,FAOXC182806m,ELAIDCPT1,ELAIDCPT2
GGH_10FTHF6GLUl,FAOXC18280m,ELAIDCPT2,ELAIDCRNt
GGH_10FTHF7GLUe,FAOXC183803m,ELAIDCRNt,ELAIDt
GGH_10FTHF7GLUl,FAOXC183806m,ELAIDt,ENGASE2ly
GGH_5DHFe,FAOXC18480m,ENGASE2ly,ENGASE3ly
GGH_5DHFl,FAOXC200180m,ENGASE3ly,ENGASEly
GGH_5THFe,FAOXC2031836m,ENGASEly,ESTRADIOLGLCt
GGH_5THFl,FAOXC204,ESTRADIOLGLCt,ESTRADIOLGLCt2
GGH_6DHFe,FAOXC204184m,ESTRADIOLGLCt2,ESTRADIOLGLCtr
GGH_6DHFl,FAOXC2051843m,ESTRADIOLt,ESTRADIOLtr
GGH_6THFe,FAOXC2242046m,ESTRADIOLtr,ESTRIOLGLCte
GGH_6THFl,FAOXC2251836m,ESTRIOLGLCte,ESTRIOLGLCtr
GGH_7DHFe,FAOXC2252053m,ESTRIOLGLCtr,ESTRONEGLCt
GGH_7DHFl,FAOXC226,ESTRIOLtr,ESTRONEGLCtr
GGH_7THFe,FAOXC226205m,ESTRONESt,ESTRONESt
GGH_7THFl,FAOXC80,ESTRONEtr,ESTRONESt2
GGLUCT,FAS100COA,ESTSULT,ESTSULT
GGNG,FAS120COA,ETF,ETF
GHMT2rm,FAS140COA,ETFQO,ETFQO
GHMT3,FAS160COA,ETHAK,ETHAK
GLACO,FAS180COA,ETHP,ETHP
GLACter,FAS80COA_L,ETOHMO,ETOHMO
GLB1,FATP1t,ETOHtx,EX_10fthf_e
GLBRAN,FATP8t,EX_10fthf_e,EX_10fthf5glu_e
GLCAASE1ly,FBA4,EX_10fthf5glu_e,EX_10fthf6glu_e
GLCAASE4ly,FBA5,EX_10fthf6glu_e,EX_10fthf7glu_e
GLCAASE5ly,FBP26,EX_10fthf7glu_e,EX_11_cis_retfa_e
GLCAASE6ly,FCLTm,EX_1glyc_hs_e,EX_13_cis_retnglc_e
GLCAASE7ly,FCOAH2,EX_24nph_e,EX_1glyc_hs_e
GLCAASE8ly,FDH,EX_2hb_e,EX_2425dhvitd2_e
GLCAASE9ly,FE3R2e_1,EX_34dhphe_e,EX_2425dhvitd3_e
GLCAE1g,FK,EX_35cgmp_e,EX_24nph_e
GLCAE2g,FOLt2_1,EX_3aib_e,EX_25hvitd2_e
GLCAT2g,FORMCOAtx,EX_3mlda_e,EX_25hvitd3_e
GLCAT3g,FORtm,EX_4hdebrisoquine_e,EX_2hb_e
GLCAT4g,FORtr,EX_4hphac_e,EX_2mcit_e
GLCAT5g,FPGS2,EX_4mptnl_e,EX_34dhoxpeg_e
GLCAT6g,FPGS2m,EX_4nph_e,EX_34dhphe_e
GLCAT7g,FPGS3,EX_4nphsf_e,EX_35cgmp_e
GLCAT8g,FPGS3m,EX_4pyrdx_e,EX_3aib_e
GLCAT9g,FPGS4_1,EX_5adtststerone_e,EX_3aib__D_e
GLCATg,FPGS4m_1,EX_5adtststeroneglc_e,EX_3mlda_e
GLCMter,FPGS5,EX_5adtststerones_e,EX_4hdebrisoquine_e
GLCNACASE1ly,FPGS5m,EX_5dhf_e,EX_4hphac_e
GLCNACASE2ly,FPGS6,EX_5fthf_e,EX_4mptnl_e
GLCNACASE3ly,FPGS6m,EX_5htrp_e,EX_4mtolbutamide_e
GLCNACASE4ly,FPGS7m_1,EX_5mthf_e,EX_4nph_e
GLCNACASE5ly,FPGS8,EX_5thf_e,EX_4nphsf_e
GLCNACDASg,FPGS8m,EX_6dhf_e,EX_4pyrdx_e
GLCNACT1g,FPGS9,EX_6thf_e,EX_5adtststerone_e
GLCNACT2g,FPGS9m,EX_7dhf_e,EX_5adtststeroneglc_e
GLCNACT3g,FPGSm_1,EX_7thf_e,EX_5adtststerones_e
GLCNACT4g,FRDPtr,EX_acetone_e,EX_5dhf_e
GLCNACT5g,FTHFDH,EX_ach_e,EX_5fthf_e
GLCt1,FTHFLmi,EX_acn13acngalgbside_hs_e,EX_5homeprazole_e
GLCtg,FUC13GALACGLCGAL14ACGLCGALGLUSIDEte,EX_acn23acngalgbside_hs_e,EX_5htrp_e
GLCtly,FUC13GALACGLCGAL14ACGLCGALGLUSIDEtg,EX_acnacngal14acglcgalgluside_hs_e,EX_5mthf_e
GLCURter,FUC14GALACGLCGALGLUSIDEte,EX_acnacngalgbside_hs_e,EX_5thf_e
GLCURtly,FUC14GALACGLCGALGLUSIDEtg,EX_acngalacglcgal14acglcgalgluside_hs_e,EX_6dhf_e
GLDBRAN,FUCACGALFUCGALACGLCGALGLUSIDEte,EX_adp_e,EX_6htststerone_e
GLGNS1,FUCACNGAL14ACGLCGALGLUSIDEte,EX_adprbp_e,EX_6thf_e
GLPASE1,FUCACNGAL14ACGLCGALGLUSIDEtg,EX_adrn_e,EX_7dhf_e
GLPASE2,FUCACNGALACGLCGALGLUSIDEte,EX_adrnl_e,EX_7thf_e
GLU5Km,FUCACNGALACGLCGALGLUSIDEtg,EX_ahandrostanglc_e,EX_9_cis_retfa_e
GLUCYS,FUCASE2e,EX_ak2lgchol_hs_e,EX_abt_e
GLUDC,FUCASE2ly,EX_ala_B_e,EX_acetone_e
GDHm,FUCASEe,EX_amp_e,EX_acgalfucgalacgalfuc12gal14acglcgalgluside_hs_e
GLUDym,FUCASEly,EX_andrstrn_e,EX_acgalfucgalacgalfucgalacglcgal14acglcgalgluside_hs_e
GLUNm,FUCFUC12GAL14ACGLCGALGLUSIDEte,EX_andrstrnglc_e,EX_ach_e
GLUt2m,FUCFUC12GAL14ACGLCGALGLUSIDEtg,EX_aprgstrn_e,EX_acn13acngalgbside_hs_e
GLUt6,FUCFUC132GALACGLCGAL14ACGLCGALGLUSIDEte,EX_aqcobal_e,EX_acn23acngalgbside_hs_e
GLUt7l,FUCFUC132GALACGLCGAL14ACGLCGALGLUSIDEtg,EX_arach_e,EX_acnacngal14acglcgalgluside_hs_e
GLUVESSEC,FUCFUCFUCGALACGLC13GALACGLCGAL14ACGLCGALGLUSIDEte,EX_arachd_e,EX_acnacngalgbside_hs_e
GLYAMDTRc,FUCFUCFUCGALACGLC13GALACGLCGAL14ACGLCGALGLUSIDEtg,EX_ascb__L_e,EX_acngalacglcgal14acglcgalgluside_hs_e
GLYCLTDy,FUCFUCFUCGALACGLCGAL14ACGLCGALGLUSIDEte,EX_asp__D_e,EX_adp_e
GLYCLTDym,FUCFUCFUCGALACGLCGAL14ACGLCGALGLUSIDEtg,EX_atp_e,EX_adprbp_e
GLYC_St,FUCGAL14ACGLCGALGLUSIDEte,EX_bhb_e,EX_adrn_e
GLYOXm,FUCGAL14ACGLCGALGLUSIDEtg,EX_bilglcur_e,EX_adrnl_e
GLYt4,FUCtly,EX_bilirub_e,EX_aflatoxin_e
GLYt7_211_r,FUMAC,EX_biocyt_e,EX_ahandrostanglc_e
GLYtp,FUMm,EX_camp_e,EX_ak2lgchol_hs_e
GLYVESSEC_1,FUMSO3tm,EX_chol_e,EX_ala_B_e
GMPtg,FUMSO4tm,EX_cholate_e,EX_ala__D_e
GMPtn,FUMtm,EX_chsterol_e,EX_aldstrn_e
GNDer,FUMTSULtm,EX_chtn_e,EX_amp_e
GP1CALPHAte,FUT14g,EX_clpnd_e,EX_andrstrn_e
GP1CALPHAtg,FUT16g,EX_cmp_e,EX_andrstrnglc_e
GPAM_hs_1,FUT18g,EX_co_e,EX_antipyrene_e
GPIAT,FUT32g,EX_creat_e,EX_apnnox_e
GPIDA2er,FUT910g,EX_crn_e,EX_appnn_e
GPIDAer,FUT911g,EX_crvnc_e,EX_aprgstrn_e
GPIMTer_U,FUT91g,EX_cspg_a_e,EX_aqcobal_e
GQ1Btg,FUT92g,EX_cspg_b_e,EX_arach_e
GRTTx,FUT93g,EX_cspg_c_e,EX_arachd_e
GSNt,FUT94g,EX_cspg_d_e,EX_ascb__L_e
GSNtl,FUT95g,EX_cspg_e_e,EX_asp__D_e
GT1Atg,FUT96g,EX_cyan_e,EX_atp_e
GTHOr,FUT97g,EX_dag_hs_e,EX_avite1_e
GTHOm,FUT98g,EX_dcsptn1_e,EX_avite2_e
GTHPi,FUT99g,EX_debrisoquine_e,EX_bhb_e
GTHPm,G14T18g,EX_dhdascb_e,EX_bildglcur_e
GTHS,G14T19g,EX_dheas_e,EX_bilglcur_e
GUACYC,G14T20g,EX_dhf_e,EX_bilirub_e
GUAD,G14T21g,EX_digalsgalside_hs_e,EX_biocyt_e
HCO3Em,G14T2g,EX_dlnlcg_e,EX_bvite_e
H2MTer_U,G14T3g,EX_dmhptcrn_e,EX_camp_e
H2Otg,G14T4g,EX_dopa_e,EX_caro_e
H2Otly,G14T5g,EX_dopasf_e,EX_carveol_e
H2Otn,G3PD2m,EX_ebastine_e,EX_chol_e
H3MTer_U,G5SDym,EX_ebastineoh_e,EX_cholate_e
H4ET3er,G6PDH1er,EX_eicostet_e,EX_chsterol_e
H7_ETer,G6PDH2er,EX_elaid_e,EX_chtn_e
H7_TAer,G6PPer,EX_estradiol_e,EX_clpnd_e
H8TAer,G6Pter,EX_estriolglc_e,EX_cmp_e
HACD1m,GACMTRc,EX_estrones_e,EX_co_e
HACD1x,GACPAILter,EX_fuc13galacglcgal14acglcgalgluside_hs_e,EX_coumarin_e
HACD9m,GAL3ST11,EX_fuc14galacglcgalgluside_hs_e,EX_creat_e
HAS1,GAL3ST12,EX_fucacngal14acglcgalgluside_hs_e,EX_crmp_hs_e
HAS2,GALASE10ly,EX_fucacngalacglcgalgluside_hs_e,EX_crn_e
HAtly,GALASE11ly,EX_fucfuc12gal14acglcgalgluside_hs_e,EX_crtsl_e
HBZOPT10m,GALASE12ly,EX_fucfuc132galacglcgal14acglcgalgluside_hs_e,EX_crtstrn_e
HCO3_CLt,GALASE13ly,EX_fucfucfucgalacglc13galacglcgal14acglcgalgluside_hs_e,EX_crvnc_e
HEX10,GALASE14ly,EX_fucfucfucgalacglcgal14acglcgalgluside_hs_e,EX_cspg_a_e
HEX4,GALASE15ly,EX_fucgal14acglcgalgluside_hs_e,EX_cspg_b_e
HEXCCOAtx,GALASE16ly,EX_fucgalfucgalacglcgalgluside_hs_e,EX_cspg_c_e
HGNTOR,GALASE17ly,EX_fucgalgbside_hs_e,EX_cspg_d_e
HIBDm,GALASE18ly,EX_fuc__L_e,EX_cspg_e_e
HISDC,GALASE19ly,EX_galgalfucfucgalacglcgalacglcgal14acglcgalgluside_hs_e,EX_cyan_e
HISt4,GALASE1ly,EX_gbside_hs_e,EX_dag_hs_e
HISTAtu,GALASE20ly,EX_gd1b2_hs_e,EX_dcsptn1_e
HMGCOAS,GALASE3ly,EX_gd1c_hs_e,EX_debrisoquine_e
HMGCOASm,GALASE4ly,EX_gdp_e,EX_dgchol_e
HMGLm,GALASE5ly,EX_gluala_e,EX_dhdascb_e
HOMt4,GALASE6ly,EX_glyc__S_e,EX_dheas_e
HOXG,GALASE7ly,EX_glygn2_e,EX_dhf_e
HPACtr,GALASE8ly,EX_glygn4_e,EX_digalsgalside_hs_e
HPCLx_1,GALASE9ly,EX_gmp_e,EX_dlnlcg_e
HPDCACRNCPT1,GALC,EX_gp1c_hs_e,EX_dmantipyrine_e
HPDCACRNCPT2,GALGALFUCFUCGALACGLCGALACGLCGAL14ACGLCGALGLUSIDEte,EX_gp1calpha_hs_e,EX_dmhptcrn_e
HPDCACRNt,GALGALFUCFUCGALACGLCGALACGLCGAL14ACGLCGALGLUSIDEtg,EX_gq1b_hs_e,EX_dopa_e
HPYRDCm,GALGLUSIDEtl,EX_gq1balpha_hs_e,EX_dopasf_e
HPYRR2x_1,GALGT1,EX_gsn_e,EX_eaflatoxin_e
HPYRRy,GALGT2,EX_gt1a_hs_e,EX_ebastine_e
HS1ly,GALGT3,EX_gthox_e,EX_ebastineoh_e
HS2ly,GALGT4,EX_gthrd_e,EX_eicostet_e
HS3ly,GALNACT1g,EX_gtp_e,EX_elaid_e
HS4ly,GALNACT2g,EX_h2o2_e,EX_estradiol_e
HSAT1ly,GALNACT3g,EX_ha_e,EX_estradiolglc_e
HSAT2ly,GALNACT4g,EX_hco3_e,EX_estriolglc_e
HSAT3ly,GALNACT5g,EX_hdca_e,EX_estroneglc_e
HSAT4ly,GALNTg,EX_hdcea_e,EX_estrones_e
HSD17B2r,GALSIDEtg,EX_hestratriol_e,EX_fuc13galacglcgal14acglcgalgluside_hs_e
HSD17B42x_1,GALt1r,EX_hexc_e,EX_fuc14galacglcgalgluside_hs_e
HSD17B4x,GALT2g,EX_hista_e,EX_fucacgalfucgalacglcgalgluside_hs_e
HSD3A2r,GALTg,EX_hom__L_e,EX_fucacngal14acglcgalgluside_hs_e
HSPASEly,GALtly,EX_hpdca_e,EX_fucacngalacglcgalgluside_hs_e
HSPGt,GAMt1r,EX_hspg_e,EX_fucfuc12gal14acglcgalgluside_hs_e
HSPGtly,GAO1,EX_idp_e,EX_fucfuc132galacglcgal14acglcgalgluside_hs_e
Htg,GAO1g,EX_imp_e,EX_fucfucfucgalacglc13galacglcgal14acglcgalgluside_hs_e
ICDHym,GAO2,EX_inost_e,EX_fucfucfucgalacglcgal14acglcgalgluside_hs_e
IDOAASE1ly,GAO2g,EX_ksi_e,EX_fucfucgalacglcgalgluside_hs_e
IDOAASE2ly,GARFT,EX_ksi_deg1_e,EX_fucgal14acglcgalgluside_hs_e
IDOAASE3ly,GASNASE2ly,EX_ksii_core2_e,EX_fucgalfucgalacglcgalgluside_hs_e
IDOAASE4ly,GASNASE3ly,EX_ksii_core4_e,EX_fucgalgbside_hs_e
IDOURtly,GASNASEly,EX_lac__D_e,EX_fuc__L_e
INSt,GBGT1,EX_cysi__L_e,EX_galacglcgalgbside_hs_e
IPDDIx,GBSIDEtl,EX_leuktrA4_e,EX_galfuc12gal14acglcgalgluside_hs_e
IPDPtx,GCALDDm,EX_leuktrB4_e,EX_galfucgalacglcgal14acglcgalgluside_hs_e
KAS8,GCC2am,EX_leuktrC4_e,EX_galgalfucfucgalacglcgalacglcgal14acglcgalgluside_hs_e
KCCt,GCC2bim,EX_lgnc_e,EX_galgalgalthcrm_hs_e
KHK,GCC2cm,EX_lipoate_e,EX_gbside_hs_e
KHK2,GCCam,EX_lneldc_e,EX_gchola_e
KSII_CORE2t,GCCbim,EX_lnlc_e,EX_gd1b2_hs_e
KSII_CORE2tly,GCCcm,EX_lnlnca_e,EX_gd1c_hs_e
KSII_CORE4t,GCNTg,EX_lnlncg_e,EX_gdp_e
KSII_CORE4tly,GD1Cte,EX_lpchol_hs_e,EX_gluala_e
KSItly,GD1Ctg,EX_mag_hs_e,EX_glyc__S_e
LACZe,GDPFUCtg,EX_meoh_e,EX_glygn2_e
LALDO,GDPtg,EX_n2m2nmasn_e,EX_glygn4_e
LCADi_D,GGH_10FTHF5GLUe,EX_nad_e,EX_glygn5_e
LCADm,GGH_10FTHF5GLUl,EX_nadp_e,EX_gmp_e
LCAT1e,GGH_10FTHF6GLUe,EX_ncam_e,EX_gp1c_hs_e
LCTStg,GGH_10FTHF6GLUl,EX_no_e,EX_gp1calpha_hs_e
LCYSTCBOXL,GGH_10FTHF7GLUe,EX_nrpphr_e,EX_gq1b_hs_e
LDH_Lm,GGH_10FTHF7GLUl,EX_nrpphrsf_e,EX_gq1balpha_hs_e
LEUKTRC4t,GGH_5DHFe,EX_nrvnc_e,EX_gsn_e
LEUt4,GGH_5DHFl,EX_o2s_e,EX_gt1a_hs_e
LINKDEG1ly,GGH_5THFe,EX_oagd3_hs_e,EX_gthox_e
LINKDEG2ly,GGH_5THFl,EX_oagt3_hs_e,EX_gthrd_e
LINKDEG3ly,GGH_6DHFe,EX_ocdca_e,EX_gtp_e
LINKDEG4ly,GGH_6DHFl,EX_ocdcea_e,EX_h2o2_e
LIPOti_1,GGH_6THFe,EX_octa_e,EX_ha_e
L_LACtm,GGH_6THFl,EX_oxa_e,EX_ha_pre1_e
LNELDCCPT1,GGH_7DHFe,EX_paf_hs_e,EX_hco3_e
LNELDCCPT2,GGH_7DHFl,EX_pchol_hs_e,EX_hcoumarin_e
LNELDCCRNt,GGH_7THFe,EX_pe_hs_e,EX_hdca_e
LNLCCPT1,GGH_7THFl,EX_peplys_e,EX_hdcea_e
LNLCCPT2,GGLUCT,EX_pglyc_hs_e,EX_hestratriol_e
LNLCCRNt,GGNG,EX_phyt_e,EX_hexc_e
LNLNCACPT1,GGT_L,EX_prgstrn_e,EX_hista_e
LNLNCACPT2,GGT5r,EX_prostge1_e,EX_hom__L_e
LNLNCACRNt,GHMT2rm,EX_prostge2_e,EX_hpdca_e
LNLNCGCPT1,GHMT3,EX_prostgf2_e,EX_hspg_e
LNLNCGCPT2,GLACO,EX_ps_hs_e,EX_htaxol_e
LNLNCGCRNt,GLACter,EX_ptdca_e,EX_i_e
LNSTLSr,GLAl,EX_retinol_e,EX_idp_e
LPASE,GLB1,EX_retnglc_e,EX_imp_e
LPCHOLt,GLBRAN,EX_Rtotal_e,EX_inost_e
LPS,GLCAASE1ly,EX_Rtotal2_e,EX_ksi_e
LSTO1r,GLCAASE4ly,EX_s2l2fn2m2masn_e,EX_ksi_deg1_e
LSTO2r,GLCAASE5ly,EX_s2l2n2m2masn_e,EX_ksii_core2_e
LTDCL,GLCAASE6ly,EX_sl__L_e,EX_ksii_core4_e
LYSt4,GLCAASE7ly,EX_spc_hs_e,EX_lac__D_e
LYSt5r,GLCAASE8ly,EX_sph1p_e,EX_cysi__L_e
LYStm,GLCAASE9ly,EX_sphs1p_e,EX_leuktrA4_e
LYStn,GLCAE1g,EX_srtn_e,EX_leuktrB4_e
MACACI,GLCAE2g,EX_strch1_e,EX_leuktrC4_e
MALTly,GLCAT2g,EX_strch2_e,EX_leuktrD4_e
MALTSULtm,GLCAT3g,EX_strdnc_e,EX_leuktrE4_e
MANt1r,GLCAT4g,EX_tag__D_e,EX_leuktrF4_e
MANtly,GLCAT5g,EX_tcynt_e,EX_lgnc_e
MAOLNOR,GLCAT6g,EX_tethex3_e,EX_limnen_e
MAOX,GLCAT7g,EX_tetpent3_e,EX_lipoate_e
MCCCrm,GLCAT8g,EX_tetpent6_e,EX_lneldc_e
MCLACCYSR,GLCAT9g,EX_thf_e,EX_lnlc_e
MCLORi,GLCATg,EX_thmtp_e,EX_lnlnca_e
MDRPD,GLCNACASE1ly,EX_thym_e,EX_lnlncg_e
ME2,GLCNACASE2ly,EX_tststerone_e,EX_lpchol_hs_e
ME2m,GLCNACASE3ly,EX_tststeroneglc_e,EX_mag_hs_e
MERCPLACCYSt,GLCNACASE4ly,EX_tststerones_e,EX_meoh_e
METAT,GLCNACASE5ly,EX_tsul_e,EX_mercplaccys_e
METS,GLCNACDASg,EX_ttdca_e,EX_mthgxl_e
METt4,GLCNACT1g,EX_txa2_e,EX_n2m2nmasn_e
MEVK1x,GLCNACT2g,EX_tymsf_e,EX_nad_e
MGCHrm,GLCNACT3g,EX_udp_e,EX_nadp_e
MI1345PP,GLCNACT4g,EX_ump_e,EX_ncam_e
MI134PP,GLCNACT5g,EX_urate_e,EX_nifedipine_e
MI145PK,GLCt1,EX_utp_e,EX_no_e
MI145PP,GLCter,EX_vacc_e,EX_npthl_e
MI14PP,GLCtg,EX_whhdca_e,EX_nrpphr_e
MI1PS,GLCtly,EX_whtststerone_e,EX_nrpphrsf_e
MI34PP,GLCURtly,EX_xolest_hs_e,EX_nrvnc_e
MINOHPtn,GLDBRAN,EX_xolest2_hs_e,EX_o2s_e
MLTG1ly,GLGNS1,EX_xoltri24_e,EX_oagd3_hs_e
MMSAD3m,GLNtm,EX_xoltri25_e,EX_oagt3_hs_e
MTAP,GLNtN1,EX_xoltri27_e,EX_ocdca_e
MTHFCm,GLPASE1,F1Atg,EX_ocdcea_e
MTHFDm,GLPASE2,F1PGT,EX_octa_e
N2M2NMASNtly,GLU5Km,FACOAL140,EX_omeprazole_e
N3Tg,GLUCYS,FACOAL150,EX_onpthl_e
NABTNO,GLUDC,FACOAL160,EX_oxa_e
NACHEX10ly,GDHm,FACOAL170,EX_paf_hs_e
NACHEX11ly,GLUDym,FACOAL180,EX_pchol_hs_e
NACHEX12ly,GLUNm,FACOAL1812_1,EX_pe_hs_e
NACHEX13ly,GLUt2m,FACOAL1813,EX_peplys_e
NACHEX14ly,GLUt7l,FACOAL181,EX_perillyl_e
NACHEX15ly,GLUTCOADHm,FACOAL1821,EX_pglyc_hs_e
NACHEX16ly,GLUtr,FACOAL1822,EX_pheacgln_e
NACHEX17ly,GLYAMDTRc,FACOAL1831,EX_phllqne_e
NACHEX18ly,GLYATm,FACOAL1832,EX_phyt_e
NACHEX19ly,GLYCLTDy,FACOAL184,EX_prgstrn_e
NACHEX1ly,GLYC_St,FACOAL191,EX_prostgd2_e
NACHEX20ly,GLYCtm,FACOAL200,EX_prostge1_e
NACHEX21ly,GLYOXm,FACOAL203,EX_prostge2_e
NACHEX22ly,GLYt7_211_r,FACOAL204,EX_prostgf2_e
NACHEX23ly,GLYtp,FACOAL2042,EX_ps_hs_e
NACHEX24ly,GMPtg,FACOAL205,EX_ptdca_e
NACHEX25ly,GMPtn,FACOAL206,EX_rbt_e
NACHEX26ly,GNDer,FACOAL224,EX_retfa_e
NACHEX27ly,GP1CALPHAte,FACOAL2251,EX_retinol_e
NACHEX2ly,GP1CALPHAtg,FACOAL2252,EX_retinol_9_cis_e
NACHEX3ly,GPAM_hs_1,FACOAL226,EX_retinol_cis_11_e
NACHEX6ly,GPIAT,FACOAL240_1,EX_retn_e
NACHEX7ly,GPIDA2er,FACOAL241,EX_retnglc_e
NACHEX8ly,GPIDAer,FACOAL244_1,EX_Rtotal_e
NACHEX9ly,GPIMTer_U,FACOAL245_1,EX_Rtotal2_e
NACHEXA3ly,GQ1BALPHAte,FACOAL245_2,EX_Rtotal3_e
NACHEXA4ly,GQ1BALPHAtg,FACOAL246_1,EX_s2l2fn2m2masn_e
NAGA2ly,GQ1Btg,FACOAL260,EX_s2l2n2m2masn_e
NAGLCAly,GRTTx,FACOAL40im,EX_sarcs_e
NAIt,GSNt,FACOAL80,EX_sl__L_e
NaKt_1,GSNtl,FADDP,EX_spc_hs_e
NAt5,GT1Atg,FADH2tru,EX_sph1p_e
NCKt,GTHOr,FADH2tx,EX_sphs1p_e
NCNt,GTHOm,FADtru,EX_srtn_e
NDP10ex,GTHPi,FADtx,EX_strch1_e
NDP3ex,GTHPe,FAEL183,EX_strch2_e
NDP7er,GTHPm,FAEL184,EX_strdnc_e
NDP7ex,GTHRDtr,FAEL204,EX_tag_hs_e
NDP7g,GTHS,FAEL205,EX_tag__D_e
NDP8,GUACYC,FAH3_1,EX_taxol_e
NDP8ex,GUAD,FALDH,EX_tchola_e
NDPK10,HCO3Em,FAOXC11,EX_tcynt_e
NDPK10n,H2ETer,FAOXC140,EX_tdchola_e
NDPK3m,H2MTer_U,FAOXC150m,EX_tethex3_e
NH4tp,H2O2tly,FAOXC160,EX_tetpent3_e
NICRNS,H2O2tn,FAOXC16080m,EX_tetpent6_e
NOS1,H2O2tp,FAOXC16080x,EX_tettet6_e
NOS2_2,H2Oter,FAOXC161802m,EX_thf_e
NOt,H2Otg,FAOXC16180m,EX_thmmp_e
NTD12,H2Otly,FAOXC170m,EX_thmtp_e
NTD1m,H2Otn,FAOXC180,EX_thym_e
NTD2e,H3ETer,FAOXC180x,EX_thyox__L_e
NTD2l,H3MTer_U,FAOXC1811601m,EX_tmndnc_e
NTD4e,H4ET3er,FAOXC1811602m_1,EX_tolbutamide_e
NTD4l,H4ETer,FAOXC1811603m,EX_triodthy_e
NTD5l,H5MTer_U,FAOXC182806m,EX_triodthysuf_e
NTD7e,H6_ET2er,FAOXC18280m,EX_tststerone_e
NTD7l,H6ET3er,FAOXC183803m,EX_tststeroneglc_e
NTD9e,H6_ETer,FAOXC183806m,EX_tststerones_e
NTD9l,H6MTer_U,FAOXC183806x,EX_tsul_e
NTP3e,H7ET2er,FAOXC18480m,EX_ttdca_e
NTPP10,H7_ETer,FAOXC18480x,EX_txa2_e
NTPP9,H7MTer_U,FAOXC200180m,EX_tymsf_e
O2St,H7_TAer,FAOXC2031836m,EX_Tyr_ggn_e
O2Stm,H8TAer,FAOXC204,EX_udp_e
O2ter,HACD1m,FAOXC204184m,EX_ump_e
OAGT3te,HACD1x,FAOXC2051843m,EX_urate_e
OCBTm,HACD9m,FAOXC2051843x,EX_utp_e
OCOAT1m,HAtly,FAOXC2242046m,EX_vacc_e
OCTAt,HBZOPT10m,FAOXC2251836m,EX_vitd3_e
OIVD1m,HCO3_CLt,FAOXC2251836x,EX_whddca_e
OIVD3m,HDD2COAtx,FAOXC2252053m,EX_whhdca_e
OPAH,HEX10,FAOXC226,EX_whtststerone_e
ORNt3m,HEX4,FAOXC226205m,EX_whttdca_e
ORNt4m,HEXCCOAtx,FAOXC226205x,EX_xolest_hs_e
ORNTArm,HGNTOR,FAOXC80,EX_xolest2_hs_e
ORNt,HIBDm,FAS100COA,EX_xoltri24_e
ORPT,HISDC,FAS120COA,EX_xoltri25_e
P45017A1r,HISt4,FAS140COA,EX_xoltri27_e
P45017A2r,HISTASE,FAS160COA,EX_xylt_e
P45019A1r,HIStN1,FAS180COA,EX_yvite_e
P4508B11r,HMGCOAS,FAS80COA_L,F1Atg
P5CRm,HMGCOASm,FATP1t,F1PGT
PA_HStn,HMGLm,FATP2t,FACOAL140
PAFHe,HMGLx,FATP3t,FACOAL150
PAFS,HOXG,FATP4t,FACOAL160
PAN4PP,HPACtr,FATP5t,FACOAL170
PAPStg,HPCLx_1,FATP6t,FACOAL180
PAPtg,HPDCACRNCPT1,FATP7t,FACOAL1812_1
PCHOLP_hs,HPDCACRNCPT2,FATP8t,FACOAL1813
PCHOLPm_hs,HPDCACRNt,FATP9t,FACOAL181
PCm,HPYRDCm,FBA4,FACOAL1821
PCREATtmdiffir,HPYRR2x_1,FBA5,FACOAL1822
PCRNtm,HPYRRy,FBP26,FACOAL1831
PCt,HS1ly,FCLTm,FACOAL1832
PDE1,HS2ly,FCOAH2,FACOAL184
PDE4,HS3ly,FDH,FACOAL191
GCPNn,HS4ly,FE3R2e_1,FACOAL200
PE_HSter,HSAT1ly,FK,FACOAL203
PEAMNO,HSAT2ly,FKYNH,FACOAL204
PETHCT,HSAT3ly,FOLR2,FACOAL2042
PETOHMm_hs,HSAT4ly,FOLt2_1,FACOAL205
PFK26,HSD11B1r,FORMCOAtx,FACOAL206
PGCD,HSD17B1,FORtm,FACOAL224
PGDI,HSD17B42x_1,FORtr,FACOAL2251
PGDIr,HSD17B4x,FPGS2,FACOAL2252
PGESr,HSD17B7r,FPGS2m,FACOAL226
PGLer,HSD17B9r,FPGS3,FACOAL240_1
PGPP_hs,HSD3A2r,FPGS3m,FACOAL241
PGPPT,HSD3B3r,FPGS4_1,FACOAL244_1
PGS,HSPASEly,FPGS4m_1,FACOAL245_1
PGSr,HSPGt,FPGS5,FACOAL245_2
PHEMEtm,HSPGtly,FPGS5m,FACOAL246_1
PHEt4,Htg,FPGS6,FACOAL260
PHETHPTOX2,HYPTROX_cho,FPGS6m,FACOAL40im
PHYCBOXL,ICDHxm,FPGS7m_1,FACOAL80
PHYHx,ICDHyr,FPGS8,FADDP
PHYTt,ICDHyp,FPGS8m,FADH2tru
PI345P5P,ICDHym,FPGS9,FADtru
PI34P5K,IDOAASE1ly,FPGS9m,FAEL183
PI3P4K,IDOAASE2ly,FPGSm_1,FAEL184
PI3P5K,IDOAASE3ly,FRDPtc,FAEL204
PI45P3K,IDOAASE4ly,FRUt1r,FAEL205
PI45P5P,IDOURtly,FTHFDH,FAH1
PI45PLC,IDPtn,FTHFLmi,FAH2
PI4P5K,ILEtmi,FUC13GALACGLCGAL14ACGLCGALGLUSIDEte,FAH3_1
PI4PLC,ILETAm,FUC13GALACGLCGAL14ACGLCGALGLUSIDEtg,FALDH
PI5P4K,ILEtec,FUC14GALACGLCGALGLUSIDEte,FALDtly
PIK4,INSt,FUC14GALACGLCGALGLUSIDEtg,FALDtm
PIK5,INSTt2,FUCACNGAL14ACGLCGALGLUSIDEte,FAOXC140
PIPLC,INSTt4,FUCACNGAL14ACGLCGALGLUSIDEtg,FAOXC150m
PIter,IPDDIx,FUCACNGALACGLCGALGLUSIDEte,FAOXC160
PItg,IPDPtx,FUCACNGALACGLCGALGLUSIDEtg,FAOXC16080m
PItn,ITCOAL1m,FUCASE2e,FAOXC161802m
PItx,ITCOALm,FUCASE2ly,FAOXC16180m
PLA2_2,ITPtn,FUCASEe,FAOXC180
PLA2_2e,KAS8,FUCASEly,FAOXC1811601m
PMEVKx,KCC2t,FUCFUC12GAL14ACGLCGALGLUSIDEte,FAOXC1811602m_1
PMI12346PHn,KCCt,FUCFUC12GAL14ACGLCGALGLUSIDEtg,FAOXC1811603m
PNTOt5_1,KDNH,FUCFUC132GALACGLCGAL14ACGLCGALGLUSIDEte,FAOXC182806m
PPA2,KHK,FUCFUC132GALACGLCGAL14ACGLCGALGLUSIDEtg,FAOXC18280m
PPAer,KHK2,FUCFUCFUCGALACGLC13GALACGLCGAL14ACGLCGALGLUSIDEte,FAOXC183803m
PPAm,KHK3,FUCFUCFUCGALACGLC13GALACGLCGAL14ACGLCGALGLUSIDEtg,FAOXC183806m
PPAn,KSII_CORE2t,FUCFUCFUCGALACGLCGAL14ACGLCGALGLUSIDEte,FAOXC18480m
PPDOy,KSII_CORE2tly,FUCFUCFUCGALACGLCGAL14ACGLCGALGLUSIDEtg,FAOXC200180m
PPMI12346Ptn,KSII_CORE4t,FUCGAL14ACGLCGALGLUSIDEte,FAOXC2031836m
PPOR,KSII_CORE4tly,FUCGAL14ACGLCGALGLUSIDEtg,FAOXC204
PPPG9tm,KSItly,FUCGALFUCGALACGLCGALGLUSIDEte,FAOXC204184m
PPPGOm,LACZe,FUCGALGBSIDEte,FAOXC2051843m
PRAGSr,LALDO,FUCGALGBSIDEtg,FAOXC2242046m
PRASCSi,LAPCOAl,FUCtly,FAOXC2251836m
PRGNLONEtm,LCADi_D,FUMAC,FAOXC2252053m
PRGNLONEtr,LCADm,FUMm,FAOXC226
PRISTANALtx,LCAT1e,FUMSO3tm,FAOXC226205m
PROD2m,LCTStg,FUMSO4tm,FAOXC80
PRODt2r,LCYSTAT,FUMtm,FATP1t
PROSTGE1t3,LCYSTCBOXL,FUMTSULtm,FATP4t
PROt4,LDH_Lm,FUT11g,FATP5t
PSDm_hs,LEUKTRA4tr,FUT14g,FATP6t
PSFLIPm,LEUKTRB4tr,FUT16g,FATP7t
PSSA2_hs,LEUKTRC4t,FUT18g,FATP8t
PTDCACRNt,LEUKTRD4tr,FUT32g,FATP9t
PTE2x,LEUt5m,FUT910g,FBA4
PTE3x,LEUTAm,FUT911g,FBA5
PTHPS,LEUtec,FUT91g,FBP26
PTRCAT1,LGNCt,FUT92g,FCLTm
PYNP2r,LINKDEG1ly,FUT93g,FCOAH2
PYRt2m,LINKDEG2ly,FUT94g,FE2t
PYRt2p,LINKDEG3ly,FUT95g,FE3R2e_1
RDH1,LINKDEG4ly,FUT96g,FK
RDH1a,L_LACDcm,FUT97g,FKYNH
RDH2,LNELDCCPT1,FUT98g,FOLR2
RDH2a,LNELDCCPT2,FUT99g,FOLt2_1
RDH3,LNELDCCRNt,G14T18g,FORMCOAtx
RDH3a,LNLCCPT1,G14T19g,FORtm
RETNGLCt2,LNLCCPT2,G14T20g,FORtr
RETNGLCt2r,LNLCCRNt,G14T21g,FPGS2
RTOTAL3CRNCPT1,LNLNCACPT1,G14T2g,FPGS2m
RTOTAL3CRNCPT2,LNLNCACPT2,G14T3g,FPGS3
RTOTAL3CRNt,LNLNCACRNt,G14T4g,FPGS3m
Rtotaltl,LNLNCGCPT1,G14T5g,FPGS4_1
S23T2g,LNLNCGCPT2,G3PD2m,FPGS4m_1
S23T4g,LNLNCGCRNt,G5SADrm,FPGS5
S2L2N2M2MASNtly,LNS14DM,G5SDym,FPGS5m
S2T1g,LNSTLSr,G6PDH1er,FPGS6
S2T2g,LPASE,G6PDH2er,FPGS6m
S2T3g,LPS,G6PPer,FPGS7m_1
S2T4g,LPS2e,G6Pter,FPGS8
S2TASE1ly,LPS3,GABAVESSEC_1,FPGS8m
S2TASE2ly,LSTO1r,GACMTRc,FPGS9
S2TASE3ly,LSTO2r,GACPAILter,FPGS9m
S2TASE4ly,LTA4H,GAL3ST11,FPGSm_1
S2TASE5ly,LTC4Sr,GAL3ST12,FRDPtr
S3T1g,LTDCL,GALASE10ly,FRUt1r
S3T2g,LYSt5r,GALASE11ly,FTHFDH
S3T3g,LYStm,GALASE12ly,FTHFLmi
S3TASE1ly,LYStn,GALASE13ly,FUC13GALACGLCGAL14ACGLCGALGLUSIDEte
S3TASE2ly,M4BTAer,GALASE14ly,FUCACGALFUCGALACGLCGALGLUSIDEte
S3TASE3ly,M4CET3er,GALASE15ly,FUCACGALFUCGALACGLCGALGLUSIDEtg
S4T1g,MACACI,GALASE16ly,FUCACNGAL14ACGLCGALGLUSIDEte
S4T2g,MACOXO,GALASE17ly,FUCACNGALACGLCGALGLUSIDEte
S4T3g,MAGt,GALASE18ly,FUCACNGALACGLCGALGLUSIDEtg
S4T6g,MALSO3tm,GALASE19ly,FUCASE2ly
S4TASE1ly,MALSO4tm,GALASE1ly,FUCFUCFUCGALACGLC13GALACGLCGAL14ACGLCGALGLUSIDEte
S4TASE2ly,MALTly,GALASE20ly,FUCFUCFUCGALACGLC13GALACGLCGAL14ACGLCGALGLUSIDEtg
S4TASE3ly,MALtm,GALASE3ly,FUCGALFUCGALACGLCGALGLUSIDEte
S4TASE4ly,MALTSULtm,GALASE4ly,FUCGALFUCGALACGLCGALGLUSIDEtg
S4TASE5ly,MANtly,GALASE5ly,FUCGALGBSIDEte
S6T16g,MAOLNOR,GALASE6ly,FUCGALGBSIDEtg
S6T17g,MAOX,GALASE7ly,FUCtly
S6T18g,MCCCrm,GALASE8ly,FUMAC
S6T19g,MCD,GALASE9ly,FUMm
S6T1g,MCDm,GALC,FUMSO3tm
S6T20g,MCDp,GALGALFUCFUCGALACGLCGALACGLCGAL14ACGLCGALGLUSIDEte,FUMSO4tm
S6T21g,MCLACCYSR,GALGALFUCFUCGALACGLCGALACGLCGAL14ACGLCGALGLUSIDEtg,FUMtm
S6T22g,MCLORi,GALGLUSIDEtg,FUMTSULtm
S6T23g,MCPST,GALGLUSIDEtl,FUT11g
S6T25g,MDHm,GALGT1,FUT12g
S6T2g,MDRPD,GALGT2,FUT14g
S6T3g,ME1m,GALGT3,FUT15g
S6TASE10ly,ME2,GALGT4,FUT16g
S6TASE11ly,ME2m,GALNACT1g,FUT17g
S6TASE12ly,MECOALm,GALNACT2g,FUT18g
S6TASE13ly,MECOAS1m,GALNACT3g,FUT32g
S6TASE14ly,MERCPLACCYSt,GALNACT4g,FUT33g
S6TASE15ly,METAT,GALNACT5g,FUT35g
S6TASE16ly,METS,GALNTg,FUT910g
S6TASE17ly,METtec,GALSIDEtg,FUT911g
S6TASE18ly,MEVK1x,GALSIDEtl,FUT99g
S6TASE19ly,MGCHrm,GALt1r,G14T18g
S6TASE1ly,MGSA2,GALT2g,G14T19g
S6TASE20ly,MHISOR,GALTg,G14T20g
S6TASE21ly,MI1345PP,GALtly,G14T21g
S6TASE22ly,MI134PP,GAMt1r,G14T2g
S6TASE23ly,MI145PK,GAO1,G14T3g
S6TASE24ly,MI145PP,GAO1g,G14T4g
S6TASE25ly,MI14PP,GAO2,G14T5g
S6TASE26ly,MI14Ptn,GAO2g,G5SADrm
S6TASE2ly,MI1P_Dtn,GARFT,G5SDym
S6TASE3ly,MI1PS,GASNASE2ly,G6PDH1er
S6TASE6ly,MI34PP,GASNASE3ly,G6PDH2er
S6TASE7ly,MINOHPtn,GASNASEly,G6PPer
S6TASE8ly,MLTG1,GBA,G6Pter
S6TASE9ly,MLTG1ly,GBAl,GACMTRc
SACCD3m,MMCDm,GBGT1,GACPAILter
SACCD4m,MMEm,GBSIDEte,GAL3ST11
SADT,MMSAD1m,GBSIDEtl,GAL3ST12
SALMCOM,MMSAD3m,GCALDDm,GALACGLCGALGBSIDEte
SALMCOM2,MMTSADm,GCC2am,GALACGLCGALGBSIDEtg
SAMHISTA,MTAP,GCC2bim,GALASE10ly
SARCStm,MTHFCm,GCC2cm,GALASE11ly
SARDHm,MTHFD2m,GCCam,GALASE12ly
SBPP1er,MTHFDm,GCCbim,GALASE13ly
SBPP3er,N2M2NMASNtly,GCCcm,GALASE14ly
SBTD_D2,N3Tg,GCHOLAt,GALASE15ly
SBTR,NABTNO,GCNTg,GALASE16ly
SCP21x,NACASPAH,GD1B2te,GALASE17ly
SCP22x,NACHEX10ly,GD1B2tg,GALASE18ly
SCP2x_1,NACHEX11ly,GD1Cte,GALASE19ly
SCPx,NACHEX12ly,GD1Ctg,GALASE1ly
Ser_Thrtg,NACHEX13ly,GDPFUCtg,GALASE20ly
SERDGLYexR,NACHEX14ly,GDPtg,GALASE3ly
SERHL,NACHEX15ly,GFUCS,GALASE4ly
SERPT,NACHEX16ly,GGH_10FTHF5GLUe,GALASE5ly
SERt4,NACHEX17ly,GGH_10FTHF5GLUl,GALASE6ly
SFGTHi,NACHEX18ly,GGH_10FTHF6GLUe,GALASE7ly
SIAASE2ly,NACHEX19ly,GGH_10FTHF6GLUl,GALASE8ly
SIAASE3ly,NACHEX1ly,GGH_10FTHF7GLUe,GALASE9ly
SIAASE4ly,NACHEX20ly,GGH_10FTHF7GLUl,GALC
SIAASEly,NACHEX21ly,GGH_5DHFe,GALFUC12GAL14ACGLCGALGLUSIDEte
SIAT4Bg,NACHEX22ly,GGH_5DHFl,GALFUC12GAL14ACGLCGALGLUSIDEtg
SIAT9g,NACHEX23ly,GGH_5THFe,GALFUCGALACGLCGAL14ACGLCGALGLUSIDEte
SK_pre_prot_r,NACHEX24ly,GGH_5THFl,GALFUCGALACGLCGAL14ACGLCGALGLUSIDEtg
SMPD3g,NACHEX25ly,GGH_6DHFe,GALGALFUCFUCGALACGLCGALACGLCGAL14ACGLCGALGLUSIDEte
SMPD3l,NACHEX26ly,GGH_6DHFl,GALGALFUCFUCGALACGLCGALACGLCGAL14ACGLCGALGLUSIDEtg
SMS,NACHEX27ly,GGH_6THFe,GALGALGALTHCRMte
SO4tl,NACHEX2ly,GGH_6THFl,GALGALGALTHCRMtg
SPH1Pter,NACHEX3ly,GGH_7DHFe,GALGT1
SPHGNtr,NACHEX4ly,GGH_7DHFl,GALGT3
SPHINGStl,NACHEX5ly,GGH_7THFe,GALGT4
SPHINGStr,NACHEX6ly,GGH_7THFl,GALNACT1g
SPHK21c,NACHEX7ly,GGLUCT,GALNACT2g
SPHMYLNtg,NACHEX8ly,GGNG,GALNACT3g
SPHS1Pte,NACHEX9ly,GGT_L,GALNACT4g
SPHS1Ptr,NACHEXA10ly,GGT5r,GALNACT5g
SPMDOX,NACHEXA11ly,GHMT2rm,GALNTg
SPODMm,NACHEXA12ly,GHMT3,GALOR
SPR,NACHEXA13ly,GLACO,GALSIDEtg
SPRMS,NACHEXA14ly,GLACter,GALt1r
SQLEr,NACHEXA15ly,GLAl,GALT2g
SQLSr,NACHEXA16ly,GLB1,GALTg
SR5AR2r,NACHEXA17ly,GLBRAN,GALtly
SR5ARr,NACHEXA18ly,GLCAASE1ly,GAMt1r
ST3GAL21g,NACHEXA19ly,GLCAASE4ly,GAMYe
ST3GAL23g,NACHEXA1ly,GLCAASE5ly,GAO1
ST3GAL31g,NACHEXA20ly,GLCAASE6ly,GAO1g
ST3GAL61g,NACHEXA21ly,GLCAASE7ly,GAO2
ST6GALNAC27,NACHEXA22ly,GLCAASE8ly,GAO2g
ST6GALNAC31_1,NACHEXA2ly,GLCAASE9ly,GARFT
ST8SIA11,NACHEXA3ly,GLCAE1g,GASNASE2ly
ST8SIA12,NACHEXA4ly,GLCAE2g,GASNASE3ly
ST8SIA51g,NACHEXA5ly,GLCAT2g,GASNASEly
ST8SIA52g,NACHEXA6ly,GLCAT3g,GBA
ST8SIA53g,NACHEXA7ly,GLCAT4g,GBAl
ST8SIA54g,NACHEXA8ly,GLCAT5g,GBGT1
ST8SIA55g,NACHEXA9ly,GLCAT6g,GBSIDEte
ST8SIA56g,NADHtru,GLCAT7g,GCALDDm
STRDNCCPT2,NADNe,GLCAT8g,GCC2cm
STRDNCCRNt,NADPNe,GLCAT9g,GCHOLAt
SUCCtp,NADtn,GLCATg,GCHOLAt2
SUCOAS1m,NADtru,GLCMter,GCHOLAtx
T4HCINNMFM,NAGA2ly,GLCNACASE1ly,GCNTg
TAURt4_2_r,NAGAly,GLCNACASE2ly,GD1B2te
TCHOLAt,NAGLCAly,GLCNACASE3ly,GD1B2tg
TCYNTt,NAHCO3_HCLt,GLCNACASE4ly,GD1Cte
TCYNTtm,NAIt,GLCNACASE5ly,GD1Ctg
TETHEX3COAtx,NAt,GLCNACDASg,GDPFUCtg
TETPENT3CPT1,NAt5,GLCNACT1g,GDPtg
TETPENT3CPT2,NAtx,GLCNACT2g,GFUCS
TETPENT3CRNt,NBAHH_ir,GLCNACT3g,GGH_10FTHF5GLUe
TETPENT3t,NCAMUP,GLCNACT4g,GGH_10FTHF5GLUl
TETPENT6COAtx,NCKt,GLCNACT5g,GGH_10FTHF6GLUe
TETPENT6CPT1,NCNt,GLCt1,GGH_10FTHF6GLUl
TETPENT6CPT2,NDP10ex,GLCter,GGH_10FTHF7GLUe
TETPENT6CRNt,NDP3ex,GLCtg,GGH_10FTHF7GLUl
TETTET6CPT1,NDP6,GLCtly,GGH_5DHFe
TETTET6CPT2,NDP7er,GLCURtly,GGH_5DHFl
TETTET6CRNt,NDP7ex,GLDBRAN,GGH_5THFe
TETTET6t,NDP7g,GLGNS1,GGH_5THFl
THFt2_1,NDP8,GLNALANaEx,GGH_6DHFe
THFtl,NDP8ex,GLNASNNaEx,GGH_6DHFl
THRt4,NDPK10,GLNCYSNaEx,GGH_6THFe
THYMDt1,NDPK10n,GLNSERNaEx,GGH_6THFl
THYMDtl,NDPK1m,GLNTHRNaEx,GGH_7DHFe
THYMDtm,NDPK1n,GLNtm,GGH_7DHFl
THYOXt,NDPK2n,GLNtN1,GGH_7THFe
THYOXt2,NDPK3m,GLPASE1,GGH_7THFl
TMABADH,NDPK3n,GLPASE2,GGLUCT
TMDK1m,NDPK4n,GLRASE,GGNG
TMDPP,NDPK5m,GLU5Km,GGT_L
TMLYSOX,NDPK5n,GLUCYS,GGT5r
TMNDNCCPT2,NDPK6m,GLUDC,GHMT2rm
TMNDNCCRNt,NDPK6n,GDHm,GHMT3
TRDR,NDPK7n,GLUDym,GLACO
TRDR2,NDPK8m,GluForTx,GLAl
TRDR3,NDPK8n,GLUNm,GLB1
TRIODTHYt,NDPK9n,GLUt2m,GLBRAN
TRIODTHYt2,NH4tn,GLUt6,GLCAASE1ly
TRYPTAOX,NH4tp,GLUt7l,GLCAASE4ly
TSTSTERONEGLCte,NICRNS,GLUTCOADHm,GLCAASE5ly
TSTSTERONEGLCtr,NICRNTtn,GLUtr,GLCAASE6ly
TSTSTERONEtr,NKCC2t,GLUVESSEC,GLCAASE7ly
TTDCRNt,NKCCt,GLYAMDTRc,GLCAASE8ly
TXASr,NMNATn,GLYATm,GLCAASE9ly
TYRCBOX,NMNAT,GLYBt4_2_r,GLCAE1g
TYROXDAc,NMNS,GLYBtm,GLCAE2g
UAG2EMA,NMNtn,GLYCLTDy,GLCAT2g
UAGALDP,NNATn,GLYC_St,GLCAT3g
UDPDOLPT_L,NOS1,GLYCtm,GLCAT4g
UDPGALtg,NOS2_2,GLYOXm,GLCAT5g
UDPGD,NOt,GLYt4,GLCAT6g
UDPGLCAter,NRPPHRSFt,GLYt7_211_r,GLCAT7g
UDPGLCAtg,NRPPHRSULT,GLYtm,GLCAT8g
UDPGLCter,NS26T2g,GLYtp,GLCAT9g
UGALGTg,NTD12,GLYVESSEC_1,GLCATg
UGALNACtg,NTD1m,GMPtg,GLCNACASE1ly
UGCG,NTD2e,GMPtn,GLCNACASE2ly
UGLCNACtg,NTD2l,GNDer,GLCNACASE3ly
UGT1A3r,NTD4e,GNMT,GLCNACASE4ly
UGT1A4r,NTD4l,GP1CALPHAte,GLCNACASE5ly
UGT1A5r2,NTD5l,GP1CALPHAtg,GLCNACDASg
UGT1A8r,NTD5m,GP1Cte,GLCNACT1g
UGT1A9r,NTD7e,GP1Ctg,GLCNACT2g
UMPK2,NTD7l,GPAM_hs_1,GLCNACT3g
UMPK2n,NTD9e,GPIAT,GLCNACT4g
UMPK3,NTD9l,GPIDA2er,GLCNACT5g
UMPK3n,NTP3e,GPIDAer,GLCt1
UMPK4,NTPP10,GPIMTer_U,GLCt2_2
UMPK4n,NTPP9,GQ1BALPHAte,GLCtg
UMPK5,O2St,GQ1BALPHAtg,GLCtly
UMPK5n,O2Stm,GQ1Bte,GLCURtly
UMPK6,O2Stn,GQ1Btg,GLDBRAN
UMPK6n,O2Stx,GRTTx,GLGNS1
UMPK7,O2ter,GSNt,GLNALANaEx
UMPK7n,O2tm,GSNtl,GLNASNNaEx
UMPKn,O2tp,GT1Ate,GLNCYSNaEx
UPPN,OAGD3te,GT1Atg,GLNSERNaEx
UREAt5,OAGD3tg,GTHOr,GLNTHRNaEx
UREAtm,OAGT3te,GTHOm,GLNtm
URIDK2m,OAGT3tg,GTHPi,GLNtN1
URIK1,OCOAT1m,GTHPe,GLPASE1
URIt,OCTAt,GTHPm,GLPASE2
Uritl,OIVD1m,GTHRDtr,GLRASE
UROLACer,OIVD2m,GTHS,GLU5Km
UTPtn,OIVD3m,GTMLTe,GLUCYS
VLCS2p,OPAH,GUACYC,GLUDC
VLCSp,ORNt3m,GUAD,GDHm
XOLEST2te,ORNt4m,HCO3Em,GLUDym
XSERtg,ORNTArm,H2ETer,GluForTx
XYLTD_D,ORNt,H2MTer_U,GLUNm
XYLTer,ORPT,H2O2t,GLUt2m
XYLtly,P45027A11m,H2O2tm,GLUt6
XYLUR,P45027A12m,H2O2tn,GLUt7l
EX_acmana_e,P45027A13m,H2O2tp,GLUTCOADHm
EX_dgmp_e,P45027A14m,H2Oter,GLUtr
EX_dgtp_e,P45027A15m,H2Otg,GLUVESSEC
EX_HC01440_e,P45027A16m,H2Otly,GLXO2p
EX_HC01441_e,P45027A1m,H2Otn,GLYAMDTRc
EX_HC01446_e,P4502D6,H2Otp,GLYATm
EX_HC01577_e,P45046A1r,H3ETer,GLYBt4_2_r
EX_HC01700_e,P4504F121r,H3MTer_U,GLYBtm
EX_HC02160_e,P4504F122r,H4ET3er,GLYCLTtp
EX_HC02161_e,P4504F123r,H4ETer,GLYC_St
r0009,P4504F81r,H5MTer_U,GLYCtm
GDR,P4507B11r,H6_ET2er,GLYCTO1p
GDRm,P4507B12r,H6ET3er,GLYKm
NOS2,P5CDm,H6_ETer,GLYOXm
r0027,PA_HStg,H6MTer_U,GLYt4
DPCOAKm,PA_HStn,H7ET2er,GMPtg
CPS_m,PAFH,H7_ETer,GMPtn
r0047,PAFHe,H7MTer_U,GNDer
r0068,PAFS,H7_TAer,GNMT
ALATA_Lm,PAIL_HStn,H8TAer,GP1CALPHAte
r0083,PAN4PP,HACD1m,GP1CALPHAtg
r0084,PAPStg,HACD1x,GP1Cte
r0097,PAPtg,HACD9m,GP1Ctg
r0113,PCHOL_HStg,HAS1,GPAM_hs_1
NTPP2,PCHOLP_hs,HAS2,GPIAT
GTHRDH_syn,PCHOLPg_hs,HAtly,GPIDA2er
GGTAe2,PCHOLPm_hs,HBZOPT10m,GPIDAer
r0145,PCHOLPr_hs,HCO3_CLt,GPIMTer_U
SPTc,PCm,HDCAter,GQ1BALPHAte
r0166,PCREATtmdiffir,HDCEAt,GQ1BALPHAtg
r0173,PCRNtm,HDD2COAtx,GQ1Btg
SSALxm,PCt,HESTRATRIOLte,GRTTx
r0181,PDE1,HESTRATRIOLtr,GSNt
r0202,PDE1g,HEX10,GSNt4
r0205,PDE4,HEX4,GSNtl
MAN1PT,PDE4g,HEXCCOAtx,GT1Atg
r0210,GCPNn,HEXCt,GTHOr
r0221_1,PDHm,HGNTOR,GTHOm
GMPR,PDX5POi,HIBDm,GTHPi
r0280,PEAMNO,HISDC,GTHPe
r0287,PEPCKm,HISt4,GTHPm
r0308,PEROXx,HISTASE,GTHRDtr
r0310,PEt,HISTAtu,GTHS
r0311,PETHCT,HISTAVESSEC_1,GTMLTe
r0317,PETOHMm_hs,HIStN1,GUACYC
r0319,PETOHMr_hs,HMGCOAS,GULNDer
r0354,PFK26,HMGCOASm,GULNter
r0355,PGCD,HMGCOAtm,HCO3Em
r0357,PGDI,HMGCOAtx,H2ETer
r0358,PGDIr,HMGLm,H2MTer_U
r0360,PGESr,HMGLx,H2O2syn
r0361,PGLer,HOMt4,H2O2tly
r0363,PGLYCt,HOXG,H2O2tn
r0364,PGPP_hs,HPACtr,H2O2tp
r0365,PGPPT,HPCLx_1,H2Otg
ADADir,PGS,HPDCACRNCPT1,H2Otm
r0380,PGSr,HPDCACRNCPT2,H3ETer
r0381,PHCDm,HPDCACRNt,H3MTer_U
HXAND,PHCHGSm,HPDCAt,H4ET3er
r0402,PHEMEtm,HPYRDC,H4ETer
r0403,PHETA1m,HPYRDCm,H5MTer_U
r0407,PHEtec,HPYRR2x_1,H6_ET2er
r0408,PHYCBOXL,HPYRRy,H6ET3er
r0410,PHYHx,HS1ly,H6_ETer
r0423,PHYTt,HS2ly,H6MTer_U
r0424,PI345P3P,HS3ly,H7ET2er
r0425,PI345P3Pn,HS4ly,H7_ETer
r0426,PI345P5P,HSAT1ly,H7MTer_U
r0434,PI34P5K,HSAT2ly,H7_TAer
r0438,PI3P4K,HSAT3ly,H8TAer
r0441,PI3P5K,HSAT4ly,HACD1x
r0443,PI45P3K,HSD11B1r,HACD9m
r0444,PI45P3Kn,HSD17B1,HAS1
r0450,PI45P5P,HSD17B2r,HAS2
DGNSK,PI45PLC,HSD17B42x_1,HAtly
r0463,PI4P5K,HSD17B4x,HBZOPT10m
r0483,PI4PLC,HSD17B7r,HCO3_CLt
HMGCOAR,PI4PLCn,HSD17B9r,HCOUMARINte
r0509,PI5P4K,HSD3A1r,HDCAt
DUTCP,PIK4,HSD3A2r,HDCEAt
SPHPL,PIK5,HSD3B11,HDD2COAtx
CYSAMO_cho,PIPLC,HSD3B12r,HESTRATRIOLte
r0541,PIPLCn,HSD3B2r,HESTRATRIOLtr
r0548,PIter,HSD3B3r,HEX10
BETALDHx,PItg,HSD3B7P,HEX4
BETALDHy,PItx,HSPASEly,HEXCCOAtx
r0568,PLA2_2,HSPGt,HEXCt
APNPT,PLA2_2e,HSPGtly,HGNTOR
r0579,PMEVKx,Htg,HISDC
PTPATim,PMI12346PH,Htr,HISt4
AASAD3,PMI12346PHn,Htx,HISTASE
r0595,PNTOt5_1,HXANtx,HISTAtu
r0596,PPA2,HYPOE,HISTAVESSEC_1
r0603,PPAer,ICDHxm,HIStiDF
HPROx,PPAm,ICDHyr,HKt
HPROxm,PPDOy,ICDHyp,HKYNH
HPROb,PPItr,ICDHym,HMGCOAtm
HPROym,PPItx,IDOAASE1ly,HMGCOAtx
r0630,PPMI12346Ptn,IDOAASE2ly,HMGLm
ACACT4m,PPPG9tm,IDOAASE3ly,HOMt4
r0636,PPPGOm,IDOAASE4ly,HOXG
r0637,PRAGSr,IDOURtly,HPACtr
ACOAR5m,PRASCSi,ILEtmi,HPCLx_1
ACACT6m,PRDX,ILETAm,HPDCACRNCPT1
r0641,PRGNLONESULT,ILEtec,HPDCACRNCPT2
r0642,PRGNLONEtm,INSt,HPDCACRNt
r0643,PRISTANALtx,INSTt2,HPDCAt
r0648,PRISTtx,INSTt4,HPYRDCm
r0649_1,PROD2m,IPDDIx,HPYRR2x_1
r0652_1,PROSTGE1t3,IPDPtx,HPYRtp
ACACT7m,PROSTGE2t,ITCOAL1m,HS1ly
r0655,PROtm,ITCOALm,HS2ly
PRAIS,PSDm_hs,KAS8,HS3ly
r0669,PSFLIPm,KCC2t,HS4ly
r0672,PSSA1_hs,KCCt,HSAT1ly
r0673,PSSA2_hs,KDNH,HSAT2ly
r0686,PSt3,KHK,HSAT3ly
r0688,PTDCACRNCPT1,KHK2,HSAT4ly
r0698,PTDCACRNCPT2,KHK3,HSD11B1r
r0714_1,PTDCACRNt,KSII_CORE2t,HSD11B2r
r0715,PTDCAt,KSII_CORE2tly,HSD17B1
r0716_1,PTE2x,KSII_CORE4t,HSD17B2r
r0717,PTE3x,KSII_CORE4tly,HSD17B42x_1
HACD6m,PTHPS,KSItly,HSD17B4x
HACD6p,PTRCAT1,Kt3g,HSD17B7r
r0721,PYAM5PO,KYN3OX,HSD17B8r
HACD5m,PYDXK,LACZe,HSD17B9r
ACACT5m,PYDXPP,LALDO,HSD3A1r
HACD4m,PYNP2r,LAPCOAl,HSD3A2r
r0730,PYRt2m,LCADi_D,HSD3B11
r0731,PYRt2p,LCADm,HSD3B11r
r0732,RBK_Dr,LCAT1e,HSD3B12r
r0733,RDH1,LCTStg,HSD3B13
r0734,RDH1a,LCYSTAT,HSD3B13r
ACOAR4m,RDH2,LCYSTCBOXL,HSD3B2r
r0737,RDH2a,LDH_Lm,HSD3B3r
r0739,RDH3,LEUKTRA4t,HSD3B7P
r0741,RDH3a,LEUKTRA4tr,HSPASEly
r0743,RDH4,LEUKTRB4t,HSPGt
r0744,RETI3,LEUKTRB4tr,HSPGtly
r0747,RETNGLCt,LEUKTRC4t,HTAXOLte
r0750,RETNGLCtr,LEUKTRD4tr,HXANtx
5HOXINDACTOX,RIBt2,LEUKTRF4t,HYPOE
r0779,RTOTAL3CRNCPT1,LEUt4,ICDHxm
LNS14DMr,RTOTAL3CRNCPT2,LEUt5m,IDHPOXOX2b
r0786,RTOTAL3CRNt,LEUTAm,IDHPOXOX3
SBPP1,Rtotaltl,LEUtec,IDHPOXOX4
r0795,S23T2g,TTCCOAtx,IDHPOXOXb
r0797,S23T4g,LGNCt,IDOAASE1ly
r0812,S23Tg,LINKDEG1ly,IDOAASE2ly
r0817,S2L2FN2M2MASNtly,LINKDEG2ly,IDOAASE3ly
r0830,S2T1g,LINKDEG3ly,IDOAASE4ly
r0841,S2T2g,LINKDEG4ly,IDOURtly
r0845,S2T3g,LIPOti_1,ILEt4
r0859,S2T4g,L_LACDcm,ILEtmi
r0860,S2TASE1ly,L_LACtcm,ILETAm
r0870,S2TASE2ly,L_LACtm,ILEtec
r0879,S2TASE3ly,LNELDCCPT1,INOSTO
r0892,S2TASE4ly,LNELDCCPT2,INSt
MALICITtm,S2TASE5ly,LNELDCCRNt,INSt4
r0915,S3T1g,LNELDCt,INSTt4
CITtcm,S3T2g,LNLCCPT1,IPDDIx
r0927,S3T3g,LNLCCPT2,It
r0954,S3TASE1ly,LNLCCRNt,ITCOAL1m
r0968,S3TASE2ly,LNLCt,ITCOALm
r0973,S3TASE3ly,LNLNCACPT1,KCC2t
r0986,S4T1g,LNLNCACPT2,KCCt
r0995,S4T2g,LNLNCACRNt,KDNH
r0997,S4T3g,LNLNCAt,KHK
r0998,S4T6g,LNLNCGCPT1,KHK2
r1000,S4TASE1ly,LNLNCGCPT2,KHK3
r1002,S4TASE2ly,LNLNCGCRNt,KSII_CORE2t
r1007,S4TASE3ly,LNLNCGt,KSII_CORE2tly
r1008,S4TASE4ly,LNS14DM,KSII_CORE4t
r1024,S4TASE5ly,LNSTLSr,KSII_CORE4tly
r1025,S6T16g,LPASE,KSItly
CITt4_1,S6T17g,LPCHOLt,Kt3g
r1106,S6T18g,LPCOXp,KYN
r1116,S6T19g,LPS,KYN3OX
r1134,S6T1g,LPS2,KYNAKGAT
AKGICITtm,S6T20g,LPS2e,KYNATESYN
r1150,S6T21g,LPS3,LACZe
OBDHm,S6T22g,LPS3e,LALDO
r1155,S6T23g,LPS4e,LAPCOAl
DUTUP,S6T25g,LSTO1r,LCADi_D
r1164,S6T2g,LSTO2r,LCAT1e
r1165,S6T3g,LTA4H,LCTStg
r1166,S6TASE10ly,LTC4Sr,LCYSTAT
r1167,S6TASE11ly,LTDCL,LCYSTCBOXL
r1168,S6TASE12ly,LYSt4,LDH_Lm
r1169,S6TASE13ly,LYSt5r,LEUKTRA4t
r1170,S6TASE14ly,LYStm,LEUKTRA4tr
r1171,S6TASE15ly,LYStn,LEUKTRB4t
r1172,S6TASE16ly,M4BTAer,LEUKTRC4t
r1174,S6TASE17ly,M4CET3er,LEUKTRD4tr
r1175,S6TASE18ly,MACACI,LEUKTRE4t
r1177,S6TASE19ly,MACOXO,LEUKTRF4t
r1179,S6TASE1ly,MAGt,LEUt4
r1181,S6TASE20ly,MALSO3tm,LEUt5m
r1182,S6TASE21ly,MALSO4tm,LEUTAm
r1183,S6TASE22ly,MALTly,LEUtec
r1251,S6TASE23ly,MALtm,LFORKYNHYD
r1252,S6TASE24ly,MALTSULtm,LGNCt
r1253,S6TASE25ly,MALTt1r,LIMNENte
r1254,S6TASE26ly,MANt1r,LINKDEG1ly
r1255,S6TASE2ly,MANtly,LINKDEG2ly
r1257,S6TASE3ly,MAOLNOR,LINKDEG3ly
r1259,S6TASE4ly,MAOX,LINKDEG4ly
r1260,S6TASE5ly,MCCCrm,LIPOti_1
r1262,S6TASE6ly,MCD,L_LACDcm
r1298,S6TASE7ly,MCDm,L_LACtcm
r1380,S6TASE8ly,MCDp,L_LACtm
r1382_1,S6TASE9ly,MCLORi,LNELDCCPT1
r1383_1,SACCD3m,MCPST,LNELDCCPT2
r1391,SACCD4m,MDHm,LNELDCCRNt
r1392,SADT,MDRPD,LNLCCPT1
r1411,SALMCOM,ME1m,LNLCCPT2
HCO3Ee,SALMCOM2,ME2,LNLCCRNt
r1428,SAMHISTA,ME2m,LNLCt
GLY3Pt,SARCStm,MECOALm,LNLNCACPT1
ALAtmi,SARDHm,MECOAS1m,LNLNCACPT2
r1435,SBPP1er,MELATNOX,LNLNCACRNt
ACOAO5p,SBPP3er,MEOHt2,LNLNCAt
r1444,SBTD_D2,METAT,LNLNCGCPT1
ACOAO4p,SBTR,METLEUex,LNLNCGCPT2
r1446,SCP21x,METS,LNLNCGCRNt
r1447,SCP2x_1,METt4,LNLNCGt
r1448,SCPx,METtec,LNS14DM
r1449,Ser_Thrtg,MEVK1x,LNSTLSr
r1450,SERDGLNexR,MGCHrm,LPASE
r1451,SERDGLYexR,MGSA,LPCOXp
r1454,SERGLNexR,MGSA2,LPS
r1457,SERGLYexR,MHISOR,LPS2
r1472,SERHL,MI1345PP,LPS2e
r1474,SERPT,MI134PP,LPS3
r1477,SFGTHi,MI145PK,LPS3e
r1481,SGALSIDEtg,MI145PP,LPS4e
r1487,SGALSIDEtl,MI14PP,LRAT
r1503,SGPL12r,MI14Ptn,LSTO1r
r1514,SIAASE2ly,MI1P_Dtn,LSTO2r
r1518,SIAASE3ly,MI1PS,LTC4Sr
r1530,SIAASE4ly,MI34PP,LTDCL
r1531_1,SIAASEly,MINOHPtn,LYSt4
r1532_1,SIAT4Bg,MLTG1,LYSt5r
r1533_1,SIAT9g,MLTG1ly,LYStm
r1664,SK_pre_prot_r,MMCDm,LYStn
r1665,SLCBK1,MMEm,M4BTAer
r1666,SLDt,MMMm,M4CET3er
r1668,SLDx,MMSAD1m,MACACI
r1669,SMPD3g,MMSAD3m,MACOXO
r1670,SMPD3l,MOGAT,MALSO3tm
r1671,SMPD4,MTAP,MALSO4tm
r1672,SMS,MTHFCm,MALTe
r1673,SO4HCOtex,MTHFD2m,MALTly
r1674,SO4OXAtex2,MTHFDm,MALtm
r1675,SO4t4_2,N2M2NMASNtly,MALTSULtm
r1676,SO4tl,N3Tg,MANt1r
r1677,SOAT12,N4Tg,MANtly
r1678,SPC_HSt,NABTNO,MAOLNOR
r1679,SPH1Pter,NACASPAH,MAOX
r1680,SPHGNtr,NACHEX10ly,MCCCrm
r1681,SPHINGStl,NACHEX11ly,MCD
r1682,SPHINGStr,NACHEX12ly,MCDm
r1683,SPHK21c,NACHEX13ly,MCDp
r1684,SPHMYLNtl,NACHEX14ly,MCLACCYSR
r1685,SPHS1Ptr,NACHEX15ly,MCLORi
r1686,SPMDOX,NACHEX16ly,MCPST
r1687,SPODMe,NACHEX17ly,MDHm
r1690,SPODMm,NACHEX18ly,MDRPD
r1691,SPODMn,NACHEX19ly,ME1m
r1692,SPODMx,NACHEX1ly,ME2m
r1693,SPR,NACHEX20ly,MECOALm
r1695,SPRMS,NACHEX21ly,MECOAS1m
r1696,SQLEr,NACHEX22ly,MELATN23DOX
r1698,SQLSr,NACHEX23ly,MELATNOX
r1700,SR5AR2r,NACHEX24ly,MEOHtly
r1701,SR5ARr,NACHEX25ly,MERCPLACCYSt
r1702,ST3GAL21g,NACHEX26ly,METAT
r1705,ST3GAL22g,NACHEX27ly,METS
r1706,ST3GAL23g,NACHEX2ly,METt4
r1707,ST3GAL31g,NACHEX3ly,METtec
r1708,ST3GAL61g,NACHEX4ly,MEVK1x
r1710,ST3GAL62g,NACHEX5ly,MHISOR
r1711,ST6GALNAC27,NACHEX6ly,MI1345PP
r1713,ST6GALNAC31_1,NACHEX7ly,MI134PP
r1715,ST6GALNAC62,NACHEX8ly,MI145PK
r1716,ST8SIA11,NACHEX9ly,MI145PP
r1717,ST8SIA12,NACHEXA10ly,MI14PP
r1720,ST8SIA51g,NACHEXA11ly,MI34PP
r1721,ST8SIA52g,NACHEXA12ly,MINOHPtn
r1722,ST8SIA53g,NACHEXA13ly,MLTG1
r1723,ST8SIA54g,NACHEXA14ly,MLTG1e
r1725,ST8SIA55g,NACHEXA15ly,MLTG1ly
r1726,ST8SIA56g,NACHEXA16ly,MMCDm
r1728,STRDNCCPT1,NACHEXA17ly,MMMm
r1730,STRDNCCPT2,NACHEXA18ly,MMTSADm
r1731,STRDNCCRNt,NACHEXA19ly,MOGAT
r1732,STS1,NACHEXA1ly,MTAP
r1733,STS2,NACHEXA20ly,MTHFCm
r1734,SUCCtm,NACHEXA21ly,MTHFD2m
r1735,SUCCtp,NACHEXA22ly,MTHFDm
r1736,SUCD1m,NACHEXA2ly,N2M2NMASNtly
r1737,SUCOAS1m,NACHEXA3ly,N3Tg
r1738,SUCOASm,NACHEXA4ly,N4Tg
r1739,SULFOX,NACHEXA5ly,NABTNO
r1740,T4HCINNMFM,NACHEXA6ly,NACASPAH
r1741,TAGAT_Dt,NACHEXA7ly,NACHEX10ly
r1742,TAURt4_2_r,NACHEXA8ly,NACHEX12ly
r1743,TAURtcx,NACHEXA9ly,NACHEX13ly
r1744,TCHOLAtx,NADHtru,NACHEX14ly
r1745,TCYNTt,NADNe,NACHEX15ly
r1746,TCYNTtm,NADPHtru,NACHEX16ly
r1747,TETPENT3CPT1,NADPHtxu,NACHEX17ly
r1748,TETPENT3CPT2,NADPNe,NACHEX19ly
r1749,TETPENT3CRNt,NADPtru,NACHEX1ly
r1750,TETPENT3t,NADPtxu,NACHEX20ly
r1751,TETPENT6COAtx,NADtn,NACHEX21ly
r1752,TETPENT6CPT1,NADtru,NACHEX22ly
r1753,TETPENT6CPT2,NAGA2ly,NACHEX23ly
r1754,TETPENT6CRNt,NAGAlby,NACHEX24ly
r1755,TETPENT6t,NAGAly,NACHEX25ly
r1756,TETTET6CPT1,NAGLCAly,NACHEX26ly
r1757,TETTET6CPT2,NAHCO3_HCLt,NACHEX27ly
r1758,TETTET6CRNt,NAIt,NACHEX2ly
r1759,THBPT4ACAMDASE,NaKt_1,NACHEX3ly
r1760,THFt2_1,NAt,NACHEX4ly
r1761,THFtl,NAt3_1g,NACHEX5ly
r1762,THFtm,NAt5,NACHEX6ly
r1763,THMTP,NAtx,NACHEX7ly
r1764,THRGLNexR,NBAHH_ir,NACHEX8ly
r1765,THRGLYexR,NCAMUP,NACHEX9ly
r1766,THYMDt1,NCKt,NACHEXA10ly
r1767,THYMDtl,NCNt,NACHEXA17ly
r1768,THYMDtm,NDP10ex,NADNe
r1769,THYOXt,NDP3ex,NADPNe
r1770,THYOXt2,NDP6,NADtn
r1771,TMABADH,NDP7er,NAGA2ly
r1772,TMDK1m,NDP7ex,NAGAlby
r1773,TMDPPK,NDP7g,NAGAly
r1774,TMLYSOX,NDP8,NAGLCAly
r1775,TMNDNCCPT1,NDP8ex,NAIt
r1776,TMNDNCCPT2,NDPK10,NaKt_1
r1777,TMNDNCCRNt,NDPK10n,NAt
r1778,TRDR,NDPK1m,NAt3_1g
r1779,TRDR2,NDPK1n,NAt5
r1780,TRDR3,NDPK2n,NBAHH_ir
r1781,TRIODTHYSULT,NDPK3m,NCAMUP
r1782,TRIODTHYt,NDPK3n,NCCt
r1783,TRIODTHYt2,NDPK4m,NCKt
r1784,TRYPTAOX,NDPK4n,NCNt
r1785,TSTSTERONESte,NDPK5m,NDP10ex
r1786,TSTSTERONESULT,NDPK5n,NDP3ex
r1787,TSTSTERONEt,NDPK6m,NDP6
r1788,TSTSTERONEtr,NDPK6n,NDP7er
r1789,TSULt4_3,NDPK7m,NDP7ex
r1790,TTDCPT2,NDPK7n,NDP7g
r1791,TTDCRNt,NDPK8m,NDP8ex
r1792,TYMSFt,NDPK8n,NDPK10
r1796,TYMSULT,NDPK9n,NDPK10n
r1797,TYR3MO2,NH4tn,NDPK1m
r1798,TYRCBOX,NH4tp,NDPK3m
r1799,TYROXDAc,NICRNS,NDPK4m
r1800,TYRTAim,NICRNTtn,NDPK5m
r1801,UAG2EMA,NKCC2t,NDPK6m
r1803,UDPACGALtl,NKCCt,NDPK6n
r1805,UDPDOLPT_L,NMNATm,NDPK7m
r1806,UDPGALtg,NMNATn,NDPK8m
r1807,UDPGD,NMNAT,NH4t3r
r1808,UDPGLCAter,NMNS,NH4tp
r1809,UDPGLCAtg,NMNtn,NICRNS
r1810,UDPGLCter,NNATn,NICRNTtn
r1811,UDPGLDCg,NNMT,NIFEDIPINEte
r1812,UDPGP,NORANMT,NKCC2t
r1813,UDPtl,NOS1,NKCCt
r1814,UDPXYLter,NOS2_2,NMNATm
r1815,UDPXYLtg,NOt,NMNATn
r1816,UGALGTg,NP1,NMNAT
r1817,UGALNACtg,NRPPHRSFt,NMNtn
r1818,UGCG,NRPPHRSULT,NNATn
r1819,UGLCNACtg,NRPPHRtu,NNMT
r1820,UGT1A5r,NRPPHRVESSEC_1,NORANMT
r1821,UMPK2,NRVNCCOAtx,NOS1
r1822,UMPK2n,NS26T2g,NOS2_2
r1823,UMPK3,NS26Tg,NOt
r1824,UMPK3n,NTD12,NP1
r1825,UMPK4,NTD1m,NPTHLte
r1826,UMPK4n,NTD2e,NRPPHRSFt
r1827,UMPK5,NTD2l,NRPPHRSULT
r1828,UMPK5n,NTD4e,NRPPHRt4_2_r
r1829,UMPK6,NTD4l,NRPPHRtu
r1830,UMPK6n,NTD5l,NRPPHRVESSEC_1
r1831,UMPK7,NTD5m,NS26T2g
r1832,UMPK7n,NTD7e,NS26Tg
r1833,UMPKn,NTD7l,NTD12
r1834,URAt,NTD9e,NTD1m
r1835,URIDK2m,NTD9l,NTD2e
r1836,URIK1,NTP3e,NTD2l
r1837,URIt,NTPP10,NTD4e
r1841,Uritl,NTPP9,NTD4l
r1842,UROLACer,O16G2e,NTD5l
r1843,UTPtn,O2St,NTD5m
r1844,VALt5m,O2Stm,NTD7e
r1846,VALTAim,O2Stn,NTD7l
r1847,VALtec,O2Stx,NTD9e
r1848,VLCS2p,O2ter,NTD9l
r1850,VLCS2r,O2tm,NTP3e
r1851,VLCSp,O2tn,NTPP10
r1852,VLCSr,O2tp,O16G1e
r1853,WHTSTSTERONEte,OAGD3te,O16G2e
r1854,XOL27OHtm,OAGD3tg,O2St
r1855,XOLEST2te,OAGT3te,O2Stn
r1856,XOLESTte,OAGT3tg,O2Stx
r1857,XOLTRI25tc,OCBTm,O2ter
r1858,XOLTRI25te,OCCOAtx,O2tm
r1859,XOLTRI27tc,OCOAT1m,O2tp
r1860,XOLTRI27te,OCTAt,OAGD3te
r1861,XOLTRIOLtm,ODECOAtx,OAGD3tg
r1862,XSERtg,OIVD1m,OAGT3te
r1863,XYLTD_D,OIVD2m,OAGT3tg
r1864,XYLTer,OIVD3m,OCBTm
r1865,XYLtly,OPAH,OCDCAt
r1866,XYLUR,ORNt3m,OCDCEAt
r1867,EX_acmana_e,ORNt4m,OCTAt
r1871,EX_ahdt_e,ORNTArm,OMEPRAZOLEte
r1872,EX_ctp_e,ORNt,ONPTHLte
r1873,EX_dgmp_e,ORPT,OPAH
r1874,EX_dgtp_e,OXAHCOtex,ORNt3m
r1876,EX_dtmp_e,P45011A1m,ORNt4m
r1877,EX_dttp_e,P4501B1r,ORNTArm
r1879,EX_HC01104_e,P45027A11m,ORNt
r1880,EX_HC01361_e,P45027A12m,ORPT
r1881,EX_HC01440_e,P45027A13m,OXAHCOtex
r1882,EX_HC01441_e,P45027A14m,OXAtp
r1883,EX_HC01444_e,P45027A15m,P45011A1m
r1884,EX_HC01446_e,P45027A16m,P45011B11m
r1885,EX_HC01577_e,P45027A1m,P45011B12m
r1886,EX_HC01609_e,P4502D6,P45011B21m
r1887,EX_cpppg1_e,P4502E1,P45017A1r
r1888,EX_HC01700_e,P45039A1r,P45017A2r
r1889,EX_HC02160_e,P45046A1r,P45017A3r
r1890,EX_HC02161_e,P4504F121r,P45017A4r
r1891,r0009,P4504F122r,P45019A1r
r1892,r0016,P4504F123r,P45019A2r
r1893,GDR,P4504F81r,P4501B1r
r1894,GDRm,P4507A1r,P45021A1r
r1895,r0023,P4507B11r,P45021A2r
r1896,NOS2,P4507B12r,P45027A11m
r1897,r0027,P5CDm,P45027A12m
r1898,NDP1,P5CRm,P45027A13m
r1899,DPCOAKm,P5CRxm,P45027A14m
r1900,r0047,PA_HStg,P45027A15m
r1901,r0068,PA_HStn,P45027A16m
r1902,r0074,PAFH,P45027A1m
r1903,ALATA_Lm,PAFHe,P4502A6
r1904,r0083,PAFS,P4502C18
r1905,r0084,PAIL_HStn,P4502C19
r1906,r0085,PAIL45P_HStn,P4502C8
r1907,r0086,PAN4PP,P4502C9
r1908,r0097,PAPStg,P4502C92
r1909,r0113,PAPtg,P4502C93
r1910,NTPP2,PCFLOPm,P4502C94
r1911,PYK3,PCHOL_HSter,P4502D6
r1912,GTHRDH_syn,PCHOL_HStg,P4502E1
r1913,GGTAe2,PCHOLP_hs,P4502F1
r1914,r0139,PCHOLPg_hs,P45039A1r
r1915,r0142,PCHOLPm_hs,P4503A4
r1916,r0145,PCHOLPr_hs,P4503A43r
r1917,r0149,PCm,P4503A5
r1918,r0156,PCREATtmdiffir,P4503A7r
r1919,r0157,PCRNtc,P45046A1r
r1920,SPTc,PCRNtm,P4504B1r
r1921,r0166,PCt,P4504F121r
r1922,r0170,PDE1,P4504F122r
r1923,r0173,PDE1g,P4504F123r
r1924,SSALxm,PDE4,P4504F81r
r1925,r0181,PDE4g,P4507A1r
r1926,r0191,GCPNn,P4507B11r
r1928,r0193,PDHm,P4507B12r
r1929,r0196,PDX5POi,P4508B11r
r1930,r0202,PDXPP,P4508B13r
r1931,r0205,PE_HStm,P450SCC1m
r1932,MAN1PT,PEAMNO,P5CDm
r1933,r0210,PEFLIP,P5CRm
r1934,r0221_1,PEFLIPm,P5CRxm
r1935,r0242,PEPCK_re,PA_HStg
r1936,r0246,PEPCKm,PA_HStn
r1937,r0249,PEROXx,PAFH
r1938,GMPR,PEt,PAFHe
r1939,r0283,PETHCT,PAIL_HStn
r1940,r0287,PETOHMm_hs,PAN4PP
r1941,GMPS,PETOHMr_hs,PAPStg
r1942,r0308,PFK26,PAPtg
r1943,ACOAR7m,PGCD,PCFLOPm
r1944,r0310,PGDI,PCHOL_HStg
r1945,r0311,PGDIr,PCHOLP_hs
r1946,r0317,PGESr,PCHOLPg_hs
r1947,r0319,PGISr,PCHOLPm_hs
r1948,r0321,PGLer,PCHOLPr_hs
r1949,r0330,PGLYCt,PCLAD
r1950,r0340,PGPP_hs,PCm
r1951,r0354,PGPPT,PCREATtmdiffir
r1952,r0355,PGS,PCRNtc
r1953,r0357,PGSr,PCRNtm
r1954,r0358,PHCDm,PCt
r1955,r0360,PHCHGSm,PDE1
r1956,r0361,PHEMEtm,PDE4
r1957,r0363,PHEt4,GCPNn
r1958,r0364,PHETA1m,PDX5POi
r1959,r0365,PHEtec,PDXPP
r1960,ADADir,PHETHPTOX2,PEAMNO
r1961,r0380,PHYCBOXL,PEFLIP
r1962,r0383,PHYHx,PEFLIPm
r1963,r0385,PHYTt,PEPCK_re
r1964,r0386,PI345P3P,PEPCKm
r1965,PYDXO_1,PI345P3Pn,PERILLYLte
r1966,PYDXNO,PI345P5P,PETHCT
r1967,r0393,PI34P5K,PETOHMm_hs
r1968,r0402,PI3P4K,PETOHMr_hs
r1969,r0403,PI3P5K,PFK26
r1970,r0407,PI45P3K,PGCD
r1971,r0408,PI45P3Kn,PGDI
r1972,r0409,PI45P4P,PGDIr
r1973,r0410,PI45P5P,PGESr
r1974,r0423,PI45PLC,PGISr
r1975,r0424,PI4P5K,PGLer
r1976,r0425,PI4PLC,PGPPT
r1977,r0426,PI4PLCn,PGS
r1978,r0431_1,PI4PP,PGSr
r1979,r0432_1,PI5P4K,PHCDm
r1980,r0433_1,PIK4,PHCHGSm
r1981,r0434,PIK5,PHEMEtm
r1982,r0437,PIPLC,PHEt4
r1983,r0438,PIPLCn,PHETA1m
r1984,r0440,PIter,PHEtec
r1985,r0441,PItg,PHETHPTOX2
r1986,r0443,PItn,PHYCBOXL
r1987,r0444,PItx,PHYHx
r1988,r0450,PLA2_2,PHYTt
r1989,r0451,PLA2_2e,PI345P5P
r1990,DGNSK,PMEVKx,PI34P5K
r1991,r0463,PMI12346PH,PI3P4K
r2079,r0465_1,PMI12346PHn,PI3P5K
r2080,r0466_1,PMTCOAtx,PI45P3K
r2081,r0480,PNTOt5_1,PI45P5P
r2082,r0483,PPA2,PI45PLC
r2083,HMGCOAR,PPAer,PI4P5K
r2084,r0494,PPAm,PI4PLC
r2085,r0497,PPDOy,PI5P4K
r2086,XAO,PPItr,PIK4
r2087,r0509,PPItx,PIK5
r2088,r0510,PPMI12346Ptn,PIPLC
r2089,r0511,PPOR,PIter
r2090,r0517,PPPG9tm,PItg
r2091,THFATm,PPPGOm,PItx
r2092,FTHFCLm,PRAGSr,PLA2_2
r2093,r0525,PRASCSi,PLA2_2e
r2094,NMNDA,PRDX,PMEVKx
r2095,DUTCP,PRGNLONESULT,PMI12346PH
r2096,SPHPL,PRGNLONEtm,PMI12346PHn
r2097,CYSAMO_cho,PRGSTRNt,PNTOt5_1
r2098,r0541,PRISTANALtx,PPA2
r2099,ALDD19xr,PRISTCOAtx,PPAer
r2100,r0546,PRISTtx,PPAm
r2101,ALDD19x_P,PROD2m,PPAP
r2102,r0548,PRODt2r,PPDOy
r2103,BETALDHx,PROSTGE1t3,PPMI12346Ptn
r2104,BETALDHy,PROSTGE2t,PPOR
r2105,r0555,PROSTGE2t3,PPPG9tm
r2106,r0557,PROSTGF2t,PPPGOm
r2107,r0560,PROt4,PRAGSr
r2108,DHRT_ibcoa,PSDm_hs,PRASCSi
r2109,r0568,PSFLIP,PRDX
r2110,r0571,PSFLIPm,PRDXl
r2111,r0575,PSSA1_hs,PRGNLONESULT
r2112,APNPT,PSSA2_hs,PRGNLONEtm
r2113,r0579,PSt3,PRGNLONEtr
r2114,r0587,PTDCACRNCPT1,PRISTCOAtx
r2115,PTPATim,PTDCACRNCPT2,PRISTtx
r2116,DPCOAPP,PTDCACRNt,PROD2m
r2117,AASAD3,PTDCAt,PRODt2r
r2118,r0595,PTE2x,PROSTGD2t
r2119,r0596,PTE3x,PROSTGE1t
r2120,r0603,PTE4x,PROSTGE1t3
r2121,r0604,PTHPS,PROSTGE2t
r2122,r0610,PTRCAT1,PROSTGE2t2
r2123,r0611,PYAM5PO,PROSTGE2t3
r2124,HPROx,PYDXDH,PROSTGF2t
r2125,HPROxm,PYDXK,PROSTGI2tr
r2126,HPROb,PYDXPP,PROt4
r2127,HPROym,PYNP2r,PSDm_hs
r2128,r0627,PYRt2m,PSFLIP
r2129,r0630,PYRt2p,PSFLIPm
r2130,r0633,RAI3,PTDCACRNCPT1
r2131,ACACT4m,RBK_Dr,PTDCACRNCPT2
r2132,r0636,RDH1,PTDCACRNt
r2133,r0637,RDH1a,PTDCAt
r2139,ACOAR5m,RDH2,PTE2x
r2140,ACACT6m,RDH2a,PTE3x
r2141,r0641,RDH3,PTE4x
r2150,r0642,RDH3a,PTHPS
r2193,r0643,RDH4,PTRCAT1
r2196,r0648,RETNGLCt,PTRCOX1
r2198,r0649_1,RETNGLCtr,PYAM5PO
r2199,r0650,RIBt,PYDXDH
r2200,r0652_1,RNMK,PYDXPP
r2201,ACACT7m,RTOTAL2t,PYNP2r
r2202,r0655,RTOTAL3CRNCPT1,PYRt2m
r2218,r0656,RTOTAL3CRNCPT2,PYRt2p
r2219,ECOAH5m,RTOTAL3CRNt,RADH2
r2220,PRAIS,RTOTALt,RAI3
r2221,r0669,Rtotaltl,RBK_Dr
r2222,r0670,S23T2g,RDH1
r2223,r0673,S23T4g,RDH1a
r2224,r0686,S23Tg,RDH2
r2225,r0688,S2L2FN2M2MASNtly,RDH2a
r2226,r0698,S2L2N2M2MASNtly,RDH3
r2227,r0706,S2T1g,RDH3a
r2228,r0707,S2T2g,RDH4
r2229,r0714_1,S2T3g,RETI3
r2230,r0716_1,S2T4g,RETNGLCt
r2231,HACD6m,S2TASE1ly,RETNGLCt2
r2232,HACD6p,S2TASE2ly,RETNGLCt2r
r2233,r0721,S2TASE3ly,RETNGLCtr
r2234,HACD5m,S2TASE4ly,RETNtr2
r2235,ACACT5m,S2TASE5ly,RIBFLVt3
r2236,HACD4m,S3T1g,RIBt2
r2237,r0730,S3T2g,RNMK
r2238,r0731,S3T3g,RTOTAL3CRNCPT1
r2239,r0732,S3TASE1ly,RTOTAL3CRNCPT2
r2240,r0733,S3TASE2ly,RTOTAL3CRNt
r2241,r0734,S3TASE3ly,Rtotaltl
r2242,ACOAR4m,S4T1g,S23T2g
r2243,r0737,S4T2g,S23T4g
r2244,r0739,S4T3g,S23Tg
r2245,r0741,S4T6g,S2L2N2M2MASNtly
r2246,r0743,S4TASE1ly,S2T1g
r2247,r0744,S4TASE2ly,S2T2g
r2248,r0747,S4TASE3ly,S2T3g
r2249,r0750,S4TASE4ly,S2T4g
r2250,r0752,S4TASE5ly,S2TASE1ly
r2251,r0753,S6T16g,S2TASE2ly
r2252,r0754,S6T17g,S2TASE3ly
r2253,r0755,S6T18g,S2TASE4ly
r2254,r0756,S6T19g,S2TASE5ly
r2255,r0757,S6T1g,S3T1g
r2256,5HOXINDACTOX,S6T20g,S3T2g
r2257,r0774,S6T21g,S3T3g
r2258,r0779,S6T22g,S3TASE1ly
r2259,LNS14DMr,S6T23g,S3TASE2ly
r2260,r0782,S6T25g,S3TASE3ly
r2261,r0783,S6T2g,S4T1g
r2262,r0786,S6T3g,S4T2g
r2263,SBPP1,S6TASE10ly,S4T3g
r2264,r0788,S6TASE11ly,S4T5g
r2265,r0789,S6TASE12ly,S4T6g
r2266,ACOAR2m,S6TASE13ly,S4TASE1ly
r2267,r0795,S6TASE14ly,S4TASE2ly
r2268,r0797,S6TASE15ly,S4TASE3ly
r2269,r0812,S6TASE16ly,S4TASE4ly
r2270,r0817,S6TASE17ly,S4TASE5ly
r2271,r0819,S6TASE18ly,S6T16g
r2272,SUCFUMtm,S6TASE19ly,S6T17g
r2273,r0822,S6TASE1ly,S6T18g
r2274,r0826,S6TASE20ly,S6T19g
r2275,r0829,S6TASE21ly,S6T1g
r2276,r0830,S6TASE22ly,S6T20g
r2277,r0834,S6TASE23ly,S6T21g
r2278,r0835,S6TASE24ly,S6T22g
r2279,r0836,S6TASE25ly,S6T23g
r2280,r0840,S6TASE26ly,S6T24g
r2281,r0845,S6TASE2ly,S6T25g
r2282,r0853,S6TASE3ly,S6T2g
r2283,r0860,S6TASE4ly,S6T3g
r2284,r0885,S6TASE5ly,S6TASE10ly
r2285,r0892,S6TASE6ly,S6TASE11ly
r2286,MALICITtm,S6TASE7ly,S6TASE13ly
r2287,r0915,S6TASE8ly,S6TASE14ly
r2288,CITtcm,S6TASE9ly,S6TASE15ly
r2289,r0926,SACCD3m,S6TASE16ly
r2290,r0942,SACCD4m,S6TASE17ly
r2291,r0950,SADT,S6TASE18ly
r2292,r0954,SALMCOM,S6TASE1ly
r2293,r0968,SALMCOM2,S6TASE20ly
r2294,r0973,SAMHISTA,S6TASE21ly
r2295,r0987,SARCOXp,S6TASE22ly
r2296,r0994,SARCStm,S6TASE23ly
r2297,r0995,SARCStp,S6TASE24ly
r2298,r0997,SARDHm,S6TASE25ly
r2299,r0998,SBPP1er,S6TASE26ly
r2300,r0999,SBPP3er,S6TASE2ly
r2301,r1000,SBTD_D2,S6TASE3ly
r2302,r1002,SBTR,S6TASE4ly
r2303,r1003,SCP21x,S6TASE5ly
r2304,r1005,SCP22x,S6TASE6ly
r2305,r1006,SCP2x_1,S6TASE7ly
r2306,r1007,SCPx,S6TASE8ly
r2307,r1008,Ser_Thrtg,S6TASE9ly
r2311,r1011,SERALANaEx,SACCD3m
r2315,r1012,SERASNNaEx,SACCD4m
r2316,r1013,SERCYSNaEx,SADT
r2317,r1018,SERDGLNexR,SALMCOM
r2318,r1019,SERDGLYexR,SALMCOM2
r2319,r1020,SERGLNexR,SAMHISTA
r2320,CHOLESTTDe,SERGLNNaEx,SARCOXp
r2321,r1078,SERGLYexR,SARCStp
r2322,CITt4_1,SERHL,SARDHm
r2323,r1116,SERLYSNaex,SBPP1er
r2324,r1134,SERPT,SBPP3er
r2325,r1135,SERt4,SBTD_D2
r2326,GLUt4,SERTHRNaEx,SBTR
r2327,r1146,SERtN1,SCP21x
r2329,AKGICITtm,SFGTHi,SCP22x
r2330,r1150,SGALSIDEtg,SCP2x_1
r2331,OBDHm,SGALSIDEtl,SCPx
r2332,DUTUP,SGPL12r,Ser_Thrtg
r2333,r1164,SIAASE2ly,SERALANaEx
r2334,r1165,SIAASE3ly,SERASNNaEx
r2335,r1166,SIAASE4ly,SERCYSNaEx
r2371,r1167,SIAASEly,SERDGLYexR
r2372,r1168,SIAT4Bg,SERGLNNaEx
AKGCITtm,r1169,SIAT9g,SERHL
r2374,r1170,SK_citr__L_c,SERLYSNaex
r2375,r1171,SK_pre_prot_r,SERPT
r2376,r1172,SLCBK1,SERt4
r2377,r1174,SLDt,SERTHRNaEx
r2378,r1175,SLDx,SERtN1
r2379,r1177,SMPD3g,SERtp
r2380,r1179,SMPD3l,SFGTHi
r2381,r1181,SMPD4,SGALSIDEtg
r2382,r1182,SMS,SGALSIDEtl
r2384,r1183,SO4CLtex2,SGPL12r
r2385,r1251,SO4HCOtex,SIAASE2ly
r2386,r1252,SO4OXAtex2,SIAASE3ly
r2387,r1253,SO4t4_2,SIAASE4ly
r2388,r1254,SO4tl,SIAASEly
r2389,r1255,SOAT12,SIAT4Bg
r2390,r1257,SPC_HSt,SIAT9g
r2391,r1259,SPH1Pte,SK_citr__L_c
r2392,r1260,SPH1Pter,SK_pre_prot_r
r2393,r1262,SPHGNtr,SLCBK1
r2394,r1292,SPHINGStl,SLDt
r2419,r1298,SPHINGStr,SLDx
r2425,r1318,SPHK21c,SMPD3g
CRNCARtm,r1377,SPHMYLNtg,SMPD3l
r2434,r1378,SPHMYLNtl,SMPD4
CARN160t_m,r1380,SPHS1Pte,SMS
CARN1819Zt_m,r1382_1,SPHS1Ptr,SO4CLtex2
r2437,r1383_1,SPODMe,SO4HCOtex
r2438,r1391,SPODMm,SO4OXAtex2
SERt2r,r1392,SPODMn,SO4t4_2
r2472,r1401,SPODMx,SO4tl
G6Pt6er,r1411,SPR,SOAT12
r2482,HCO3Ee,SPRMS,SPC_HSt
r2483,r1428,SQLEr,SPH1Pter
r2484,GLY3Pt,SQLSr,SPHGNtr
r2497,r1435,SR5AR2r,SPHINGStl
r2498,ACOAO5p,SR5ARr,SPHINGStr
r2499,r1444,ST3GAL21g,SPHK21c
r2501,ACOAO4p,ST3GAL22g,SPHMYLNtl
r2502,r1446,ST3GAL23g,SPHS1Ptr
r2503,r1447,ST3GAL31g,SPODMe
r2505,r1448,ST3GAL61g,SPODMm
r2509,r1449,ST3GAL62g,SPODMn
r2514,r1450,ST6GALNAC21,SPODMx
r2515,r1451,ST6GALNAC22,SPR
r2516,r1454,ST6GALNAC23,SPTix
r2517,PHEt2m,ST6GALNAC24,SQLEr
r2518,r1457,ST6GALNAC61,SQLSr
r2520,r1459,ST6GALNAC26,SR5AR2r
r2539,r1472,ST6GALNAC27,SR5ARr
FACOAE180,r1474,ST6GALNAC28,SRTNACT
RE0453M,r1477,ST6GALNAC31_1,SRTNt6_2_r
RE0453N,r1481,ST6GALNAC62,SRTNtu
RE0456N,r1487,ST8SIA11,ST3GAL21g
RE0512M,r1540,ST8SIA12,ST3GAL22g
RE0512X,r1544,ST8SIA51g,ST3GAL23g
RE0565C,r1546,ST8SIA52g,ST3GAL31g
RE0566C,r1547,ST8SIA53g,ST3GAL61g
RE0567C,r1548,ST8SIA54g,ST3GAL62g
RE0568C,r1549,ST8SIA55g,ST6GALNAC21
RE0569C,r1551,ST8SIA56g,ST6GALNAC22
RE0570C,r1552,STCOAtx,ST6GALNAC23
RE0571C,r1553,STRDNCCPT1,ST6GALNAC24
RE0574C,r1554,STRDNCCPT2,ST6GALNAC61
RE0575C,r1556,STRDNCCRNt,ST6GALNAC26
RE0576C_1,r1557,STRDNCt,ST6GALNAC27
RE0578C,r1559,STS1,ST6GALNAC28
RE0581C,r1560,STS2,ST6GALNAC31_1
RE0830C,r1561,SUCCtm,ST8SIA11
RE0915E,r1562,SUCCt4_2,ST8SIA12
RE0926E,r1563,SUCCtp,ST8SIA51g
RE0935E,r1564,SUCD1m,ST8SIA52g
RE0944E,r1565,SUCOAS1m,ST8SIA53g
RE0958C,r1566,SUCOASm,ST8SIA54g
RE0958E,r1567,SULFOX,ST8SIA55g
RE1441R_1,r1568,TAGAT_Dt,ST8SIA56g
RE1447M_1,r1569,TAURt4_2_r,STRDNCCPT1
RE1448R_1,r1570,TAURtcx,STRDNCCPT2
RE1516M,r1571,TCHOLAt,STRDNCCRNt
RE1516X,r1573,TCYNTt,STS1
RE1517M,r1574,TDP,STS1r
RE1517X,r1575,TETHEX3t,STS2
RE1518M,r1576,TETPENT3CPT1,STS2r
RE1518X,r1578,TETPENT3CPT2,SUCCtm
RE1519X,r1579,TETPENT3CRNt,SUCCt4_2
RE1520M,r1580,TETPENT3t,SUCCtp
RE1520X,r1581,TETPENT6COAtx,SUCD1m
RE1521M,r1583,TETPENT6CPT1,SUCOAS1m
RE1521X,r1584,TETPENT6CPT2,SUCOASm
RE1522M,r1585,TETPENT6CRNt,SUCRe
RE1522X,r1586,TETPENT6t,SULFOX
RE1523M,r1587,TETTET6CPT1,T4HCINNMFM
RE1523X,r1588,TETTET6CPT2,TAGAT_Dt
RE1525M,r1589,TETTET6CRNt,TAURt4_2_r
RE1525X,r1590,TETTET6t,TAURtcx
RE1526M,r1591,THBPT4ACAMDASE,TAXOLte
RE1526X,r1592,THD1m,TCHOLAt
RE1527M,r1593,THFt2_1,TCHOLAt2
RE1527X,r1594,THFtl,TCHOLAtx
RE1530M,r1595,THFtm,TCYNTt
RE1531M,r1596,THMMPt4_1,TCYNTtm
RE1531X,r1597,THMP,TDCHOLAtx
RE1532M,r1598,THMTP,TETPENT3CPT1
RE1532X,r1599,THMTPt_1,TETPENT3CPT2
RE1533M,r1600,THP2Ctp,TETPENT3CRNt
RE1533X,r1602,THRALANaEx,TETPENT3t
RE1534M,r1603,THRASNNaEx,TETPENT6COAtx
RE1534X,r1604,THRCYSNaEx,TETPENT6CPT1
RE1573M,r1605,THRGLNexR,TETPENT6CPT2
RE1573X,r1606,THRGLNNaEx,TETPENT6CRNt
CYANSTm,r1607,THRGLYexR,TETTET6CPT1
RE1711C,r1608,THRSERNaEx,TETTET6CPT2
RE1834C,r1609,THRt4,TETTET6CRNt
RE1834X,r1610,THYMDt1,TETTET6t
RE1835C,r1611,THYMDtl,THBPT4ACAMDASE
SCP3x,r1612,THYMDtm,THCHOLSTOICtm
RE1903R,r1613,THYMt,THD1m
RE1916C,r1614,THYOXt,THFt2_1
RE1957R_1,r1615,THYOXt2,THFtl
RE2069C,r1616,TMABADH,THMDt4
RE2080C,r1617,TMDK1m,THMMPt4_1
RE2122C,TYRPHELAT2tc,TMDPP,THMP
RE2296C,CYSPHELAT2tc,TMDPPK,THMTP
RE2346C,LEUPHELAT2tc,TMLYSOX,THMTPt_1
RE2562C,r1621,TMNDNCCPT1,THP2Ctp
RE2624M,ASNPHELAT2tc,TMNDNCCPT2,THRALANaEx
RE2624X,VALPHELAT2tc,TMNDNCCRNt,THRASNNaEx
RE2625C,THRPHELAT2tc,TMNDNCt,THRCYSNaEx
RE2626M,r1625,TRDR,THRGLNNaEx
RE2640C,ILEPHELAT2tc,TRDR2,THRSERNaEx
RE2649C,r1627,TRDR3,THRt4
RE2649M,r1628,TRIODTHYSULT,THYMDt1
B3GNT38g,r1629,TRIODTHYt,THYMDtl
RE2677G_1,r1630,TRIODTHYt2,THYMDtm
RE2677R_1,r1631,TRIOK,THYMt
RE2717L,r1632,TRPHYDRO2,THYOXt
RE2759X,r1633,TRPO2,THYOXt2
RE2912M,r1634,TRYPTAOX,THYPX
RE2972M_1,r1635,TSTSTERONEGLCte,TMABADH
RE2985M,r1636,TSTSTERONEGLCtr,TMDPP
RE2985X,r1637,TSTSTERONESte,TMLYSOX
RE2986X,r1638,TSTSTERONESULT,TMNDNCCPT1
RE2987X,r1639,TSTSTERONEt,TMNDNCCPT2
RE2988X,r1640,TSTSTERONEtr,TMNDNCCRNt
RE2989X,r1641,TSULt4_3,TOLBUTAMIDEte
RE2990X,r1642,TTDCAtr,TRDR
RE2991X,r1643,TTDCPT2,TREH
RE2992M,VALLAT1tc,TTDCRNt,TREHe
RE2992X,r1645,TXA2te,TRIODTHYSULT
RE2993X,r1646,TXA2tr,TRIODTHYt
RE2994X,ILELAT1tc,TXASr,TRIODTHYt2
RE2996X,r1648,TYMSFt,TRPHYDRO2
RE2997X,r1649,TYMSULT,TRPO2
RE2998M,r1650,TYR3MO2,TRPt4
RE2999M,r1651,TYRCBOX,TRYPTAOX
RE3000M,r1652,TYRDOPO,TSTSTERONEGLCte
RE3001M,r1653,TYRDOPO3,TSTSTERONEGLCtr
RE3002X,r1654,TYROXDAc,TSTSTERONESte
RE3003M,r1655,TYRt,TSTSTERONESULT
RE3004M,r1656,TYRTAim,TSULt4_3
RE3005M,r1657,UAG2EMA,TTDCAtr
RE3006M,r1658,UAGALDP,TTDCPT2
RE3010C,r1659,UDPACGALtl,TTDCRNt
RE3010M,r1660,UDPDOLPT_L,TXASr
RE3010X,r1661,UDPGALtg,TYMSFt
RE3011M,r1662,UDPGD,TYMSULT
RE3011R,r1664,UDPGLCAter,TYR3MO2
RE3012C,r1665,UDPGLCAtg,TYRASE
RE3012M,r1666,UDPGLCter,TYRCBOX
RE3012R,r1668,UDPGLDCg,TYRDOPO
RE3014R,r1669,UDPGP,TYRDOPO3
RE3015R,r1670,UDPtl,TYROXDAc
RE3016R,r1671,UDPXYLter,TYRt
RE3036C,r1672,UDPXYLtg,TYRt4
RE3050R,r1674,UGALGTg,TYRTAim
RE3074X,r1733,UGALNACtg,UAG2EMA
RE3081X,r1735,UGCG,UDPACGALtl
RE3082X,r1747,UGLCNACtg,UDPDOLPT_L
RE3086X,r1748,UGT1A10r_1,UDPGALtg
RE3103C,r1750,UGT1A3r,UDPGD
RE3104C,r1751,UGT1A4r,UDPGLCAter
RE3106C,r1754,UGT1A5r,UDPGLCAtg
RE3110C,r1762,UGT1A7r,UDPGLCter
RE3112C,r1763,UGT1A8r,UDPGLDCg
RE3113C,r1765,UGT1A9r,UDPGP
RE3114R,r1766,UMPK2,UDPtl
RE3119C,r1767,UMPK2n,UDPXYLter
RE3120C,r1769,UMPK3,UDPXYLtg
RE3121C,r1777,UMPK3n,UGALGTg
RE3122C,r1779,UMPK4,UGALNACtg
RE3132R,r1784,UMPK4n,UGLCNACtg
RE3146R,r1792,UMPK5,UGT1A10r_1
RE3151C,r1797,UMPK5n,UGT1A1r
RE3152C,r1807,UMPK6,UGT1A2r
RE3153C,r1808,UMPK6n,UGT1A3r
RE3154C,r1809,UMPK7,UGT1A4r
RE3156X,r1810,UMPK7n,UGT1A5r
RE3157X,r1811,UMPKn,UGT1A5r2
RE3158X,r1812,UPPN,UGT1A6r
RE3159X,r1814,URAt,UGT1A7r
RE3160R,r1815,URATEtx,UGT1A8r
RE3161C,r1822,UREAtm,UGT1A9r
RE3162C,r1823,URIDK2m,UMPK2
RE3163C,r1825,URIK1,UMPK2n
RE3164C,r1826,URIt,UMPK3
RE3165C,r1827,Uritl,UMPK3n
RE3166C,r1829,UROLACer,UMPK4
RE3167C,r1830,VACCt,UMPK4n
RE3168C,r1834,VALt5m,UMPK5
RE3169C,r1835,VALTAim,UMPK5n
RE3170C,r1837,VALtec,UMPK6
RE3171C,r1841,VLCS2p,UMPK6n
RE3172C,r1842,VLCS2r,UMPK7
RE3173C,r1844,VLCSp,UMPK7n
RE3174C,r1872,VLCSr,UMPKn
RE3175C,r1884,WHHDCAte,UPPN
RE3176C,r1885,WHTSTSTERONEte,URAt
RE3177M,r1886,XANDp,URATEtx
RE3178M,r1891,XANtx,UREAt5
RE3179M,r1892,XAO2x,UREAtm
RE3185M,r1893,XAOx,URIK1
RE3186M,r1900,XOL7AH2tm,URIt
RE3189M,r1906,XOL7AONEtr,URIt4
RE3190M,r1908,XOLEST2te,Uritl
RE3191M,r1910,XOLESTte,Uritn
RE3192M,r1957,XOLTRI24tc,UTPtn
RE3193M,r1962,XOLTRI24te,VALt4
RE3194M,r1963,XOLTRI25tc,VALt5m
RE3195M,r1967,XOLTRI25te,VALTAim
RE3224C,r1984,XOLTRI27tc,VALtec
RE3225C,r1989,XOLTRI27te,VLCS2p
RE3226C,r2079,XOLTRIOLtm,VLCS2r
RE3227C,r2080,XSERtg,VLCSp
RE3228C,r2081,XYLK,VLCSr
RE3229C,r2082,XYLTD_D,WHDDCAte
RE3230C,r2083,XYLTer,WHHDCAte
RE3231C,r2084,XYLtly,WHTSTSTERONEte
RE3232C,r2085,XYLUR,WHTTDCAte
RE3234C,r2086,EX_4abutn_e,XANDp
RE3235C,r2087,EX_acmana_e,XAO2x
RE3236C,r2088,EX_ahdt_e,XAOx
RE3238C,r2089,EX_ctp_e,XOL27OHtm
RE3239C,r2090,EX_dgmp_e,XOL7AH2tm
RE3241C,r2091,EX_dgtp_e,XOLEST2te
RE3242C,r2092,EX_fad_e,XOLESTte
RE3243C,r2093,EX_fald_e,XOLTRI24tc
RE3244C,r2094,EX_g1p_e,XOLTRI25tc
RE3247M,r2095,EX_isomal_e,XOLTRI25te
RE3247X,r2096,EX_HC00250_e,XOLTRI27tc
RE3268R_1,r2097,EX_HC01361_e,XOLTRIOLtm
PI35P3P,r2098,EX_HC01440_e,XSERtg
RE3273C_1,r2099,EX_HC01441_e,XYLK
RE3301C_1,r2100,EX_HC01444_e,XYLTer
RE3346C,r2101,EX_HC01446_e,XYLtly
RE3346M,r2102,EX_HC01577_e,XYLUR
RE3411C_1,r2103,EX_HC01609_e,YVITEt
RE3413C,r2104,EX_cpppg1_e,EX_4abutn_e
RE3417C_1,r2105,EX_HC01700_e,EX_acmana_e
RE3420C_1,r2106,EX_HC02160_e,EX_ahdt_e
RE3430C_1,r2107,EX_HC02161_e,EX_ctp_e
RE3430M,r2108,EX_orot_e,EX_dgmp_e
RE3430X,r2109,EX_udpg_e,EX_dgtp_e
RE3432M,r2110,r0002,EX_dha_e
RE3432X,r2111,r0009,EX_dhap_e
RE3470M,r2112,r0016,EX_dtmp_e
RE3475C,r2113,GDR,EX_dttp_e
RE3476C,r2114,GDRm,EX_fad_e
RE3476M,r2115,r0023,EX_fald_e
RE3485C,r2116,NOS2,EX_g1p_e
RE3488R,r2117,r0027,EX_isomal_e
RE3493C,r2118,NDP1,EX_HC00250_e
RE3496C,r2119,DPCOAKm,EX_HC01104_e
RE3526M,r2120,CPS_m,EX_HC01361_e
RE3556C,r2121,r0047,EX_HC01440_e
RE3565C,r2122,ACOAHim,EX_HC01441_e
RE3566C,r2123,r0068,EX_HC01444_e
RE3567C,r2124,r0074,EX_HC01446_e
RE3568C,r2125,ALATA_Lm,EX_HC01577_e
RE3587C,r2126,r0083,EX_HC01609_e
RE3597M,r2127,r0084,EX_cpppg1_e
RE3597X,r2128,r0085,EX_HC01700_e
RE3624M,r2129,r0086,EX_HC02160_e
RE3626M,r2130,r0093,EX_HC02161_e
RE3628M,r2131,r0097,EX_itp_e
EX_HC00955_e,r2132,r0113,EX_orot_e
EX_HC02194_e,r2133,NTPP2,EX_prpp_e
EX_HC02187_e,r2198,PYK3,EX_pydx5p_e
EX_HC02204_e,r2199,GTHRDH_syn,EX_udpg_e
EX_HC02213_e,r2202,GGTAe2,r0009
EX_malthp_e,r2219,r0139,r0016
EX_CE2838_e,r2222,r0142,GDR
CITt4_4,r2225,r0145,GDRm
HCO3_NAt,r2243,r0149,r0023
PIt8,r2244,PYK4,NOS2
PROt4_2_r,r2261,r0156,r0027
BIOMASS_reaction,r2288,r0157,NDP1
ADPACDAc,r2289,SPTc,DPCOAKm
ADPACTD,r2315,PYK2,CPS_m
ADPCOACROT,r2364,r0166,r0047
ADPCOAPTE,r2371,r0170,ALR
C10DCCACT,r2372,r0173,ACOAHim
C10DCc,AKGCITtm,SSALxm,r0068
C12DCACOT,r2374,r0181,r0074
C12DCACT,r2375,r0186,ALATA_Lm
C12DCTD,r2376,r0191,r0083
FA160COAabcp_1,r2377,r0193,r0085
C181OHc,r2378,r0196,r0086
ACRNtp,r2379,r0202,r0093
C30CPT1,r2380,r0205,r0097
C4CRNCPT2,r2385,MAN1PT,r0113
C4DCCACT,r2387,r0210,PYK3
C4tcx,r2420,r0221_1,GTHRDH_syn
C4tmc,r2425,DHFR2i,GGTAe2
C4x,CRNCARtm,DHFRim,r0139
C60CPT1,r2434,r0239,r0142
C6COAt,CARN160t_m,r0242,r0145
C6CRNtcx,CARN1819Zt_m,r0246,r0149
C6DCCACT,r2437,r0249,PYK4
C6DCc,r2438,GMPR,r0156
C8DCc,SERt2r,r0280,r0157
C9BRxtc,r2472,r0281,SPTc
DCSPTN1COAtxc,r2493,r0283,PYK2
DOCO13ECOAtxc,r2495,r0287,r0173
DOCO13EFATP,r2497,GMPS,SSALxm
DOCOSACTDr,r2502,r0308,r0181
EX_3octdece1crn_e,r2503,ACOAR7m,r0186
FAOXC101C102m,r2508,r0310,r0191
FAOXC101C102x,r2510,r0311,r0193
FAOXC101C8x,r2512,r0317,r0196
FAOXC101x,r2514,r0319,MAN1PT
FAOXC102C101m,r2516,r0321,r0210
FAOXC102C103m,r2517,r0340,r0221_1
FAOXC102C103x,r2518,r0354,DHFR2i
FAOXC102C81m,r2520,r0355,DHFRim
FAOXC102C81x,r2539,r0357,r0239
FAOXC102m,FACOAE180,r0358,r0242
FAOXC102x,RE0453N,r0360,r0246
FAOXC103C102m,RE0456N,r0361,r0249
FAOXC103C102x,RE0512M,r0363,GMPR
FAOXC10C10OHm,RE0512X,r0364,r0280
FAOXC10DCC8DCx,RE0565C,r0365,r0281
FAOXC11BRC9BRx,RE0566C,ADADir,r0283
FAOXC121C10x,RE0567C,r0380,GMPS
FAOXC121x,RE0568C,r0381,r0308
FAOXC122C101m,RE0569C,r0383,ACOAR7m
FAOXC122m,RE0570C,r0385,r0310
FAOXC122x,RE0571C,r0386,r0311
FAOXC123C102m,RE0574C,PYDXO_1,r0317
FAOXC123C102x,RE0575C,PYDXNO,r0319
FAOXC123m,RE0576C_1,r0390_1,r0340
FAOXC123x,RE0579C_1,NAPRT,r0354
FAOXC12C12OHm,RE0581C,r0393,r0355
FAOXC12DCC10DCx,RE0830N,HXAND,r0357
FAOXC12DCTc,RE0908C,XAO2,r0358
FAOXC12DCc,RE0912C,r0402,r0360
FAOXC12DCx,RE0915C,r0403,r0361
FAOXC13BRC11BRx,RE0915E,r0407,r0363
FAOXC141C121x,RE0916C,r0408,r0364
FAOXC142C122m,RE0918C,r0409,r0365
FAOXC142C122x,RE0926E,r0410,ADADir
FAOXC143C123m,RE0935E,AGPOP,r0380
FAOXC143C123x,RE0944E,r0423,r0381
FAOXC14C14OHm,RE0958C,r0424,r0383
FAOXC14DCC12DCx,RE0958E,r0425,r0385
FAOXC161C141x,RE1099C,r0426,r0386
FAOXC163C142x,STS3,r0431_1,PYDXO_1
FAOXC163C164Gm,STS4,r0432_1,PYDXNO
FAOXC163C164x,RE1441R_1,r0433_1,r0390_1
FAOXC163GC142m,RE1447M_1,r0434,NAPRT
FAOXC163Gm,RE1448N_1,r0437,r0393
FAOXC163x,RE1448R_1,r0438,HXAND
FAOXC164C143m,RE1516M,r0440,XAO2
FAOXC164C143x,RE1516X,r0441,PHETHPTOX
FAOXC164C163x,RE1517M,r0443,r0402
FAOXC164C165m,RE1517X,r0444,r0403
FAOXC164C165x,RE1518M,r0450,r0407
FAOXC164GC163m,RE1518X,r0451,r0408
FAOXC164m,RE1519X,DGNSK,r0409
FAOXC164x,RE1520M,r0463,AGPOP
FAOXC165C164m,RE1520X,r0465_1,r0425
FAOXC165C164x,RE1521M,r0466_1,r0426
FAOXC16DCC14DCx,RE1521X,RNTR1,r0431_1
FAOXC16DCr,RE1522M,RNTR2,r0432_1
FAOXC181C161x,RE1522X,RNTR3,r0433_1
FAOXC181C181OHm,RE1523M,RNTR4,r0434
FAOXC184C163m,RE1523X,r0480,r0437
FAOXC184C163x,RE1525M,r0483,r0438
FAOXC184C164x,RE1525X,HMGCOAR,r0440
FAOXC184m,RE1526M,r0494,r0441
FAOXC184x,RE1526X,r0497,r0443
FAOXC185C164m,RE1527M,XAND,r0444
FAOXC185m,RE1527X,XAO,r0450
FAOXC201C181x,RE1530M,r0509,r0451
FAOXC204C184m,RE1531M,r0510,DGNSK
FAOXC204C205x,RE1531X,r0511,r0463
FAOXC205C184x,RE1532M,r0512,r0465_1
FAOXC205C185m,RE1532X,r0514,r0466_1
FAOXC221C201x,RE1533M,r0517,RNTR2
FAOXC225C204m,RE1533X,THFATm,RNTR3
FAOXC225C204x,RE1534M,FTHFCLm,RNTR4
FAOXC225C226m,RE1534X,r0525,r0483
FAOXC225C226x,RE1573M,NMNDA,HMGCOAR
FAOXC225m,RE1573X,DUTCP,r0494
FAOXC225x,CYANSTm,SPHPL,r0497
FAOXC226C205m,RE1709N,CYSAMO_cho,XAND
FAOXC226C225m,RE1804M,r0541,XAO
FAOXC226C225x,RE1807M,ALDD19xr,r0510
FAOXC226C227m,RE1810M,r0546,r0511
FAOXC226m,RE1834C,ALDD19x_P,r0512
FAOXC227C226m,RE1834M,r0548,r0514
FAOXC4C4DCc,RE1834X,BETALDHx,r0517
FAOXC61m,SCP3x,BETALDHy,THFATm
FAOXC61x,RE1860E,r0555,FTHFCLm
FAOXC6DCC4DCx,RE1957R_1,r0557,r0525
FAOXC81C61m,RE2122C,r0560,DUTCP
FAOXC81C61x,RE2235R,DHRT_ibcoa,CYSAMO_cho
FAOXC8DCC6DCx,RE2270E,r0568,r0541
FAOXOHC16C16DCc,RE2273E,r0571,ALDD19xr
FAOXTC101TC102m,RE2407C,r0575,r0546
FAOXTC102C101m,RE2410C,APNPT,ALDD19x_P
FAOXTC122TC101m,RE2445E,r0579,r0548
FAOXTC122m,RE2624M,DNADDP,BETALDHx
FAOXTC142TC122m,RE2624X,r0587,r0555
FAOXTC162TC142m,RE2625C,PTPATim,r0557
FAOXTC182TC162m,RE2625M,DPCOAPP,r0560
FOAXC122C101x,RE2626M,AASAD3,DHRT_ibcoa
HEXDIACtr,RE2640C,r0595,r0568
HEXDICOAACBPx,RE2649C,r0596,r0571
HOCTDACBP,RE2649M,r0603,r0573
OCD11COACPT1_1,RE2660N,r0604,APNPT
OCD11CRNCACT,RE2666C_1,r0610,r0579
OCD11CRNCPT2_1,B3GNT38g,r0611,DNADDP
OCT11EFATP_1,RE2677C_1,HPROx,r0587
OCTDECCACT,RE2677R_1,HPROxm,PTPATim
OCTDECCPT1,RE2717L,HPROb,DPCOAPP
OCTDECCPT2,RE2759X,HPROym,r0595
OCTDECE1CRNe,RE2814M,r0627,r0596
SK_octdececoa_c,RE2888C_1,r0629,r0604
PRISTCOAtcx,RE2912M,r0633,r0610
SBCOAACOTx,RE2972M_1,ACACT4m,r0611
SCP21cx,RE2973N_1,r0636,HPROx
SEBACACT,RE2985M,r0637,HPROxm
SEBACIDTD,RE2985X,ACOAR5m,HPROb
SEBCOACROT,RE2986X,ACACT6m,HPROym
SEBCOAPET,RE2987X,r0641,r0627
STCOATxc,RE2988X,r0642,r0629
STRDNCCOAtxc,RE2989X,r0643,r0630
SUBEACTD,RE2990X,r0648,r0633
SUBERCACT,RE2991X,r0649_1,r0636
SUBERCROT,RE2992M,r0650,r0637
SUBERICACT,RE2992X,r0651,ACOAR5m
SUCCCROT,RE2993X,r0652_1,r0641
SUCCOAPET,RE2994X,ACACT7m,r0642
ALAALACNc,RE2996X,r0655,r0643
BALAt2r,RE2997X,r0656,r0647
FOLt,RE2998M,ECOAH5m,r0648
GLYGLYCNc,RE2999M,ECOAH5p,r0649_1
GLYSARCNc,RE3000M,PRAIS,r0650
GLYSARPEPT1tc,RE3001M,r0669,r0651
LINOFATPtc,RE3002X,r0670,r0652_1
OLEICFATPtc,RE3003M,r0672,r0656
PALFATPtc,RE3004M,r0673,ECOAH5m
AMPTASEPG,RE3005M,r0686,PRAIS
TAUPAT1c,RE3006M,r0688,r0669
THMATPe,RE3010C,r0698,r0670
1a25DHVITD3TRn,RE3010M,r0706,r0672
3AIB_Dtm,RE3010X,r0707,r0673
3HCO3_NAt,RE3011M,r0714_1,r0686
4HPROLTASCT1,RE3011R,r0715,r0688
ASPte,RE3012C,r0716_1,r0706
BTNt3i,RE3012M,r0717,r0707
CHOLESTle_1,RE3012R,HACD6m,r0715
DM_1a25dhvitd3_n,RE3014R,HACD6p,r0717
DPMVD,RE3015R,r0720_1,r0721
DSREDUCr,RE3016R,r0721,ECOAH4m
DTMPKm,RE3033C,HACD5m,ACOAR4m
EX_glysar_e,RE3038C,HACD5p,r0737
EX_oh1_e,RE3040C,ACACT5m,r0739
EX_q10h2_e,RE3051C,HACD4m,r0741
FADDPle,RE3074X,HACD4p,r0743
FE2DMT1,RE3079X,ECOAH4m,r0747
FE3t,RE3081X,ECOAH4p,r0750
ACP1e,RE3082X,r0730,r0752
GLU5SAtmc,RE3086X,r0731,r0753
GNDc,RE3095C,r0732,r0754
IPDDI,RE3103C,r0733,r0755
MAL_Ltx,RE3104C,r0734,r0756
MDHp,RE3106C,ACOAR4m,r0757
MEVK1,RE3110C,r0737,5HOXINDACTOX
P5CR,RE3112C,r0739,r0779
PGLc,RE3113C,r0741,LNS14DMr
PHEMEt,RE3114R,r0743,r0782
PMEVK,RE3119C,r0744,SBPP1
PNTOt5,RE3120C,r0747,ACOAR2m
PRO_Dtde,RE3121C,r0752,r0795
PTRCtex2,RE3122C,r0753,r0797
Q10H2e,RE3132R,r0754,r0813
RPEc,RE3134C,r0755,r0817
RTOTAL2FATPc,CHLSTD78I,r0756,r0819
RTOTALFATPc,RE3146R,r0757,SUCFUMtm
q10tm,RE3151C,5HOXINDACTOX,r0822
4HPRO_LTte,RE3152C,r0774,r0826
AHCYSte,RE3153C,r0779,r0829
IDOURte,RE3154C,LNS14DMr,r0830
EX_idour_e,RE3156X,r0782,r0834
IMPtr,RE3157X,r0783,r0835
ALAPAT4te,RE3158X,r0786,r0836
ARACHDFATPtc,RE3159X,SBPP1,r0840
FOLABCCte,RE3160R,r0788,r0845
FOLOATPtc,RE3161C,r0789,r0853
PROPAT4te,RE3162C,ACOAR2m,r0860
CAMPt,RE3163C,r0795,r0879
CGMPt,RE3165C,r0797,r0885
TRPt,RE3166C,r0812,r0907
Kt1,RE3167C,r0817,r0924
GLYCLm,RE3168C,r0818,r0926
ACRNte,RE3169C,r0819,r0927
PCRNte,RE3170C,SUCFUMtm,r0934
LNELDCCRNte,RE3171C,r0822,r0946
ODECRNte,RE3172C,r0826,r0954
STCRNte,RE3173C,r0829,r0960
PMTCRNte,RE3174C,r0830,r0961
HDCECRNte,RE3175C,r0834,r0962
DESAT14_9,RE3176C,r0835,r0968
LCAT10e,RE3177M,r0836,r0970
LCAT11e,RE3178M,NH4tm,r0973
LCAT12e,RE3179M,r0840,r0983
LCAT13e,RE3180C,r0841,r0984
LCAT14e,RE3181C,r0845,r0986
LCAT54e,RE3185M,r0853,r0989
LCAT55e,RE3186M,r0860,r0993
LCAT15e,RE3189M,r0879,r0994
LCAT16e,RE3190M,r0885,r0995
LCAT17e,RE3191M,r0892,r0997
LCAT18e,RE3192M,r0899,r0998
LCAT19e,RE3193M,MALICITtm,r0999
LCAT20e,RE3194M,r0915,r1000
LCAT21e,RE3195M,CITtcm,CARN1619Zt_m
LCAT22e,RE3224C,r0924,r1002
LCAT23e,RE3225C,r0926,r1003
LCAT25e,RE3226C,r0934,r1005
LCAT27e,RE3227C,r0940,r1006
LCAT29e,RE3228C,r0942,r1007
LCAT2e,RE3229C,SPMDtex2,r1008
LCAT30e,RE3230C,r0950,r1011
LCAT31e,RE3231C,r0954,r1012
LCAT32e,RE3232C,r0960,r1013
LCAT33e,RE3234C,r0961,r1015
LCAT34e,RE3235C,r0962,r1018
LCAT35e,RE3236C,r0968,r1025
LCAT36e,RE3237C,r0970,r1026
LCAT37e,RE3238C,r0973,r1028
LCAT38e,RE3241C,r0983,r1043
LCAT39e,RE3242C,r0984,r1044
LCAT3e,RE3243C,r0987,r1045
LCAT40e,RE3244C,r0990,r1051
LCAT41e,FACOAE181,r0994,r1078
LCAT42e,RE3247M,r0995,CITt4_1
LCAT43e,RE3247X,r0997,r1117
LCAT44e,RE3251M,r0999,r1135
LCAT45e,RE3258C,r1000,r1146
LCAT56e,RE3259C,r1002,r1150
LCAT46e,RE3268R_1,r1003,r1155
LCAT47e,PI35P3P,r1006,DUTUP
LCAT48e,PI4P4Pn,r1007,r1163
LCAT49e,RE3273C_1,r1008,r1164
LCAT4e,RE3273R_1,r1011,r1165
LCAT50e,RE3301C_1,r1012,r1166
LCAT51e,RE3307C,r1013,r1167
LCAT52e,RE3346C,r1018,r1168
LCAT53e,RE3346M,r1019,r1169
LCAT57e,RE3430C_1,r1020,r1170
LCAT5e,RE3430M,CHOLESTTDe,r1171
LCAT6e,RE3430X,r1052,r1172
LCAT7e,RE3431C,CITt4_1,r1174
LCAT8e,RE3432C,r1109,r1175
LCAT9e,RE3432M,r1116,r1177
SMS1,RE3432X,r1117,r1179
SMS10,RE3434C,r1134,r1181
SMS11,RE3435C,r1135,r1182
SMS12,RE3436C,r1143,r1183
SMS16,RE3437C,GLUt4,r1251
SMS13,RE3470C,r1146,r1252
SMS14,RE3470M,AKGICITtm,r1253
SMS15,RE3476C,r1148,r1254
SMS2,RE3476M,r1150,r1255
SMS3,RE3488R,OBDHm,r1257
SMS4,RE3496C,r1155,r1259
SMS5,RE3520E,DUTUP,r1260
SMS6,RE3525C,r1164,r1262
SMS7,RE3526C,r1165,r1298
SMS8,RE3526M,r1166,r1374
SMS9,RE3570C,r1167,r1380
XOLEST183CEH,RE3587C,r1168,r1382_1
XOLEST182CEH,RE3597C,r1169,r1383_1
XOLEST205CEH,RE3597M,r1170,r1384
XOLEST226CEH,RE3597X,r1171,r1411
PCHOLMYR_HSPLA2,RE3624M,r1172,HCO3Ee
PCHOLOLE_HSPLA2,RE3626M,r1174,r1435
PEOLE_HSPLA2,RE3628M,r1175,METtm
PCHOLPALME_HSPLA2,EX_HC00955_e,r1177,r1437
PCHOLPALM_HSPLA2,EX_HC02203_e,r1179,thr_mt
PEPALM_HSPLA2,EX_HC02213_e,r1181,ACOAO5p
PAILPALM_HSPLA2,EX_malthp_e,r1182,r1444
PCHOLSTE_HSPLA2,EX_CE2839_e,r1183,ACOAO4p
PCHOL2LINL_HSPLA2,EX_23cump_e,r1251,r1446
PE2LINL_HSPLA2,EX_3ump_e,r1252,r1447
PCHOL2OLE_HSPLA2,EX_CE5786_e,r1253,r1448
PCHOL2PALM_HSPLA2,EX_CE5789_e,r1254,r1449
PCHOL2STE_HSPLA2,EX_CE5797_e,r1255,r1450
PCHOLN15_HSPLA2,EX_CE5798_e,r1257,r1451
PCHOLAR_HSPLA2,EX_CE5867_e,r1259,r1454
PCHOLN183_HSPLA2,EX_CE5868_e,r1260,r1459
PCHOLN1836_HSPLA2,EX_CE5869_e,r1262,r1487
PCHOLN19_HSPLA2,EX_crm_hs_e,r1292,r1495
PCHOLN201_HSPLA2,EX_CE0074_e,r1298,r1497
PCHOLN204_HSPLA2,EX_C04849_e,r1303,r1498
PCHOLN205_HSPLA2,CITt4_4,r1304,r1499
PCHOLN224_HSPLA2,HCO3_NAt,r1318,r1500
PCHOLN225_HSPLA2,PIt8,r1364,r1501
PCHOLN2254_HSPLA2,PROt4_2_r,r1365,r1502
PCHOLN226_HSPLA2,BIOMASS_reaction,r1378,r1503
PEAR_HSPLA2,2MB2COAc,r1380,r1514
PE203_HSPLA2,3HBCOARc,r1382_1,r1515
PE226_HSPLA2,ADPACDAc,r1383_1,r1516
PE224_HSPLA2,ADPACTD,r1384,r1517
PEDH203_HSPLA2,ADPCOACROT,r1391,r1518
PEDH12_HSPLA2,ADPCOAPTE,r1392,r1519
PEDH14_HSPLA2,BCRNe,r1411,r1520
PEDH161_HSPLA2,C100CPT1,HCO3Ee,r1521
PEDH13_HSPLA2,SK_c101coa_c,r1421,r1522
PEDH15_HSPLA2,C101CPT1,r1435,r1523
PEDH17_HSPLA2,C101CRNe,ACOAO5p,r1525
PCHOLN203_HSPLA2,C102CPT1,r1444,r1527
PAILAR_HSPLA2,C10CRNe,ACOAO4p,r1529
PCHOLN24_HSPLA2,C10DCCACT,r1446,r1530
PCHOLN261_HSPLA2,C10DCc,r1447,r1531_1
PCHOLN281_HSPLA2,C10OHc,r1448,r1532_1
PCHOLN28_HSPLA2,C120CPT1,r1449,r1533_1
PCHOLDOC_HSPLA2,C121CPT1,r1450,r1536
PCHOLDEIC_HSPLA2,C12DCACOT,r1451,HCO3_2NAt
PCHOLDET_HSPLA2,C12DCACT,r1454,r1540
PCHOLHEP_HSPLA2,C12DCTD,r1457,TYRPHELAT2tc
PCHOLLINL_HSPLA2,C12OHc,r1459,CYSPHELAT2tc
PELINL_HSPLA2,TTDCPT1,r1472,LEUPHELAT2tc
4AABUTNt,C141ACBP,r1474,ASNPHELAT2tc
AMETt,C141CPT1,r1477,VALPHELAT2tc
ARACHETH,C141OHc,r1481,THRPHELAT2tc
C02712te,C141OHe,r1487,ILEPHELAT2tc
CE2510t,C142ACBP,r1514,r1664
CE2537ATP,C142CPT1,r1515,r1665
CE6247t,C142OHc,r1516,r1666
CE7172ATP,C142OHe,r1517,r1668
DIDECAETH,C14OHc,r1518,r1669
DIHOLINETH,C161OHc,r1519,r1670
DOCOHEXETHc,C162ACBP,r1520,r1671
DOCTETETH,C162OHc,r1521,r1672
EX_4aabutn_e,C162OHe,r1522,r1673
EX_aracheth_e,C16DCc,r1523,r1674
EX_C02712_e,C16DCe,r1525,r1675
EX_CE6247_e,C16OHc,r1527,r1676
EX_CE7172_e,FA160COAabcp_1,r1529,r1677
EX_didecaeth_e,C181OHc,r1530,r1678
EX_diholineth_e,C182OHc,r1531_1,r1679
EX_docohxeth_e,C18OHc,r1532_1,r1680
EX_docteteth_e,ACRNtp,r1533_1,r1681
EX_hepdeceth_e,C30CPT1,r1536,r1682
EX_hexdeceeth_e,C3DCe,HCO3_2NAt,r1683
EX_leuktrB4woh_e,C40CPT1,r1540,r1684
EX_lineth_e,C4CRNCPT2,r1544,r1685
EX_oleth_e,C4DCCACT,r1546,r1686
EX_pailar_hs_e,C4OHc,r1547,r1687
EX_pailpalm_hs_e,C4tcx,r1548,r1690
EX_pailste_hs_e,C4tmc,r1549,r1691
EX_pchol2linl_hs_e,C4x,r1551,r1692
EX_pchol2ole_hs_e,C50CPT1,r1552,r1693
EX_pchol2palm_hs_e,C51CPT1,r1553,r1695
EX_pchol2ste_hs_e,C5DCe,r1554,r1696
EX_pcholar_hs_e,C60CPT1,r1556,r1698
EX_pcholdoc_hs_e,C6COAt,r1557,r1700
EX_pcholeic_hs_e,C6CRNtcx,r1559,r1701
EX_pcholet_hs_e,C6DCCACT,r1560,r1702
EX_pcholhep_hs_e,C6DCc,r1561,r1705
EX_pchollinl_hs_e,C80CPT1,r1562,r1706
EX_pcholmyr_hs_e,SK_c81coa_c,r1563,r1707
EX_pcholn15_hs_e,C81CPT1,r1564,r1708
EX_pcholn183_hs_e,C81CRNe,r1565,r1710
EX_pcholn1836_hs_e,C8DCc,r1566,r1711
EX_pcholn19_hs_e,C9BRxtc,r1567,r1713
EX_pcholn201_hs_e,DCATDc,r1568,r1715
EX_pcholn203_hs_e,DCATDr,r1569,r1716
EX_pcholn204_hs_e,SK_dd2coa_c,r1570,r1717
EX_pcholn205_hs_e,DDCRNe,r1571,r1720
EX_pcholn224_hs_e,DDECCRNe,r1573,r1721
EX_pcholn225_hs_e,DDECE1CRNe,r1574,r1722
EX_pcholn2254_hs_e,DECCRNe,r1575,r1723
EX_pcholn226_hs_e,SK_decdicoa_c,r1576,r1725
EX_pcholn24_hs_e,DECDICRNe,r1578,r1726
EX_pcholn261_hs_e,DOCO13EFATP,r1579,r1728
EX_pcholn28_hs_e,DOCOSACT,r1580,r1730
EX_pcholn281_hs_e,DOCOSACTDe,r1581,r1731
EX_pcholole_hs_e,DOCOSACTDr,r1583,r1732
EX_pcholpalm_hs_e,DOCOSDIACTD,r1584,r1733
EX_pcholpalme_hs_e,EX_3bcrn_e,r1585,r1734
EX_pcholste_hs_e,EX_3ddcrn_e,r1586,r1735
EX_pe14_hs_e,EX_3deccrn_e,r1587,r1736
EX_pe17_hs_e,EX_3hdececrn_e,r1588,r1737
EX_pe203_hs_e,EX_3hexdcrn_e,r1589,r1738
EX_pe2linl_hs_e,EX_3ivcrn_e,r1590,r1739
EX_pendecaeth_e,EX_3octdec2crn_e,r1591,r1740
EX_pmeth_e,EX_3octdeccrn_e,r1592,r1741
EX_sphmyln180241_hs_e,EX_3octdece1crn_e,r1593,r1742
EX_sphmyln18114_hs_e,EX_3tdcrn_e,r1594,r1743
EX_sphmyln18115_hs_e,EX_3tetd7ecoacrn_e,r1595,r1744
EX_sphmyln18116_hs_e,EX_3thexddcoacrn_e,r1596,r1745
EX_sphmyln181161_hs_e,EX_3ttetddcoacrn_e,r1597,r1746
EX_sphmyln18117_hs_e,EX_c101crn_e,r1598,r1747
EX_sphmyln18118_hs_e,EX_c10crn_e,r1599,r1748
EX_sphmyln181181_hs_e,EX_c16dc_e,r1600,r1749
EX_sphmyln18120_hs_e,EX_c3dc_e,r1602,r1750
EX_sphmyln181201_hs_e,EX_c51crn_e,r1603,r1751
EX_sphmyln18121_hs_e,EX_c5dc_e,r1604,r1752
EX_sphmyln18122_hs_e,EX_c81crn_e,r1605,r1753
EX_sphmyln181221_hs_e,EX_ddece1crn_e,r1606,r1754
EX_sphmyln18123_hs_e,EX_ddeccrn_e,r1607,r1755
EX_sphmyln1824_hs_e,EX_decdicrn_e,r1608,r1756
EX_sphmyln1825_hs_e,EX_doco13ac_e,r1609,r1757
EX_steeth_e,EX_docosac_e,r1610,r1758
EX_tetdecaeth_e,EX_docosdiac_e,r1611,r1759
EX_trideceth_e,EX_ivcrn_e,r1612,r1760
EX_xolest181_hs_e,EX_tetdec2crn_e,r1613,r1761
EX_xolest182_hs_e,EX_tetdece1crn_e,r1614,r1762
EX_xolest204_hs_e,EX_dca_e,r1615,r1763
EX_xolest205_hs_e,FAOXC101C102m,r1616,r1764
EX_xolest226_hs_e,FAOXC101C102x,r1617,r1765
HC02149td,FAOXC101C8m,TYRPHELAT2tc,r1766
HEPDECETH,FAOXC101C8x,CYSPHELAT2tc,r1767
HEXDECEETH,FAOXC101x,LEUPHELAT2tc,r1768
IND3ACt,FAOXC102C101m,r1621,r1769
LEUKTRB4WOHt,FAOXC102C101x,ASNPHELAT2tc,r1770
OLEETH,FAOXC102C103m,VALPHELAT2tc,r1771
PELINETH,FAOXC102C103x,THRPHELAT2tc,r1772
PENDECAETH,FAOXC102C81m,r1625,r1773
PEPALM,FAOXC102C81x,ILEPHELAT2tc,r1774
STEETH,FAOXC102m,r1627,r1775
TETDECAETH,FAOXC102x,r1628,r1776
TRIDECETH,FAOXC103C102m,r1629,r1777
7KLITCHOLc,FAOXC103C102x,r1630,r1778
HC02194c,FAOXC10C10OHm,r1631,r1779
PHACCOAGLYACm,FAOXC10080m,r1632,r1780
PHEACGLYsec,FAOXC10DCC8DCx,r1633,r1781
EX_pheacgly_e,FAOXC11BRC9BRx,r1634,r1782
GLYPROt,FAOXC11C9m,r1635,r1783
EX_alaargcys_e,FAOXC121C101m,r1636,r1784
EX_alaarggly_e,FAOXC121C10x,r1637,r1785
EX_alaasnleu_e,FAOXC121x,r1638,r1786
EX_alaglylys_e,FAOXC122C101m,r1639,r1787
EX_alahisala_e,FAOXC122m,r1640,r1788
EX_alalysthr_e,FAOXC122x,r1641,r1789
EX_argalaala_e,FAOXC123C102m,r1642,r1790
EX_argalaphe_e,FAOXC123C102x,r1643,r1791
EX_argalathr_e,FAOXC123m,VALLAT1tc,r1792
EX_argarg_e,FAOXC123x,r1645,r1796
EX_argarglys_e,FAOXC120100m,r1646,r1797
EX_argargmet_e,FAOXC12C12OHm,ILELAT1tc,r1798
EX_argcysgly_e,FAOXC12DCC10DCx,r1648,r1799
EX_argcysser_e,FAOXC12DCTc,r1649,r1800
EX_arggluglu_e,FAOXC12DCc,r1650,r1801
EX_argglupro_e,FAOXC12DCx,r1651,r1803
EX_argglygly_e,FAOXC13BRC11BRx,r1652,r1805
EX_arghisthr_e,FAOXC13C11m,r1653,r1806
EX_argleuphe_e,FAOXC141C121m,r1654,r1807
EX_arglysasp_e,FAOXC141C141OHm,r1655,r1808
EX_argphearg_e,FAOXC142C122m,r1656,r1809
EX_argpromet_e,FAOXC142C122x,r1657,r1810
EX_argprothr_e,FAOXC142C142OHm,r1658,r1811
EX_argserser_e,FAOXC143C123m,r1659,r1812
EX_argtyrval_e,FAOXC143C123x,r1660,r1813
EX_argvalcys_e,FAOXC140120m,r1661,r1814
EX_argvaltrp_e,FAOXC14C14OHm,r1662,r1815
EX_asnasnarg_e,FAOXC14DCC12DCx,r1664,r1816
EX_asncyscys_e,FAOXC15ATPx,r1665,r1817
EX_asnmetpro_e,FAOXC15C13m,r1666,r1818
EX_asnpheasp_e,FAOXC15NADPx,r1668,r1819
EX_asnphecys_e,FAOXC15NADx,r1669,r1820
EX_asntyrgly_e,FAOXC161C141m,r1670,r1821
EX_asntyrphe_e,FAOXC161C161OHm,r1671,r1822
EX_asntyrthr_e,FAOXC162C142m,r1672,r1823
EX_aspalaarg_e,FAOXC162C162OHm,r1673,r1824
EX_aspasnglu_e,FAOXC163C142x,r1674,r1825
EX_aspglu_e,FAOXC163C143m,r1675,r1826
EX_aspglupro_e,FAOXC163C164Gm,r1676,r1827
EX_aspglutrp_e,FAOXC163C164x,r1677,r1828
EX_asphiscys_e,FAOXC163GC142m,r1678,r1829
EX_asphispro_e,FAOXC163Gm,r1679,r1830
EX_asplysglu_e,FAOXC163x,r1680,r1831
EX_asplyshis_e,FAOXC164C143m,r1681,r1832
EX_aspmetasp_e,FAOXC164C143x,r1682,r1833
EX_aspprolys_e,FAOXC164C163x,r1683,r1834
EX_aspvalasn_e,FAOXC164C165m,r1684,r1835
EX_cysasnmet_e,FAOXC164C165x,r1685,r1836
EX_cysaspphe_e,FAOXC164GC163m,r1686,r1837
EX_cyscys_e,FAOXC164m,r1687,r1841
EX_cysglnmet_e,FAOXC164x,r1690,r1842
EX_cysgluhis_e,FAOXC165C164m,r1691,r1843
EX_cysglutrp_e,FAOXC165C164x,r1692,r1844
EX_cysleuthr_e,FAOXC16Brx,r1693,r1846
EX_cyssermet_e,FAOXC160140m,r1695,r1847
EX_cystyrasn_e,FAOXC160140x,r1696,r1848
EX_glnasngln_e,FAOXC16C16OHm,r1698,r1850
EX_glnhishis_e,FAOXC16DCC14DCx,r1700,r1851
EX_glnhislys_e,FAOXC16DCr,r1701,r1852
EX_glnlyslys_e,FAOXC170150m,r1702,r1853
EX_glnlystrp_e,FAOXC181C161m,r1705,r1854
EX_glnproglu_e,FAOXC181C181OHm,r1706,r1855
EX_glntrpglu_e,FAOXC182C162m,r1707,r1856
EX_glntyrleu_e,FAOXC182C182OHm,r1708,r1857
EX_gluargleu_e,FAOXC183C163Gm,r1710,r1858
EX_gluasnleu_e,FAOXC183C163m,r1711,r1859
EX_gluglu_e,FAOXC184C163m,r1713,r1860
EX_gluilelys_e,FAOXC184C163x,r1715,r1861
EX_gluleu_e,FAOXC184C164m,r1716,r1862
EX_glumet_e,FAOXC184C164x,r1717,r1863
EX_glumethis_e,FAOXC184m,r1720,r1864
EX_gluthr_e,FAOXC184x,r1721,r1865
EX_gluthrlys_e,FAOXC185C164m,r1722,r1866
EX_glutrpala_e,FAOXC185m,r1723,r1867
EX_glyhisasn_e,FAOXC18C18OHm,r1725,r1871
EX_glyhislys_e,FAOXC204C184m,r1726,r1872
EX_glylyscys_e,FAOXC204C205x,r1728,r1873
EX_glylysphe_e,FAOXC205C184x,r1730,r1874
EX_glytyrlys_e,FAOXC205C185m,r1731,r1876
EX_glyvalhis_e,FAOXC225C204m,r1732,r1877
EX_hisargcys_e,FAOXC225C204x,r1733,r1879
EX_hisargser_e,FAOXC225C226m,r1734,r1880
EX_hisasp_e,FAOXC225C226x,r1735,r1881
EX_hiscyscys_e,FAOXC225m,r1736,r1882
EX_hisglnala_e,FAOXC225x,r1737,r1883
EX_hisglu_e,FAOXC226C205m,r1738,r1884
EX_hisglugln_e,FAOXC226C225m,r1739,r1885
EX_hisglylys_e,FAOXC226C225x,r1740,r1886
EX_hishislys_e,FAOXC226C227m,r1741,r1887
EX_hislysala_e,FAOXC226m,r1742,r1888
EX_hislysglu_e,FAOXC227C226m,r1743,r1889
EX_hislysile_e,FAOXC22OHC22r,r1744,r1890
EX_hislysthr_e,FAOXC3DC,r1745,r1891
EX_hislysval_e,FAOXC4020m,r1746,r1892
EX_hismet_e,FAOXC4C4DCc,r1747,r1893
EX_hismetgln_e,FAOXC5C3x,r1748,r1894
EX_hisphearg_e,FAOXC5C5DCc,r1749,r1895
EX_hisprolys_e,FAOXC5C5OHm,r1750,r1896
EX_histrphis_e,FAOXC5OHc,r1751,r1897
EX_ileargile_e,FAOXC61C4m,r1752,r1898
EX_ileasnhis_e,FAOXC61C4x,r1753,r1899
EX_ileasp_e,FAOXC61m,r1754,r1900
EX_ileglnglu_e,FAOXC61x,r1755,r1901
EX_ileglyarg_e,FAOXC6C4m,r1756,r1902
EX_ileprolys_e,FAOXC7C5m,r1757,r1903
EX_ileserarg_e,FAOXC81C61m,r1758,r1904
EX_iletrptyr_e,FAOXC81C61x,r1759,r1905
EX_leualaarg_e,FAOXC8C6m,r1760,r1906
EX_leuasnasp_e,FAOXC9C7m,r1761,r1907
EX_leuasplys_e,FAOXMC10OHMC10r,r1762,r1908
EX_leuleutrp_e,FAOXOHC16C16DCc,r1763,r1909
EX_leupro_e,FAOXOHC22C22DCc,r1764,r1910
EX_leuproarg_e,FAOXOHMC10DC10c,r1765,r1911
EX_leusertrp_e,FAOXTC101TC102m,r1766,r1912
EX_leutrp_e,FAOXTC102C101m,r1767,r1913
EX_leutrparg_e,FAOXTC122TC101m,r1768,r1914
EX_leutyrtyr_e,FAOXTC122m,r1769,r1915
EX_leuval_e,FAOXTC142TC122m,r1770,r1916
EX_lysargleu_e,FAOXTC162TC142m,r1771,r1917
EX_lyscyshis_e,FAOXTC182TC162m,r1772,r1918
EX_lysglnphe_e,FOAXC122C101x,r1773,r1919
EX_lysgluglu_e,GLUTCOAACBP,r1774,r1920
EX_lyslyslys_e,HDCACBP,r1775,r1921
EX_lyspheile_e,HDDACBP,r1776,r1922
EX_lystrparg_e,HDECAACBP,r1777,r1923
EX_lystyrile_e,HDECEACBP,r1778,r1924
EX_lysvalphe_e,HEDCECRNe,r1779,r1925
EX_lysvaltrp_e,HEXCOAACBP,r1780,r1926
EX_metargleu_e,HEXDCRNe,r1781,r1928
EX_metasntyr_e,HEXDIACtr,r1782,r1929
EX_metglntyr_e,HEXDICOAACBP,r1783,r1930
EX_metglyarg_e,HEXDICOAACBPx,r1784,r1931
EX_methislys_e,HIVCACBP,r1785,r1932
EX_metmetile_e,HIVCRNe,r1786,r1933
EX_metphearg_e,HOCDACBP,r1787,r1934
EX_mettrpphe_e,HOCTDACBP,r1788,r1935
EX_pheasnmet_e,HOCTDEC2CRNe,r1789,r1936
EX_pheasp_e,HOCTDECCRNe,r1790,r1937
EX_pheglnphe_e,HTDCACBP,r1791,r1938
EX_pheleu_e,HTDCRNe,r1792,r1939
EX_pheleuasp_e,IVCOAACBP,r1796,r1940
EX_pheleuhis_e,IVCRNe,r1797,r1941
EX_phelysala_e,OCD11COACPT1_1,r1798,r1942
EX_phelyspro_e,OCD11CRNCACT,r1799,r1943
EX_phephe_e,OCD11CRNCPT2_1,r1800,r1944
EX_phepheasn_e,OCT11EFATP_1,r1801,r1945
EX_phephethr_e,OCTDEC2ACBP,r1803,r1946
EX_pheproarg_e,OCTDECCACT,r1805,r1947
EX_phesertrp_e,OCTDECCPT1,r1806,r1948
EX_phethrlys_e,OCTDECCPT2,r1807,r1949
EX_phetrpleu_e,OCTDECE1CRNe,r1808,r1950
EX_phetyr_e,SK_octdececoa_c,r1809,r1951
EX_phetyrgln_e,OMHDEACIDTD,r1810,r1952
EX_phetyrlys_e,OMHDOCOSACTD,r1811,r1953
EX_proargasp_e,PRISTCOAtcx,r1812,r1954
EX_proargcys_e,SBCOAACOTx,r1813,r1955
EX_proasncys_e,SEBACACT,r1814,r1956
EX_procys_e,SEBACIDTD,r1815,r1957
EX_proglnpro_e,SEBCOACROT,r1816,r1958
EX_proglulys_e,SEBCOAPET,r1817,r1959
EX_prohis_e,STCOATxc,r1818,r1960
EX_prohistyr_e,STRDNCCOAtxc,r1819,r1961
EX_proleuarg_e,SUBEACTD,r1820,r1962
EX_prolyspro_e,SUBERCACT,r1821,r1963
EX_prophe_e,SUBERCROT,r1822,r1964
EX_proproarg_e,SUBERICACT,r1823,r1965
EX_propropro_e,SUCCCROT,r1824,r1966
EX_protrplys_e,SUCCOAPET,r1825,r1967
EX_protrpthr_e,SK_tetdec2coa_c,r1826,r1968
EX_provalgln_e,TETDEC2CRNe,r1827,r1969
EX_serargala_e,SK_tetdece1coa_c,r1828,r1970
EX_serargtrp_e,TETDECE1CRNe,r1829,r1971
EX_sercysarg_e,TIGCRNe,r1830,r1972
EX_serglyglu_e,FOLt,r1831,r1973
EX_serlyshis_e,PALFATPtc,r1832,r1974
EX_serphelys_e,PEHSFABPe,r1833,r1975
EX_sertrphis_e,PHEyLATthc,r1834,r1976
EX_thrargtyr_e,TAUPAT1c,r1835,r1977
EX_thrasntyr_e,3HCO3_NAt,r1836,r1978
EX_thrglnglu_e,4HPROLTASCT1,r1837,r1979
EX_thrglntyr_e,CHOLESACATc_1,r1841,r1980
EX_thrhishis_e,CHOLESTle_1,r1842,r1981
EX_thrilearg_e,CHSTEROLtrc,r1843,r1982
EX_thrmetarg_e,DPMVD,r1844,r1983
EX_thrphearg_e,DSREDUCr,r1846,r1984
EX_thrserarg_e,DTMPKm,r1847,r1985
EX_thrthrarg_e,EX_oh1_e,r1848,r1986
EX_thrtyrmet_e,EX_q10h2_e,r1850,r1987
EX_trpalapro_e,FADH2ETC,r1851,r1988
EX_trpargala_e,FRDPtcr,r1852,r1989
EX_trpaspasp_e,G6PDH2c,r1853,r1990
EX_trpglngln_e,GNDc,r1854,r1991
EX_trpglugly_e,IPDDI,r1855,r1992
EX_trpgluleu_e,MEVK1,r1856,r1993
EX_trpglupro_e,MTHFR3,r1857,r1994
EX_trpglutyr_e,P5CR,r1858,r1995
EX_trpglyleu_e,PGLc,r1859,r1996
EX_trpglyphe_e,PMEVK,r1860,r1997
EX_trpglyval_e,PTRCtex2,r1861,r1998
EX_trphismet_e,Q10H2e,r1862,r1999
EX_trpilelys_e,RPEc,r1863,r2000
EX_trpiletrp_e,RTOTAL2FATPc,r1864,r2001
EX_trpleuval_e,RTOTALFATPc,r1865,r2002
EX_trplys_e,SK_5HPET_c,r1866,r2003
EX_trpmetarg_e,q10tm,r1867,r2004
EX_trpmetval_e,4HPRO_LTte,r1871,r2005
EX_trpphe_e,5MTAte,r1872,r2006
EX_trpprogly_e,EX_5mta_e,r1873,r2007
EX_trpproleu_e,IDOURte,r1874,r2008
EX_trpproval_e,EX_idour_e,r1876,r2009
EX_trpsertyr_e,5HOXINDOAtr,r1877,r2010
EX_trpthrglu_e,LKYNRtr,r1879,r2011
EX_trpthrile_e,LKYNRtr2,r1880,r2012
EX_trpthrtyr_e,BALAPAT1tc2,r1881,r2013
EX_trptyrgln_e,GLCURtr,r1882,r2014
EX_trptyrtyr_e,XTSNtr,r1883,r2015
EX_trpvalasp_e,IMPtr,r1884,r2016
EX_tyrala_e,EX_5hoxindoa_e,r1885,r2017
EX_tyralaphe_e,EX_cala_e,r1886,r2018
EX_tyrargglu_e,EX_xtsn_e,r1887,r2019
EX_tyrargser_e,ALAPAT4te,r1888,r2020
EX_tyrasparg_e,ARACHDFATPtc,r1889,r2021
EX_tyrcysgly_e,DOPAENT4tc,r1890,r2022
EX_tyrcysthr_e,FOLOAT2tc,r1891,r2023
EX_tyrglu_e,FOLOATPtc,r1892,r2024
EX_tyrleuarg_e,H2OGLYAQPt,r1893,r2026
EX_tyrphetyr_e,PROPAT4te,r1894,r2027
EX_tyrthr_e,GLCt4,r1895,r2028
EX_tyrtrpphe_e,TRPt,r1896,r2029
EX_tyrtyr_e,Kt1,r1897,r2030
EX_tyrvalmet_e,GLYCLm,r1898,r2031
EX_valarggly_e,15KPROSTGF2c,r1899,r2032
EX_valhisasn_e,AND19ONEc,r1900,r2034
EX_valleuphe_e,C14825c,r1901,r2035
EX_vallystyr_e,DESAT14_9,r1902,r2036
EX_valphearg_e,LCAT10e,r1903,r2037
EX_valprotrp_e,LCAT11e,r1904,r2038
EX_valserarg_e,LCAT12e,r1905,r2039
EX_valtrpphe_e,LCAT13e,r1906,r2040
EX_valtrpval_e,LCAT14e,r1907,r2041
EX_valval_e,LCAT54e,r1908,r2042
EX_trpglyasp_e,LCAT55e,r1909,r2043
ALAARGCYSt,LCAT15e,r1910,r2044
ALAARGGLYt,LCAT16e,r1911,r2045
ALAASNLEUt,LCAT17e,r1912,r2046
ALAGLYLYSt,LCAT18e,r1913,r2047
ALAHISALAt,LCAT19e,r1914,r2048
ALALYSTHRt,LCAT20e,r1915,r2049
ARGALAALAt,LCAT21e,r1916,r2050
ARGALAPHEt,LCAT22e,r1917,r2051
ARGALATHRt,LCAT23e,r1918,r2052
ARGARGt,LCAT25e,r1919,r2053
ARGARGLYSt,LCAT27e,r1920,r2054
ARGARGMETt,LCAT29e,r1921,r2055
ARGCYSGLYt,LCAT2e,r1922,r2056
ARGCYSSERt,LCAT30e,r1923,r2057
ARGGLUGLUt,LCAT31e,r1924,r2058
ARGGLUPROt,LCAT32e,r1925,r2059
ARGGLYGLYt,LCAT33e,r1926,r2060
ARGHISTHRt,LCAT34e,r1928,r2061
ARGLEUPHEt,LCAT35e,r1929,r2062
ARGLYSASPt,LCAT36e,r1930,r2063
ARGPHEARGt,LCAT37e,r1931,r2064
ARGPROMETt,LCAT38e,r1932,r2065
ARGPROTHRt,LCAT39e,r1933,r2066
ARGSERSERt,LCAT3e,r1934,r2067
ARGTYRVALt,LCAT40e,r1935,r2068
ARGVALCYSt,LCAT41e,r1936,r2069
ARGVALTRPt,LCAT42e,r1937,r2070
ASNASNARGt,LCAT43e,r1938,r2071
ASNCYSCYSt,LCAT44e,r1939,r2073_1
ASNMETPROt,LCAT45e,r1940,r2079
ASNPHEASPt,LCAT56e,r1941,r2080
ASNPHECYSt,LCAT46e,r1942,r2081
ASNTYRGLYt,LCAT47e,r1943,r2082
ASNTYRPHEt,LCAT48e,r1944,r2083
ASNTYRTHRt,LCAT49e,r1945,r2084
ASPALAARGt,LCAT4e,r1946,r2085
ASPASNGLUt,LCAT50e,r1947,r2086
ASPGLUt,LCAT51e,r1948,r2087
ASPGLUPROt,LCAT52e,r1949,r2088
ASPGLUTRPt,LCAT53e,r1950,r2089
ASPHISCYSt,LCAT57e,r1951,r2090
ASPHISPROt,LCAT5e,r1952,r2091
ASPLYSGLUt,LCAT6e,r1953,r2092
ASPLYSHISt,LCAT7e,r1954,r2093
ASPMETASPt,LCAT8e,r1955,r2094
ASPPROLYSt,LCAT9e,r1956,r2095
ASPVALASNt,SMS1,r1957,r2096
CYSASNMETt,SMS10,r1958,r2097
CYSASPPHEt,SMS11,r1959,r2098
CYSCYSt,SMS12,r1960,r2099
CYSGLNMETt,SMS16,r1961,r2100
CYSGLUHISt,SMS13,r1962,r2101
CYSGLUTRPt,SMS14,r1963,r2102
CYSLEUTHRt,SMS15,r1964,r2103
CYSSERMETt,SMS2,r1965,r2104
CYSTYRASNt,SMS3,r1966,r2105
GLNASNGLNt,SMS4,r1967,r2106
GLNHISHISt,SMS5,r1968,r2107
GLNHISLYSt,SMS6,r1969,r2108
GLNLYSLYSt,SMS7,r1970,r2109
GLNLYSTRPt,SMS8,r1971,r2110
GLNPROGLUt,SMS9,r1972,r2111
GLNTRPGLUt,XOLEST183CEH,r1973,r2112
GLNTYRLEUt,XOLEST182CEH,r1974,r2113
GLUARGLEUt,XOLEST205CEH,r1975,r2114
GLUASNLEUt,XOLEST226CEH,r1976,r2115
GLUGLUt,PCHOLMYR_HSPLA2,r1977,r2116
GLUILELYSt,PCHOLOLE_HSPLA2,r1978,r2117
GLULEUt,PEOLE_HSPLA2,r1979,r2118
GLUMETt,PCHOLPALME_HSPLA2,r1980,r2119
GLUMETHISt,PCHOLPALM_HSPLA2,r1981,r2120
GLUTHRt,PEPALM_HSPLA2,r1982,r2121
GLUTHRLYSt,PAILPALM_HSPLA2,r1983,r2122
GLUTRPALAt,PCHOLSTE_HSPLA2,r1984,r2123
GLYHISASNt,PCHOL2LINL_HSPLA2,r1985,r2124
GLYHISLYSt,PE2LINL_HSPLA2,r1986,r2125
GLYLYSCYSt,PCHOL2OLE_HSPLA2,r1987,r2126
GLYLYSPHEt,PCHOL2PALM_HSPLA2,r1988,r2127
GLYTYRLYSt,PCHOL2STE_HSPLA2,r1989,r2128
GLYVALHISt,PCHOLN15_HSPLA2,r1990,r2129
HISARGCYSt,PCHOLAR_HSPLA2,r1991,r2130
HISARGSERt,PCHOLN183_HSPLA2,r2073_1,r2131
HISASPt,PCHOLN1836_HSPLA2,r2079,r2132
HISCYSCYSt,PCHOLN19_HSPLA2,r2080,r2133
HISGLNALAt,PCHOLN201_HSPLA2,r2081,r2136
HISGLUt,PCHOLN204_HSPLA2,r2082,r2139
HISGLUGLNt,PCHOLN205_HSPLA2,r2083,r2140
HISGLYLYSt,PCHOLN224_HSPLA2,r2084,r2141
HISHISLYSt,PCHOLN225_HSPLA2,r2085,r2142
HISLYSALAt,PCHOLN2254_HSPLA2,r2086,r2143
HISLYSGLUt,PCHOLN226_HSPLA2,r2087,r2144
HISLYSILEt,PEAR_HSPLA2,r2088,r2145
HISLYSTHRt,PE203_HSPLA2,r2089,r2146
HISLYSVALt,PE226_HSPLA2,r2090,r2147
HISMETt,PE224_HSPLA2,r2091,r2148
HISMETGLNt,PEDH203_HSPLA2,r2092,r2149
HISPHEARGt,PEDH12_HSPLA2,r2093,r2150
HISPROLYSt,PEDH14_HSPLA2,r2094,r2151
HISTRPHISt,PEDH161_HSPLA2,r2095,r2152
ILEARGILEt,PEDH13_HSPLA2,r2096,r2153
ILEASNHISt,PEDH15_HSPLA2,r2097,r2154
ILEASPt,PEDH17_HSPLA2,r2098,r2155
ILEGLNGLUt,PCHOLN203_HSPLA2,r2099,r2156
ILEGLYARGt,PAILAR_HSPLA2,r2100,r2157
ILEPROLYSt,PCHOLN24_HSPLA2,r2101,r2158
ILESERARGt,PCHOLN261_HSPLA2,r2102,r2159
ILETRPTYRt,PCHOLN281_HSPLA2,r2103,r2160
LEUALAARGt,PCHOLN28_HSPLA2,r2104,r2161
LEUASNASPt,PCHOLDOC_HSPLA2,r2105,r2162
LEUASPLYSt,PCHOLDEIC_HSPLA2,r2106,r2163
LEULEUTRPt,PCHOLDET_HSPLA2,r2107,r2164
LEUPROt,PCHOLHEP_HSPLA2,r2108,r2165
LEUPROARGt,PCHOLLINL_HSPLA2,r2109,r2166
LEUSERTRPt,PELINL_HSPLA2,r2110,r2167
LEUTRPt,GPDDACHOL,r2111,r2168
LEUTRPARGt,GLYC2P3Pc,r2112,r2169
LEUTYRTYRt,15HPETATP,r2113,r2170
LEUVALt,15KPROSTGF2t,r2114,r2171
LYSARGLEUt,4AABUTNt,r2115,r2172
LYSCYSHISt,ACORNt,r2116,r2173
LYSGLNPHEt,AND19ONEt,r2117,r2174
LYSGLUGLUt,ARACHETH,r2118,r2175
LYSLYSLYSt,C02712te,r2119,r2176
LYSPHEILEt,C04717td,r2120,r2177
LYSTRPARGt,C06314t,r2121,r2178
LYSTYRILEt,C06315t,r2122,r2179
LYSVALPHEt,C14768td,r2123,r2180
LYSVALTRPt,C14769td1,r2124,r2181
METARGLEUt,EX_C14769_e,r2125,r2182
METASNTYRt,C14770ATP,r2126,r2183
METGLNTYRt,C14771ATP,r2127,r2184
METGLYARGt,CE2445t,r2128,r2185
METHISLYSt,CE2537ATP,r2129,r2186
METMETILEt,CE6247t,r2130,r2187
METPHEARGt,CORTSNti,r2131,r2188
METTRPPHEt,DIDECAETH,r2132,r2189
PHEASNMETt,DIHOLINETH,r2133,r2190
PHEASPt,DOCOHEXETHc,r2198,r2191
PHEGLNPHEt,DOCTETETH,r2199,r2192
PHELEUt,EX_12HPET_e,r2200,r2193
PHELEUASPt,EX_15HPET_e,r2201,r2194
PHELEUHISt,EX_15kprostgf2_e,r2202,r2195
PHELYSALAt,EX_4aabutn_e,r2218,r2196
PHELYSPROt,EX_acorn_e,r2219,r2197
PHEPHEt,EX_adpac_e,r2220,r2198
PHEPHEASNt,EX_and19one_e,r2221,r2199
PHEPHETHRt,EX_aracheth_e,r2222,r2200
PHEPROARGt,EX_C02712_e,r2223,r2201
PHESERTRPt,EX_C04717_e,r2224,r2202
PHETHRLYSt,EX_C06314_e,r2225,r2203
PHETRPLEUt,EX_C06315_e,r2226,r2204
PHETYRt,EX_C14768_e,r2227,r2205
PHETYRGLNt,EX_C14770_e,r2228,r2206
PHETYRLYSt,EX_C14771_e,r2229,r2207
PROARGASPt,EX_CE2445_e,r2230,r2208
PROARGCYSt,EX_CE2537_e,r2231,r2209
PROASNCYSt,EX_CE6247_e,r2232,r2210
PROCYSt,EX_didecaeth_e,r2233,r2211
PROGLNPROt,EX_diholineth_e,r2234,r2212
PROGLULYSt,EX_docohxeth_e,r2235,r2213
PROHISt,EX_docteteth_e,r2236,r2214
PROHISTYRt,EX_hepdeceth_e,r2237,r2215
PROLEUARGt,EX_hexdeceeth_e,r2238,r2216
PROLYSPROt,EX_hxcoa_e,r2239,r2217
PROPHEt,EX_leuktrB4woh_e,r2240,r2218
PROPROARGt,EX_lineth_e,r2241,r2219
PROPROPROt,EX_lnlccrn_e,r2242,r2220
PROTRPLYSt,EX_lthstrl_e,r2243,r2221
PROTRPTHRt,EX_Nacasp_e,r2244,r2222
PROVALGLNt,EX_oleth_e,r2245,r2223
SERARGALAt,EX_pailar_hs_e,r2246,r2224
SERARGTRPt,EX_pailpalm_hs_e,r2247,r2225
SERCYSARGt,EX_pailste_hs_e,r2248,r2226
SERGLYGLUt,EX_pchol2linl_hs_e,r2249,r2227
SERLYSHISt,EX_pchol2ole_hs_e,r2250,r2228
SERPHELYSt,EX_pchol2palm_hs_e,r2251,r2229
SERTRPHISt,EX_pchol2ste_hs_e,r2252,r2230
THRARGTYRt,EX_pcholar_hs_e,r2253,r2231
THRASNTYRt,EX_pcholdoc_hs_e,r2254,r2232
THRGLNGLUt,EX_pcholeic_hs_e,r2255,r2233
THRGLNTYRt,EX_pcholet_hs_e,r2256,r2234
THRHISHISt,EX_pcholhep_hs_e,r2257,r2235
THRILEARGt,EX_pchollinl_hs_e,r2258,r2236
THRMETARGt,EX_pcholmyr_hs_e,r2259,r2237
THRPHEARGt,EX_pcholn15_hs_e,r2260,r2238
THRSERARGt,EX_pcholn183_hs_e,r2261,r2239
THRTHRARGt,EX_pcholn1836_hs_e,r2262,r2240
THRTYRMETt,EX_pcholn19_hs_e,r2263,r2241
TRPALAPROt,EX_pcholn201_hs_e,r2264,r2242
TRPARGALAt,EX_pcholn203_hs_e,r2265,r2243
TRPASPASPt,EX_pcholn204_hs_e,r2266,r2244
TRPGLNGLNt,EX_pcholn205_hs_e,r2267,r2245
TRPGLUGLYt,EX_pcholn224_hs_e,r2268,r2246
TRPGLULEUt,EX_pcholn225_hs_e,r2269,r2247
TRPGLUPROt,EX_pcholn2254_hs_e,r2270,r2248
TRPGLUTYRt,EX_pcholn226_hs_e,r2271,r2249
TRPGLYLEUt,EX_pcholn24_hs_e,r2272,r2250
TRPGLYPHEt,EX_pcholn261_hs_e,r2273,r2251
TRPGLYVALt,EX_pcholn28_hs_e,r2274,r2252
TRPHISMETt,EX_pcholn281_hs_e,r2275,r2253
TRPILELYSt,EX_pcholole_hs_e,r2276,r2254
TRPILETRPt,EX_pcholpalm_hs_e,r2277,r2255
TRPLEUVALt,EX_pcholpalme_hs_e,r2278,r2256
TRPLYSt,EX_pcholste_hs_e,r2279,r2257
TRPMETARGt,EX_pe13_hs_e,r2280,r2258
TRPMETVALt,EX_pe14_hs_e,r2281,r2259
TRPPHEt,EX_pe161_hs_e,r2282,r2260
TRPPROGLYt,EX_pe17_hs_e,r2283,r2261
TRPPROLEUt,EX_pe203_hs_e,r2284,r2262
TRPPROVALt,EX_pe224_hs_e,r2285,r2263
TRPSERTYRt,EX_pe226_hs_e,r2286,r2264
TRPTHRGLUt,EX_pe2linl_hs_e,r2287,r2265
TRPTHRILEt,EX_pear_hs_e,r2288,r2266
TRPTHRTYRt,EX_pedh203_hs_e,r2289,r2267
TRPTYRGLNt,EX_pelinl_hs_e,r2290,r2268
TRPTYRTYRt,EX_pendecaeth_e,r2291,r2269
TRPVALASPt,EX_peole_hs_e,r2292,r2270
TYRALAt,EX_pepalm_hs_e,r2293,r2271
TYRALAPHEt,EX_pmeth_e,r2294,r2272
TYRARGGLUt,EX_sphmyln180241_hs_e,r2295,r2273
TYRARGSERt,EX_sphmyln18114_hs_e,r2296,r2274
TYRASPARGt,EX_sphmyln18115_hs_e,r2297,r2275
TYRCYSGLYt,EX_sphmyln18116_hs_e,r2298,r2276
TYRCYSTHRt,EX_sphmyln181161_hs_e,r2299,r2277
TYRGLUt,EX_sphmyln18117_hs_e,r2300,r2278
TYRLEUARGt,EX_sphmyln18118_hs_e,r2301,r2279
TYRPHETYRt,EX_sphmyln181181_hs_e,r2302,r2280
TYRTHRt,EX_sphmyln18120_hs_e,r2303,r2281
TYRTRPPHEt,EX_sphmyln181201_hs_e,r2304,r2282
TYRTYRt,EX_sphmyln18121_hs_e,r2305,r2283
TYRVALMETt,EX_sphmyln18122_hs_e,r2306,r2284
VALARGGLYt,EX_sphmyln181221_hs_e,r2307,r2285
VALHISASNt,EX_sphmyln18123_hs_e,r2311,r2286
VALLEUPHEt,EX_sphmyln1824_hs_e,r2313,r2287
VALLYSTYRt,EX_sphmyln1825_hs_e,r2314,r2288
VALPHEARGt,EX_steeth_e,r2333,r2289
VALPROTRPt,EX_tetdecaeth_e,r2338,r2290
VALSERARGt,EX_trideceth_e,r2346,r2291
VALTRPPHEt,EX_wharachd_e,r2354,r2292
VALTRPVALt,EX_xolest181_hs_e,r2355,r2293
VALVALt,EX_xolest182_hs_e,r2356,r2294
TRPGLYASPt,EX_xolest204_hs_e,r2357,r2295
ALAARGCYSr,EX_xolest205_hs_e,r2358,r2296
ALAARGGLYr,EX_xolest226_hs_e,r2359,r2297
ALAASNLEUr,GLYCLTt,r2360,r2298
ALAGLYLYSr,HEPDECETH,r2361,r2299
ALAHISALAr,HEXDECEETH,r2362,r2300
ALALYSTHRr,HXCOAte,r2363,r2301
ARGALAALAr,IND3ACt,r2364,r2302
ARGALAPHEr,LEUKTRB4WOHt,r2365,r2303
ARGALATHRr,LEUKTRB4WOHtr,r2366,r2304
ARGARGr,LNLCCRNtd,r2367,r2305
ARGARGLYSr,LTHSTRLt,r2368,r2306
ARGARGMETr,NACASPt,r2369,r2307
ARGCYSGLYr,OLEETH,r2371,r2308
ARGCYSSERr,PELINETH,r2372,r2309
ARGGLUGLUr,PENDECAETH,AKGCITtm,r2310
ARGGLUPROr,PEPALM,r2374,r2311
ARGGLYGLYr,STEETH,r2375,r2312
ARGHISTHRr,TETDECAETH,r2376,r2313
ARGLEUPHEr,TRIDECETH,r2377,r2314
ARGLYSASPr,WHARACHDtr,r2378,r2315
ARGPHEARGr,EX_estriol_e,r2379,r2316
ARGPROMETr,EX_glyclt_e,r2380,r2317
ARGPROTHRr,PHACCOAGLYACm,r2381,r2318
ARGSERSERr,PHEACGLYsec,r2382,r2319
ARGTYRVALr,PCSF,r2384,r2320
ARGVALCYSr,PCRESOLup,r2385,r2321
ARGVALTRPr,PCSsec,r2386,r2322
ASNASNARGr,EX_pheacgly_e,r2387,r2323
ASNCYSCYSr,EX_pcresol_e,r2388,r2324
ASNMETPROr,EX_pcs_e,r2389,r2325
ASNPHEASPr,MALTTTRt,r2390,r2326
ASNPHECYSr,DHBPTt,r2391,r2327
ASNTYRGLYr,EX_dhbpt_e,r2392,r2328
ASNTYRPHEr,HOMOVALte,r2393,r2329
ASNTYRTHRr,EX_homoval_e,r2394,r2330
ASPALAARGr,GLYCLTtm,r2419,r2331
ASPASNGLUr,PCHOL2PALM_HSte,r2420,r2332
ASPGLUr,XOLEST183te,r2425,r2333
ASPGLUPROr,XOLEST182_HSte,CRNCARtm,r2334
ASPGLUTRPr,XOLEST205_HSte,r2434,r2335
ASPHISCYSr,XOLEST226_HSte,CARN160t_m,r2338
ASPHISPROr,PE224_HSte,CARN1819Zt_m,r2341
ASPLYSGLUr,PCHOLN261_HSte,r2437,r2342
ASPLYSHISr,PCHOLN281_HSte,r2438,r2343
ASPMETASPr,PCHOLN28_HSte,r2465_1,r2344
ASPPROLYSr,EX_sphmyln_hs_e,SERt2r,r2346
ASPVALASNr,XOLEST183tl,r2472,r2347
CYSASNMETr,XOLEST182tl,G6Pt6er,r2352
CYSASPPHEr,XOLEST205tl,r2482,r2353
CYSCYSr,TMNDNCtl,r2483,r2354
CYSGLNMETr,XOLEST226tl,r2489,r2355
CYSGLUHISr,CRVNCtl,r2490,r2356
CYSGLUTRPr,PHEACGLYtm,r2494,r2357
CYSLEUTHRr,TTDCEAc,r2495,r2358
CYSSERMETr,PACCOALm,r2496,r2359
CYSTYRASNr,PACALDtm,r2497,r2360
GLNASNGLNr,PA_HStm,r2498,r2361
GLNHISHISr,2MOPtm,r2499,r2362
GLNHISLYSr,MMALtm,r2501,r2363
GLNLYSLYSr,PGPP_hsc,r2502,r2364
GLNLYSTRPr,CE2512te,r2503,r2365
GLNPROGLUr,r2514m,r2505,r2366
GLNTRPGLUr,ADRNLtu,r2506,r2367
GLNTYRLEUr,ARGt5r,r2510,r2368
GLUARGLEUr,UNK3,r2512,r2369
GLUASNLEUr,ACGALtr,r2514,ASCBt5
GLUGLUr,EX_f1a_e,r2515,r2380
GLUILELYSr,EX_lpam_e,r2516,r2395
GLULEUr,LPAMt,r2517,r2396
GLUMETr,EX_acgal_e,r2518,r2397
GLUMETHISr,EX_pa_hs_e,r2520,r2398
GLUTHRr,F1Ate,r2521,r2399
GLUTHRLYSr,LPAMtm,r2539,r2400
GLUTRPALAr,PROSTGE2t2r,EX_so3_e,r2401
GLYHISASNr,ESTR2r,FACOAE180,r2402
GLYHISLYSr,SK_C02528_c,RE0452M,r2403
GLYLYSCYSr,SK_Tyr_ggn_c,RE0453M,r2404
GLYLYSPHEr,SK_crvnc_c,RE0453N,r2405
GLYTYRLYSr,SK_dgchol_c,RE0456N,r2406
GLYVALHISr,SK_doco13ecoa_c,RE0512M,r2407
HISARGCYSr,SK_glygn2_c,RE0512X,r2408
HISARGSERr,SK_lnlc_c,RE0565C,r2409
HISASPr,SK_lnlncacoa_c,RE0566C,r2410
HISCYSCYSr,SK_nad_c,RE0567C,r2411
HISGLNALAr,SK_pydam_c,RE0568C,r2412
HISGLUr,SK_pydx_c,RE0569C,r2413
HISGLUGLNr,SK_pydxn_c,RE0570C,r2416
HISGLYLYSr,SK_retinol_c,RE0571C,r2419
HISHISLYSr,SK_stcoa_c,RE0574C,r2420
HISLYSALAr,SK_tag_hs_c,RE0575C,CRNCARtm
HISLYSGLUr,SK_tchola_c,RE0576C_1,r2434
HISLYSILEr,SK_thf_c,RE0577C,CARN160t_m
HISLYSTHRr,SK_tmndnc_c,RE0578C,CARN1819Zt_m
HISLYSVALr,SK_dhcholestanate_c,RE0579C_1,r2437
HISMETr,SK_thcholstoic_c,RE0581C,r2438
HISMETGLNr,SK_xol7aone_c,ECOAR,r2439
HISPHEARGr,SK_xoldiolone_c,RE0830N,r2447
HISPROLYSr,EX_2obut_e,RE0908C,r2449
HISTRPHISr,ACACT1r,RE0912C,r2465_1
ILEARGILEr,ACACt2,RE0915C,SERt2r
ILEASNHISr,ACCOAL,RE0915E,r2472
ILEASPr,ACONT,RE0916C,G6Pt6er
ILEGLNGLUr,ACS,RE0918C,r2482
ILEGLYARGr,ADK1,RE0926E,r2483
ILEPROLYSr,ADNt2,RE0935E,r2484
ILESERARGr,ADPT,RE0944E,r2485
ILETRPTYRr,ADSS,RE0958C,r2486
LEUALAARGr,ASP1DC,RE0958E,r2487
LEUASNASPr,ASPTA,RE1050E,r2488
LEUASPLYSr,BPNT,RE1099C,r2489
LEULEUTRPr,BUTt2r,STS3,r2490
LEUPROr,CBPS,STS4,r2491
LEUPROARGr,CPPPGO,RE1233C,r2492
LEUSERTRPr,CTPS1,SPMDAT1,r2493
LEUTRPr,CTPS2,SPMDAT2,r2494
LEUTRPARGr,CYSTGL,AADSACYCL,r2495
LEUTYRTYRr,CYSTS,RE1342C,r2496
LEUVALr,DGK1,RE1441R_1,r2497
LYSARGLEUr,DHORTS,RE1447M_1,r2498
LYSCYSHISr,DHPR,RE1447N_1,r2499
LYSGLNPHEr,DMATT,RE1448N_1,r2501
LYSGLUGLUr,DPCOAK,RE1448R_1,r2502
LYSLYSLYSr,DTMPK,RE1516M,r2503
LYSPHEILEr,DURIPP,RE1516X,r2505
LYSTRPARGr,ENO,RE1517M,r2509
LYSTYRILEr,EX_din_e,RE1517X,r2514
LYSVALPHEr,EX_ins_e,RE1518M,r2516
LYSVALTRPr,EX_lys__L_e,RE1518X,r2520
METARGLEUr,EX_o2_e,RE1519X,GLNt
METASNTYRr,EX_ppi_e,RE1520M,r2526
METGLNTYRr,EX_ser__L_e,RE1520X,r2532
METGLYARGr,EX_so4_e,RE1521M,r2534
METHISLYSr,EX_thymd_e,RE1521X,r2535
METMETILEr,EX_urea_e,RE1522M,r2538
METPHEARGr,EX_uri_e,RE1522X,r2539
METTRPPHEr,FBA,RE1523M,EX_so3_e
PHEASNMETr,FBA2,RE1523X,EX_sprm_e
PHEASPr,FMNAT,RE1525M,FACOAE180
PHEGLNPHEr,FPGS7_1,RE1525X,GULND
PHELEUr,FTHFCL,RE1526M,RE0453M
PHELEUASPr,FUM,RE1526X,RE0453N
PHELEUHISr,G3PD1ir,RE1527M,RE0456N
PHELYSALAr,G6PDH2r,RE1527X,RE0512M
PHELYSPROr,GALUi,RE1530C,RE0512X
PHEPHEr,GAPD,RE1530M,RE0549C
PHEPHEASNr,GF6PTA,RE1531M,RE0565C
PHEPHETHRr,GK1,RE1531X,RE0566C
PHEPROARGr,GLNS,RE1532M,RE0567C
PHESERTRPr,GMAND,RE1532X,RE0568C
PHETHRLYSr,GMPS2,RE1533M,RE0569C
PHETRPLEUr,GRTT,RE1533X,RE0569E
PHETYRr,GTPCI,RE1534M,RE0570C
PHETYRGLNr,HCO3E,RE1534X,RE0571C
PHETYRLYSr,H2Ot,RE1573M,RE0574C
PROARGASPr,HEX1,RE1573X,RE0575C
PROARGCYSr,HMBS,RE1587C,RE0576C_1
PROASNCYSr,ILETA,RE1630C,RE0577C
PROCYSr,IMPD,CYANSTm,RE0578C
PROGLNPROr,LEUTA,RE1709N,RE0579C_1
PROGLULYSr,L_LACt2r,HSD3B7,RE0581C
PROHISr,MAN1PT2,RE1804M,RE0688E
PROHISTYRr,MAN6PI,RE1807M,RE0689E
PROLEUARGr,MTHFC,RE1834C,RE0690E
PROLYSPROr,MTHFD,RE1834M,RE0827E
PROPHEr,NADK,RE1834X,RE0828E
PROPROARGr,NAt3_1,RE1835C,RE0830C
PROPROPROr,NDPK1,RE1836C,RE0830N
PROTRPLYSr,NDPK2,SCP3x,RE0908C
PROTRPTHRr,NDPK3,RE1845C,RE0912C
PROVALGLNr,NDPK4,RE1860E,RE0915E
SERARGALAr,NDPK5,RE1915C,RE0916C
SERARGTRPr,NDPK6,RE1916C,RE0918C
SERCYSARGr,NDPK7,RE1925C,RE0926E
SERGLYGLUr,NDPK8,RE1957R_1,RE0935E
SERLYSHISr,NDPK9,RE2080C,RE0936E
SERPHELYSr,NNATr,RE2112C,RE0937E
SERTRPHISr,NTD1,RE2112R,RE0938E
THRARGTYRr,O2t,RE2130C,RE0944E
THRASNTYRr,OMPDC,RE2154C,RE0958C
THRGLNGLUr,PGI,RE2155C,RE0958E
THRGLNTYRr,PGK,RE2235R,RE1050E
THRHISHISr,PGL,RE2270E,RE1099C
THRILEARGr,PGM,RE2273E,STS3
THRMETARGr,PGMT,RE2296C,STS3r
THRPHEARGr,PMANM,RE2346C,STS4
THRSERARGr,PNTK,RE2386C,STS4r
THRTHRARGr,PPA,RE2404C,RE1233C
THRTYRMETr,PPBNGS,RE2407C,SPMDAT1
TRPALAPROr,PPCDC,RE2410C,SPMDAT2
TRPARGALAr,PPM,RE2426C,AADSACYCL
TRPASPASPr,PPNCL3,RE2427M,CYP2R1
TRPGLNGLNr,PRO1x,RE2428M,RE1441R_1
TRPGLUGLYr,PROt2r,RE2445E,RE1447M_1
TRPGLULEUr,PRPPS,RE2514E,RE1448N_1
TRPGLUPROr,PSERT,RE2526C,RE1448R_1
TRPGLUTYRr,PSP_L,RE2541C,RE1516M
TRPGLYLEUr,PTPATi,RE2541E,RE1516X
TRPGLYPHEr,PUNP3,RE2624M,RE1517M
TRPGLYVALr,RBFK,RE2624X,RE1517X
TRPHISMETr,RNDR1,RE2625C,RE1518X
TRPILELYSr,RNDR2,RE2625M,RE1519X
TRPILETRPr,RNDR3,RE2626M,RE1520M
TRPLEUVALr,RNDR4,RE2640C,RE1520X
TRPLYSr,RPE,RE2644C,RE1521M
TRPMETARGr,RPI,RE2649C,RE1521X
TRPMETVALr,SPMS,RE2649M,RE1522M
TRPPHEr,SPODM,RE2655R,RE1522X
TRPPROGLYr,TALA,RE2660N,RE1523M
TRPPROLEUr,THRS,RE2666C_1,RE1523X
TRPPROVALr,TKT1,B3GNT38g,RE1525M
TRPSERTYRr,TKT2,RE2677C_1,RE1525X
TRPTHRGLUr,TMDK1,RE2677R_1,RE1526M
TRPTHRILEr,TPI,RE2717L,RE1526X
TRPTHRTYRr,UAG4Ei,RE2759X,RE1527M
TRPTYRGLNr,UAGDP,RE2766C,RE1527X
TRPTYRTYRr,UDPG4E,RE2814R,RE1530M
TRPVALASPr,UMPK,RE2888C_1,RE1531M
TYRALAr,UPP3S,RE2912M,RE1531X
TYRALAPHEr,UPPDC1,PYK6,RE1532M
TYRARGGLUr,UREAt,RE2972M_1,RE1532X
TYRARGSERr,URIDK2r,RE2973N_1,RE1533M
TYRASPARGr,VALTA,RE2985M,RE1533X
TYRCYSGLYr,r0082,RE2985X,RE1534M
TYRCYSTHRr,r0220_1,RE2986X,RE1534X
TYRGLUr,r0318,RE2987X,RE1573M
TYRLEUARGr,DADK,RE2988X,RE1573X
TYRPHETYRr,r0398,RE2989X,RE1587C
TYRTHRr,r0422,RE2990X,RE1630C
TYRTRPPHEr,PPM2,RE2991X,CYANSTm
TYRTYRr,PPNCL2,RE2992M,RE1709N
TYRVALMETr,ACCOAC,RE2992X,RE1796M
VALARGGLYr,FPGS_1,RE2993X,HSD3B7
VALHISASNr,EX_pnto__R_e,RE2994X,RE1804M
VALLEUPHEr,EX_gly_e,RE2996X,RE1807M
VALLYSTYRr,GLYt2r,RE2997X,RE1834C
VALPHEARGr,EX_ala__L_e,RE2998M,RE1834M
VALPROTRPr,ALAt2r,RE2999M,RE1834X
VALSERARGr,EX_gln__L_e,RE3000M,RE1835C
VALTRPPHEr,EX_tyr__L_e,RE3001M,SCP3x
VALTRPVALr,NTD2,RE3002X,RE1845C
VALVALr,NTD4,RE3003M,BAAT5x
TRPGLYASPr,NTD5,RE3004M,RE1846C
HOMOVALte,NTD6,RE3005M,RE1860E
EX_homoval_e,NTD7,RE3006M,RE1916C
GLYCLTtm,NTD8,RE3010C,RE1918C
PCHOL2PALM_HSte,NTD9,RE3010M,RE1957R_1
XOLEST183te,NTD10,RE3010X,RE2030M
XOLEST182_HSte,NTD11,RE3011M,RE2079R
XOLEST205_HSte,NADS2,RE3011R,RE2080C
XOLEST226_HSte,ADPRDP,RE3012C,RE2111M
PE224_HSte,EX_ind3ac_e,RE3012M,RE2112R
PCHOLN261_HSte,ALCD1,RE3012R,RE2147C
PCHOLN281_HSte,RBK,RE3013C,RE2154C
PCHOLN28_HSte,ADNK1,RE3014R,RE2155C
ACRNtr,GCALDD,RE3015R,RE2223M
HDCECRNtr,GLYCK,RE3016R,RE2235R
LNELDCCRNtr,ABUTD,RE3017R,RE2269E
ODECRNtr,ACYP,RE3038C,RE2270E
PMTCRNtr,AGDC,RE3040C,RE2273E
STCRNtr,AICART,RE3050R,RE2296C
XOLEST183tl,ALDD2x,RE3051C,RE2304E
XOLEST182tl,AMANK,RE3052C,RE2346C
XOLEST205tl,ARGSL,RE3076X,RE2349C
TMNDNCtl,CITL,RE3074X,RE2386C
XOLEST226tl,CYTK1,RE3079X,RE2404C
CRVNCtl,CYTK2,RE3081X,RE2405C
PHEACGLYtm,DRBK,RE3082X,RE2407C
TTDCEAc,EX_glcr_e,RE3086X,RE2410C
PACCOALm,EX_glcur_e,RE3095C,RE2426C
PACALDtm,EX_malttr_e,RE3103C,RE2427M
2MOPtm,EX_rib__D_e,RE3104C,RE2428M
MMALtm,EX_ura_e,RE3106C,RE2429M
PSDm_hsc,EX_xyl__D_e,RE3108C,RE2445E
PGPP_hsc,FACOAL161,RE3110C,RE2514E
r2514m,G6PDA,RE3112C,RE2526C
ACNAMt2,GALKr,RE3113C,RE2541C
ADRNLtu,GALT,RE3114R,RE2541E
ARGt5r,GLUPRT,RE3119C,RE2562C
UGT1A10c,GLXO1,RE3120C,RE2624M
UNK3,GLYK,RE3121C,RE2624X
EX_lpam_e,GLYOX,RE3122C,RE2625C
LPAMt,GND,RE3132R,RE2625M
EX_pa_hs_e,HEX7,RE3134C,RE2626M
34HPLtm,IMACTD,CHLSTD78I,RE2635R
LPAMtm,IMPC,RE3146R,RE2636R
PROSTGE2t2r,LCADi,RE3151C,RE2637C
ESTRr,LDH_D,RE3152C,RE2637X
SK_cholate_c,LDH_L,RE3153C,RE2638C
SK_coa_c,LGTHL,RE3154C,RE2640C
SK_retinol_c,MALT,RE3156X,RE2644C
SK_tag_hs_c,MDH,RE3157X,RE2649C
SK_tchola_c,MI1PP,RE3158X,RE2649M
ACACT1r,MI3PP,RE3159X,RE2660N
ACACt2,MI4PP,RE3160R,RE2666C_1
ACCOAL,NT5C,RE3161C,RE2677G_1
ACONT,NTD3,RE3162C,RE2717L
ACS,ORNDC,RE3163C,RE2759X
ADK1,PFK,RE3164C,RE2766C
ADPT,PHETA1,RE3165C,RE2814M
ADSS,PRFGS,RE3166C,RE2888C_1
ASP1DC,PYDAMK,RE3167C,RE2912M
ASPTA,PYDXNK,RE3168C,PYK6
BPNT,THRD_L,RE3169C,RE2972M_1
BUTt2r,TYRTA,RE3170C,RE2973N_1
CBPS,XYLt,RE3171C,RE2985M
CPPPGO,GLYALDDr,RE3172C,RE2985X
CTPS1,MTHFR2,RE3173C,RE2986X
CTPS2,ARGORNt7,RE3174C,RE2987X
DHFR,EX_arab__L_e,RE3175C,RE2988X
DHORTS,UGLT,RE3176C,RE2989X
DMATT,EX_gam_e,RE3177M,RE2990X
DPCOAK,PYRt2,RE3178M,RE2991X
DURIPP,ACGAM2E,RE3179M,RE2992M
ENO,DCMPDA,RE3185M,RE2992X
EX_but_e,FTHFLi,RE3186M,RE2993X
EX_fe3_e,EX_etoh_e,RE3189M,RE2994X
EX_glypro_e,ETOHt,RE3190M,RE2996X
EX_pi_e,AACOAT,RE3191M,RE2997X
EX_succ_e,MTRI,RE3192M,RE2998M
EX_urea_e,MTHFD2i,RE3193M,RE2999M
FBA,AHCi,RE3194M,RE3000M
FBA2,EX_4abut_e,RE3195M,RE3001M
FEROc,ABUTt2r,RE3218C,RE3002X
FMNAT,EX_taur_e,RE3220C,RE3003M
FPGS7_1,EX_phpyr_e,RE3224C,RE3004M
FT,PHPYRte,RE3225C,RE3005M
FUM,PHPYRtm,RE3226C,RE3006M
G3PD1ir,VANILPYRc,RE3227C,RE3010C
G5SADs,VANILLACc,RE3228C,RE3010M
G6PDH2r,VANILLACte,RE3229C,RE3010X
GALUi,EX_vanillac_e,RE3230C,RE3011M
GAPD,2H3MVc,RE3231C,RE3011R
GHMT2r,2H3MVte,RE3232C,RE3012C
GK1,EX_2h3mv_e,RE3234C,RE3012M
GLNS,2HIVc,RE3235C,RE3012R
GLYLEUHYDROc,2HIVte,RE3236C,RE3013C
GLYPHEHYc,EX_2hiv_e,RE3237C,RE3014R
GLYPROPRO1c,2M3OVCOAm,RE3238C,RE3015R
GMAND,2M3OVACm,RE3239C,RE3016R
GRTT,2M3OVACtm,RE3241C,RE3036C
GTPCI,2M3HVACc,RE3242C,RE3038C
HCO3E,2M3HVACte,RE3243C,RE3040C
H2Ot,EX_2m3hvac_e,RE3244C,RE3041C
HEX1,3HADICOAx,FACOAE181,RE3044C
HMBS,3HADPACx,RE3247M,RE3076X
ILETA,3HADPACtxc,RE3247X,RE3074X
IMPD,3HADPACte,RE3251M,RE3079X
LEUTA,EX_3hadpac_e,RE3258C,RE3081X
L_LACt2r,3OHSEBCOAx,RE3259C,RE3082X
MAN1PT2,3OHSEBACx,RE3268R_1,RE3086X
MAN6PI,3OHSEBACtxc,PI35P3P,RE3095C
MTHFC,3OHSEBACte,PI3PP,RE3103C
NADK,EX_3ohsebac_e,PI4P4Pn,RE3104C
NAt3_1,3OHSUBCOAx,RE3273C_1,RE3106C
NDPK1,3OHSUBACx,RE3273R_1,RE3108C
NDPK2,3OHSUBACtxc,RE3301C_1,RE3110C
NDPK3,3OHSUBACte,RE3307C,RE3112C
NDPK4,EX_3ohsubac_e,RE3346C,RE3113C
NDPK5,3AIBSYMPt,RE3346M,RE3114R
NDPK6,PAFABCt,RE3381C,RE3119C
NDPK7,PAIL_hs_SECt,RE3381E,RE3120C
NDPK8,PAILPALM_HSSECt,RE3411C_1,RE3121C
NDPK9,PAILR_HSSECt,RE3413C,RE3122C
NTD1,PCHLN225_HSABCt,RE3417C_1,RE3132R
OMPDC,PCHOL2LINL_HSABCt,RE3420C_1,RE3134C
PGI,PCHOL2OLE_HSABCt,RE3430C_1,CHLSTD78I
PGK,PCHOL2STE_HSABCt,RE3430M,RE3146R
PGL,PCHOLAR_HSABCt,RE3432C,RE3151C
PGM,PCHOLDOC_HSABCt,RE3432M,RE3152C
PGMT,PCHOLEIC_HSABCt,RE3432X,RE3153C
PMANM,PCHOLET_HSABCt,RE3470C,RE3154C
PNTK,PCHOLHEP_HSABCt,RE3470M,RE3156X
PPA,PCHOLLINL_HSABCt,RE3475C,RE3157X
PPBNGS,PCHOLMYR_HsABCt,RE3476C,RE3158X
PPCDC,PCHOLN15_HSABCt,RE3476M,RE3159X
PPM,PCHOLN183_HSABCt,RE3485C,RE3160R
PPNCL3,PCHOLN1836_HSABCt,RE3488R,RE3161C
PROt2r,PCHOLN19_HSABCt,RE3493C,RE3162C
PRPPS,PCHOLN201_HSABCt,RE3496C,RE3163C
PSERT,PCHOLN203_HSABCt,RE3520E,RE3165C
PSP_L,PCHOLN204_HSABCt,RE3525M,RE3166C
PTPATi,PCHOLN205_HSABCt,RE3570C,RE3167C
PUNP2,PCHOLN224_HSABCt,RE3587C,RE3168C
PUNP3,PCHOLN225_HSABCt,RE3597C,RE3169C
PUNP4,PCHOLN2254_HSABCt,RE3597M,RE3170C
PUNP5,PCHOLN264_HSABCt,RE3597X,RE3171C
PUNP6,PCHOLOLE_HSABCt,RE3624M,RE3172C
PUNP7,PCHOLPALME_HSABCt,RE3626M,RE3173C
RBFK,PCHOLSTE_HSABCt,RE3628M,RE3174C
RNDR1,PE12_HSABCt,RE3637C,RE3175C
RNDR2,Pe13_HSABCt,EX_HC00955_e,RE3176C
RNDR3,PE14_HSABCt,EX_citr__L_e,RE3177M
RNDR4,PE15_HSABCt,EX_HC02180_e,RE3178M
RPE,PE161_HSABCt,EX_HC02203_e,RE3179M
RPI,PE17_HSABCt,EX_HC02213_e,RE3180C
SPMS,PE203_HSABCt,EX_HC02217_e,RE3181C
SPODM,PE226_HSABCt,EX_malthp_e,RE3185M
THMDt2,PE2LINL_HSABCt,EX_CE2838_e,RE3186M
TKT1,PEAR_HSABCt,EX_CE1950_e,RE3189M
TKT2,PEDH203_HSABCt,EX_cynt_e,RE3190M
TMDK1,PELINL_HSABCt,EX_CE5854_e,RE3191M
TPI,PELPALM_HSABCt,EX_CE1926_e,RE3192M
UAGDP,PEOLE_HSABCt,EX_crm_hs_e,RE3193M
UDPG4E,PEPALM_HSASBCt,EX_CE5853_e,RE3194M
UMPK,AK2LGCHOLt,EX_CE1925_e,RE3195M
UPP3S,DIGALSGALSIDEATPte,CITt4_4,RE3218C
UPPDC1,SPHMYLN180241_hs_ATPt,GLYt7_311_r,RE3220C
VALTA,SPHMYLN18114_hs_ATPt,HCO3_NAt,RE3224C
r0082,SPHMYLN18115_hs_ATPt,PIt8,RE3225C
r0220_1,SPHMYLN18116_hs_ATPt,PROt4_2_r,RE3226C
r0318,SPHMYLN181161_hs_ATPt,HSD17B3r,RE3227C
DADK,SPHMYLN18117_hs_ATPt,BIOMASS_reaction,RE3228C
r0398,SPHMYLN18118_hs_ATPt,2MB2COAc,RE3229C
r0422,SPHMYLN181181_hs_ATPt,3HBCOARc,RE3230C
PPM2,SPHMYLN18120_hs_ATPt,ADPACDAc,RE3231C
PPNCL2,SPHMYLN181201_hs_ATPt,ADPACTD,RE3232C
ACCOAC,SPHMYLN18121_hs_ATPt,ADPCOACROT,RE3234C
EX_pnto__R_e,SPHMYLN18122_hs_ATPt,ADPCOAPTE,RE3235C
GLYt2r,SPHMYLN181221_hs_ATPt,BCRNe,RE3236C
ALAt2r,SPHMYLN18123_hs_ATPt,C100CPT1,RE3239C
NTD2,SPHMYLN1824_hs_ATPt,C101CPT1,RE3241C
NTD4,SPHMYLN1825_hs_ATPt,C102CPT1,RE3242C
NTD5,THEXDDm,C10DCCACT,RE3243C
NTD6,THEXDDtm,C10DCc,RE3244C
NTD7,THEXDDte,C10OHc,RE3247M
NTD8,EX_thexdd_e,C120CPT1,RE3247X
NTD9,HEXDTRm,C121CPT1,RE3251M
NTD10,HEXDTRtm,C12DCACOT,RE3258C
NTD11,HEXDTRte,C12DCACT,RE3259C
EX_ind3ac_e,EX_hexdtr_e,C12DCTD,RE3268R_1
EX_nh4_e,HPDECECOAm,C12DCe,PI35P3P
GCALDD,HPDECEm,C12OHc,RE3273C_1
GLYCK,HPDECEtm,TTDCPT1,RE3273R_1
ABUTD,HPDECEte,C141ACBP,RE3301C_1
ACYP,EX_hpdece_e,C141CPT1,RE3307C
AICART,EIC21114TRc,C141OHc,RE3346C
ALDD2x,EIC21114TRte,C141OHe,RE3346M
AMANK,EX_eic21114tr_e,C142ACBP,RE3352C
ARGSL,5EIPENCm,C142CPT1,RE3367E
CYTK1,5EIPENCtm,C142OHc,RE3381C
CYTK2,5EIPENCte,C142OHe,RE3381E
EX_glcr_e,EX_5eipenc_e,C14OHc,RE3411C_1
EX_man_e,T4HCINNMte,C161OHc,RE3413C
G6PDA,GLCRt1,C162ACBP,RE3417C_1
GALKr,2OBUTt,C162OHc,RE3420C_1
GALT,PPP9ABCte,C162OHe,RE3421R
GLUPRT,MLTHFte,C16DCc,RE3430C_1
GLXO1,SPHS1Pt2e,C16DCe,RE3430M
GLYOX,MLTHFte2,C16OHc,RE3430X
GND,MLTHFte1,FA160COAabcp_1,RE3431C
GPDDA1,34DHOXMANDte,C181OHc,RE3432C
HEX7,T4HCINNMtm,C182OHc,RE3432M
HXPRT,EX_T4hcinnm_e,C18OHc,RE3432X
IMPC,4HBZtm,ACRNtp,RE3470C
LCADi,CE7081tr,C30CPT1,RE3470M
LDH_D,CE7081tm,C40CPT1,RE3475C
LDH_L,EX_CE7081_e,C4CRNCPT2,RE3476C
MALT,18HARACHDtr,C4DCCACT,RE3476M
MDH,18HARACHDte,C4DCe,RE3485C
MI1PP,EX_18harachd_e,C4OHc,RE3488R
MI3PP,ANDRSTANDRtr,C4tcx,RE3493C
MI4PP,XOL24OHtr,C4tmc,RE3496C
NT5C,EX_34dhoxmand_e,C4x,RE3513C
NTD3,C05769te2,C50CPT1,RE3520E
ORNDC,EX_C05769_e,C51CPT1,RE3524R
PFK,PPBNGte,C5DCe,RE3525C
PRFGS,EX_ppbng_e,C60CPT1,RE3526C
TMDS,IM4ACte,C6COAt,RE3526M
TYRTA,EX_im4ac_e,C6CRNtcx,RE3570C
GLYALDDr,EX_ppp9_e,C6DCCACT,RE3587C
ARGORNt7,PRISTte,C6DCc,RE3597C
EX_arab__L_e,EX_prist_e,C80CPT1,RE3597M
EX_gam_e,CE2049te,C81CPT1,RE3597X
PYRt2,EX_CE2049_e,C8DCc,RE3624M
EX_etoh_e,CE2047te,C9BRxtc,RE3628M
ETOHt,EX_CE2047_e,DCATDc,EX_prostgh2_e
THMt3,DOPASULT4,DCATDr,EX_prostgi2_e
EX_pheme_e,UDPG4DOPA,DCSPTN1COAtxc,EX_cdp_e
GLNt4,UDPG3DOPA,DOCO13ECOAtxc,EX_dtdp_e
MTRI,DOPA4SFt,DOCO13EFATP,EX_HC00955_e
MTHFD2i,EX_dopa4sf_e,DOCOSACT,EX_HC00004_e
AHCi,DOPA4GLCURt,DOCOSACTDe,EX_citr__L_e
ABUTt2r,EX_dopa4glcur_e,DOCOSACTDr,EX_C02470_e
EX_phpyr_e,DOPA3GLCURt,DOCOSCOAtxc,EX_HC00822_e
EX_2hyoxplac_e,EX_dopa3glcur_e,DOCOSDIACTD,EX_C02528_e
PHPYRte,DOPAOQNOX,EX_3bcrn_e,EX_HC02192_e
VANILPYRc,DOPACCL,EX_3hdececrn_e,EX_HC02193_e
VANILLACc,LACROX,EX_3hexdcrn_e,EX_HC02195_e
VANILLACte,NADPQNOXR,EX_3octdec2crn_e,EX_HC02196_e
EX_vanillac_e,NADQNOXR,EX_3octdeccrn_e,EX_HC02220_e
2H3MVc,DACGST,EX_3octdece1crn_e,EX_HC02191_e
2H3MVte,ACER11r,EX_3tetd7ecoacrn_e,EX_HC02194_e
EX_2h3mv_e,ACER12r,EX_3thexddcoacrn_e,EX_HC02197_e
2HIVc,ACER21g,EX_3ttetddcoacrn_e,EX_HC02198_e
2HIVte,ACER22g,EX_c12dc_e,EX_HC02187_e
EX_2hiv_e,ACER23g,EX_c16dc_e,EX_HC02180_e
3AIBSYMPt,ACER31r,EX_c4dc_e,EX_HC02202_e
AK2LGCHOLABCt,BGAL1e,EX_c51crn_e,EX_HC02203_e
CE2510ABCt,BGAL1l,EX_c5dc_e,EX_HC02204_e
CE2537ABCt,BGAL2l,EX_doco13ac_e,EX_HC02205_e
NRVNCABCt,BGAL3l,EX_docosac_e,EX_HC02206_e
PAFABCt,CRMte,EX_docosdiac_e,EX_HC02207_e
PAIL_hs_SECt,DES21,EX_ivcrn_e,EX_HC02213_e
PAILPALM_HSSECt,EX_gd3_hs_e,EX_dca_e,EX_HC02217_e
PAILR_HSSECt,GA1tl,FAOXC101C102m,EX_malcoa_e
PCHLN225_HSABCt,GALGLUSIDEtg2,FAOXC101C102x,EX_arachcoa_e
PCHOL2LINL_HSABCt,GBA2e,FAOXC101C8m,EX_coa_e
PCHOL2OLE_HSABCt,GD3tg,FAOXC101C8x,EX_CE2250_e
PCHOL2STE_HSABCt,GLA2l,FAOXC101x,EX_CE1935_e
PCHOLAR_HSABCt,GM2tl,FAOXC102C101m,EX_CE1940_e
PCHOLDOC_HSABCt,HEXA1l,FAOXC102C101x,EX_CE1943_e
PCHOLEIC_HSABCt,HEXA2l,FAOXC102C103m,EX_CE1936_e
PCHOLET_HSABCt,HEXA3e,FAOXC102C103x,EX_CE1939_e
PCHOLHEP_HSABCt,HEXAHBl,FAOXC102C81m,EX_maltpt_e
PCHOLLINL_HSABCt,NEU11l,FAOXC102C81x,EX_CE2915_e
PCHOLMYR_HsABCt,NEU22,FAOXC102m,EX_CE4722_e
PCHOLN15_HSABCt,NEU23,FAOXC102x,EX_CE2916_e
PCHOLN183_HSABCt,NEU24,FAOXC103C102m,EX_CE4723_e
PCHOLN1836_HSABCt,NEU38n,FAOXC103C102x,EX_CE2917_e
PCHOLN19_HSABCt,SMS1S2,FAOXC10C10OHm,EX_CE4724_e
PCHOLN201_HSABCt,SMS21e,FAOXC10080m,EX_malthp_e
PCHOLN203_HSABCt,SMSn,FAOXC11BRC9BRx,EX_CE2839_e
PCHOLN204_HSABCt,SPHK11,FAOXC11C9m,EX_CE2838_e
PCHOLN205_HSABCt,SPHK21n,FAOXC121C101m,EX_CE1950_e
PCHOLN224_HSABCt,SPHK22n,FAOXC121C10x,EX_cynt_e
PCHOLN225_HSABCt,SPMD3n,FAOXC121x,EX_23cump_e
PCHOLN2254_HSABCt,ST8SIA13e,FAOXC122C101m,EX_3ump_e
PCHOLN264_HSABCt,NH4tr,FAOXC122m,EX_CE5786_e
PCHOLOLE_HSABCt,TETTET6COAtm,FAOXC122x,EX_CE5788_e
PCHOLPALME_HSABCt,TETPENT6COAtm,FAOXC123C102m,EX_CE5789_e
PCHOLSTE_HSABCt,TETPENT3COAtm,FAOXC123C102x,EX_CE5797_e
PE12_HSABCt,THCRMtl,FAOXC123m,EX_CE5798_e
Pe13_HSABCt,PCHOL_HStn,FAOXC123x,EX_CE5787_e
PE14_HSABCt,CHOLPtn,FAOXC120100m,EX_CE5791_e
PE15_HSABCt,DAG_HStg,FAOXC12C12OHm,EX_CE5867_e
PE161_HSABCt,PHCRMtg,FAOXC12DCTc,EX_CE5868_e
PE17_HSABCt,PHCRMter,FAOXC12DCc,EX_CE5869_e
PE203_HSABCt,SPHGNtn,FAOXC12DCx,EX_CE4633_e
PE226_HSABCt,SPHGNtg,FAOXC13BRC11BRx,EX_CE4881_e
PE2LINL_HSABCt,SPHINGStn,FAOXC13C11m,EX_CE5854_e
PEAR_HSABCt,SPHINGStg,FAOXC141C121m,EX_CE1926_e
PEDH203_HSABCt,EX_cmpacna_e,FAOXC141C121x,EX_udpgal_e
PELINL_HSABCt,DHCRMtg,FAOXC141C141OHm,EX_crm_hs_e
PELPALM_HSABCt,DHCRMter,FAOXC142C122m,EX_galside_hs_e
PEOLE_HSABCt,PHSPHINGStg,FAOXC142C122x,EX_CE0074_e
PEPALM_HSASBCt,PHSPHINGStr,FAOXC142C142OHm,EX_cdpea_e
PESTE_HSABCt,DM_sph1p_n,FAOXC143C123m,EX_12dgr120_e
AK2LGCHOLt,DM_sphs1p_n,FAOXC143C123x,EX_CE5853_e
DIGALSGALSIDEATPte,DM_gm1_hs_n,FAOXC140120m,EX_CE1925_e
PESTE_HSt1e,DM_6hddopaqn_c,FAOXC140120x,EX_C04849_e
SPHMYLN_HsATPte,GALSIDEter,FAOXC14C14OHm,CITt4_4
SPHMYLN180241_hs_ATPt,Rtotalter,FAOXC14DCC12DCx,GLYt7_311_r
SPHMYLN18114_hs_ATPt,Rtotaltg,FAOXC15ATPx,HCO3_NAt
SPHMYLN18115_hs_ATPt,DM_phsph1p_c,FAOXC15C13m,INSTt4_2
SPHMYLN18116_hs_ATPt,GD1Atg,FAOXC15NADPx,PIt8
SPHMYLN181161_hs_ATPt,GD1Atn,FAOXC15NADx,PIt9
SPHMYLN18117_hs_ATPt,ATPtg,FAOXC161C141m,HSD17B3r
SPHMYLN18118_hs_ATPt,GD1Btl,FAOXC161C141x,BIOMASS_reaction
SPHMYLN181181_hs_ATPt,GD3tlc,FAOXC161C161OHm,2MB2COAc
SPHMYLN18120_hs_ATPt,DM_pail35p_hs_n,FAOXC162C142m,3HBCOARc
SPHMYLN181201_hs_ATPt,CATr,FAOXC162C162OHm,ADPACDAc
SPHMYLN18121_hs_ATPt,DM_pcreat_c,FAOXC163C142x,ADPACTD
SPHMYLN18122_hs_ATPt,DM_15HPET_n,FAOXC163C143m,ADPCOACROT
SPHMYLN181221_hs_ATPt,DM_15HPET_x,FAOXC163C164Gm,ADPCOAPTE
SPHMYLN18123_hs_ATPt,DM_15HPET_r,FAOXC163C164x,BCRNe
SPHMYLN1824_hs_ATPt,EX_galgluside_hs_e,FAOXC163GC142m,C100CPT1
SPHMYLN1825_hs_ATPt,EX_ga1_hs_e,FAOXC163Gm,SK_c101coa_c
HPDECECOAm,EX_gm2_hs_e,FAOXC163x,C101CPT1
HPDECEm,HMR_0003,FAOXC164C143m,C101CRNe
HPDECEtm,BUTt,FAOXC164C143x,C102CPT1
HPDECEte,HMR_0188,FAOXC164C163x,C10CRNe
EX_hpdece_e,FACOAE120,FAOXC164C165m,C10DCCACT
C05769te,HMR_0192,FAOXC164C165x,C10DCc
SAMHISTAe,HMR_0193,FAOXC164GC163m,C10OHc
CE2006te,FACOAE140,FAOXC164m,C120CPT1
GLCRt1,HMR_0200,FAOXC164x,C121CPT1
2HYOXPLCte,HMR_0201,FAOXC165C164m,C12DCACOT
MHISTAte,HMR_0204,FAOXC165C164x,C12DCACT
MLTHFte,HMR_0206,FAOXC16Brx,C12DCTD
SELMETHte,HMR_0207,FAOXC160140m,C12DCe
CE7090te,HMR_0209,FAOXC16C16OHm,C12OHc
CE7085te,HMR_0210,FAOXC16DCC14DCx,TTDCPT1
CE7096te,HMR_0214,FAOXC16DCr,C141ACBP
CE4877te,FACOAE161,FAOXC170150m,C141CPT1
CE1447te,HMR_0233,FAOXC181C161m,C141OHc
C05769te3,HMR_0234,FAOXC181C161x,C141OHe
C05770te4,HMR_0238,FAOXC181C181OHm,C142ACBP
C05770te,HMR_0240,FAOXC182C162m,C142CPT1
CE2705t,HMR_0241,FAOXC182C182OHm,C142OHc
SPHS1Pt2e,HMR_0242,FAOXC183C163Gm,C142OHe
MLTHFte2,HMR_0243,FAOXC183C163m,C14OHc
HDD2CRNte2,HMR_0244,FAOXC184C163m,C161OHc
MLTHFte1,HMR_0245,FAOXC184C163x,C162ACBP
34DHOXMANDte,HMR_0246,FAOXC184C164m,C162OHc
CE6205te,HMR_0247,FAOXC184C164x,C162OHe
1A25DHVITD3te,HMR_0255,FAOXC184m,C16DCc
CE7081tr,HMR_0256,FAOXC184x,C16DCe
EX_34dhoxmand_e,FACOAL1812,FAOXC185C164m,C16OHc
EX_CE7090_e,HMR_0260,FAOXC185m,FA160COAabcp_1
EX_CE7085_e,HMR_0261,FAOXC18C18OHm,C181OHc
EX_CE7096_e,HMR_0267,FAOXC201C181x,C182OHc
EX_CE4877_e,HMR_0268,FAOXC204C184m,C18OHc
EX_CE1447_e,HMR_0271,FAOXC204C205x,ACRNtp
EX_CE2006_e,HMR_0272,FAOXC205C184x,C30CPT1
EX_CE6205_e,HMR_0276,FAOXC205C185m,C3DCe
EX_mhista_e,HMR_0278,FAOXC221C201x,C40CPT1
HDD2CRNte,HMR_0279,FAOXC225C204m,C4CRNCPT2
EX_CE2705_e,HMR_0280,FAOXC225C204x,C4DCCACT
SELMETHt2e,HMR_0289,FAOXC225C226m,C4OHc
EX_1a25dhvitd3_e,HMR_0290,FAOXC225C226x,C4tcx
UDPG4DOPA,HMR_0293,FAOXC225m,C4tmc
UDPG3DOPA,HMR_0297,FAOXC225x,C4x
TYRDOPOX,HMR_0298,FAOXC226C205m,C50CPT1
DOPA4GLCURt,HMR_0301,FAOXC226C225m,C51CPT1
EX_dopa4glcur_e,HMR_0302,FAOXC226C225x,C5DCe
DOPA3GLCURt,HMR_0305,FAOXC226C227m,C60CPT1
EX_dopa3glcur_e,HMR_0306,FAOXC226m,C6COAt
CE5026t,HMR_0309,FAOXC227C226m,C6CRNtcx
CE5025t,HMR_0310,FAOXC22OHC22r,C6DCCACT
EX_CE5025_e,HMR_0319,FAOXC3DC,C6DCc
ACER11r,HMR_0323,FAOXC4020m,C80CPT1
ACER12r,HMR_0324,FAOXC4C4DCc,SK_c81coa_c
ACER21g,HMR_0327,FAOXC5C3x,C81CPT1
ACER22g,HMR_0328,FAOXC5C5DCc,C81CRNe
ACER23g,HMR_0329,FAOXC5OHc,C8CRNe
ACER31r,ACChex,FAOXC61C4m,C8DCc
BGAL1e,HMR_0345,FAOXC61m,C9BRxtc
BGAL1l,HMR_0346,FAOXC61x,DCATDc
BGAL2l,FACOAE1839Z12Z15Z,FAOXC6C4m,DCATDr
BGAL3l,HMR_0354,FAOXC7C5m,DCSPTN1COAtxc
DES21,HMR_0358,FAOXC81C61m,SK_dd2coa_c
GA1tl,HMR_0362,FAOXC81C61x,DDCRNe
GLUSIDEtg,HMR_0366,FAOXC8C6m,DDECCRNe
HEXA2l,HMR_0370,FAOXC9C7m,DDECE1CRNe
HEXAHBl,HMR_0374,FAOXMC10OHMC10r,DECCRNe
NEU11l,HMR_0375,FAOXOHC16C16DCc,SK_decdicoa_c
NEU22,HMR_0378,FAOXOHC22C22DCc,DECDICRNe
NEU23,HMR_0380,FAOXOHMC10DC10c,DOCO13EFATP
NEU24,HMR_0381,FAOXTC101TC102m,DOCOSACT
NEU310e,HMR_0382,FAOXTC102C101m,DOCOSACTDr
NEU39e,HMR_0385,FAOXTC122TC101m,DOCOSADIACTD
SMSn,HMR_0386,FAOXTC122m,DOCOSCOAtxc
SPHK11,HMR_0388,FAOXTC142TC122m,DOCOSDIACTD
SPHMYLNtl2,HMR_0389,FAOXTC162TC142m,EX_3bcrn_e
SPMD3n,HMR_0390,FAOXTC182TC162m,EX_3ddcrn_e
TETTET6COAtm,HMR_0393,FOAXC122C101x,EX_3deccrn_e
TETPENT6COAtm,HMR_0394,GLUTCOAACBP,EX_3hdececrn_e
TETPENT3COAtm,HMR_0395,HDCACBP,EX_3hexdcrn_e
PCHOL_HStn,FACOAE1829Z12Z,HDDACBP,EX_3ivcrn_e
CHOLPtn,FACOAE1836Z9Z12Z,HDECAACBP,EX_3octdec2crn_e
PHCRMtg,HMR_0406,HDECEACBP,EX_3octdeccrn_e
PHCRMter,HMR_0410,HEDCECRNe,EX_3octdece1crn_e
SPHGNtg,HMR_0414,HEXCOAACBP,EX_3tdcrn_e
SPHINGStg,HMR_0418,HEXDCRNe,EX_3tetd7ecoacrn_e
DHCRMtg,HMR_0422,HEXDIACtr,EX_3thexddcoacrn_e
DHCRMter,HMR_0426,HEXDICOAACBP,EX_3ttetddcoacrn_e
PHSPHINGStg,HMR_0428,HEXDICOAACBPx,EX_c101crn_e
PHSPHINGStr,HMR_0429,HIVCACBP,EX_c10crn_e
GALSIDEter,HMR_0430,HOCDACBP,EX_c10dc_e
Rtotalter,HMR_0433,HOCTDACBP,EX_c12dc_e
Rtotaltg,HMR_0434,HOCTDEC2CRNe,EX_c16dc_e
DM_phsph1p_c,HMR_0437,HOCTDECCRNe,EX_c3dc_e
ATPtg,HMR_0438,HTDCACBP,EX_c4crn_e
GD1Btl,HMR_0467,IVCOAACBP,EX_c4dc_e
GD3tlc,G3PD2,IVCRNe,EX_c51crn_e
DM_pcreat_c,G3PD,LGNCCOAtcx_1,EX_c5dc_e
EX_CE5026_e,HMR_0582,NRVNCCOAtxc,EX_c6crn_e
HMR_0003,HMR_0586,OCD11COACPT1_1,EX_c6dc_e
HMR_0019,HMR_0587,OCD11CRNCACT,EX_c81crn_e
HMR_0020,HMR_0593,OCD11CRNCPT2_1,EX_c8crn_e
BUTt,HMR_0597,OCT11EFATP_1,EX_c8dc_e
HMR_0164,HMR_0598,OCTDEC2ACBP,EX_ddece1crn_e
HMR_0165,HMR_0601,OCTDECCACT,EX_ddeccrn_e
HMR_0166,HMR_0614,OCTDECCPT1,EX_decdicrn_e
HMR_0167,HMR_0625,OCTDECCPT2,EX_doco13ac_e
HMR_0168,HMR_0629,OCTDECE1CRNe,EX_docosac_e
HMR_0170,HMR_0634,SK_octdececoa_c,EX_docosdiac_e
HMR_0171,HMR_0641,OMHDEACIDTD,EX_ivcrn_e
HMR_0172,HMR_0642,OMHDOCOSACTD,EX_tetdec2crn_e
HMR_0176,HMR_0653,PRISTCOAtcx,EX_tetdece1crn_e
HMR_0183,HMR_0654,SBCOAACOTx,EX_dca_e
HMR_0184,HMR_0657,SCP21cx,FAOXC101C102m
HMR_0185,HMR_0672,SEBACACT,FAOXC101x
HMR_0188,HMR_0678,SEBACIDTD,FAOXC102C101m
FACOAE120,HMR_0753,SEBCOACROT,FAOXC102C101x
HMR_0191,HMR_0758,SEBCOAPET,FAOXC102C103x
HMR_0192,HMR_0761,STCOATxc,FAOXC102C81x
HMR_0193,HMR_0765,STRDNCCOAtxc,FAOXC102x
HMR_0194,HMR_0767,SUBEACTD,FAOXC103C102x
FACOAE140,HMR_0769,SUBERCACT,FAOXC11BRC9BRx
HMR_0200,HMR_0770,SUBERCROT,FAOXC121x
HMR_0203,SBPP3,SUBERICACT,FAOXC122x
HMR_0204,HMR_0793,SUCCCROT,FAOXC123C102x
HMR_0206,HMR_0795,SUCCOAPET,FAOXC123x
HMR_0207,HMR_0803,TIGCRNe,FAOXC12DCTc
HMR_0208,HMR_0805,34DHPHELAT1tc,FAOXC12DCc
HMR_0209,HMR_0806,4OHPROIMINOtc,FAOXC12DCx
HMR_0210,HMR_0807,ALAALACNc,FAOXC13BRC11BRx
HMR_0211,HMR_0808,ALAALAPEPT1tc,FAOXC141C141OHm
HMR_0214,HMR_0809,ALAyLATthc,FAOXC142C122x
FACOAE161,HMR_0810,ASCBSVCTtc,FAOXC142C142OHm
HMR_0232,HMR_0811,BALABETAtc,FAOXC143C123x
HMR_0233,HMR_0812,BALAt2r,FAOXC14C14OHm
HMR_0234,HMR_0814,CYSSNAT5tc,FAOXC14DCC12DCx
HMR_0235,HMR_0815,FOLt,FAOXC15ATPx
HMR_0238,HMR_0816,GLNyLATthc,FAOXC161C141m
HMR_0240,HMR_0817,GLYGLYCNc,FAOXC161C161OHm
HMR_0241,HMR_0819,GLYGLYPEPT1tc,FAOXC162C162OHm
HMR_0242,HMR_0820,GLYPROPEPT1tc,FAOXC163C142x
HMR_0243,HMR_0821,GLYSARCNc,FAOXC163C164x
HMR_0244,HMR_0822,GLYSNAT5tc,FAOXC163x
HMR_0245,HMR_0823,HISSNAT5tc,FAOXC164C143x
HMR_0246,HMR_0824,HISyLATtc,FAOXC164C163x
HMR_0247,HMR_0825,HISyLATthc,FAOXC164C165x
HMR_0254,HMR_0827,LEULEULAPc,FAOXC164x
HMR_0255,HMR_0828,LEULEUPEPT1tc,FAOXC165C164x
HMR_0256,HMR_0829,LEUyLAThtc,FAOXC16Brx
HMR_0257,HMR_0830,LINOFATPtc,FAOXC16C16OHm
FACOAL1812,HMR_0831,METyLATthc,FAOXC16DCC14DCx
HMR_0260,HMR_0835,OCDEAFABP1tc,FAOXC16DCr
HMR_0261,HMR_0836,OLEICFATPtc,FAOXC16OHC16r
HMR_0267,HMR_0837,PALFATPtc,FAOXC181C181OHm
HMR_0268,HMR_0839,PEHSFABPe,FAOXC182C182OHm
HMR_0270,HMR_0841,PHEyLATthc,FAOXC183C163m
HMR_0271,HMR_0842,PMTCOAFABP1tc_1,FAOXC184C163x
HMR_0272,HMR_0843,PNTOte,FAOXC184C164x
HMR_0273,HMR_0844,PROGLYPEPT1tc,FAOXC184x
HMR_0278,HMR_0846,AMPTASEPG,FAOXC18C18OHm
HMR_0279,HMR_0847,TAUBETAtc,FAOXC204C205x
HMR_0288,HMR_0848,TAUPAT1c,FAOXC205C184x
HMR_0289,HMR_0849,VITEtl,FAOXC225C204x
HMR_0290,HMR_0851,1a25DHVITD3TRn,FAOXC225C226x
HMR_0291,HMR_0852,3HCO3_NAt,FAOXC225x
HMR_0292,HMR_0853,4HPROLTASCT1,FAOXC226C205m
HMR_0293,HMR_0854,ASPDTDe,FAOXC226C225x
HMR_0296,HMR_0855,ASPPROASCT1,FAOXC226C227m
HMR_0297,HMR_0859,ASPte,FAOXC226m
HMR_0298,HMR_0860,BTNt3i,FAOXC227C226m
HMR_0299,HMR_0864,CHOLESACATc_1,FAOXC22C22DCHYr
HMR_0300,HMR_0867,CHOLESTle_1,FAOXC22OHC22r
HMR_0301,HMR_0870,CHSTEROLtrc,FAOXC3DC
HMR_0302,HMR_0875,CRNtp,FAOXC4C4DCc
HMR_0303,HMR_0876,Coqe,FAOXC5C5DCc
HMR_0304,HMR_0877,DGTPtm_cho,FAOXC5C5OHm
HMR_0305,HMR_0878,DHAPtm,FAOXC5OHc
HMR_0306,HMR_0889,DM_1a25dhvitd3_n,FAOXC61x
HMR_0307,HMR_0890,DM_taur_c,FAOXC81C61x
HMR_0308,HMR_0906,DPMVD,FAOXC8C6m
HMR_0309,HMR_0907,DSREDUCr,FAOXMC10OHMC10r
HMR_0310,HMR_0908,DTMPKm,FAOXOHC22C22DCc
HMR_0311,HMR_0909,EX_4hpro_LT_e,FAOXOHMC10DC10c
HMR_0319,HMR_0910,EX_alaala_e,FAOXTC162TC142m
HMR_0321,HMR_0911,EX_glygly_e,FAOXTC182TC162m
HMR_0322,HMR_0912,EX_leuleu_e,FOAXC122C101x
HMR_0323,HMR_0913,EX_fmn_e,GLUTCOAACBP
HMR_0324,HMR_0942,EX_oh1_e,HDCACBP
HMR_0325,HMR_0946,EX_q10_e,HDDACBP
HMR_0326,HMR_0950,EX_q10h2_e,HDECAACBP
HMR_0327,HMR_0954,FADDPle,HDECEACBP
HMR_0328,HMR_0960,FADH2ETC,HEDCECRNe
HMR_0329,HMR_0962,FE2DMT1,HEXCOAACBP
HMR_0344,HMR_0963,FE3t,HEXDCRNe
HMR_0345,HMR_0979,ACP1e,HEXDIACtr
HMR_0346,HMR_0981,FRDPtcr,HEXDICOAACBP
HMR_0347,HMR_0984,G6PDH2c,HEXDICOAACBPx
HMR_0354,HMR_0985,GLUPROASCT1,HIVCACBP
HMR_0380,HMR_0986,G3PDm,HIVCRNe
HMR_0381,HMR_0987,GNDc,HOCDACBP
HMR_0382,HMR_1081,INSK,HOCTDACBP
HMR_0383,HMR_1084,IPDDI,HOCTDEC2CRNe
HMR_0384,HMR_1095,LACLt,HOCTDECCRNe
HMR_0385,HMR_1102,MEVK1,HTDCACBP
HMR_0386,HMR_1104,MTHFR3,HTDCRNe
HMR_0387,HMR_1126,NADtm,IVCOAACBP
HMR_0388,HMR_1127,P5CR,IVCRNe
HMR_0389,HMR_1129,PGLc,LGNCCOAtcx_1
HMR_0390,HMR_1135,PHEMEt,NRVNCCOAtxc
HMR_0391,HMR_1242,PMEVK,OCD11COACPT1_1
HMR_0392,HMR_1243,PNTOt5,OCD11CRNCACT
HMR_0393,HMR_1280,PPItm,OCD11CRNCPT2_1
HMR_0394,HMR_1283,PTRCtex2,OCT11EFATP_1
HMR_0395,HMR_1284,Q10H2e,OCTDEC2ACBP
FACOAE1829Z12Z,HMR_1305,RPEc,OCTDECCACT
FACOAE1836Z9Z12Z,HMR_1307,RTOTAL2FATPc,OCTDECCPT1
HMR_0410,PGESc,RTOTALFATPc,OCTDECCPT2
HMR_0428,HMR_1321,SK_5HPET_c,OCTDECE1CRNe
HMR_0429,HMR_1329,q10h2tc,SK_octdececoa_c
HMR_0430,HMR_1331,q10tm,OMHDEACIDTD
HMR_0431,HMR_1388,34HPPte,OMHDOCOSACTD
HMR_0432,HMR_1390,4HPRO_LTte,OMHPALTD
HMR_0433,HMR_1392,5MTAte,SBCOAACOTx
HMR_0434,HMR_1465,AICARte,SEBACACT
HMR_0435,SMO,CBASPte,SEBACIDTD
HMR_0436,LNSTLS,DM_4hpro_LT_m,SEBCOACROT
HMR_0437,HMR_1477,DM_Lcystin_c,SEBCOAPET
HMR_0438,HMR_1478,DM_fol_c,STCOATxc
HMR_0439,HMR_1479,EX_34hpp_e,STRDNCCOAtxc
HMR_0469,HMR_1490,EX_5mta_e,SUBEACTD
G3PD2,HMR_1493,EX_ahcys_e,SUBERCACT
G3PD,HMR_1494,EX_aicar_e,SUBERCROT
HMR_0582,HMR_1495,EX_cbasp_e,SUBERICACT
HMR_0586,C3STDH1,OROTGLUt,SUCCCROT
HMR_0587,HMR_1502,IDOURte,SUCCOAPET
HMR_0593,HMR_1503,EX_idour_e,SK_tetdec2coa_c
HMR_0597,HMR_1504,5HOXINDOAtr,TETDEC2CRNe
HMR_0598,HMR_1505,LKYNRtr,SK_tetdece1coa_c
HMR_0601,HMR_1509,LKYNRtr2,TETDECE1CRNe
HMR_0614,CHLSTI_1,CALAtr,TIGCRNe
HMR_0625,HMR_1516,CRTNtr,4OHPROIMINOtc
HMR_0629,DSMSTOLR,KYNATEtr,ALAALACNc
HMR_0634,HMR_1532,HKYNRtr,ALAALAPEPT1tc
HMR_0642,HMR_1536,QULNtr,ALAATB0tc
HMR_0672,HMR_1538,CHOLPtr,ALAyLATthc
HMR_0678,HMR_1539,CYST_Ltr,ARGATB0tc
HMR_0753,HMR_1540,DCMPtr,ASCBSVCTtc
HMR_0758,HMR_1543,ETHAMPtr,ASNATB0tc
HMR_0765,HMR_1544,G3PCt,BALABETAtc
HMR_0767,HMR_1545,GLCURtr,BALAt2r
HMR_0770,HMR_1546,L2AADPtr,CARPEPT1tc
SBPP3,HMR_1547,UDPGLCURtr,CYSATB0tc
HMR_0793,HMR_1548,OROT5Ptr,CYSSNAT5tc
HMR_0795,HMR_1549,EX_5hoxindoa_e,CYSTALArBATtc
HMR_0805,HMR_1550,EX_cala_e,CYSTLEUrBATtc
HMR_0806,HMR_1551,EX_cholp_e,FOLt
HMR_0807,HMR_1552,EX_cyst__L_e,GALSGLT1le
HMR_0808,HMR_1557,EX_dcmp_e,GLCSGLT1le
HMR_0809,LTHSTRLOR,EX_ethamp_e,GLNATB0tc
HMR_0810,HMR_1565,EX_g3pc_e,GLNyLATthc
HMR_0811,HMR_1620,EX_kynate_e,GLYGLYCNc
HMR_0812,HMR_1627,EX_L2aadp_e,GLYGLYPEPT1tc
HMR_0814,HMR_1630,EX_Lkynr_e,GLYPHEPEPT1tc
HMR_0817,HMR_1631,EX_udpglcur_e,GLYPROPEPT1tc
HMR_0819,HMR_1637,EX_hLkynr_e,GLYSARCNc
HMR_0820,HMR_1651,EX_orot5p_e,GLYSARPEPT1tc
HMR_0821,HMR_1653,ALAPAT4te,GLYSNAT5tc
HMR_0822,HMR_1665,ARACHDFATPtc,HISSNAT5tc
HMR_0823,HMR_1666,BETBGTtc,HISyLATtc
HMR_0824,HMR_1681,DHEASABCCte,HISyLATthc
HMR_0828,HMR_1685,DOPAENT4tc,HPETFABP1tc
HMR_0830,HMR_1706,ESTRAABCtc,ILEATB0tc
HMR_0831,HMR_1735,ESTROSABCCte,LEUATB0tc
HMR_0835,HMR_1737,ESTRSABCtc,LEUGLYPEPT1tc
HMR_0836,HMR_1738,FOLABCCte,LEULEUPEPT1tc
HMR_0839,HMR_1739,FOLOAT1tc,LEUyLAThtc
HMR_0841,HMR_1740,FOLOAT2tc,LYSATB0tc
HMR_0843,HMR_1741,FOLOATPtc,METATB0tc
HMR_0846,HMR_1742,GABABGTtc,METyLATthc
HMR_0847,HMR_1743,H2OGLYAQPt,NACHORCTL3le
HMR_0849,HMR_1744,LEUKABCtc,OCDEAFABP1tc
HMR_0851,HMR_1745,LGNCFATPtc,ORNALArBATtc
HMR_0852,HMR_1746,NACSMCTte,ORNLEUrBATtc
HMR_0853,HMR_1747,PGLYCABCte,PEHSFABPe
HMR_0854,HMR_1748,PHEMEABCte,PHEATB0tc
HMR_0855,HMR_1749,PROPAT4te,PHEyLATthc
HMR_0859,HMR_1750,PSHSABCtc,PMTCOAFABP1tc_1
HMR_0875,HMR_1751,RETABCtc,PROGLYPEPT1tc
HMR_0876,HMR_1752,SRTNENT4tc,PROIMINOtc
HMR_0877,HMR_1753,TCHOLABCtc,SERATB0tc
HMR_0878,HMR_1754,CAMPt,TAUBETAtc
HMR_0889,HMR_1756,CGMPt,TAUPAT1c
HMR_0890,HMR_1758,GALt4,THRATB0tc
HMR_0911,HMR_1759,GLCt4,TRPATB0tc
HMR_0912,HMR_1760,TRPt,TYRATB0tc
HMR_0913,HMR_1761,Kt1,VALATB0tc
HMR_0960,HMR_1762,CHSTEROLt,VITEtl
HMR_0962,HMR_1764,RETt,1a25DHVITD3TRn
HMR_0963,HMR_1765,AVITE1t,25HVITD3c
HMR_0981,HMR_1807,r0963,3HCO3_NAt
HMR_1084,HMR_1927,GLYCLm,4HPROLTASCT1
HMR_1095,HMR_1928,ACRNte,ADNt5
HMR_1102,HMR_1929,PCRNte,ASPPROASCT1
HMR_1104,HMR_1944,LNELDCCRNte,BIDGLCURr
HMR_1126,HMR_1958,ODECRNte,BTNt3i
HMR_1127,HMR_1962,STCRNte,CHOLESACATc_1
HMR_1129,HMR_1968,PMTCRNte,CHOLESTle_1
HMR_1135,HMR_1971,HDCECRNte,CYTDt5
HMR_1242,HMR_1976,EX_acrn_e,Coqe
HMR_1243,HMR_1996,EX_pcrn_e,DM_1a25dhvitd3_n
HMR_1280,HMR_2014,EX_lneldccrn_e,DM_4abut_n
HMR_1283,HMR_2029,EX_odecrn_e,DM_5HPET_r
HMR_1284,HMR_2041,EX_stcrn_e,DM_taur_c
HMR_1305,HMR_2087,EX_hdcecrn_e,DM_pe_hs_r
HMR_1307,HMR_2088,15KPROSTGF2c,DM_pmtcoa_r
PGESc,HMR_2089,AND19ONEc,DPMVD
HMR_1315,HMR_2090,C14825c,EX_4hpro_LT_e
HMR_1316,HMR_2190,DESAT14_9,EX_alaala_e
HMR_1317,HMR_2193,LCAT10e,EX_bglc_e
HMR_1321,HMR_2210,LCAT11e,EX_carn_e
HMR_1331,HMR_2211,LCAT12e,EX_dchac_e
HMR_1332,HMR_2215,LCAT13e,EX_glgchlo_e
HMR_1390,HMR_2217,LCAT14e,EX_gltcho_e
HMR_1392,HMR_2218,LCAT54e,EX_gltdechol_e
HMR_1532,HMR_2219,LCAT55e,EX_glygly_e
HMR_1565,HMR_2259,LCAT15e,EX_glysar_e
HMR_1627,HMR_2260,LCAT16e,EX_gum_e
HMR_1630,HMR_2261,LCAT17e,EX_gumdchac_e
HMR_1637,HMR_2262,LCAT18e,EX_gumgchol_e
HMR_1651,HMR_2263,LCAT19e,EX_gumtchol_e
HMR_1653,HMR_2264,LCAT20e,EX_leugly_e
HMR_1665,HMR_2265,LCAT21e,EX_leuleu_e
HMR_1681,HMR_2266,LCAT22e,EX_pect_e
HMR_1706,HMR_2267,LCAT23e,EX_pectindchac_e
HMR_1735,HMR_2268,LCAT25e,EX_pectingchol_e
HMR_1737,HMR_2269,LCAT27e,EX_pectintchol_e
HMR_1738,HMR_2270,LCAT29e,EX_psyl_e
HMR_1739,HMR_2281,LCAT2e,EX_psylchol_e
HMR_1740,HMR_2282,LCAT30e,EX_psyltchol_e
HMR_1741,HMR_2284,LCAT31e,EX_psyltdechol_e
HMR_1742,DESAT16,LCAT32e,EX_slfcys_e
HMR_1743,HMR_2287,LCAT33e,EX_tdechola_e
HMR_1744,HMR_2288,LCAT34e,EX_cysam_e
HMR_1745,HMR_2289,LCAT35e,EX_dpcoa_e
HMR_1746,HMR_2292,LCAT36e,EX_fmn_e
HMR_1747,HMR_2293,LCAT37e,EX_hyptaur_e
HMR_1748,DESAT18,LCAT38e,EX_oh1_e
HMR_1749,HMR_2295,LCAT39e,EX_pan4p_e
HMR_1750,HMR_2296,LCAT3e,EX_ptth_e
HMR_1751,HMR_2332,LCAT40e,EX_q10_e
HMR_1752,HMR_2334,LCAT41e,EX_q10h2_e
HMR_1753,HMR_2336,LCAT42e,FADDPle
HMR_1754,HMR_2338,LCAT43e,ACP1e
HMR_1756,HMR_2342,LCAT44e,FRDPtcr
HMR_1758,HMR_2343,LCAT45e,GLUPROASCT1
HMR_1759,HMR_2344,LCAT56e,GNDc
HMR_1760,HMR_2345,LCAT46e,GSNt5
HMR_1761,HMR_2347,LCAT47e,INSt5
HMR_1897,HMR_2348,LCAT48e,IPDDI
HMR_1927,HMR_2349,LCAT49e,LACLt
HMR_1928,HMR_2350,LCAT4e,LEUGLYHYc
HMR_1929,HMR_2353,LCAT50e,MEVK1
HMR_1968,HMR_2354,LCAT51e,MTHFR3
HMR_1971,HMR_2355,LCAT52e,NADtm
HMR_1976,HMR_2356,LCAT53e,P5CR
HMR_2041,HMR_2359,LCAT57e,PGLc
HMR_2190,HMR_2361,LCAT5e,PMEVK
HMR_2193,HMR_2362,LCAT6e,PNTOt5
HMR_2210,HMR_2363,LCAT7e,PRO_Dtde
HMR_2211,HMR_2364,LCAT8e,RPEc
HMR_2215,HMR_2365,LCAT9e,SK_5HPET_c
HMR_2217,HMR_2368,SMS1,SPRMti
HMR_2218,HMR_2374,SMS10,THMDt5
HMR_2219,HMR_2376,SMS11,URIt5
HMR_2259,HMR_2380,SMS12,q10tm
HMR_2260,HMR_2391,SMS16,3MOBte
HMR_2261,HMR_2395,SMS13,4MOPte
HMR_2262,HMR_2433,SMS14,DM_4hpro_LT_m
HMR_2263,HMR_2434,SMS15,DM_Lcystin_c
HMR_2264,HMR_2435,SMS2,DM_anth_c
HMR_2265,HMR_2436,SMS3,DM_fol_c
HMR_2266,HMR_2440,SMS4,DM_ncam_c
HMR_2267,HMR_2457,SMS5,DM_pnto__R_c
HMR_2268,HMR_2472,SMS6,EX_34hpp_e
HMR_2269,HMR_2484,SMS7,EX_3mob_e
HMR_2270,HMR_2495,SMS8,EX_3mop_e
HMR_2284,HMR_2530,SMS9,EX_4mop_e
HMR_2288,HMR_2533,XOLEST183CEH,EX_5mta_e
HMR_2289,HMR_2535,XOLEST182CEH,EX_5oxpro_e
HMR_2293,HMR_2537,XOLEST205CEH,EX_ahcys_e
HMR_2296,HMR_2540,XOLEST226CEH,EX_aicar_e
HMR_2332,HMR_2541,MAGLINL_HSe,EX_anth_e
HMR_2334,HMR_2542,MAGOLE_HSe,EX_cbasp_e
HMR_2336,HMR_2543,LPS5e,OROTGLUt
HMR_2338,HMR_2569,LPS6e,IDOURte
HMR_2342,HMR_2571,LPS7e,EX_idour_e
HMR_2343,HMR_2581,PCHOLMYR_HSPLA2,5HOXINDOAtr
HMR_2344,HMR_2602,PCHOLOLE_HSPLA2,GLYALDtr
HMR_2345,HMR_2603,PEOLE_HSPLA2,GUDACtr
HMR_2347,HMR_2604,PCHOLPALME_HSPLA2,LKYNRtr
HMR_2348,HMR_2608,PCHOLPALM_HSPLA2,LKYNRtr2
HMR_2349,HMR_2609,PEPALM_HSPLA2,LKYNRtr3
HMR_2350,HMR_2610,PAILPALM_HSPLA2,CRTNtr
HMR_2353,HMR_2611,PCHOLSTE_HSPLA2,KYNATEtr
HMR_2354,CARN140t_m,PCHOL2LINL_HSPLA2,QULNtr
HMR_2355,HMR_2613,PE2LINL_HSPLA2,CARNtr
HMR_2356,HMR_2620,PCHOL2OLE_HSPLA2,ETHAMPtr
HMR_2359,HMR_2621,PCHOL2PALM_HSPLA2,GLCURtr
HMR_2361,HMR_2622,PCHOL2STE_HSPLA2,ICITtr
HMR_2362,HMR_2624,PCHOLN15_HSPLA2,L2AADPtr
HMR_2363,HMR_2633,PCHOLAR_HSPLA2,EX_2pg_e
HMR_2364,HMR_2634,PCHOLN183_HSPLA2,EX_5hoxindoa_e
HMR_2365,HMR_2635,PCHOLN1836_HSPLA2,EX_cala_e
HMR_2368,HMR_2644,PCHOLN19_HSPLA2,EX_cholp_e
HMR_2374,HMR_2648,PCHOLN201_HSPLA2,EX_crtn_e
HMR_2376,HMR_2649,PCHOLN204_HSPLA2,EX_cyst__L_e
HMR_2380,HMR_2650,PCHOLN205_HSPLA2,EX_dcmp_e
HMR_2391,HMR_2651,PCHOLN224_HSPLA2,EX_dmgly_e
HMR_2393,HMR_2652,PCHOLN225_HSPLA2,EX_ethamp_e
HMR_2395,HMR_2653,PCHOLN2254_HSPLA2,EX_g3pc_e
HMR_2403,CARN180t_m,PCHOLN226_HSPLA2,EX_glyald_e
HMR_2433,HMR_2657,PEAR_HSPLA2,EX_gudac_e
HMR_2434,HMR_2659,PE203_HSPLA2,EX_hcys__L_e
HMR_2435,VACCCPT1,PE226_HSPLA2,EX_icit_e
HMR_2436,HMR_2661,PE224_HSPLA2,EX_kynate_e
HMR_2440,VACCCPT2,PEDH203_HSPLA2,EX_L2aadp_e
HMR_2472,HMR_2666,PEDH12_HSPLA2,EX_Lkynr_e
HMR_2484,HMR_2667,PEDH14_HSPLA2,EX_pep_e
HMR_2530,HMR_2668,PEDH161_HSPLA2,EX_quln_e
HMR_2533,HMR_2669,PEDH13_HSPLA2,EX_xmp_e
HMR_2535,HMR_2670,PEDH15_HSPLA2,EX_xtsn_e
HMR_2537,HMR_2671,PEDH17_HSPLA2,EX_3pg_e
HMR_2540,HMR_2673,PCHOLN203_HSPLA2,EX_3hanthrn_e
HMR_2541,HMR_2675,PAILAR_HSPLA2,EX_udpglcur_e
HMR_2542,HMR_2676,PCHOLN24_HSPLA2,EX_hLkynr_e
HMR_2543,HMR_2677,PCHOLN261_HSPLA2,EX_nicrnt_e
HMR_2558,HMR_2679,PCHOLN281_HSPLA2,EX_orot5p_e
HMR_2560,HMR_2681,PCHOLN28_HSPLA2,EX_glyc3p_e
HMR_2571,HMR_2682,PCHOLDOC_HSPLA2,ALAB0AT3tc
HMR_2581,HMR_2683,PCHOLDEIC_HSPLA2,ALAPAT4te
HMR_2585,HMR_2684,PCHOLDET_HSPLA2,ARGB0AT3tc
HMR_2602,HMR_2685,PCHOLHEP_HSPLA2,ASNB0AT3tc
HMR_2603,HMR_2686,PCHOLLINL_HSPLA2,BETBGTtc
HMR_2604,HMR_2687,PELINL_HSPLA2,BUTSMCT1
HMR_2608,HMR_2688,FACOAE160,Clt
HMR_2609,HMR_2689,GPDDACHOL,CRNATBtc
HMR_2610,HMR_2690,GLYC2P3Pc,CYSB0AT3tc
HMR_2611,HMR_2691,15HPETATP,DHEASABCCte
CARN140t_m,HMR_2692,2OXOADPt,DOPAENT4tc
HMR_2613,HMR_2693,3MOXTYRt,ESTRAABCtc
HMR_2620,HMR_2695,4AABUTNt,ESTROSABCCte
HMR_2621,HMR_2697,4TMEABUTNt1,ESTRSABCtc
HMR_2622,HMR_2699,7DHCHSTEROLtd,FOLABCCte
HMR_2624,HMR_2700,ACORNt,FOLOAT1tc
HMR_2634,HMR_2701,ADPACtd,FOLOAT2tc
HMR_2635,HMR_2702,AMETt,FOLOATPtc
HMR_2644,HMR_2703,AND19ONEt,GABABGTtc
HMR_2648,HMR_2704,ARACHETH,GLNB0AT3tc
HMR_2649,HMR_2705,BILIVERDt,GLUB0AT3tc
HMR_2650,HMR_2706,C02712te,GLYB0AT3tc
HMR_2651,HMR_2707,C04717td,GSNt2
HMR_2652,HMR_2708,C04805td,H2OGLYAQPt
HMR_2653,HMR_2709,C05957td,ILEB0AT3tc
CARN180t_m,HMR_2710,C14768td,LEUB0AT3tc
HMR_2657,HMR_2711,C14769td1,LEUKABCtc
HMR_2659,HMR_2712,EX_C14769_e,LGNCFATPtc
VACCCPT1,HMR_2713,C14770ATP,METB0AT3tc
HMR_2661,HMR_2715,C14771ATP,NACSMCTte
VACCCPT2,HMR_2718,C14825td,PGLYCABCte
HMR_2667,HMR_2722,C14826td,PHEB0AT3tc
HMR_2668,HMR_2727,CE2510t,PHEMEABCte
HMR_2669,HMR_2731,CE2537ATP,PPASMCT1
HMR_2670,HMR_2733,CE6031t,PROPAT4te
HMR_2671,HMR_2734,CE6247t,PSHSABCtc
HMR_2673,HMR_2735,CORTSNti,PYRSMCT1
HMR_2675,HMR_2736,DIDECAETH,RETABCtc
HMR_2676,HMR_2737,DIHOLINETH,SERB0AT3tc
HMR_2677,HMR_2738,DOCOHEXETHc,SRTNENT4tc
HMR_2679,HMR_2739,DOCTETETH,TCHOLABCtc
HMR_2681,HMR_2740,ELAIDCRNtd,TRPB0AT3tc
HMR_2682,HMR_2741,EX_15HPET_e,TYRB0AT3tc
HMR_2683,CARN1829Z12Zt_m,EX_2oxoadp_e,VALB0AT3tc
HMR_2684,CARN1836Z9Z12Zt_m,EX_4aabutn_e,CAMPt
HMR_2685,HMR_2753,EX_4tmeabutn_e,CGMPt
HMR_2686,HMR_2757,EX_7dhchsterol_e,FRUt4
HMR_2687,HMR_2760,EX_acorn_e,GALt4
HMR_2688,HMR_2764,EX_adpac_e,GCHOLAt3
HMR_2689,HMR_2768,EX_amet_e,GLCt4
HMR_2690,HMR_2769,EX_and19one_e,MANt4
HMR_2691,HMR_2770,EX_aracheth_e,RIBFLVt3o
HMR_2692,HMR_2771,EX_biliverd_e,TCHOLAt3
HMR_2693,HMR_2772,EX_C02712_e,TRPt
HMR_2695,HMR_2773,EX_C04717_e,CHSTEROLt
HMR_2697,HMR_2774,EX_C04805_e,RETt
HMR_2699,HMR_2775,EX_C05957_e,AVITE1t
HMR_2700,HMR_2776,EX_C14768_e,r0963
HMR_2701,HMR_2817,EX_C14770_e,L_LACt4r
HMR_2703,HMR_2819,EX_C14771_e,ARGSUCte
HMR_2704,HMR_2857,EX_C14825_e,ACRNte
HMR_2705,HMR_2859,EX_C14826_e,PCRNte
HMR_2706,HMR_2861,EX_CE2537_e,LNELDCCRNte
HMR_2707,HMR_2862,EX_CE6031_e,ODECRNte
HMR_2708,HMR_2884,EX_CE6247_e,STCRNte
HMR_2709,HMR_2886,EX_didecaeth_e,PMTCRNte
HMR_2710,HMR_2942,EX_diholineth_e,HDCECRNte
HMR_2712,HMR_2943,EX_docohxeth_e,EX_argsuc_e
HMR_2713,HMR_2944,EX_docteteth_e,EX_acrn_e
HMR_2715,HMR_2945,EX_elaidcrn_e,EX_pcrn_e
HMR_2718,HMR_2946,EX_hepdeceth_e,EX_lneldccrn_e
HMR_2722,HMR_2947,EX_hexdeceeth_e,EX_odecrn_e
HMR_2727,HMR_2948,EX_hexdiac_e,EX_stcrn_e
HMR_2731,HMR_2951,EX_hgentis_e,EX_pmtcrn_e
HMR_2733,HMR_2954,EX_hxcoa_e,EX_hdcecrn_e
HMR_2734,HMR_2955,EX_leuktrB4wcooh_e,DM_ascb__L_c
HMR_2735,HMR_2956,EX_leuktrB4woh_e,HC00342te
HMR_2736,HMR_2961,EX_lineth_e,15KPROSTGF2c
HMR_2737,HMR_2962,EX_lnlccrn_e,AND19ONEc
HMR_2738,HMR_2963,EX_Lpipecol_e,C14825c
HMR_2739,HMR_2964,EX_lthstrl_e,DESAT14_9
HMR_2740,HMR_2965,EX_magarachi_hs_e,21HPRGNLONE
HMR_2741,HMR_2966,EX_maglinl_hs_e,LCAT10e
CARN1829Z12Zt_m,HMR_2967,EX_magole_hs_e,LCAT11e
CARN1836Z9Z12Zt_m,HMR_2968,EX_magpalm_hs_e,LCAT12e
HMR_2753,HMR_2969,EX_magste_hs_e,LCAT13e
HMR_2757,HMR_2970,EX_mev__R_e,LCAT14e
HMR_2760,HMR_2971,EX_Nacasp_e,LCAT54e
HMR_2764,HMR_2972,EX_nwharg_e,LCAT55e
HMR_2768,HMR_2973,EX_oleth_e,LCAT15e
HMR_2769,HMR_2974,EX_pailar_hs_e,LCAT16e
HMR_2770,HMR_2975,EX_pailpalm_hs_e,LCAT17e
HMR_2771,HMR_2976,EX_pailste_hs_e,LCAT18e
HMR_2772,HMR_2977,EX_pchol2linl_hs_e,LCAT19e
HMR_2773,HMR_2978,EX_pchol2ole_hs_e,LCAT20e
HMR_2774,HMR_2979,EX_pchol2palm_hs_e,LCAT21e
HMR_2775,HMR_2980,EX_pchol2ste_hs_e,LCAT22e
HMR_2776,HMR_2982,EX_pcholar_hs_e,LCAT23e
HMR_2817,HMR_2983,EX_pcholdoc_hs_e,LCAT25e
HMR_2819,HMR_2985,EX_pcholeic_hs_e,LCAT27e
HMR_2821,HMR_2986,EX_pcholet_hs_e,LCAT29e
HMR_2827,HMR_2988,EX_pcholhep_hs_e,LCAT2e
HMR_2851,HMR_2989,EX_pchollinl_hs_e,LCAT30e
HMR_2852,HMR_2990,EX_pcholmyr_hs_e,LCAT31e
HMR_2857,HMR_2994,EX_pcholn15_hs_e,LCAT32e
HMR_2859,HMR_2998,EX_pcholn183_hs_e,LCAT33e
HMR_2861,HMR_2999,EX_pcholn1836_hs_e,LCAT34e
HMR_2862,HMR_3001,EX_pcholn19_hs_e,LCAT35e
HMR_2865,HMR_3002,EX_pcholn201_hs_e,LCAT36e
HMR_2866,HMR_3003,EX_pcholn203_hs_e,LCAT37e
HMR_2884,HMR_3023,EX_pcholn204_hs_e,LCAT38e
HMR_2886,HMR_3057,EX_pcholn205_hs_e,LCAT39e
HMR_2888,HMR_3058,EX_pcholn224_hs_e,LCAT3e
HMR_2890,HMR_3059,EX_pcholn225_hs_e,LCAT40e
HMR_2942,HMR_3062,EX_pcholn2254_hs_e,LCAT41e
HMR_2943,HMR_3063,EX_pcholn226_hs_e,LCAT42e
HMR_2944,HMR_3064,EX_pcholn24_hs_e,LCAT43e
HMR_2945,HMR_3065,EX_pcholn261_hs_e,LCAT44e
HMR_2946,HMR_3066,EX_pcholn28_hs_e,LCAT45e
HMR_2947,HMR_3067,EX_pcholn281_hs_e,LCAT56e
HMR_2948,HMR_3068,EX_pcholole_hs_e,LCAT46e
HMR_2951,HMR_3069,EX_pcholpalm_hs_e,LCAT47e
HMR_2954,HMR_3070,EX_pcholpalme_hs_e,LCAT48e
HMR_2955,HMR_3071,EX_pcholste_hs_e,LCAT49e
HMR_2956,HMR_3072,EX_pe12_hs_e,LCAT4e
HMR_2961,HMR_3073,EX_pe13_hs_e,LCAT50e
HMR_2962,ACOAO8p,EX_pe14_hs_e,LCAT51e
HMR_2963,HMR_3075,EX_pe15_hs_e,LCAT52e
HMR_2964,HMR_3076,EX_pe161_hs_e,LCAT53e
HMR_2965,HMR_3094,EX_pe17_hs_e,LCAT57e
HMR_2966,HMR_3095,EX_pe203_hs_e,LCAT5e
HMR_2967,HMR_3096,EX_pe224_hs_e,LCAT6e
HMR_2968,HMR_3097,EX_pe226_hs_e,LCAT7e
HMR_2969,HMR_3098,EX_pe2linl_hs_e,LCAT8e
HMR_2970,HMR_3099,EX_pear_hs_e,LCAT9e
HMR_2971,HMR_3100,EX_pedh203_hs_e,SMS1
HMR_2972,HMR_3101,EX_pelinl_hs_e,SMS10
HMR_2973,HMR_3102,EX_pendecaeth_e,SMS11
HMR_2974,HMR_3107,EX_peole_hs_e,SMS12
HMR_2975,HMR_3108,EX_pepalm_hs_e,SMS16
HMR_2976,HMR_3109,EX_peste_hs_e,SMS13
HMR_2977,HMR_3110,EX_pmeth_e,SMS14
HMR_2978,HMR_3111,EX_saccrp__L_e,SMS15
HMR_2979,HMR_3112,EX_sebacid_e,SMS2
HMR_2980,HMR_3113,EX_sphmyln180241_hs_e,SMS3
HMR_2982,HMR_3114,EX_sphmyln18114_hs_e,SMS4
HMR_2983,HMR_3115,EX_sphmyln18115_hs_e,SMS5
HMR_2985,HMR_3116,EX_sphmyln18116_hs_e,SMS6
HMR_2986,HMR_3117,EX_sphmyln181161_hs_e,SMS7
HMR_2988,KAT180_m,EX_sphmyln18117_hs_e,SMS8
HMR_2989,ACOADH160_m,EX_sphmyln18118_hs_e,SMS9
HMR_2990,HMR_3128,EX_sphmyln181181_hs_e,XOLEST183CEH
HMR_2994,ACOADH120_m,EX_sphmyln18120_hs_e,XOLEST182CEH
HMR_2998,ACOADH100_m,EX_sphmyln181201_hs_e,XOLEST205CEH
HMR_2999,HMR_3149,EX_sphmyln18121_hs_e,XOLEST226CEH
HMR_3001,ACOADH60_m,EX_sphmyln18122_hs_e,MAGLINL_HSe
HMR_3002,HMR_3170,EX_sphmyln181221_hs_e,MAGOLE_HSe
HMR_3003,HMR_3171,EX_sphmyln18123_hs_e,LPS5e
HMR_3018,HMR_3172,EX_sphmyln1824_hs_e,LPS6e
HMR_3021,HMR_3173,EX_sphmyln1825_hs_e,LPS7e
HMR_3023,HMR_3174,EX_steeth_e,PCHOLMYR_HSPLA2
HMR_3053,HMR_3175,EX_subeac_e,PCHOLOLE_HSPLA2
HMR_3056,HMR_3176,EX_tetdecaeth_e,PEOLE_HSPLA2
HMR_3057,HMR_3177,EX_tmlys_e,PCHOLPALME_HSPLA2
HMR_3058,HMR_3178,EX_trideceth_e,PCHOLPALM_HSPLA2
HMR_3059,HMR_3179,EX_wharachd_e,PEPALM_HSPLA2
HMR_3062,HMR_3180,EX_xolest181_hs_e,PAILPALM_HSPLA2
HMR_3063,HMR_3181,EX_xolest182_hs_e,PCHOLSTE_HSPLA2
HMR_3064,HMR_3182,EX_xolest183_hs_e,PCHOL2LINL_HSPLA2
HMR_3065,HMR_3183,EX_xolest204_hs_e,PE2LINL_HSPLA2
HMR_3066,HMR_3184,EX_xolest205_hs_e,PCHOL2OLE_HSPLA2
HMR_3067,HMR_3185,EX_xolest226_hs_e,PCHOL2PALM_HSPLA2
HMR_3068,HMR_3186,GLYC2Pte,PCHOL2STE_HSPLA2
HMR_3069,HMR_3187,GLYCLTt,PCHOLN15_HSPLA2
HMR_3070,HMR_3188,HC02149td,PCHOLAR_HSPLA2
HMR_3071,HMR_3189,HEPDECETH,PCHOLN183_HSPLA2
HMR_3072,HMR_3190,HEXDECEETH,PCHOLN1836_HSPLA2
HMR_3073,HMR_3191,HEXDIACtd,PCHOLN19_HSPLA2
ACOAO8p,HMR_3192,HGENTISt,PCHOLN201_HSPLA2
HMR_3075,HMR_3193,HXCOAte,PCHOLN204_HSPLA2
HMR_3076,HMR_3194,HXCOAtx,PCHOLN205_HSPLA2
HMR_3094,HMR_3195,IND3ACt,PCHOLN224_HSPLA2
HMR_3095,HMR_3196,LCYSTt,PCHOLN225_HSPLA2
HMR_3096,HMR_3197,LEUKTRB4WCOOHt,PCHOLN2254_HSPLA2
HMR_3097,HMR_3198,LEUKTRB4WOHt,PCHOLN226_HSPLA2
HMR_3098,HMR_3199,LEUKTRB4WOHtr,PEAR_HSPLA2
HMR_3099,HMR_3200,LNLCCRNtd,PE203_HSPLA2
HMR_3100,HMR_3201,LPIPECOLt,PE226_HSPLA2
HMR_3101,HMR_3202,LPIPECOLtx,PE224_HSPLA2
HMR_3102,HMR_3203,LTHSTRLt,PEDH203_HSPLA2
HMR_3107,HMR_3204,MEV_Rt,PEDH12_HSPLA2
HMR_3108,HMR_3205,NACASPt,PEDH14_HSPLA2
HMR_3109,HMR_3218,NWHARGtd,PEDH161_HSPLA2
HMR_3110,HMR_3219,OLEETH,PEDH13_HSPLA2
HMR_3111,HMR_3220,pac,PEDH15_HSPLA2
HMR_3112,HMR_3221,PELINETH,PEDH17_HSPLA2
HMR_3113,HMR_3222,PENDECAETH,PCHOLN203_HSPLA2
HMR_3114,HMR_3223,PEPALM,PAILAR_HSPLA2
HMR_3115,HMR_3224,SACCRP_Lte,PCHOLN24_HSPLA2
HMR_3116,HMR_3225,SACCRP_Ltm,PCHOLN261_HSPLA2
HMR_3117,HMR_3229,SEBACIDtd,PCHOLN281_HSPLA2
KAT180_m,HMR_3230,STEETH,PCHOLN28_HSPLA2
ACOADH160_m,HMR_3231,SUBEACtd,PCHOLDOC_HSPLA2
HMR_3128,HMR_3232,TETDECAETH,PCHOLDEIC_HSPLA2
ACOADH120_m,HMR_3233,TMLYStd,PCHOLDET_HSPLA2
HMR_3170,HMR_3234,TRIDECETH,PCHOLHEP_HSPLA2
HMR_3171,HMR_3235,WHARACHDtr,PCHOLLINL_HSPLA2
HMR_3172,HMR_3236,EX_estriol_e,PELINL_HSPLA2
HMR_3173,HMR_3237,EX_3moxtyr_e,EX_3mtp_e
HMR_3174,HMR_3240,EX_5aop_e,TTDCRNNAt
HMR_3175,HMR_3241,EX_CE2510_e,21HPRGNLONEt1
HMR_3176,HMR_3242,EX_ddca_e,2OXOADPt
HMR_3177,HMR_3243,EX_glyc2p_e,3HMPtd
HMR_3178,HMR_3244,EX_glyclt_e,3MOXTYRt
HMR_3179,HMR_3245,EX_Lcyst_e,4AABUTNt
HMR_3180,HMR_3246,EX_pac_e,7DHCHSTEROLtd
HMR_3181,HMR_3247,EX_ttdcea_e,ACGLUtd
HMR_3182,HMR_3296,TTDCEAt,ACORNt
HMR_3183,HMR_3321,HC02194te,ALLTNti
HMR_3184,HMR_3322,HC02220te,AND19ONEt
HMR_3185,HMR_3326,XOL27OHtmc,ARACHETH
HMR_3186,HMR_3327,G3PD1irm,C02712te
HMR_3187,HMR_3328,PHACCOAGLYACm,C02712tm
HMR_3188,HMR_3329,PHEACGLYsec,C03990ATP
HMR_3189,HMR_3330,PCSF,C03990t
HMR_3190,HMR_3331,PCRESOLup,C03990tr
HMR_3191,HMR_3332,PCSsec,C03990tx
HMR_3192,HMR_3333,EX_pheacgly_e,C04483t1
HMR_3193,HMR_3334,EX_bz_e,C05463t1
HMR_3194,HMR_3335,EX_pcresol_e,C05957td
HMR_3195,HMR_3336,EX_pcs_e,C06314t
HMR_3196,HMR_3337,NORMETEt,C06315t
HMR_3197,HMR_3338,MEPIt,C14768ATP
HMR_3198,HMR_3339,RETINALt,C14769td2
HMR_3199,HMR_3340,MALTTTRt,EX_C14769_e
HMR_3200,HMR_3341,1MNCAMt,C14770ATP
HMR_3201,HMR_3342,THBPTt,C14771ATP
HMR_3202,HMR_3343,EX_normete__L_e,CE1273t1
HMR_3203,HMR_3344,EX_mepi_e,CE1556td
HMR_3204,HMR_3345,EX_1mncam_e,CE2176t
HMR_3205,HMR_3346,EX_progly_e,CE2445t
HMR_3218,HMR_3347,EX_thbpt_e,CE2537ATP
HMR_3219,HMR_3348,EX_adprib_e,CE6031t
HMR_3220,HMR_3349,EX_argalaala_e,CE6247t
HMR_3221,HMR_3350,EX_argarg_e,CORTSNt
HMR_3222,HMR_3351,EX_argcysgly_e,DIDECAETH
HMR_3223,HMR_3352,EX_argglygly_e,DIHOLINETH
HMR_3224,HMR_3353,EX_argpromet_e,DOCOHEXETHc
HMR_3225,HMR_3396,EX_argserser_e,DOCTETETH
HMR_3229,HMR_3397,EX_asnasnarg_e,EX_12HPET_e
HMR_3230,HMR_3398,EX_asncyscys_e,EX_15HPET_e
HMR_3231,HMR_3406,EX_asnmetpro_e,EX_15kprostgf2_e
HMR_3232,HMR_3407,EX_asntyrphe_e,EX_21hprgnlone_e
HMR_3233,HMR_3408,EX_asntyrthr_e,EX_2oxoadp_e
HMR_3234,HMR_3409,EX_aspalaarg_e,EX_34hpl_e
HMR_3235,HMR_3411,EX_asphispro_e,EX_3hmp_e
HMR_3236,HMR_3413,EX_aspmetasp_e,EX_3hpp_e
HMR_3237,HMR_3414,EX_cystyrasn_e,EX_3hpppnohgluc_e
HMR_3240,HMR_3416,EX_glnasngln_e,EX_3mhis_e
HMR_3241,HMR_3421,EX_glnhishis_e,EX_3uib_e
HMR_3242,HMR_3422,EX_glyhisasn_e,EX_4aabutn_e
HMR_3243,HMR_3423,EX_glyvalhis_e,EX_4tmeabutn_e
HMR_3244,HMR_3424,EX_hisargcys_e,EX_56dthm_e
HMR_3245,HMR_3425,EX_hiscyscys_e,EX_56dura_e
HMR_3246,HMR_3426,EX_hishislys_e,EX_5HPET_e
HMR_3247,HMR_3427,EX_hislysthr_e,EX_7dhchsterol_e
HMR_3296,HMR_3428,EX_hisphearg_e,EX_acgly_e
HMR_3321,HMR_3429,EX_histrphis_e,EX_aclys_e
HMR_3322,HMR_3431,EX_ileargile_e,EX_acorn_e
HMR_3326,HMR_3432,EX_ileasnhis_e,EX_acthr__L_e
HMR_3327,HMR_3433,EX_ileprolys_e,EX_adpac_e
HMR_3328,HMR_3446,EX_leuproarg_e,EX_adpoh_e
HMR_3329,HMR_3447,EX_lysargleu_e,EX_amet_e
HMR_3330,HMR_3448,EX_lyslyslys_e,EX_and19one_e
HMR_3331,HMR_3449,EX_lyspheile_e,EX_aracheth_e
HMR_3332,HMR_3450,EX_lysvalphe_e,EX_biliverd_e
HMR_3333,HMR_3451,EX_metargleu_e,EX_C02356_e
HMR_3334,HMR_3452,EX_metasntyr_e,EX_C02712_e
HMR_3335,HMR_3453,EX_methislys_e,EX_C04717_e
HMR_3336,HMR_3454,EX_metmetile_e,EX_C04805_e
HMR_3337,HMR_3455,EX_metphearg_e,EX_C05957_e
HMR_3338,HMR_3456,EX_pheleuhis_e,EX_C06314_e
HMR_3339,HMR_3457,EX_phephe_e,EX_C06315_e
HMR_3340,HMR_3475,EX_phepheasn_e,EX_C11695_e
HMR_3341,HMR_3478,EX_phethrlys_e,EX_C14768_e
HMR_3342,HMR_3491,EX_proasncys_e,EX_C14770_e
HMR_3343,HMR_3505,EX_prohistyr_e,EX_C14771_e
HMR_3344,HMR_3522,EX_propropro_e,EX_C14825_e
HMR_3345,HMR_3625,EX_provalgln_e,EX_C14826_e
HMR_3346,HMR_3626,EX_serglyglu_e,EX_CE0955_e
HMR_3347,HMR_3627,EX_serphelys_e,EX_CE1273_e
HMR_3348,HMR_3628,EX_thrasntyr_e,EX_CE1556_e
HMR_3349,HMR_3629,EX_thrglntyr_e,EX_CE2028_e
HMR_3350,HMR_3630,EX_thrhishis_e,EX_CE2176_e
HMR_3351,HMR_3631,EX_thrmetarg_e,EX_CE2445_e
HMR_3352,HMR_3633,EX_thrthrarg_e,EX_CE2537_e
HMR_3353,HMR_3635,EX_trpiletrp_e,EX_eidi1114ac_e
HMR_3396,HMR_3636,EX_trpmetval_e,EX_CE5304_e
HMR_3397,HMR_3637,EX_trpthrile_e,EX_CE6031_e
HMR_3398,HMR_3639,EX_tyrphetyr_e,EX_CE6247_e
HMR_3406,HMR_3640,EX_tyrtrpphe_e,EX_CE7082_e
HMR_3407,HMR_3642,EX_tyrtyr_e,EX_CE7083_e
HMR_3408,HMR_3644,EX_tyrvalmet_e,EX_CE7172_e
HMR_3409,HMR_3645,EX_valhisasn_e,EX_cortsn_e
HMR_3411,HMR_3646,EX_valleuphe_e,EX_didecaeth_e
HMR_3413,HMR_3647,EX_vallystyr_e,EX_diholineth_e
HMR_3414,HMR_3648,EX_valval_e,EX_docohxeth_e
HMR_3416,HMR_3649,ALAARGCYSt,EX_docteteth_e
HMR_3421,HMR_3650,ALAARGGLYt,EX_dodecanac_e
HMR_3422,HMR_3651,ALAASNLEUt,EX_elaidcrn_e
HMR_3423,HMR_3652,ALAGLYLYSt,EX_forglu_e
HMR_3424,HMR_3653,ALAHISALAt,EX_HC00900_e
HMR_3425,HMR_3654,ALALYSTHRt,EX_hepdeceth_e
HMR_3426,HMR_3655,ARGALAALAt,EX_hexdeceeth_e
HMR_3427,HMR_3656,ARGALAPHEt,EX_hexdiac_e
HMR_3428,HMR_3657,ARGALATHRt,EX_hgentis_e
HMR_3429,HMR_3658,ARGARGt,EX_hmcarn_e
HMR_3431,HMR_3659,ARGARGLYSt,EX_hmcr_e
HMR_3432,HMR_3660,ARGARGMETt,EX_hxcoa_e
HMR_3433,HMR_3662,ARGCYSGLYt,EX_leuktrB4wcooh_e
HMR_3446,HMR_3663,ARGCYSSERt,EX_leuktrB4woh_e
HMR_3447,HMR_3664,ARGGLUGLUt,EX_lineth_e
HMR_3448,HMR_3665,ARGGLUPROt,EX_lnlccrn_e
HMR_3449,HMR_3666,ARGGLYGLYt,EX_Lpipecol_e
HMR_3450,HMR_3667,ARGHISTHRt,EX_lthstrl_e
HMR_3451,HMR_3668,ARGLEUPHEt,EX_magarachi_hs_e
HMR_3452,HMR_3669,ARGLYSASPt,EX_maglinl_hs_e
HMR_3453,HMR_3670,ARGPHEARGt,EX_magole_hs_e
HMR_3454,HMR_3675,ARGPROMETt,EX_magpalm_hs_e
HMR_3455,HMR_3677,ARGPROTHRt,EX_magste_hs_e
HMR_3456,HMR_3678,ARGSERSERt,EX_mev__R_e
HMR_3457,HMR_3679,ARGTYRVALt,EX_mi1p__D_e
HMR_3475,HMR_3680,ARGVALCYSt,EX_Nacasp_e
HMR_3491,HMR_3681,ARGVALTRPt,EX_nwharg_e
HMR_3505,HMR_3682,ASNASNARGt,EX_oleth_e
HMR_3520,HMR_3684,ASNCYSCYSt,EX_pailar_hs_e
HMR_3522,HMR_3685,ASNMETPROt,EX_pailpalm_hs_e
HMR_3597,HMR_3686,ASNPHEASPt,EX_pailste_hs_e
HMR_3625,HMR_3687,ASNPHECYSt,EX_pchol2linl_hs_e
HMR_3626,HMR_3688,ASNTYRGLYt,EX_pchol2ole_hs_e
HMR_3627,HMR_3689,ASNTYRPHEt,EX_pchol2palm_hs_e
HMR_3628,HMR_3690,ASNTYRTHRt,EX_pchol2ste_hs_e
HMR_3629,HMR_3692,ASPALAARGt,EX_pcholar_hs_e
HMR_3630,HMR_3694,ASPASNGLUt,EX_pcholdoc_hs_e
HMR_3631,HMR_3695,ASPGLUt,EX_pcholeic_hs_e
HMR_3633,HMR_3696,ASPGLUPROt,EX_pcholet_hs_e
HMR_3635,HMR_3698,ASPGLUTRPt,EX_pcholhep_hs_e
HMR_3636,HMR_3699,ASPHISCYSt,EX_pchollinl_hs_e
HMR_3637,HMR_3701,ASPHISPROt,EX_pcholmyr_hs_e
HMR_3639,HMR_3703,ASPLYSGLUt,EX_pcholn15_hs_e
HMR_3640,HMR_3704,ASPLYSHISt,EX_pcholn183_hs_e
HMR_3642,HMR_3705,ASPMETASPt,EX_pcholn1836_hs_e
HMR_3644,HMR_3706,ASPPROLYSt,EX_pcholn19_hs_e
HMR_3645,HMR_3707,ASPVALASNt,EX_pcholn201_hs_e
HMR_3646,HMR_3708,CYSASNMETt,EX_pcholn203_hs_e
HMR_3647,HMR_3709,CYSASPPHEt,EX_pcholn204_hs_e
HMR_3648,HMR_3710,CYSCYSt,EX_pcholn205_hs_e
HMR_3649,HMR_3711,CYSGLNMETt,EX_pcholn224_hs_e
HMR_3650,HMR_3712,CYSGLUHISt,EX_pcholn225_hs_e
HMR_3651,HMR_3713,CYSGLUTRPt,EX_pcholn2254_hs_e
HMR_3652,HMR_3714,CYSLEUTHRt,EX_pcholn226_hs_e
HMR_3653,HMR_3715,CYSSERMETt,EX_pcholn24_hs_e
HMR_3654,HMR_3716,CYSTYRASNt,EX_pcholn261_hs_e
HMR_3655,HMR_3717,GLNASNGLNt,EX_pcholn28_hs_e
HMR_3656,HMR_3718,GLNHISHISt,EX_pcholn281_hs_e
HMR_3657,HMR_3719,GLNHISLYSt,EX_pcholole_hs_e
HMR_3658,HMR_3721,GLNLYSLYSt,EX_pcholpalm_hs_e
HMR_3659,HMR_3722,GLNLYSTRPt,EX_pcholpalme_hs_e
HMR_3660,HMR_3723,GLNPROGLUt,EX_pcholste_hs_e
HMR_3662,HMR_3724,GLNTRPGLUt,EX_pcollg5hlys_e
HMR_3663,HMR_3725,GLNTYRLEUt,EX_pe12_hs_e
HMR_3664,HMR_3726,GLUARGLEUt,EX_pe13_hs_e
HMR_3665,HMR_3727,GLUASNLEUt,EX_pe14_hs_e
HMR_3666,HMR_3728,GLUGLUt,EX_pe15_hs_e
HMR_3667,HMR_3729,GLUILELYSt,EX_pe161_hs_e
HMR_3668,HMR_3734,GLULEUt,EX_pe17_hs_e
HMR_3669,HMR_3736,GLUMETt,EX_pe203_hs_e
HMR_3670,HMR_3737,GLUMETHISt,EX_pe224_hs_e
HMR_3675,HMR_3738,GLUTHRt,EX_pe226_hs_e
HMR_3677,HMR_3739,GLUTHRLYSt,EX_pe2linl_hs_e
HMR_3678,HMR_3740,GLUTRPALAt,EX_pear_hs_e
HMR_3679,HMR_3741,GLYHISASNt,EX_pedh203_hs_e
HMR_3680,ASPT,GLYHISLYSt,EX_pelinl_hs_e
HMR_3681,HMR_3859,GLYLYSCYSt,EX_pendecaeth_e
HMR_3682,HMR_3915,GLYLYSPHEt,EX_peole_hs_e
HMR_3684,HMR_3966,GLYTYRLYSt,EX_pepalm_hs_e
HMR_3685,SMOX,GLYVALHISt,EX_peste_hs_e
HMR_3686,HMR_4079,HISARGCYSt,EX_pmeth_e
HMR_3687,HMR_4124,HISARGSERt,EX_saccrp__L_e
HMR_3688,CYTDK2,HISASPt,EX_sebacid_e
HMR_3689,NADS1,HISCYSCYSt,EX_sphmyln180241_hs_e
HMR_3690,NADDP,HISGLNALAt,EX_sphmyln18114_hs_e
HMR_3692,NADPPPS,HISGLUt,EX_sphmyln18115_hs_e
HMR_3694,NADS1n,HISGLUGLNt,EX_sphmyln18116_hs_e
HMR_3695,HMR_4422,HISGLYLYSt,EX_sphmyln181161_hs_e
HMR_3696,HMGCOARx,HISHISLYSt,EX_sphmyln18117_hs_e
HMR_3698,XPPT,HISLYSALAt,EX_sphmyln18118_hs_e
HMR_3699,CHOLD,HISLYSGLUt,EX_sphmyln181181_hs_e
HMR_3701,HMR_4700,HISLYSILEt,EX_sphmyln18120_hs_e
HMR_3703,HMR_4701,HISLYSTHRt,EX_sphmyln181201_hs_e
HMR_3704,PPPGO2_1,HISLYSVALt,EX_sphmyln18121_hs_e
HMR_3705,BILIRED2,HISMETt,EX_sphmyln18122_hs_e
HMR_3706,HMR_4771,HISMETGLNt,EX_sphmyln181221_hs_e
HMR_3707,PROAKGOX1,HISPHEARGt,EX_sphmyln18123_hs_e
HMR_3708,HMR_4777,HISPROLYSt,EX_sphmyln1824_hs_e
HMR_3709,URIK2,HISTRPHISt,EX_sphmyln1825_hs_e
HMR_3710,HMR_5387,ILEARGILEt,EX_steeth_e
HMR_3711,HMR_5389,ILEASNHISt,EX_subeac_e
HMR_3712,FE2utm,ILEASPt,EX_tetdeca511ac_e
HMR_3713,HMR_6385,ILEGLNGLUt,EX_tetdecaeth_e
HMR_3714,HMR_6397,ILEGLYARGt,EX_thrnt_e
HMR_3715,HMR_6408,ILEPROLYSt,EX_tmlys_e
HMR_3716,FADRx2,ILESERARGt,EX_trideceth_e
HMR_3717,HMR_6515,ILETRPTYRt,EX_ttdcrn_e
HMR_3718,HMR_6545,LEUALAARGt,EX_txb2_e
HMR_3719,HMR_6549,LEUASNASPt,EX_urcan_e
HMR_3721,HMR_6550,LEUASPLYSt,EX_wharachd_e
HMR_3722,HMR_6558,LEULEUTRPt,EX_xolest181_hs_e
HMR_3723,MITKP,LEUPROt,EX_xolest182_hs_e
HMR_3724,ITKPK,LEUPROARGt,EX_xolest183_hs_e
HMR_3725,MI3PS,LEUSERTRPt,EX_xolest204_hs_e
HMR_3726,HMR_6583,LEUTRPt,EX_xolest205_hs_e
HMR_3727,HMR_6584,LEUTRPARGt,EX_xolest226_hs_e
HMR_3728,HMR_6595,LEUTYRTYRt,GALTt
HMR_3729,HMR_6617,LEUVALt,GLYC_Rt
HMR_3734,HMR_6619,LYSARGLEUt,HC00900t2
HMR_3736,HMR_6629,LYSCYSHISt,HEPDECETH
HMR_3737,HMR_6632,LYSGLNPHEt,HEXDECEETH
HMR_3738,HMR_6633,LYSGLUGLUt,HEXDIACtd
HMR_3739,HMR_6647,LYSLYSLYSt,IND3ACt
HMR_3740,HMR_6728,LYSPHEILEt,LEUKTRB4WOHt
HMR_3741,HMR_6747,LYSTRPARGt,LEUKTRB4WOHtr
ASPT,HMR_6755,LYSTYRILEt,LPIPECOLt
HMR_3915,4CMCOAS,LYSVALPHEt,LPIPECOLtx
HMR_3966,HMR_6785,LYSVALTRPt,LTHSTRLt
HMR_3996,HMR_6786,METARGLEUt,MEV_Rt
SMOX,4HALDD,METASNTYRt,NACASPt
HMR_4079,HMR_6826,METGLNTYRt,OLEETH
HMR_4124,HMR_6834,METGLYARGt,PCOLLG5HLYStd
CYTDK2,HMR_6838,METHISLYSt,PELINETH
NADPPPS,HMR_6839,METMETILEt,PENDECAETH
HMR_4422,HMR_6844,METPHEARGt,PEPALM
XYLR,HMR_6850,METTRPPHEt,PROSTGI2c
HMGCOARx,HMR_6854,PHEASNMETt,SACCRP_Lte
HMR_4700,HMR_6907,PHEASPt,SACCRP_Ltm
HMR_4701,HMR_6908,PHEGLNPHEt,SEBACIDtd
HMR_4756,HMR_6909,PHELEUt,STEETH
PPPGO2_1,HMR_6910,PHELEUASPt,SUBEACtd
BILIRED2,HMR_6975,PHELEUHISt,TETDECAETH
PROAKGOX1,HMR_6976,PHELYSALAt,TRIDECETH
HMR_4777,HMR_6977,PHELYSPROt,WHARACHDtr
SUCCt4_3,HMR_6978,PHEPHEt,EX_acile__L_e
HMR_4964,ICITt_x,PHEPHEASNt,EX_acleu__L_e
GLNtm_1,HMR_6989,PHEPHETHRt,EX_achom__L_e
URIK2,HMR_7180,PHEPROARGt,EX_phacgly_e
HMR_5387,HMR_7181,PHESERTRPt,EX_estriol_e
HMR_5389,HMR_7182,PHETHRLYSt,EX_3hpppn_e
FE2utm,HMR_7198,PHETRPLEUt,EX_3moxtyr_e
CITt4_3,HMR_7255,PHETYRt,EX_5aop_e
HMR_6385,HMR_7256,PHETYRGLNt,EX_abt__D_e
HMR_6397,HMR_7278,PHETYRLYSt,EX_acglu_e
HMR_6408,HMR_7328,PROARGASPt,EX_alltn_e
HMR_6515,HMR_7329,PROARGCYSt,EX_CE2510_e
HMR_6545,HMR_7330,PROASNCYSt,EX_ddca_e
HMR_6549,HMR_7469,PROCYSt,EX_glyc__R_e
MITKP,HMR_7628,PROGLNPROt,EX_glyc2p_e
MI3PS,PMI12346PS,PROGLULYSt,EX_glyclt_e
HMR_6584,GLYCTO1,PROHISt,EX_Lcyst_e
HMR_6595,HMR_7711,PROHISTYRt,EX_oaa_e
HMR_6617,AMPtn,PROLEUARGt,EX_pac_e
HMR_6619,HMR_7715,PROLYSPROt,EX_phlac_e
HMR_6629,HMR_7720,PROPHEt,EX_pser__L_e
HMR_6632,HMR_7724,PROPROARGt,EX_ttdcea_e
HMR_6647,HMR_7727,PROPROPROt,TTDCEAt
HMR_6729,HMR_7748,PROTRPLYSt,HC02195c
HMR_6747,HMR_7749,PROTRPTHRt,HC02196c
HMR_6755,HMR_7755,PROVALGLNt,HC02220c
HMR_6782,HMR_7756,SERARGALAt,URSCHOLCOAc
HMR_6826,HMR_7757,SERARGTRPt,HC02197c
HMR_6834,HMR_7758,SERCYSARGt,HC02198c
HMR_6854,HMR_7898,SERGLYGLUt,HC02195te
HMR_6874,HMR_7900,SERLYSHISt,HC02196te
HMR_6907,HMR_7906,SERPHELYSt,HC02194te
HMR_6908,HMR_8023,SERTRPHISt,HC02220te
HMR_6909,HMR_8084,THRARGTYRt,XOL27OHtmc
HMR_6910,HMR_8086,THRASNTYRt,DM_k_c
HMR_6975,HMR_8287,THRGLNGLUt,PHACCOAGLYACm
HMR_6976,HMR_8395,THRGLNTYRt,PHEACGLYsec
HMR_6977,HMR_8397,THRHISHISt,PCSF
HMR_6978,HMR_8399,THRILEARGt,PCRESOLup
ICITt_x,HMR_8476,THRMETARGt,PCSsec
HMR_7198,LALDO2,THRPHEARGt,EX_bgly_e
HMR_7257,HMR_8505,THRSERARGt,EX_pheacgly_e
HMR_7278,HMR_8510,THRTHRARGt,EX_bz_e
HMR_7328,ID3ACALDtm,THRTYRMETt,EX_pcresol_e
HMR_7329,HMR_8567,TRPALAPROt,EX_pcs_e
HMR_7330,HMR_8570,TRPARGALAt,TREt
HMR_7469,HMR_8571,TRPASPASPt,LEULEUt
PMI12346PS,HMR_8572,TRPGLNGLNt,GLYPROt
GLYCTO1,HMR_8573,TRPGLUGLYt,PROGLyt
HMR_7711,HMR_8574,TRPGLULEUt,EX_normete__L_e
HMR_7715,HMR_8575,TRPGLUPROt,EX_mepi_e
HMR_7720,HMR_8576,TRPGLUTYRt,EX_C05300_e
HMR_7724,HMR_8577,TRPGLYLEUt,EX_retinal_e
HMR_7727,HMR_8578,TRPGLYPHEt,EX_maltttr_e
HMR_7757,HMR_8579,TRPGLYVALt,EX_1mncam_e
HMR_7758,HMR_8580,TRPHISMETt,EX_progly_e
HMR_7898,HMR_8582,TRPILELYSt,EX_dhbpt_e
HMR_7900,HMR_8585,TRPILETRPt,EX_thbpt_e
HMR_8023,HMR_8590,TRPLEUVALt,EX_adprib_e
HMR_8395,HMR_8761,TRPLYSt,DM_itp_n
HMR_8397,HMR_8762,TRPMETARGt,EX_alaargcys_e
DCYTtm,HMR_8776,TRPMETVALt,EX_alaarggly_e
HMR_8476,HMR_9176,TRPPHEt,EX_alaasnleu_e
LALDO2,HMR_9184,TRPPROGLYt,EX_alaglylys_e
HMR_8505,HMR_9185,TRPPROLEUt,EX_alahisala_e
HMR_8510,HMR_9187,TRPPROVALt,EX_alalysthr_e
ID3ACALDtm,HMR_9608,TRPSERTYRt,EX_argalaala_e
HMR_8567,HMR_9625,TRPTHRGLUt,EX_argalaphe_e
HMR_8570,HMR_9627,TRPTHRILEt,EX_argalathr_e
HMR_8571,HMR_9634,TRPTHRTYRt,EX_argarg_e
HMR_8572,HMR_9639,TRPTYRGLNt,EX_argarglys_e
HMR_8573,HMR_9640,TRPTYRTYRt,EX_argargmet_e
HMR_8574,HMR_9644,TRPVALASPt,EX_argcysgly_e
HMR_8575,HMR_9647,TYRALAt,EX_argcysser_e
HMR_8576,HMR_9648,TYRALAPHEt,EX_arggluglu_e
HMR_8577,HMR_9665,TYRARGGLUt,EX_argglupro_e
HMR_8578,HMR_9667,TYRARGSERt,EX_argglygly_e
HMR_8579,HMR_9674,TYRASPARGt,EX_arghisthr_e
HMR_8580,IND3ACtm,TYRCYSGLYt,EX_argleuphe_e
HMR_8582,FA160tp,TYRCYSTHRt,EX_arglysasp_e
HMR_8585,ACtp,TYRGLUt,EX_argphearg_e
HMR_8590,HMR_9680,TYRLEUARGt,EX_argpromet_e
HMR_8776,HSK,TYRPHETYRt,EX_argprothr_e
HMR_9187,HMR_9719,TYRTHRt,EX_argserser_e
HMR_9191,HMR_9720,TYRTRPPHEt,EX_argtyrval_e
HMR_9593,GLUN,TYRTYRt,EX_argvalcys_e
PNTOt1,HMR_9803,TYRVALMETt,EX_argvaltrp_e
HMR_9608,HMR_9804,VALARGGLYt,EX_asnasnarg_e
HMR_9609,HMR_9805,VALHISASNt,EX_asncyscys_e
HMR_9613,HMR_2957,VALLEUPHEt,EX_asnmetpro_e
HMR_9617,HMR_6580,VALLYSTYRt,EX_asnpheasp_e
HMR_9625,HMR_1635,VALPHEARGt,EX_asnphecys_e
HMR_9627,C14STR,VALPROTRPt,EX_asntyrgly_e
HMR_9640,HMR_0980,VALSERARGt,EX_asntyrphe_e
HMR_9647,HMR_1467,VALTRPPHEt,EX_asntyrthr_e
HMR_9648,HMR_4816,VALTRPVALt,EX_aspalaarg_e
HMR_9667,HMR_1644,VALVALt,EX_aspasnglu_e
IND3ACtm,HMR_4772,TRPGLYASPt,EX_aspglu_e
FA160tp,HMR_1500,ARGALAALAr,EX_aspglupro_e
ACtp,HMR_6672,ARGARGr,EX_aspglutrp_e
HMR_9719,2HATVACIDtep,ARGCYSGLYr,EX_asphiscys_e
HMR_9803,2HATVACIDthc,ARGGLYGLYr,EX_asphispro_e
HMR_9804,2HATVLACtep,ARGPROMETr,EX_asplysglu_e
HMR_2957,2HATVLACthc,ARGSERSERr,EX_asplyshis_e
HMR_6580,35DHPVStep,ASNASNARGr,EX_aspmetasp_e
HMR_1635,35DHPVSthc,ASNCYSCYSr,EX_aspprolys_e
HMR_0980,35DSMVhep,ASNMETPROr,EX_aspvalasn_e
HMR_1644,35DSMVteb,ASNTYRPHEr,EX_cysasnmet_e
12DHCHOLt,3HPVSTETCOAhcm,ASNTYRTHRr,EX_cysaspphe_e
12DHCHOLt2,3HPVSTETCOAhcx,ASPALAARGr,EX_cyscys_e
3DHCDCHOLt,3HPVSTETteb,ASPHISPROr,EX_cysglnmet_e
3DHCDCHOLt2,3HPVShc,ASPMETASPr,EX_cysgluhis_e
3DHCHOLt,3HPVSteb,CYSTYRASNr,EX_cysglutrp_e
3DHCHOLt2,3HPVSthc,GLNASNGLNr,EX_cysleuthr_e
3DHDCAt,3HSMVACIDhep,GLNHISHISr,EX_cyssermet_e
3DHDCAt2,3HSMVACIDteb,GLYHISASNr,EX_cystyrasn_e
3DHLCAt,3HSMVhep,GLYVALHISr,EX_glnasngln_e
3DHLCAt2,3ISPVSteb,HISARGCYSr,EX_glnhishis_e
7DHCDCHOLt,3ISPVSthc,HISCYSCYSr,EX_glnhislys_e
7DHCDCHOLt2,4HATVACIDtep,HISHISLYSr,EX_glnlyslys_e
7DHCHOLt,4HATVACIDthc,HISLYSTHRr,EX_glnlystrp_e
7DHCHOLt2,4HATVLACtep,HISPHEARGr,EX_glnproglu_e
CA3Sabc,4HATVLACthc,HISTRPHISr,EX_glntrpglu_e
CA3St,56DHPVSteb,ILEARGILEr,EX_glntyrleu_e
HC02220t,56DHPVStev,ILEASNHISr,EX_gluargleu_e
COPROSTt,56EPPVSteb,ILEPROLYSr,EX_gluasnleu_e
COPROSTt2,56EPPVStev,LEUPROARGr,EX_gluglu_e
DCA3Sabc,5OHFVShc,LYSARGLEUr,EX_gluilelys_e
DCA3St,5OHFVSteb,LYSLYSLYSr,EX_gluleu_e
GCA3Sabc,6BHGLZhr,LYSPHEILEr,EX_glumet_e
GCA3St,6BHGLZtev,LYSVALPHEr,EX_glumethis_e
GCDCA3Sabc,6CSMVACIDhep,METARGLEUr,EX_gluthr_e
GCDCA3St,6CSMVACIDteb,METASNTYRr,EX_gluthrlys_e
GDCA3Sabc,6CSMVhep,METHISLYSr,EX_glutrpala_e
GDCA3St,6EPSteb,METMETILEr,EX_glyhisasn_e
GUDCA3Sabc,6EPVSthc,METPHEARGr,EX_glyhislys_e
GUDCA3St,6HMSMVACIDhep,PHELEUHISr,EX_glylyscys_e
HYOCHOLt,6HMSMVACIDteb,PHEPHEr,EX_glylysphe_e
HYOCHOLt2,6HMSMVhep,PHEPHEASNr,EX_glytyrlys_e
ICDCHOLt,6HSMVhep,PHETHRLYSr,EX_glyvalhis_e
ICDCHOLt2,6MSMVhep,PROASNCYSr,EX_hisargcys_e
ISOCHOLt,7HPVSteb,PROHISTYRr,EX_hisargser_e
ISOCHOLt2,7HPVStev,PROPROPROr,EX_hisasp_e
LCA3Sabc,ACMPShc,PROVALGLNr,EX_hiscyscys_e
LCA3St,ACMPdt,SERGLYGLUr,EX_hisglnala_e
TCA3Sabc,ATVACIDMCTtu,SERPHELYSr,EX_hisglu_e
TCA3St,ATVACIDOATPtu,THRASNTYRr,EX_hisglugln_e
TCDCA3Sabc,ATVLACThc,THRGLNTYRr,EX_hisglylys_e
TCDCA3St,ATVLACtdhc,THRHISHISr,EX_hishislys_e
TDCA3Sabc,CRVS1tev,THRMETARGr,EX_hislysala_e
TDCA3St,CRVSATPtu,THRTHRARGr,EX_hislysglu_e
THYOCHOLt,CRVSM1hr,TRPILETRPr,EX_hislysile_e
THYOCHOLt2,CRVSM1teb,TRPMETVALr,EX_hislysthr_e
TUDCA3Sabc,CRVSM23hr,TRPTHRILEr,EX_hislysval_e
TUDCA3St,CRVSM23teb,TYRPHETYRr,EX_hismet_e
UCHOLt,CRVSM23tev,TYRTRPPHEr,EX_hismetgln_e
UCHOLt2,CRVSM24teb,TYRTYRr,EX_hisphearg_e
UDCA3Sabc,CRVSM24tev,TYRVALMETr,EX_hisprolys_e
UDCA3St,CRVSthc,VALHISASNr,EX_histrphis_e
UDCHOLt,CVM1GLUChc,VALLEUPHEr,EX_ileargile_e
2HATVACIDteb,CVM23GLUChc,VALLYSTYRr,EX_ileasnhis_e
2HATVACIDthc,DEOXFVShc,VALVALr,EX_ileasp_e
2HATVLACteb,DEOXFVStev,HOMOVALte,EX_ileglnglu_e
2HATVLACthc,DSPVShc,EX_homoval_e,EX_ileglyarg_e
35DHPVStep,DSPVSteb,GLYCLTtm,EX_ileprolys_e
35DHPVSthc,DSPVStev,TYMc,EX_ileserarg_e
3HPVSTETCOAhcm,EX_35dsmv_e,PCHOL2PALM_HSte,EX_iletrptyr_e
3HPVSTETCOAhcx,EX_3hpvs_e,XOLEST183te,EX_leualaarg_e
3HPVSTETteb,EX_3hpvstet_e,XOLEST182_HSte,EX_leuasnasp_e
3HPVSthc,EX_3hsmvacid_e,XOLEST205_HSte,EX_leuasplys_e
3ISPVSteb,EX_5ohfvs_e,XOLEST226_HSte,EX_leuleutrp_e
3ISPVSthc,EX_6bhglz_e,PE224_HSte,EX_leupro_e
4HATVACIDteb,EX_6csmvacid_e,PCHOLN261_HSte,EX_leuproarg_e
4HATVACIDthc,EX_6hmsmvacid_e,PCHOLN281_HSte,EX_leusertrp_e
4HATVLACteb,EX_acmp_e,PCHOLN28_HSte,EX_leutrp_e
4HATVLACthc,EX_deoxfvs_e,HDCECRNtr,EX_leutrparg_e
6EPSteb,EX_dspvs_e,LNELDCCRNtr,EX_leutyrtyr_e
6EPVSthc,EX_fvs_e,ODECRNtr,EX_leuval_e
ATVACIDMCTtu,EX_glz_e,PMTCRNtr,EX_lysargleu_e
ATVACIDOATPtu,EX_ibup__R_e,STCRNtr,EX_lyscyshis_e
ATVLACThc,EX_ibup__S_e,EX_sphmyln_hs_e,EX_lysglnphe_e
ATVLACtu,EX_ndersv_e,XOLEST183tl,EX_lysgluglu_e
CRVSATPtu,EX_profvs_e,XOLEST182tl,EX_lyslyslys_e
CRVSM1hr,EX_ptvst_e,XOLEST205tl,EX_lyspheile_e
CRVSM23hr,EX_ptvstm3_e,TMNDNCtl,EX_lystrparg_e
CRVSthc,EX_pvs_e,XOLEST226tl,EX_lystyrile_e
CVM1GLUChc,EX_rsv_e,CRVNCtl,EX_lysvalphe_e
CVM23GLUChc,EX_rsvlac_e,PHEACGLYtm,EX_lysvaltrp_e
DEOXFVShc,EX_smv_e,TTDCEAc,EX_metargleu_e
DEOXFVStev,EX_sulpacmp_e,PACCOALm,EX_metasntyr_e
EX_3hpvs_e,FVStu,PACALDtm,EX_metglntyr_e
EX_3hpvstet_e,GLZtd,LHCYSTIN,EX_metglyarg_e
EX_deoxfvs_e,IBUP_RASCL1hep,LHCYSTINt,EX_methislys_e
EX_fvs_e,IBUP_Rshep,EX_Lhcystin_e,EX_metmetile_e
EX_ibup__R_e,IBUP_Rtdu,PA_HStm,EX_metphearg_e
EX_ibupgluc_e,IBUP_SACOT2,MALOAAtm,EX_mettrpphe_e
EX_profvs_e,IBUP_Stdu,MLTHFtm,EX_pheasnmet_e
FVStu,NDERSVhc,PSDm_hsc,EX_pheasp_e
IBUPGLUCtpvb,NDERSVteb,CE2512te,EX_pheglnphe_e
IBUPGT_HEP,PROFVSCOAhc,r2514m,EX_pheleu_e
IBUP_RASCL1hep,PROFVShc,FAS180,EX_pheleuasp_e
IBUP_Rshep,PROFVStev,5AOPt2,EX_pheleuhis_e
IBUP_Rtdhep,PTVSTATPtu,ACNAMt2,EX_phelysala_e
IBUP_SACOT2,PTVSTM3eb,ADRNLtu,EX_phelyspro_e
IBUP_Stdhep,PTVSTM3hc,ARGt5r,EX_phephe_e
IBUP_Stdu,PTVSTtu,DM_pe_hs_c,EX_phepheasn_e
PROFVSCOAhc,PVSATPtu,SK_akg_c,EX_phephethr_e
PROFVShc,PVSGLUCteb,SK_for_c,EX_pheproarg_e
PROFVStev,PVSGLUCtev,SK_mi1345p_c,EX_phesertrp_e
PTVSTATPtu,PVSOATPtu,ETHAt,EX_phethrlys_e
PTVSTtu,RSVATPtu,PPPGO,EX_phetrpleu_e
PVSATPtu,RSVGLUChc,UGT1A10c,EX_phetyr_e
PVSOATPtu,RSVLAChv,UNK3,EX_phetyrgln_e
RSVATPtu,RSVLACteb,ACGALtr,EX_phetyrlys_e
RSVtu,RSVtu,ACNAMtr,EX_proargasp_e
SMVACIDhep,SMVACIDhep,S2L2N2M2Mt,EX_proargcys_e
SMVtu,SMVGLUChep,EX_f1a_e,EX_proasncys_e
SMVGLUChep,SMVthep,EX_s2l2n2m2m_e,EX_procys_e
SMVthep,SULPACMPtev,r2444,EX_proglnpro_e
3HPVSCOAitm,TRIPVSteb,EX_lpam_e,EX_proglulys_e
3HPVSCOAitx,TRIPVStev,LPAMt,EX_prohis_e
3HPVSTETCOAitm,35DSMVitr,EX_acgal_e,EX_prohistyr_e
3HPVSTETCOAitx,3HPVSitr,EX_acnam_e,EX_proleuarg_e
DEOXFVSitx,3HPVSCOAitm,EX_pa_hs_e,EX_prolyspro_e
FVSitx,3HPVSCOAitx,DM_C02712_c,EX_prophe_e
FVSCOAitx,3HPVSTETCOAitm,F1Ate,EX_proproarg_e
IBUP_Sitr,3HPVSTETCOAitx,LPAMtm,EX_propropro_e
IBUPGLUCitr,3HSMVitr,PGP_hs_tm,EX_protrplys_e
PROFVSCOAitx,5OHFVSitr,PROSTGE2t2r,EX_protrpthr_e
3HPVSCOAhc,6CSMVitr,ESTR2r,EX_provalgln_e
3HPVSTEThc,6HMSMVitr,LTHSTRLtr,EX_serargala_e
FVSCOAhc,DEOXFVSitx,PGLYCtm,EX_serargtrp_e
EX_caproic_e,DSPVSitr,SK_C02528_c,EX_sercysarg_e
EX_M00234_e,FVSitx,SK_HC02191_c,EX_serglyglu_e
EX_M01807_e,FVSCOAitx,SK_Tyr_ggn_c,EX_serlyshis_e
EX_M00503_e,GLZitr,SK_c226coa_c,EX_serphelys_e
EX_M02613_e,NDERSVitr,SK_chol_c,EX_sertrphis_e
EX_C01601_e,PROFVSCOAitx,SK_cholate_c,EX_thrargtyr_e
EX_M02108_e,PTVSTM3itr,SK_coa_c,EX_thrasntyr_e
EX_M03117_e,PVSitr,SK_crvnc_c,EX_thrglnglu_e
EX_M03134_e,RSVLACitr,SK_dgchol_c,EX_thrglntyr_e
EX_M01111_e,3HPVSCOAhc,SK_doco13ecoa_c,EX_thrhishis_e
EX_M01870_e,3HPVSTEThc,SK_gchola_c,EX_thrilearg_e
EX_ditp_e,FVSCOAhc,SK_glygn2_c,EX_thrmetarg_e
EX_M01966_e,H2O2ter,SK_hdca_c,EX_thrphearg_e
EX_M03131_e,SMVitr,SK_lnlc_c,EX_thrserarg_e
EX_n5m2masn_e,6BHGLZitr,SK_lnlccoa_c,EX_thrthrarg_e
SK_4abut_l,RSVitr,SK_lnlncacoa_c,EX_thrtyrmet_e
DM_cbl2_m,PTVSTitr,SK_lnlncgcoa_c,EX_trpalapro_e
DM_btn_m,FVSitr,SK_nad_c,EX_trpargala_e
DCMPtm,EX_M00234_e,SK_nadp_c,EX_trpaspasp_e
CYOR_u10mi,EX_M01807_e,SK_odecoa_c,EX_trpglngln_e
Htmi,EX_M00503_e,SK_pmtcoa_c,EX_trpglugly_e
CYOOm2i,EX_M00003_e,SK_pydam_c,EX_trpgluleu_e
R01115,EX_M00008_e,SK_pydx_c,EX_trpglupro_e
R01803,EX_M00010_e,SK_pydxn_c,EX_trpglutyr_e
R04215,EX_M00117_e,SK_retinol_c,EX_trpglyleu_e
R00100,EX_M00260_e,SK_stcoa_c,EX_trpglyphe_e
SK_cmpglna_c,EX_M00315_e,SK_thf_c,EX_trpglyval_e
PNTEH,EX_M01238_e,DM_thmpp_c,EX_trphismet_e
PIK3,EX_M02613_e,DM_thmtp_c,EX_trpilelys_e
PI4P3K,EX_M03045_e,SK_tmndnc_c,EX_trpiletrp_e
PI5P3K,EX_M01111_e,SK_tmndnccoa_c,EX_trpleuval_e
PIACGT,EX_M01872_e,DXTRNt,EX_trplys_e
,EX_M01870_e,EX_dxtrn_e,EX_trpmetarg_e
,EX_ditp_e,SK_dhcholestanate_c,EX_trpmetval_e
,EX_adpman_e,SK_thcholstoic_c,EX_trpphe_e
,EX_rbl__D_e,SK_xol7ah3_c,EX_trpprogly_e
,EX_M01966_e,SK_xol7aone_c,EX_trpproleu_e
,EX_M01881_e,SK_xoldiolone_c,EX_trpproval_e
,EX_M03131_e,SK_dchac_c,EX_trpsertyr_e
,EX_n5m2masn_e,EX_2obut_e,EX_trpthrglu_e
,EX_dolichol__L_e,ACACT1r,EX_trpthrile_e
,SK_his__L_c,ACACt2,EX_trpthrtyr_e
,SK_ile__L_c,ACCOAL,EX_trptyrgln_e
,SK_leu__L_c,ACONT,EX_trptyrtyr_e
,SK_met__L_c,ACS,EX_trpvalasp_e
,SK_phe__L_c,ADK1,EX_tyrala_e
,SK_thr__L_c,ADNt2,EX_tyralaphe_e
,SK_trp__L_c,ADPT,EX_tyrargglu_e
,SK_val__L_c,ADSS,EX_tyrargser_e
,SK_arg__L_c,ALAR,EX_tyrasparg_e
,SK_asn__L_c,AMPTASECG,EX_tyrcysgly_e
,SK_asp__L_c,ARGN,EX_tyrcysthr_e
,SK_glu__L_c,ASP1DC,EX_tyrglu_e
,SK_pro__L_c,ASPTA,EX_tyrleuarg_e
,SK_4abut_l,BPNT,EX_tyrphetyr_e
,DM_4glu56dihdind_c,BUTt2r,EX_tyrthr_e
,DM_btn_n,CBPS,EX_tyrtrpphe_e
,CYOR_u10mi,CPPPGO,EX_tyrtyr_e
,Htmi,CTPS1,EX_tyrvalmet_e
,CYOOm3i,CTPS2,EX_valarggly_e
,R01115,CYSTGL,EX_valhisasn_e
,R01803,CYSTS,EX_valleuphe_e
,R04215,DGK1,EX_vallystyr_e
,R00100,DHFR,EX_valphearg_e
,SK_cmpglna_c,DHORTS,EX_valprotrp_e
,SK_HC01115_c,DHPR,EX_valserarg_e
,PNTEH,DMATT,EX_valtrpphe_e
,PIK3,DPCOAK,EX_valtrpval_e
,PI4P3K,DTMPK,EX_valval_e
,PI5P3K,DURIPP,EX_trpglyasp_e
,PIACGT,ENO,ALAARGCYSt
,,EX_acac_e,ALAARGGLYt
,,EX_adn_e,ALAASNLEUt
,,EX_akg_e,ALAGLYLYSt
,,EX_but_e,ALAHISALAt
,,EX_cgly_e,ALALYSTHRt
,,EX_co2_e,ARGALAALAt
,,EX_cytd_e,ARGALAPHEt
,,EX_dad_2_e,ARGALATHRt
,,EX_dcyt_e,ARGARGt
,,EX_dgsn_e,ARGARGLYSt
,,EX_din_e,ARGARGMETt
,,EX_fe2_e,ARGCYSGLYt
,,EX_gal_e,ARGCYSSERt
,,EX_glyb_e,ARGGLUGLUt
,,EX_glyleu_e,ARGGLUPROt
,,EX_glypro_e,ARGGLYGLYt
,,EX_h2o_e,ARGHISTHRt
,,EX_ile__L_e,ARGLEUPHEt
,,EX_ins_e,ARGLYSASPt
,,EX_lac__L_e,ARGPHEARGt
,,EX_met__L_e,ARGPROMETt
,,EX_o2_e,ARGPROTHRt
,,EX_orn_e,ARGSERSERt
,,EX_pi_e,ARGTYRVALt
,,EX_ppi_e,ARGVALCYSt
,,EX_ribflv_e,ARGVALTRPt
,,EX_ser__L_e,ASNASNARGt
,,EX_so4_e,ASNCYSCYSt
,,EX_succ_e,ASNMETPROt
,,EX_thymd_e,ASNPHEASPt
,,EX_urea_e,ASNPHECYSt
,,EX_uri_e,ASNTYRGLYt
,,EX_val__L_e,ASNTYRPHEt
,,FBA,ASNTYRTHRt
,,FBA2,ASPALAARGt
,,FCLT,ASPASNGLUt
,,FEROc,ASPGLUt
,,FMNAT,ASPGLUPROt
,,FPGS7_1,ASPGLUTRPt
,,FTHFCL,ASPHISCYSt
,,FUM,ASPHISPROt
,,G3PD1ir,ASPLYSGLUt
,,G6PDH2r,ASPLYSHISt
,,GALUi,ASPMETASPt
,,GAPD,ASPPROLYSt
,,GF6PTA,ASPVALASNt
,,GHMT2r,CYSASNMETt
,,GK1,CYSASPPHEt
,,GLNS,CYSCYSt
,,GLYLEUHYDROc,CYSGLNMETt
,,GLYLEUPEPT1tc,CYSGLUHISt
,,GLYPROPRO1c,CYSGLUTRPt
,,GMAND,CYSLEUTHRt
,,GMPS2,CYSSERMETt
,,GRTT,CYSTYRASNt
,,GTPCI,GLNASNGLNt
,,GUAPRT,GLNHISHISt
,,HCO3E,GLNHISLYSt
,,H2Ot,GLNLYSLYSt
,,HEX1,GLNLYSTRPt
,,HMBS,GLNPROGLUt
,,ILETA,GLNTRPGLUt
,,IMPD,GLNTYRLEUt
,,LEUTA,GLUARGLEUt
,,L_LACt2r,GLUASNLEUt
,,MAN1PT2,GLUGLUt
,,MAN6PI,GLUILELYSt
,,MTHFC,GLULEUt
,,MTHFD,GLUMETt
,,NADK,GLUMETHISt
,,NAt3_1,GLUTHRt
,,NDPK1,GLUTHRLYSt
,,NDPK2,GLUTRPALAt
,,NDPK3,GLYHISASNt
,,NDPK4,GLYHISLYSt
,,NDPK5,GLYLYSCYSt
,,NDPK6,GLYLYSPHEt
,,NDPK7,GLYTYRLYSt
,,NDPK8,GLYVALHISt
,,NDPK9,HISARGCYSt
,,NNATr,HISARGSERt
,,NTD1,HISASPt
,,O2t,HISCYSCYSt
,,OMPDC,HISGLNALAt
,,PGI,HISGLUt
,,PGK,HISGLUGLNt
,,PGL,HISGLYLYSt
,,PGM,HISHISLYSt
,,PGMT,HISLYSALAt
,,PMANM,HISLYSGLUt
,,PNP,HISLYSILEt
,,PNTK,HISLYSTHRt
,,PPA,HISLYSVALt
,,PPBNGS,HISMETt
,,PPCDC,HISMETGLNt
,,PPM,HISPHEARGt
,,PPNCL3,HISPROLYSt
,,PRO1x,HISTRPHISt
,,PROt2r,ILEARGILEt
,,PRPPS,ILEASNHISt
,,PSERT,ILEASPt
,,PSP_L,ILEGLNGLUt
,,PTPATi,ILEGLYARGt
,,PUNP1,ILEPROLYSt
,,PUNP2,ILESERARGt
,,PUNP3,ILETRPTYRt
,,PUNP4,LEUALAARGt
,,PUNP5,LEUASNASPt
,,PUNP6,LEUASPLYSt
,,PUNP7,LEULEUTRPt
,,RBFK,LEUPROt
,,RNDR1,LEUPROARGt
,,RNDR2,LEUSERTRPt
,,RNDR3,LEUTRPt
,,RNDR4,LEUTRPARGt
,,RPE,LEUTYRTYRt
,,RPI,LEUVALt
,,SPMS,LYSARGLEUt
,,SPODM,LYSCYSHISt
,,TALA,LYSGLNPHEt
,,THMDt2,LYSGLUGLUt
,,THRS,LYSLYSLYSt
,,TKT1,LYSPHEILEt
,,TKT2,LYSTRPARGt
,,TMDK1,LYSTYRILEt
,,TMDPK,LYSVALPHEt
,,TPI,LYSVALTRPt
,,UAG4Ei,METARGLEUt
,,UAGDP,METASNTYRt
,,UDPG4E,METGLNTYRt
,,UMPK,METGLYARGt
,,UPP3S,METHISLYSt
,,UPPDC1,METMETILEt
,,UREAt,METPHEARGt
,,URIDK2r,METTRPPHEt
,,VALTA,PHEASNMETt
,,SERD_L,PHEASPt
,,r0082,PHEGLNPHEt
,,ASNN,PHELEUt
,,r0220_1,PHELEUASPt
,,r0318,PHELEUHISt
,,DADK,PHELYSALAt
,,r0398,PHELYSPROt
,,r0422,PHEPHEt
,,PPM2,PHEPHEASNt
,,PPNCL2,PHEPHETHRt
,,ACCOAC,PHEPROARGt
,,FPGS_1,PHESERTRPt
,,EX_pnto__R_e,PHETHRLYSt
,,EX_gly_e,PHETRPLEUt
,,GLYt2r,PHETYRt
,,EX_ala__L_e,PHETYRGLNt
,,ALAt2r,PHETYRLYSt
,,EX_his__L_e,PROARGASPt
,,EX_thr__L_e,PROARGCYSt
,,EX_gln__L_e,PROASNCYSt
,,EX_phe__L_e,PROCYSt
,,NTD2,PROGLNPROt
,,NTD4,PROGLULYSt
,,NTD5,PROHISt
,,NTD6,PROHISTYRt
,,NTD7,PROLEUARGt
,,NTD8,PROLYSPROt
,,NTD9,PROPHEt
,,NTD10,PROPROARGt
,,NTD11,PROPROPROt
,,EX_arg__L_e,PROTRPLYSt
,,EX_for_e,PROTRPTHRt
,,NADS2,PROVALGLNt
,,EX_nac_e,SERARGALAt
,,GUAt,SERARGTRPt
,,ADPRDP,SERCYSARGt
,,EX_ind3ac_e,SERGLYGLUt
,,EX_nh4_e,SERLYSHISt
,,EX_ac_e,SERPHELYSt
,,ALCD1,SERTRPHISt
,,RBK,THRARGTYRt
,,ADNK1,THRASNTYRt
,,GCALDD,THRGLNGLUt
,,GLYCK,THRGLNTYRt
,,ABUTD,THRHISHISt
,,ACYP,THRILEARGt
,,AGDC,THRMETARGt
,,AICART,THRPHEARGt
,,ALDD2x,THRSERARGt
,,AMANK,THRTHRARGt
,,ARGSL,THRTYRMETt
,,CITL,TRPALAPROt
,,CYTK1,TRPARGALAt
,,CYTK2,TRPASPASPt
,,DRBK,TRPGLNGLNt
,,EX_cit_e,TRPGLUGLYt
,,EX_etha_e,TRPGLULEUt
,,EX_fol_e,TRPGLUPROt
,,EX_fru_e,TRPGLUTYRt
,,EX_glcr_e,TRPGLYLEUt
,,EX_glcur_e,TRPGLYPHEt
,,EX_glyc_e,TRPGLYVALt
,,EX_hxan_e,TRPHISMETt
,,EX_malt_e,TRPILELYSt
,,EX_malttr_e,TRPILETRPt
,,EX_man_e,TRPLEUVALt
,,EX_ptrc_e,TRPLYSt
,,EX_rib__D_e,TRPMETARGt
,,EX_spmd_e,TRPMETVALt
,,EX_thm_e,TRPPHEt
,,EX_trp__L_e,TRPPROGLYt
,,EX_ura_e,TRPPROLEUt
,,EX_xyl__D_e,TRPPROVALt
,,FACOAL161,TRPSERTYRt
,,G6PDA,TRPTHRGLUt
,,GALKr,TRPTHRILEt
,,GALT,TRPTHRTYRt
,,GLUPRT,TRPTYRGLNt
,,GLXO1,TRPTYRTYRt
,,GLYK,TRPVALASPt
,,GLYOX,TYRALAt
,,GND,TYRALAPHEt
,,HEX7,TYRARGGLUt
,,HISDr,TYRARGSERt
,,HXPRT,TYRASPARGt
,,HYXNt,TYRCYSGLYt
,,IMACTD,TYRCYSTHRt
,,IMPC,TYRGLUt
,,IZPN,TYRLEUARGt
,,LCADi,TYRPHETYRt
,,LDH_D,TYRTHRt
,,LDH_L,TYRTRPPHEt
,,LGTHL,TYRTYRt
,,MALT,TYRVALMETt
,,MDH,VALARGGLYt
,,MI1PP,VALHISASNt
,,MI3PP,VALLEUPHEt
,,MI4PP,VALLYSTYRt
,,NT5C,VALPHEARGt
,,NTD3,VALPROTRPt
,,NMNHYD,VALSERARGt
,,ORNDC,VALTRPPHEt
,,PFK,VALTRPVALt
,,PHETA1,VALVALt
,,PRFGS,TRPGLYASPt
,,PYDAMK,ALAARGCYSr
,,PYDXNK,ALAARGGLYr
,,PYK,ALAASNLEUr
,,THRD_L,ALAGLYLYSr
,,TMDS,ALAHISALAr
,,TYRTA,ALALYSTHRr
,,XYLt,ARGALAALAr
,,GLYALDDr,ARGALAPHEr
,,MTHFR2,ARGALATHRr
,,ARGORNt7,ARGARGr
,,EX_34dhpha_e,ARGARGLYSr
,,EX_ppa_e,ARGARGMETr
,,EX_arab__L_e,ARGCYSGLYr
,,UGLT,ARGCYSSERr
,,EX_gam_e,ARGGLUGLUr
,,URCN,ARGGLUPROr
,,EX_pyr_e,ARGGLYGLYr
,,PYRt2,ARGHISTHRr
,,ACGAM2E,ARGLEUPHEr
,,DCMPDA,ARGLYSASPr
,,EX_btn_e,ARGPHEARGr
,,EX_lcts_e,ARGPROMETr
,,FTHFLi,ARGPROTHRr
,,EX_ade_e,ARGSERSERr
,,EX_etoh_e,ARGTYRVALr
,,ETOHt,ARGVALCYSr
,,THMt3,ARGVALTRPr
,,AACOAT,ASNASNARGr
,,EX_pheme_e,ASNCYSCYSr
,,FTCD,ASNMETPROr
,,GLNt4,ASNPHEASPr
,,MTRI,ASNPHECYSr
,,NADN,ASNTYRGLYr
,,MTHFD2i,ASNTYRPHEr
,,EX_gua_e,ASNTYRTHRr
,,AHCi,ASPALAARGr
,,EX_4abut_e,ASPASNGLUr
,,ABUTt2r,ASPGLUr
,,EX_taur_e,ASPGLUPROr
,,EX_phpyr_e,ASPGLUTRPr
,,EX_tym_e,ASPHISCYSr
,,EX_2hyoxplac_e,ASPHISPROr
,,EX_lanost_e,ASPLYSGLUr
,,PHPYRte,ASPLYSHISr
,,CE4970tm,ASPMETASPr
,,CE4970te,ASPPROLYSr
,,EX_CE4970_e,ASPVALASNr
,,CE2026te,CYSASNMETr
,,CE4968tm,CYSASPPHEr
,,CE4968te,CYSCYSr
,,EX_CE4968_e,CYSGLNMETr
,,VANILPYRc,CYSGLUHISr
,,2H3MVc,CYSGLUTRPr
,,2HIVc,CYSLEUTHRr
,,2M3OVCOAm,CYSSERMETr
,,3OHGLUTACOAT3t,CYSTYRASNr
,,3HADICOAx,GLNASNGLNr
,,3HADPACx,GLNHISHISr
,,3HADPACtxc,GLNHISLYSr
,,3HADPACte,GLNLYSLYSr
,,EX_3hadpac_e,GLNLYSTRPr
,,3OHSEBCOAx,GLNPROGLUr
,,3OHSEBACx,GLNTRPGLUr
,,3OHSEBACtxc,GLNTYRLEUr
,,3OHSEBACte,GLUARGLEUr
,,EX_3ohsebac_e,GLUASNLEUr
,,3OHSUBCOAx,GLUGLUr
,,3OHSUBACx,GLUILELYSr
,,3OHSUBACtxc,GLULEUr
,,3OHSUBACte,GLUMETr
,,EX_3ohsubac_e,GLUMETHISr
,,CAPROICc,GLUTHRr
,,AK2LGCHOLABCt,GLUTHRLYSr
,,CE2510ABCt,GLUTRPALAr
,,CE2537ABCt,GLYHISASNr
,,DIGALSGALSIDEte,GLYHISLYSr
,,NRVNCABCt,GLYLYSCYSr
,,PAFABCt,GLYLYSPHEr
,,PAILPALM_HSSECt,GLYTYRLYSr
,,PAILR_HSSECt,GLYVALHISr
,,PCHLN225_HSABCt,HISARGCYSr
,,PCHOL2LINL_HSABCt,HISARGSERr
,,PCHOL2OLE_HSABCt,HISASPr
,,PCHOL2STE_HSABCt,HISCYSCYSr
,,PCHOLAR_HSABCt,HISGLNALAr
,,PCHOLDOC_HSABCt,HISGLUr
,,PCHOLEIC_HSABCt,HISGLUGLNr
,,PCHOLET_HSABCt,HISGLYLYSr
,,PCHOLHEP_HSABCt,HISHISLYSr
,,PCHOLLINL_HSABCt,HISLYSALAr
,,PCHOLMYR_HsABCt,HISLYSGLUr
,,PCHOLN15_HSABCt,HISLYSILEr
,,PCHOLN183_HSABCt,HISLYSTHRr
,,PCHOLN1836_HSABCt,HISLYSVALr
,,PCHOLN19_HSABCt,HISMETr
,,PCHOLN201_HSABCt,HISMETGLNr
,,PCHOLN203_HSABCt,HISPHEARGr
,,PCHOLN204_HSABCt,HISPROLYSr
,,PCHOLN205_HSABCt,HISTRPHISr
,,PCHOLN224_HSABCt,ILEARGILEr
,,PCHOLN225_HSABCt,ILEASNHISr
,,PCHOLN2254_HSABCt,ILEASPr
,,PCHOLN264_HSABCt,ILEGLNGLUr
,,PCHOLOLE_HSABCt,ILEGLYARGr
,,PCHOLPALME_HSABCt,ILEPROLYSr
,,PCHOLSTE_HSABCt,ILESERARGr
,,PE12_HSABCt,ILETRPTYRr
,,Pe13_HSABCt,LEUALAARGr
,,PE14_HSABCt,LEUASNASPr
,,PE15_HSABCt,LEUASPLYSr
,,PE161_HSABCt,LEULEUTRPr
,,PE17_HSABCt,LEUPROr
,,PE203_HSABCt,LEUPROARGr
,,PE226_HSABCt,LEUSERTRPr
,,PE2LINL_HSABCt,LEUTRPr
,,PEAR_HSABCt,LEUTRPARGr
,,PEDH203_HSABCt,LEUTYRTYRr
,,PELINL_HSABCt,LEUVALr
,,PELPALM_HSABCt,LYSARGLEUr
,,PEOLE_HSABCt,LYSCYSHISr
,,PEPALM_HSASBCt,LYSGLNPHEr
,,PESTE_HSABCt,LYSGLUGLUr
,,SPHMYLN180241_hs_SECt,LYSLYSLYSr
,,SPHMYLN18114_hs_SECt,LYSPHEILEr
,,SPHMYLN18115_hs_SECt,LYSTRPARGr
,,SPHMYLN18116_hs_SECt,LYSTYRILEr
,,SPHMYLN181161_hs_SECt,LYSVALPHEr
,,SPHMYLN18117_hs_SECt,LYSVALTRPr
,,SPHMYLN18118_hs_SECt,METARGLEUr
,,SPHMYLN181181_hs_SECt,METASNTYRr
,,SPHMYLN18120_hs_SECt,METGLNTYRr
,,SPHMYLN181201_hs_SECt,METGLYARGr
,,SPHMYLN18121_hs_SECt,METHISLYSr
,,SPHMYLN18122_hs_SECt,METMETILEr
,,SPHMYLN181221_hs_SECt,METPHEARGr
,,SPHMYLN18123_hs_SECt,METTRPPHEr
,,SPHMYLN1824_hs_SECt,PHEASNMETr
,,SPHMYLN1825_hs_SECt,PHEASPr
,,AK2LGCHOLt,PHEGLNPHEr
,,APRGSTRNt1e,PHELEUr
,,DIGALSGALSIDEATPte,PHELEUASPr
,,PAFt,PHELEUHISr
,,PCHOL2LINL_HSt1e,PHELYSALAr
,,PCHOL2OLE_HSt1e,PHELYSPROr
,,PCHOL2STE_HSt1e,PHEPHEr
,,PCHOLAR_HSt1e,PHEPHEASNr
,,PCHOLDOC_HSt1e,PHEPHETHRr
,,PCHOLEIC_HSt1e,PHEPROARGr
,,PCHOLET_HSt1e,PHESERTRPr
,,PCHOLHEP_HSt1e,PHETHRLYSr
,,PCHOLLINL_HSt1e,PHETRPLEUr
,,PCHOLMYR_Hst1e,PHETYRr
,,PCHOLN15_HSt1e,PHETYRGLNr
,,PCHOLN183_HSt1e,PHETYRLYSr
,,PCHOLN1836_HSt1e,PROARGASPr
,,PCHOLN19_HSt1e,PROARGCYSr
,,PCHOLN201_HSt1e,PROASNCYSr
,,PCHOLN203_HSt1e,PROCYSr
,,PCHOLN204_HSt1e,PROGLNPROr
,,PCHOLN205_HSt1e,PROGLULYSr
,,PCHOLN224_HSt1e,PROHISr
,,PCHOLN225_HSt1e,PROHISTYRr
,,PCHOLN2254_HSt1e,PROLEUARGr
,,PCHLN225_HSt1e,PROLYSPROr
,,PCHOLN264_HSt1e,PROPHEr
,,PCHOLOLE_HSt1e,PROPROARGr
,,PEPALM_HSt1e,PROPROPROr
,,PCHOLPALME_HSt1e,PROTRPLYSr
,,PCHOLSTE_HSt1e,PROTRPTHRr
,,PE12_HSt1e,PROVALGLNr
,,Pe13_HSt1e,SERARGALAr
,,PE14_HSt1e,SERARGTRPr
,,PE15_HSt1e,SERCYSARGr
,,PE161_HSt1e,SERGLYGLUr
,,PE17_HSt1e,SERLYSHISr
,,PE203_HSt1e,SERPHELYSr
,,PE226_HSt1e,SERTRPHISr
,,PE2LINL_HSt1e,THRARGTYRr
,,PEAR_HSt1e,THRASNTYRr
,,PEDH203_HSt1e,THRGLNGLUr
,,PELINL_HSt1e,THRGLNTYRr
,,PEOLE_HSt1e,THRHISHISr
,,PELPALM_HSt1e,THRILEARGr
,,PESTE_HSt1e,THRMETARGr
,,SPHMYLN_HsATPte,THRPHEARGr
,,SPHMYLN180241_hs_ATPt,THRSERARGr
,,SPHMYLN18114_hs_ATPt,THRTHRARGr
,,SPHMYLN18115_hs_ATPt,THRTYRMETr
,,SPHMYLN18116_hs_ATPt,TRPALAPROr
,,SPHMYLN181161_hs_ATPt,TRPARGALAr
,,SPHMYLN18117_hs_ATPt,TRPASPASPr
,,SPHMYLN18118_hs_ATPt,TRPGLNGLNr
,,SPHMYLN181181_hs_ATPt,TRPGLUGLYr
,,SPHMYLN18120_hs_ATPt,TRPGLULEUr
,,SPHMYLN181201_hs_ATPt,TRPGLUPROr
,,SPHMYLN18121_hs_ATPt,TRPGLUTYRr
,,SPHMYLN18122_hs_ATPt,TRPGLYLEUr
,,SPHMYLN181221_hs_ATPt,TRPGLYPHEr
,,SPHMYLN18123_hs_ATPt,TRPGLYVALr
,,SPHMYLN1824_hs_ATPt,TRPHISMETr
,,SPHMYLN1825_hs_ATPt,TRPILELYSr
,,2HYDOGOAT3t,TRPILETRPr
,,GLUTAROAT3t,TRPLEUVALr
,,THEXDDm,TRPLYSr
,,THEXDDtm,TRPMETARGr
,,THEXDDte,TRPMETVALr
,,EX_thexdd_e,TRPPHEr
,,HEXDTRm,TRPPROGLYr
,,HEXDTRtm,TRPPROLEUr
,,HEXDTRte,TRPPROVALr
,,EX_hexdtr_e,TRPSERTYRr
,,HPDECECOAm,TRPTHRGLUr
,,HPDECEm,TRPTHRILEr
,,HPDECEtm,TRPTHRTYRr
,,HPDECEte,TRPTYRGLNr
,,EX_hpdece_e,TRPTYRTYRr
,,EIC21114TRc,TRPVALASPr
,,EIC21114TRte,TYRALAr
,,EX_eic21114tr_e,TYRALAPHEr
,,5EIPENCm,TYRARGGLUr
,,5EIPENCtm,TYRARGSERr
,,5EIPENCte,TYRASPARGr
,,EX_5eipenc_e,TYRCYSGLYr
,,T4HCINNMte,TYRCYSTHRr
,,AGRMte,TYRGLUr
,,ANDRSTNDNte,TYRLEUARGr
,,EANDRSTRNte,TYRPHETYRr
,,AHANDROSTANte,TYRTHRr
,,ANDRSTANDRte,TYRTRPPHEr
,,CE2209te,TYRTYRr
,,C05301te,TYRVALMETr
,,C05299te,VALARGGLYr
,,C05302te,VALHISASNr
,,CE5072te,VALLEUPHEr
,,11DOCRTSLte,VALLYSTYRr
,,11DOCRTSTRNte,VALPHEARGr
,,PRGNLONEte,VALPROTRPr
,,CE2211te,VALSERARGr
,,17AHPRGSTRNte,VALTRPPHEr
,,17AHPRGNLONEte,VALTRPVALr
,,C03681te,VALVALr
,,PRGNLONESte,TRPGLYASPr
,,CE1352te,HOMOVALte
,,MMAt2e,EX_homoval_e
,,SAMHISTAe,GLYCLTtm
,,CE2006te,PCHOL2PALM_HSte
,,GLCRt1,XOLEST183te
,,2HYOXPLCte,XOLEST182_HSte
,,N8ASPMDte,XOLEST205_HSte
,,MHISTAte,XOLEST226_HSte
,,2OBUTt,PE224_HSte
,,PPP9ABCte,PCHOLN261_HSte
,,MLTHFte,PCHOLN281_HSte
,,TYMte2,PCHOLN28_HSte
,,TRYPTAte,EX_sphmyln_hs_e
,,CE4890te,XOLEST183tl
,,SELMETHte,XOLEST182tl
,,CE7090te,XOLEST205tl
,,CE7085te,TMNDNCtl
,,CE7096te,XOLEST226tl
,,CE4877te,CRVNCtl
,,CE1447te,PHEACGLYtm
,,C05769te3,EX_hxa_e
,,C05770te4,TTDCEAc
,,C05770te,PACCOALm
,,MLTHFte3,PACALDtm
,,CE2705t,GNCORE1te
,,SPHS1Pt2e,EX_Lhcystin_e
,,PTRCARGte,MALOAAtm
,,MLTHFte2,MLTHFtm
,,13DAMPPte,2MOPtm
,,HDD2CRNte2,MMALtm
,,MLTHFte1,PGPP_hsc
,,ARGN1ASPMDte,r2514m
,,CE1918te,ARGt5r
,,34DHPHAte,DM_pe_hs_c
,,34DHOXMANDte,SK_adprbp_c
,,CE6205te,SK_akg_c
,,1A25DHVITD3te,SK_bandmt_c
,,AGMt_m,SK_for_c
,,EX_agm_e,SK_mi1345p_c
,,EX_T4hcinnm_e,SK_mi134p_c
,,4HBZtm,SK_mi145p_c
,,CE7081tr,SK_mi14p_c
,,CE7081tm,DM_pchol_hs_c
,,EX_CE7081_e,HCYSte
,,EGMEte,SK_band_c
,,EX_egme_e,UNK3
,,18HARACHDtr,ACGALtr
,,18HARACHDte,GALAMtr
,,EX_18harachd_e,MK10t
,,SQLte,MK11t
,,EX_sql_e,MK7t
,,EX_orn__D_e,MK9t
,,5G2OXPTtx,EX_core4_e
,,5G2OXPTte,EX_core5_e
,,EX_5g2oxpt_e,EX_core7_e
,,EX_andrstndn_e,EX_core8_e
,,EANDRSTRNtr,EX_dsT_antigen_e
,,EX_eandrstrn_e,EX_f1a_e
,,EX_ahandrostan_e,EX_galam_e
,,ANDRSTANDRtr,EX_gncore1_e
,,EX_andrstandn_e,EX_gncore2_e
,,EX_CE2209_e,EX_mqn10_e
,,EX_C05301_e,EX_mqn11_e
,,EX_C05299_e,EX_mqn7_e
,,EX_C05302_e,EX_mqn9_e
,,EX_CE5072_e,EX_s2l2n2m2m_e
,,EX_11docrtsl_e,EX_sTn_antigen_e
,,EX_11docrtstrn_e,r2444
,,EX_prgnlone_e,EX_lpam_e
,,EX_CE2211_e,LPAMt
,,EX_17ahprgstrn_e,EX_acgal_e
,,EX_17ahprgnlone_e,EX_acnam_e
,,EX_C03681_e,EX_pcreat_e
,,HC02020tr,EX_HC00342_e
,,HC02020te,EX_pa_hs_e
,,EX_HC02020_e,EX_CE2934_e
,,EX_prgnlones_e,DM_mqn10_c
,,EX_CE1352_e,DM_mqn11_c
,,XOL24OHtr,DM_mqn7_c
,,XOL24OHte,DM_mqn8_c
,,EX_xol24oh_e,DM_mqn9_c
,,XOL27OHte,DM_galam_c
,,EX_xol27oh_e,DM_C02712_c
,,DSMSTEROLtr,GNCORE1t
,,CHSTEROLSte,3HMPtm
,,EX_chsterols_e,ACGLUtm
,,EX_34dhoxmand_e,LPAMtm
,,EX_CE7090_e,PGP_hs_tm
,,EX_CE7085_e,C02592tx
,,EX_CE7096_e,PROSTGE2t2r
,,EX_CE4877_e,ESTR2r
,,EX_CE1447_e,PGLYCtm
,,EX_CE2006_e,SK_11_cis_retfa_c
,,EX_n8aspmd_e,SK_25hvitd2_c
,,EX_trypta_e,SK_9_cis_retfa_c
,,EX_CE4890_e,SK_C02528_c
,,C05769te2,SK_HC02191_c
,,EX_C05769_e,SK_HC02192_c
,,C05767te,SK_HC02193_c
,,EX_C05767_e,SK_HC02194_c
,,C05770te3,SK_HC02195_c
,,EX_C05770_e,SK_HC02196_c
,,EX_mhista_e,SK_HC02197_c
,,PPBNGte,SK_HC02198_c
,,EX_ppbng_e,SK_HC02220_c
,,EX_13dampp_e,SK_Tyr_ggn_c
,,EX_mma_e,DM_avite1_c
,,12PPDRte,SK_btn_c
,,EX_12ppd__R_e,SK_c226coa_c
,,AMETAMte,SK_chol_c
,,EX_ametam_e,SK_cholate_c
,,XYLUDte,SK_coa_c
,,EX_xylu__D_e,SK_crvnc_c
,,SPHGNSte,SK_dgchol_c
,,EX_sphings_e,SK_doco13ecoa_c
,,HDD2CRNte,SK_fad_c
,,EX_hdd2crn_e,SK_fe3_c
,,IM4ACte,SK_gchola_c
,,EX_im4ac_e,SK_glygn2_c
,,EX_ppp9_e,SK_hdca_c
,,SPHGNte,SK_lnlc_c
,,EX_sphgn_e,SK_lnlccoa_c
,,SELMETHt2e,SK_lnlncacoa_c
,,EX_N1aspmd_e,SK_lnlncgcoa_c
,,EX_1a25dhvitd3_e,SK_nad_c
,,PRISTte,SK_nadp_c
,,EX_prist_e,SK_odecoa_c
,,LANOSTt,SK_phyQ_c
,,FDPte,SK_pmtcoa_c
,,EX_fdp_e,SK_pydam_c
,,EX_coke_e,SK_pydx_c
,,COKEte,SK_pydxn_c
,,EX_5a2opntn_e,SK_retfa_c
,,5A2OPNTNte,SK_retinol_c
,,5A2OPNTNtx,SK_stcoa_c
,,ARG_Dtx,SK_tag_hs_c
,,ARG_Dte,SK_tchola_c
,,EX_arg__D_e,SK_tdchola_c
,,LANOSTtr,SK_tdechola_c
,,DOPASULT4,SK_thf_c
,,UDPG4DOPA,DM_thmpp_c
,,UDPG3DOPA,DM_thmtp_c
,,TYRDOPOX,SK_tmndnc_c
,,DOPA4SFt,SK_tmndnccoa_c
,,EX_dopa4sf_e,SK_vitd3_c
,,DOPA4GLCURt,EX_dxtrn_e
,,EX_dopa4glcur_e,DHCHOLESTANATEATP
,,DOPA3GLCURt,DHCHOLESTANATEt
,,EX_dopa3glcur_e,EX_dhcholestanate_e
,,CE5026t,SK_dhcholestanate_c
,,GGTe_1,THCHOLSTOICATP
,,CYSGLYPTASEe_1,THCHOLSTOICt
,,CE1261t,EX_thcholstoic_e
,,DOPAOQCYS,SK_thcholstoic_c
,,NADPQNOXR,XOL7AH3ATP
,,NADQNOXR,XOL7AH3t
,,DACT,EX_xol7ah3_e
,,DACGST,SK_xol7ah3_c
,,CE5025t,XOL7AONEATP
,,EX_CE5025_e,XOL7AONEt
,,CE2172t,EX_xol7aone_e
,,EX_CE2172_e,SK_xol7aone_c
,,ACER11r,XOLDIOLONEATP
,,ACER12r,EX_xoldiolone_e
,,ACER21g,SK_xoldiolone_c
,,ACER22g,7KILTCHOLATP
,,ACER23g,7KILTCHOLt
,,ACER31r,EX_7klitchol_e
,,BGAL1e,SK_7klitchol_c
,,BGAL1l,SK_dchac_c
,,BGAL2l,SK_CE1273_c
,,BGAL3l,EX_2obut_e
,,DES21,EX_glcn_e
,,EX_gd3_hs_e,ACACT1r
,,EX_gluside_hs_e,ACACt2
,,EX_gm3_hs_e,ACCOAL
,,GA1tl,ACONT
,,GALGLUSIDEtg2,ACS
,,GALGLUSIDEtl2,ADK1
,,GBA2e,ADNt2
,,GD3tg,ADSS
,,GD3tl,ALAR
,,GLA2l,AMPTASECG
,,GM1tg,ARGN
,,GM1tl,ASP1DC
,,GM2tg,ASPTA
,,GM2tl,BPNT
,,HEXA1l,BUTt2r
,,HEXA2l,CBPS
,,HEXA3e,CPPPGO
,,HEXAHBl,CTPS1
,,NEU11l,CTPS2
,,NEU21,CYSTGL
,,NEU22,CYSTS
,,NEU23,CYTDt2
,,NEU24,DGK1
,,NEU25,DHFR
,,NEU31e,DHORTS
,,NEU32e,DHPR
,,NEU33e,DPCOAK
,,NEU34e,DTMPK
,,NEU35e,DURIPP
,,NEU36e,ENO
,,NEU37e,EX_acac_e
,,NEU38n,EX_adn_e
,,NEU39e,EX_akg_e
,,SMS1S2,EX_asn__L_e
,,SMS21e,EX_asp__L_e
,,SMSn,EX_but_e
,,SPHK11,EX_cgly_e
,,SPHK21n,EX_co2_e
,,SPHK22n,EX_cytd_e
,,SPMD3n,EX_dad_2_e
,,ST8SIA13e,EX_dcyt_e
,,NH4tr,EX_dgsn_e
,,THCRMtl,EX_din_e
,,PCHOL_HStn,EX_duri_e
,,CHOLPtn,EX_fe2_e
,,DAG_HStg,EX_fe3_e
,,PHCRMtg,EX_fum_e
,,PHCRMter,EX_gal_e
,,SPHGNtn,EX_glu__L_e
,,SPHGNtg,EX_glyb_e
,,SPHINGStn,EX_glyleu_e
,,SPHINGStg,EX_glyphe_e
,,EX_cmpacna_e,EX_glypro_e
,,EX_gd2_hs_e,EX_h_e
,,EX_gd1a_hs_e,EX_h2o_e
,,DHCRMtg,EX_ile__L_e
,,DHCRMter,EX_ins_e
,,GDA1tn,EX_k_e
,,PHSPHINGStg,EX_lac__L_e
,,PHSPHINGStr,EX_leu__L_e
,,SK_34dhpac_c,EX_lys__L_e
,,DM_sph1p_n,EX_mal__L_e
,,DM_sphs1p_n,EX_met__L_e
,,DM_gm1_hs_n,EX_na1_e
,,DM_gda1_hs_n,EX_no2_e
,,GALSIDEter,EX_o2_e
,,Rtotalter,EX_orn_e
,,Rtotaltg,EX_pi_e
,,DM_phsph1p_c,EX_ppi_e
,,GD1Atg,EX_pro__L_e
,,GD1Atn,EX_ribflv_e
,,ATPtg,EX_ser__L_e
,,GD1Btl,EX_so4_e
,,DM_gd3_hs_g,EX_succ_e
,,GD3tlc,EX_thymd_e
,,GD3tm,EX_urea_e
,,DM_pail35p_hs_n,EX_uri_e
,,DM_gd3_hs_m,EX_val__L_e
,,CATr,FBA
,,S2L2N2M2Mtl,FBA2
,,DM_pcreat_c,FBP
,,DM_15HPET_n,FEROc
,,DM_15HPET_x,FMNAT
,,DM_15HPET_r,FPGS7_1
,,SK_Ser_Gly_Ala_X_Gly_r,FT
,,EX_pail_hs_e,FTHFCL
,,EX_CE5026_e,FUM
,,EX_5cysgly34dhphe_e,G6PDH2r
,,EX_galgluside_hs_e,GALt2_2
,,EX_ga1_hs_e,GAPD
,,EX_gm1_hs_e,GF6PTA
,,EX_gm2_hs_e,GHMT2r
,,EX_gm1b_hs_e,GK1
,,EX_gd1b_hs_e,GLNS
,,EX_gt1b_hs_e,GLYLEUHYDROc
,,HMR_0002,GLYLEUPEPT1tc
,,HMR_0003,GMAND
,,HMR_0008,GMPS2
,,HMR_0019,GTPCI
,,HMR_0020,GUAPRT
,,BUTt,HCO3E
,,HMR_0156,H2Ot
,,HMR_0164,HEX1
,,HMR_0165,HMBS
,,HMR_0166,IMPD
,,HMR_0167,INSt2
,,HMR_0168,L_LACt2r
,,HMR_0170,MAN1PT2
,,HMR_0171,MTHFC
,,HMR_0172,MTHFD
,,HMR_0176,NAt3_1
,,HMR_0177,NDPK1
,,HMR_0178,NDPK2
,,HMR_0182,NDPK3
,,HMR_0183,NDPK4
,,HMR_0184,NDPK5
,,HMR_0185,NDPK6
,,HMR_0188,NDPK7
,,FACOAE120,NDPK8
,,HMR_0191,NDPK9
,,HMR_0192,NNATr
,,HMR_0193,NNDPR
,,HMR_0194,O2t
,,FACOAE140,OMPDC
,,HMR_0200,PGI
,,HMR_0201,PGK
,,HMR_0203,PGL
,,HMR_0204,PGM
,,HMR_0206,PGMT
,,HMR_0207,PMANM
,,HMR_0208,PNP
,,HMR_0209,PNTK
,,HMR_0210,PPA
,,HMR_0211,PPBNGS
,,HMR_0214,PPCDC
,,HMR_0215,PPM
,,FACOAE161,PPNCL3
,,HMR_0232,PRO1x
,,HMR_0233,PROD2
,,HMR_0234,PROt2r
,,HMR_0235,PRPPS
,,HMR_0238,PSERT
,,HMR_0239,PSP_L
,,HMR_0240,PTPATi
,,HMR_0241,PUNP1
,,HMR_0242,PUNP2
,,HMR_0243,PUNP3
,,HMR_0244,PUNP4
,,HMR_0245,PUNP5
,,HMR_0246,PUNP6
,,HMR_0247,PUNP7
,,HMR_0253,RBFK
,,HMR_0254,RNDR1
,,HMR_0255,RNDR2
,,HMR_0256,RNDR3
,,HMR_0257,RNDR4
,,FACOAL1812,RPE
,,HMR_0260,RPI
,,HMR_0261,SPMS
,,HMR_0267,SPODM
,,HMR_0268,TALA
,,HMR_0270,THMDt2
,,HMR_0271,THRS
,,HMR_0272,TKT1
,,HMR_0273,TKT2
,,HMR_0276,TMDK1
,,HMR_0277,TMDPK
,,HMR_0278,TPI
,,HMR_0279,UAG4Ei
,,HMR_0280,UAGDP
,,HMR_0281,UDPG4E
,,HMR_0287,UMPK
,,HMR_0288,UPP3S
,,HMR_0289,UPPDC1
,,HMR_0290,UREAt
,,HMR_0291,URIt2
,,HMR_0292,SERD_L
,,HMR_0293,ASNN
,,HMR_0296,r0220_1
,,HMR_0297,r0318
,,HMR_0298,DADK
,,HMR_0299,r0398
,,HMR_0300,PPNCL2
,,HMR_0301,ACCOAC
,,HMR_0302,FPGS_1
,,HMR_0303,EX_pnto__R_e
,,HMR_0304,EX_gly_e
,,HMR_0305,GLYt2r
,,HMR_0306,EX_cys__L_e
,,HMR_0307,EX_ala__L_e
,,HMR_0308,ALAt2r
,,HMR_0309,EX_his__L_e
,,HMR_0310,EX_thr__L_e
,,HMR_0311,EX_gln__L_e
,,HMR_0317,EX_phe__L_e
,,HMR_0319,EX_tyr__L_e
,,HMR_0321,NTD4
,,HMR_0322,NTD5
,,HMR_0323,NTD6
,,HMR_0324,NTD7
,,HMR_0325,NTD8
,,HMR_0326,NTD9
,,HMR_0327,NTD10
,,HMR_0328,NTD11
,,HMR_0329,EX_arg__L_e
,,ACChex,EX_for_e
,,HMR_0343,NADS2
,,HMR_0344,EX_nac_e
,,HMR_0345,GUAt
,,HMR_0346,ADPRDP
,,HMR_0347,EX_ind3ac_e
,,FACOAE1839Z12Z15Z,EX_nh4_e
,,HMR_0354,EX_ac_e
,,HMR_0358,ALCD1
,,HMR_0359,RBK
,,HMR_0362,GCALDD
,,HMR_0363,GLYCK
,,HMR_0366,AGDC
,,HMR_0367,AICART
,,HMR_0370,ALDD2x
,,HMR_0371,AMANK
,,HMR_0374,ARGSL
,,HMR_0375,CITL
,,HMR_0378,CSND
,,HMR_0380,CYTK1
,,HMR_0381,CYTK2
,,HMR_0382,DRBK
,,HMR_0383,EX_acgam_e
,,HMR_0384,EX_cit_e
,,HMR_0385,EX_csn_e
,,HMR_0386,EX_drib_e
,,HMR_0387,EX_etha_e
,,HMR_0388,EX_fol_e
,,HMR_0389,EX_fru_e
,,HMR_0390,EX_galt_e
,,HMR_0391,EX_glcr_e
,,HMR_0392,EX_glcur_e
,,HMR_0393,EX_glyc_e
,,HMR_0394,EX_hxan_e
,,HMR_0395,EX_malt_e
,,FACOAE1829Z12Z,EX_malthx_e
,,FACOAE1836Z9Z12Z,EX_malttr_e
,,HMR_0406,EX_man_e
,,HMR_0410,EX_ptrc_e
,,HMR_0414,EX_rib__D_e
,,HMR_0415,EX_spmd_e
,,HMR_0418,EX_thm_e
,,HMR_0419,EX_trp__L_e
,,HMR_0422,EX_ura_e
,,HMR_0423,EX_xan_e
,,HMR_0426,EX_xyl__D_e
,,HMR_0427,FACOAL161
,,HMR_0428,G6PDA
,,HMR_0429,GALKr
,,HMR_0430,GALT
,,HMR_0431,GLUPRT
,,HMR_0432,GLXO1
,,HMR_0433,GLYK
,,HMR_0434,GLYOX
,,HMR_0435,GND
,,HMR_0436,HEX7
,,HMR_0437,HISDr
,,HMR_0438,HXPRT
,,HMR_0439,HYXNt
,,HMR_0467,IMACTD
,,G3PD2,IMPC
,,G3PD,IZPN
,,HMR_0582,LDH_D
,,HMR_0586,LDH_L
,,HMR_0587,MALT
,,HMR_0593,MDH
,,HMR_0597,MI1PP
,,HMR_0598,MI3PP
,,HMR_0601,MI4PP
,,HMR_0614,NT5C
,,HMR_0625,NTD3
,,HMR_0629,PFK
,,HMR_0634,PHETA1
,,HMR_0641,PIt7
,,HMR_0642,PRFGS
,,HMR_0653,PYDAMK
,,HMR_0654,PYDXNK
,,HMR_0657,PYK
,,HMR_0672,THRD_L
,,HMR_0678,TMDS
,,HMR_0750,TYRTA
,,HMR_0753,GLYALDDr
,,HMR_0758,MTHFR2
,,HMR_0761,ARGORNt7
,,HMR_0765,EX_pydxn_e
,,HMR_0767,EX_pydx_e
,,HMR_0769,EX_pydam_e
,,HMR_0770,EX_4hbz_e
,,SBPP3,EX_34dhpha_e
,,HMR_0793,EX_ppa_e
,,HMR_0795,EX_arab__L_e
,,HMR_0803,EX_gam_e
,,HMR_0805,URCN
,,HMR_0806,EX_pyr_e
,,HMR_0807,PYRt2
,,HMR_0808,EX_tre_e
,,HMR_0809,ACGAM2E
,,HMR_0810,DCMPDA
,,HMR_0811,EX_btn_e
,,HMR_0812,EX_lcts_e
,,HMR_0814,EX_ade_e
,,HMR_0815,EX_etoh_e
,,HMR_0816,ETOHt
,,HMR_0817,EX_acald_e
,,HMR_0819,EX_sucr_e
,,HMR_0820,THMt3
,,HMR_0821,AACOAT
,,HMR_0822,EX_pheme_e
,,HMR_0823,FTCD
,,HMR_0824,GLNt4
,,HMR_0825,MTRI
,,HMR_0827,EX_mqn8_e
,,HMR_0828,MK8t
,,HMR_0829,MTHFD2i
,,HMR_0830,EX_gua_e
,,HMR_0831,AHCi
,,HMR_0835,EX_4abut_e
,,HMR_0836,ABUTt2r
,,HMR_0837,EX_taur_e
,,HMR_0839,EX_phpyr_e
,,HMR_0841,EX_tym_e
,,HMR_0842,EX_2hyoxplac_e
,,HMR_0843,EX_lanost_e
,,HMR_0844,PHPYRte
,,HMR_0846,PHPYRtm
,,HMR_0847,EX_3mox4hoxm_e
,,HMR_0848,EX_glx_e
,,HMR_0849,CE4970tm
,,HMR_0851,CE4970te
,,HMR_0852,EX_CE4970_e
,,HMR_0853,CE2026tm
,,HMR_0854,CE2026te
,,HMR_0855,EX_CE2026_e
,,HMR_0859,CE4968tm
,,HMR_0860,CE4968te
,,HMR_0864,EX_CE4968_e
,,HMR_0868,EX_actyr_e
,,HMR_0873,EX_sucaceto_e
,,HMR_0875,VANILPYRc
,,HMR_0876,VANILLACc
,,HMR_0877,VANILLACte
,,HMR_0878,EX_vanillac_e
,,HMR_0889,EX_nacvanala_e
,,HMR_0890,2H3MVc
,,HMR_0906,2H3MVte
,,HMR_0907,EX_2h3mv_e
,,HMR_0908,2HIVc
,,HMR_0909,2HIVte
,,HMR_0910,EX_2hiv_e
,,HMR_0911,EX_2m3hbu_e
,,HMR_0912,2M3OVCOAm
,,HMR_0913,2M3OVACm
,,HMR_0942,2M3OVACtm
,,HMR_0946,2M3HVACc
,,HMR_0950,2M3HVACte
,,HMR_0954,EX_2m3hvac_e
,,HMR_0960,EX_3h3mglt_e
,,HMR_0962,3MGLUTACc
,,HMR_0963,3MGLUTACtm
,,HMR_0981,3MGLUTACte
,,HMR_0984,EX_3mglutac_e
,,HMR_0985,EX_3mglutr_e
,,HMR_0986,PPIOGLYc
,,HMR_0987,PPIOGLYtm
,,HMR_1081,PPIOGLYte
,,HMR_1084,EX_ppiogly_e
,,HMR_1095,EX_mvlac_e
,,HMR_1102,TIGGLYc
,,HMR_1126,TIGGLYtm
,,HMR_1127,TIGGLYte
,,HMR_1129,EX_tiggly_e
,,HMR_1135,3OHGLUTACte
,,HMR_1242,3OHGLUTACOAT3t
,,HMR_1243,EX_3ohglutac_e
,,HMR_1280,EX_glutcon_e
,,HMR_1284,EX_3hivac_e
,,HMR_1305,EX_3hadpac_e
,,HMR_1306,EX_3ohsebac_e
,,HMR_1307,EX_3ohsubac_e
,,HMR_1311,EX_5ohhexa_e
,,PGESc,EX_7ohocata_e
,,HMR_1315,EX_ethmalac_e
,,HMR_1316,HEXGLYc
,,HMR_1317,HEXGLYte
,,HMR_1321,EX_hexgly_e
,,HMR_1329,EX_methsucc_e
,,HMR_1331,SUBGLYc
,,HMR_1388,SUBGLYte
,,HMR_1390,EX_subgly_e
,,HMR_1392,EX_4ohbut_e
,,HMR_1465,AK2LGCHOLABCt
,,SMO,CE2510ABCt
,,LNSTLS,CE2537ABCt
,,HMR_1477,NRVNCABCt
,,HMR_1478,PAFABCt
,,HMR_1479,PAILPALM_HSSECt
,,HMR_1490,PAILR_HSSECt
,,HMR_1493,PCHLN225_HSABCt
,,HMR_1494,PCHOL2LINL_HSABCt
,,HMR_1495,PCHOL2OLE_HSABCt
,,C3STDH1,PCHOL2STE_HSABCt
,,HMR_1502,PCHOLAR_HSABCt
,,HMR_1503,PCHOLDOC_HSABCt
,,HMR_1504,PCHOLEIC_HSABCt
,,HMR_1505,PCHOLET_HSABCt
,,HMR_1509,PCHOLHEP_HSABCt
,,CHLSTI_1,PCHOLLINL_HSABCt
,,HMR_1516,PCHOLMYR_HsABCt
,,DSMSTOLR,PCHOLN15_HSABCt
,,HMR_1532,PCHOLN183_HSABCt
,,HMR_1536,PCHOLN1836_HSABCt
,,HMR_1538,PCHOLN19_HSABCt
,,HMR_1539,PCHOLN201_HSABCt
,,HMR_1540,PCHOLN203_HSABCt
,,HMR_1543,PCHOLN204_HSABCt
,,HMR_1544,PCHOLN205_HSABCt
,,HMR_1545,PCHOLN224_HSABCt
,,HMR_1546,PCHOLN225_HSABCt
,,HMR_1547,PCHOLN2254_HSABCt
,,HMR_1548,PCHOLN264_HSABCt
,,HMR_1549,PCHOLOLE_HSABCt
,,HMR_1550,PCHOLPALME_HSABCt
,,HMR_1551,PCHOLSTE_HSABCt
,,HMR_1552,PE12_HSABCt
,,HMR_1557,Pe13_HSABCt
,,LTHSTRLOR,PE14_HSABCt
,,HMR_1565,PE15_HSABCt
,,HMR_1620,PE161_HSABCt
,,HMR_1623,PE17_HSABCt
,,HMR_1627,PE203_HSABCt
,,HMR_1629,PE226_HSABCt
,,HMR_1630,PE2LINL_HSABCt
,,HMR_1631,PEAR_HSABCt
,,HMR_1637,PEDH203_HSABCt
,,HMR_1651,PELINL_HSABCt
,,HMR_1653,PELPALM_HSABCt
,,HMR_1665,PEOLE_HSABCt
,,HMR_1666,PEPALM_HSASBCt
,,HMR_1681,PESTE_HSABCt
,,HMR_1685,3AIBt1
,,HMR_1701,APRGSTRNt1e
,,HMR_1706,DIGALSGALSIDEATPte
,,HMR_1735,PAFt
,,HMR_1737,PESTE_HSt1e
,,HMR_1738,SPHMYLN_HsATPte
,,HMR_1739,SPHMYLN180241_hs_ATPt
,,HMR_1740,SPHMYLN18114_hs_ATPt
,,HMR_1741,SPHMYLN18115_hs_ATPt
,,HMR_1742,SPHMYLN18116_hs_ATPt
,,HMR_1743,SPHMYLN181161_hs_ATPt
,,HMR_1744,SPHMYLN18117_hs_ATPt
,,HMR_1745,SPHMYLN18118_hs_ATPt
,,HMR_1746,SPHMYLN181181_hs_ATPt
,,HMR_1747,SPHMYLN18120_hs_ATPt
,,HMR_1748,SPHMYLN181201_hs_ATPt
,,HMR_1749,SPHMYLN18121_hs_ATPt
,,HMR_1750,SPHMYLN18122_hs_ATPt
,,HMR_1751,SPHMYLN181221_hs_ATPt
,,HMR_1752,SPHMYLN18123_hs_ATPt
,,HMR_1753,SPHMYLN1824_hs_ATPt
,,HMR_1754,SPHMYLN1825_hs_ATPt
,,HMR_1756,2HYDOGOAT3t
,,HMR_1758,2HYDOGte
,,HMR_1759,GLUTAROAT3t
,,HMR_1760,GLUTARte
,,HMR_1761,THEXDDm
,,HMR_1762,THEXDDtm
,,HMR_1764,THEXDDte
,,HMR_1765,EX_thexdd_e
,,HMR_1766,HEXDTRm
,,HMR_1769,HEXDTRtm
,,HMR_1771,HEXDTRte
,,HMR_1807,EX_hexdtr_e
,,HMR_1897,HPDECECOAm
,,HMR_1916,HPDECEm
,,HMR_1927,HPDECEtm
,,HMR_1928,HPDECEte
,,HMR_1929,EX_hpdece_e
,,HMR_1944,EIC21114TRc
,,HMR_1962,EIC21114TRte
,,HMR_1967,EX_eic21114tr_e
,,HMR_1968,5EIPENCm
,,HMR_1970,5EIPENCtm
,,HMR_1971,5EIPENCte
,,HMR_1976,EX_5eipenc_e
,,HMR_1981,AGRMte
,,HMR_1988,ANDRSTNDNte
,,HMR_1996,EANDRSTRNte
,,HMR_2002,AHANDROSTANte
,,HMR_2007,ANDRSTANDRte
,,HMR_2014,CE2209te
,,HMR_2016,C05301te
,,HMR_2029,C05299te
,,HMR_2041,C05302te
,,HMR_2088,CE5072te
,,HMR_2089,11DOCRTSLte
,,HMR_2190,11DOCRTSTRNte
,,HMR_2193,PRGNLONEte
,,HMR_2210,CE2211te
,,HMR_2211,17AHPRGSTRNte
,,HMR_2215,17AHPRGNLONEte
,,HMR_2217,C03681te
,,HMR_2218,PRGNLONESte
,,HMR_2219,CE1352te
,,HMR_2259,MMAt2e
,,HMR_2260,C05769te
,,HMR_2261,SAMHISTAe
,,HMR_2262,CE2006te
,,HMR_2263,GLCRt1
,,HMR_2264,2HYOXPLCte
,,HMR_2265,N8ASPMDte
,,HMR_2266,MHISTAte
,,HMR_2267,CE4890te2
,,HMR_2268,C09642te
,,HMR_2269,2OBUTt
,,HMR_2270,PPP9ABCte
,,HMR_2281,MLTHFte
,,HMR_2282,TYMte2
,,HMR_2284,TRYPTAte
,,DESAT16,CE4890te
,,HMR_2287,SELMETHte
,,HMR_2288,CE7090te
,,HMR_2289,CE7085te
,,HMR_2292,CE7096te
,,HMR_2293,CE4877te
,,DESAT18,CE1447te
,,HMR_2295,C05769te3
,,HMR_2296,C05770te4
,,HMR_2332,C05770te
,,HMR_2334,MLTHFte3
,,HMR_2336,CE2705t
,,HMR_2338,SPHS1Pt2e
,,HMR_2342,MMAte
,,HMR_2343,PTRCARGte
,,HMR_2344,MLTHFte2
,,HMR_2345,TYMte
,,HMR_2347,13DAMPPte
,,HMR_2348,HDD2CRNte2
,,HMR_2349,MLTHFte1
,,HMR_2350,ARGN1ASPMDte
,,HMR_2353,CE1918te
,,HMR_2354,34DHPHAte
,,HMR_2355,34DHOXMANDte
,,HMR_2356,CE6205te
,,HMR_2359,1A25DHVITD3te
,,HMR_2361,ISOBUTtm
,,HMR_2362,ISOBUTte
,,HMR_2363,EX_CE4969_e
,,HMR_2364,NACCYStm
,,HMR_2365,NACCYSte
,,HMR_2368,EX_CE1310_e
,,HMR_2374,AGMt_m
,,HMR_2376,EX_agm_e
,,HMR_2380,EX_T4hcinnm_e
,,HMR_2391,EX_sucsal_e
,,HMR_2395,CE7081tr
,,HMR_2433,CE7081tm
,,HMR_2434,EX_CE7081_e
,,HMR_2435,EGMEtr
,,HMR_2436,EGMEte
,,HMR_2440,EX_egme_e
,,HMR_2457,12HARACHDtr
,,HMR_2472,12HARACHDte
,,HMR_2484,EX_12harachd_e
,,HMR_2530,18HARACHDtr
,,HMR_2533,18HARACHDte
,,HMR_2535,EX_18harachd_e
,,HMR_2537,EX_sql_e
,,HMR_2540,ORN_Dte
,,HMR_2541,EX_orn__D_e
,,HMR_2542,5G2OXPTtx
,,HMR_2543,5G2OXPTte
,,HMR_2569,EX_5g2oxpt_e
,,HMR_2571,EX_andrstndn_e
,,HMR_2581,EX_dhea_e
,,HMR_2585,EANDRSTRNtr
,,HMR_2602,EX_eandrstrn_e
,,HMR_2603,EX_ahandrostan_e
,,HMR_2604,EX_andrstandn_e
,,HMR_2608,EX_CE2209_e
,,HMR_2609,EX_estrone_e
,,HMR_2610,EX_C05298_e
,,HMR_2611,EX_C05301_e
,,CARN140t_m,EX_C05299_e
,,HMR_2613,EX_C05302_e
,,HMR_2620,EX_CE5072_e
,,HMR_2621,EX_11docrtsl_e
,,HMR_2622,EX_11docrtstrn_e
,,HMR_2624,EX_prgnlone_e
,,HMR_2633,EX_CE2211_e
,,HMR_2634,EX_17ahprgstrn_e
,,HMR_2635,EX_17ahprgnlone_e
,,HMR_2644,EX_C03681_e
,,HMR_2648,EX_HC02020_e
,,HMR_2649,EX_prgnlones_e
,,HMR_2650,EX_CE1352_e
,,HMR_2651,EX_xol24oh_e
,,HMR_2652,EX_xol27oh_e
,,HMR_2653,EX_xol25oh_e
,,CARN180t_m,DSMSTEROLtr
,,HMR_2657,DSMSTEROLte
,,HMR_2659,EX_dsmsterol_e
,,VACCCPT1,EX_chsterols_e
,,HMR_2661,EX_3ityr__L_e
,,VACCCPT2,EX_35diotyr_e
,,HMR_2666,EX_13_cis_retn_e
,,HMR_2667,EX_CE1617_e
,,HMR_2668,DM_myelin_hs_c
,,HMR_2669,EX_HC00460_e
,,HMR_2670,EX_34dhoxmand_e
,,HMR_2671,FNA5MOXAMte
,,HMR_2673,EX_fna5moxam_e
,,HMR_2675,EX_CE5643_e
,,HMR_2676,EX_CE7090_e
,,HMR_2677,EX_CE7085_e
,,HMR_2679,EX_CE7096_e
,,HMR_2681,EX_CE4877_e
,,HMR_2682,EX_CE1447_e
,,HMR_2683,EX_CE2006_e
,,HMR_2684,EX_CE1401_e
,,HMR_2685,EX_glucys_e
,,HMR_2686,EX_n8aspmd_e
,,HMR_2687,EX_CE6205_e
,,HMR_2688,EX_melatn_e
,,HMR_2689,EX_6hoxmelatn_e
,,HMR_2690,EX_trypta_e
,,HMR_2691,C10164te
,,HMR_2692,EX_C10164_e
,,HMR_2693,EX_CE4890_e
,,HMR_2695,EX_C09642_e
,,HMR_2697,EX_C05769_e
,,HMR_2699,EX_C05767_e
,,HMR_2700,EX_C05770_e
,,HMR_2701,EX_mhista_e
,,HMR_2702,EX_ppbng_e
,,HMR_2703,EX_13dampp_e
,,HMR_2704,EX_mma_e
,,HMR_2705,12PPDRte
,,HMR_2706,EX_12ppd__R_e
,,HMR_2707,EX_ametam_e
,,HMR_2708,EX_xylu__L_e
,,HMR_2709,XYLUDte
,,HMR_2710,EX_xylu__D_e
,,HMR_2711,EX_CE0737_e
,,HMR_2712,EX_sphings_e
,,HMR_2713,EX_hdd2crn_e
,,HMR_2715,IM4ACte
,,HMR_2718,EX_im4ac_e
,,HMR_2722,EX_CE1918_e
,,HMR_2727,EX_mlthf_e
,,HMR_2731,EX_ppp9_e
,,HMR_2733,AACTte
,,HMR_2734,EX_aact_e
,,HMR_2735,EX_CE2705_e
,,HMR_2736,EX_sphgn_e
,,HMR_2737,SELMETHt2e
,,HMR_2738,EX_N1aspmd_e
,,HMR_2739,EX_1a25dhvitd3_e
,,HMR_2740,EX_prist_e
,,HMR_2741,CE2049te
,,CARN1829Z12Zt_m,EX_CE2049_e
,,CARN1836Z9Z12Zt_m,CE2047te
,,HMR_2753,EX_CE2047_e
,,HMR_2757,EX_fdp_e
,,HMR_2760,EX_coke_e
,,HMR_2764,COKEte
,,HMR_2768,COKEtr
,,HMR_2769,EX_5a2opntn_e
,,HMR_2770,5A2OPNTNte
,,HMR_2771,5A2OPNTNtx
,,HMR_2772,ARG_Dtx
,,HMR_2773,ARG_Dte
,,HMR_2774,EX_arg__D_e
,,HMR_2775,EX_idl_hs_e
,,HMR_2776,EX_ldl_hs_e
,,HMR_2817,EX_hdl_hs_e
,,HMR_2819,EX_HC00005_e
,,HMR_2821,EX_HC00006_e
,,HMR_2827,EX_HC00007_e
,,HMR_2851,EX_HC00008_e
,,HMR_2852,EX_HC00009_e
,,HMR_2857,DOPASULT4
,,HMR_2859,UDPG4DOPA
,,HMR_2861,UDPG3DOPA
,,HMR_2862,TYRDOPOX
,,HMR_2865,34DHPEAR
,,HMR_2866,DOPA4SFt
,,HMR_2884,EX_dopa4sf_e
,,HMR_2886,DOPA4GLCURt
,,HMR_2888,EX_dopa4glcur_e
,,HMR_2890,DOPA3GLCURt
,,HMR_2942,EX_dopa3glcur_e
,,HMR_2943,CE5026t
,,HMR_2944,GGTe_1
,,HMR_2945,DOPACCL
,,HMR_2946,NADPQNOXR
,,HMR_2947,NADQNOXR
,,HMR_2948,DACT
,,HMR_2951,TYRDHINDOX
,,HMR_2954,EX_4glu56dihdind_e
,,HMR_2955,EX_5cysdopa_e
,,HMR_2956,CE5025t
,,HMR_2961,EX_CE5025_e
,,HMR_2962,EX_CE2172_e
,,HMR_2963,EX_CE5629_e
,,HMR_2964,ACER11r
,,HMR_2965,ACER12r
,,HMR_2966,ACER21g
,,HMR_2967,ACER22g
,,HMR_2968,ACER23g
,,HMR_2969,ACER31r
,,HMR_2970,BGAL1e
,,HMR_2971,BGAL1l
,,HMR_2972,BGAL2l
,,HMR_2973,BGAL3l
,,HMR_2974,DES21
,,HMR_2975,EX_gd3_hs_e
,,HMR_2976,EX_gluside_hs_e
,,HMR_2977,EX_gm3_hs_e
,,HMR_2978,GA1tl
,,HMR_2979,GLA2l
,,HMR_2980,GM1tl
,,HMR_2982,GM2tg
,,HMR_2983,HEXA2l
,,HMR_2985,HEXAHBl
,,HMR_2986,NEU11l
,,HMR_2988,NEU21
,,HMR_2989,NEU22
,,HMR_2990,NEU23
,,HMR_2994,NEU24
,,HMR_2998,NEU25
,,HMR_2999,NEU31e
,,HMR_3001,NEU32e
,,HMR_3002,NEU33e
,,HMR_3003,NEU34e
,,HMR_3018,NEU35e
,,HMR_3021,NEU36e
,,HMR_3023,NEU37e
,,HMR_3057,NEU38n
,,HMR_3058,NEU39e
,,HMR_3059,SMS1S2
,,HMR_3062,SMS21e
,,HMR_3063,SMSn
,,HMR_3064,SPHK11
,,HMR_3065,SPHK21n
,,HMR_3066,SPHK22n
,,HMR_3067,SPMD3n
,,HMR_3068,ST8SIA13e
,,HMR_3069,NH4tr
,,HMR_3070,WHTSTSTERONEtr
,,HMR_3071,TETTET6COAtm
,,HMR_3072,TETPENT6COAtm
,,HMR_3073,TETPENT3COAtm
,,ACOAO8p,PCHOL_HStn
,,HMR_3075,CHOLPtn
,,HMR_3076,DAG_HStg
,,HMR_3094,PHCRMtg
,,HMR_3095,PHCRMter
,,HMR_3096,SPHGNtn
,,HMR_3097,SPHGNtg
,,HMR_3098,SPHINGStn
,,HMR_3099,SPHINGStg
,,HMR_3100,EX_cmpacna_e
,,HMR_3101,EX_gd2_hs_e
,,HMR_3102,EX_gd1a_hs_e
,,HMR_3106,DHCRMtg
,,HMR_3107,DHCRMter
,,HMR_3108,PHSPHINGStg
,,HMR_3109,PHSPHINGStr
,,HMR_3110,SK_34dhpac_c
,,HMR_3111,34DHPEt
,,HMR_3112,EX_34dhpe_e
,,HMR_3113,DM_no2_c
,,HMR_3114,DM_ts3_c
,,HMR_3115,DM_sph1p_n
,,HMR_3116,DM_sphs1p_n
,,HMR_3117,DM_gm1_hs_n
,,KAT180_m,DM_gda1_hs_n
,,ACOADH160_m,DM_6hddopaqn_c
,,HMR_3128,Rtotalter
,,ACOADH120_m,Rtotaltg
,,ACOADH100_m,DM_phsph1p_c
,,HMR_3149,GD1Atn
,,ACOADH60_m,ATPtg
,,HMR_3170,GD1Btl
,,HMR_3171,DM_gd3_hs_l
,,HMR_3172,DM_gd3_hs_g
,,HMR_3173,DM_pail35p_hs_n
,,HMR_3174,DM_gd3_hs_m
,,HMR_3175,DM_pcreat_c
,,HMR_3176,DM_k_g
,,HMR_3177,DM_na1_r
,,HMR_3178,DM_na1_x
,,HMR_3179,DM_na1_g
,,HMR_3180,DM_na1_c
,,HMR_3181,DM_thm_m
,,HMR_3182,DM_retn_n
,,HMR_3183,DM_hhxdcal_c
,,HMR_3184,DM_15HPET_n
,,HMR_3185,DM_15HPET_x
,,HMR_3186,DM_15HPET_r
,,HMR_3187,SK_Ser_Gly_Ala_X_Gly_r
,,HMR_3188,EX_pail_hs_e
,,HMR_3189,EX_CE1243_e
,,HMR_3190,EX_CE5026_e
,,HMR_3191,EX_5cysgly34dhphe_e
,,HMR_3192,EX_CE1261_e
,,HMR_3193,EX_galgluside_hs_e
,,HMR_3194,EX_ga1_hs_e
,,HMR_3195,EX_gm1_hs_e
,,HMR_3196,EX_gm2_hs_e
,,HMR_3197,EX_gm1b_hs_e
,,HMR_3198,EX_gd1b_hs_e
,,HMR_3199,EX_gt1b_hs_e
,,HMR_3200,HMR_0002
,,HMR_3201,HMR_0003
,,HMR_3202,HMR_0008
,,HMR_3203,HMR_0019
,,HMR_3204,HMR_0020
,,HMR_3205,BUTt
,,HMR_3218,HMR_0156
,,HMR_3219,FA40COAtm
,,HMR_3220,HMR_0164
,,HMR_3221,HMR_0165
,,HMR_3222,HMR_0166
,,HMR_3223,HMR_0167
,,HMR_3224,HMR_0168
,,HMR_3225,HMR_0170
,,HMR_3229,HMR_0171
,,HMR_3230,HMR_0172
,,HMR_3231,HMR_0176
,,HMR_3232,HMR_0177
,,HMR_3233,HMR_0178
,,HMR_3234,HMR_0180
,,HMR_3235,HMR_0183
,,HMR_3236,HMR_0184
,,HMR_3237,HMR_0185
,,HMR_3240,HMR_0188
,,HMR_3241,FACOAE120
,,HMR_3242,HMR_0191
,,HMR_3243,HMR_0192
,,HMR_3244,HMR_0193
,,HMR_3245,HMR_0194
,,HMR_3246,FACOAE140
,,HMR_3247,HMR_0200
,,HMR_3296,HMR_0201
,,HMR_3321,HMR_0203
,,HMR_3322,HMR_0204
,,HMR_3326,HMR_0206
,,HMR_3327,HMR_0207
,,HMR_3328,HMR_0208
,,HMR_3329,HMR_0209
,,HMR_3330,HMR_0210
,,HMR_3331,HMR_0211
,,HMR_3332,HMR_0214
,,HMR_3333,HMR_0215
,,HMR_3334,FACOAE161
,,HMR_3335,HMR_0232
,,HMR_3336,HMR_0233
,,HMR_3337,HMR_0234
,,HMR_3338,HMR_0235
,,HMR_3339,HMR_0238
,,HMR_3340,HMR_0239
,,HMR_3341,HMR_0240
,,HMR_3342,HMR_0241
,,HMR_3343,HMR_0242
,,HMR_3344,HMR_0243
,,HMR_3345,HMR_0244
,,HMR_3346,HMR_0245
,,HMR_3347,HMR_0246
,,HMR_3348,HMR_0247
,,HMR_3349,HMR_0253
,,HMR_3350,HMR_0254
,,HMR_3351,HMR_0255
,,HMR_3352,HMR_0256
,,HMR_3353,HMR_0257
,,HMR_3398,FACOAL1812
,,HMR_3406,HMR_0260
,,HMR_3407,HMR_0261
,,HMR_3408,HMR_0267
,,HMR_3409,HMR_0268
,,HMR_3411,HMR_0270
,,HMR_3413,HMR_0271
,,HMR_3414,HMR_0272
,,HMR_3416,HMR_0273
,,HMR_3421,HMR_0276
,,HMR_3422,HMR_0277
,,HMR_3423,HMR_0278
,,HMR_3424,HMR_0279
,,HMR_3425,HMR_0280
,,HMR_3426,HMR_0281
,,HMR_3427,HMR_0287
,,HMR_3428,HMR_0288
,,HMR_3429,HMR_0289
,,HMR_3431,HMR_0290
,,HMR_3432,HMR_0291
,,HMR_3433,HMR_0292
,,HMR_3446,HMR_0293
,,HMR_3447,HMR_0296
,,HMR_3448,HMR_0297
,,HMR_3449,HMR_0298
,,HMR_3450,HMR_0299
,,HMR_3451,HMR_0300
,,HMR_3452,HMR_0301
,,HMR_3453,HMR_0302
,,HMR_3454,HMR_0303
,,HMR_3455,HMR_0304
,,HMR_3456,HMR_0305
,,HMR_3457,HMR_0306
,,HMR_3475,HMR_0307
,,HMR_3491,HMR_0308
,,HMR_3505,HMR_0309
,,HMR_3520,HMR_0310
,,HMR_3522,HMR_0311
,,HMR_3597,HMR_0317
,,HMR_3625,HMR_0319
,,HMR_3626,HMR_0321
,,HMR_3627,HMR_0322
,,HMR_3628,HMR_0323
,,HMR_3629,HMR_0324
,,HMR_3630,HMR_0325
,,HMR_3631,HMR_0326
,,HMR_3633,HMR_0327
,,HMR_3635,HMR_0328
,,HMR_3636,HMR_0329
,,HMR_3637,HMR_0343
,,HMR_3639,HMR_0344
,,HMR_3640,HMR_0345
,,HMR_3642,HMR_0346
,,HMR_3644,HMR_0347
,,HMR_3645,FACOAE1839Z12Z15Z
,,HMR_3646,HMR_0354
,,HMR_3647,HMR_0358
,,HMR_3648,HMR_0359
,,HMR_3649,HMR_0362
,,HMR_3650,HMR_0363
,,HMR_3651,HMR_0366
,,HMR_3652,HMR_0367
,,HMR_3653,HMR_0370
,,HMR_3654,HMR_0371
,,HMR_3655,HMR_0374
,,HMR_3656,HMR_0375
,,HMR_3657,HMR_0378
,,HMR_3658,HMR_0380
,,HMR_3659,HMR_0381
,,HMR_3660,HMR_0382
,,HMR_3662,HMR_0383
,,HMR_3663,HMR_0384
,,HMR_3664,HMR_0385
,,HMR_3665,HMR_0386
,,HMR_3666,HMR_0387
,,HMR_3667,HMR_0388
,,HMR_3668,HMR_0389
,,HMR_3669,HMR_0390
,,HMR_3670,HMR_0391
,,HMR_3675,HMR_0392
,,HMR_3677,HMR_0393
,,HMR_3678,HMR_0394
,,HMR_3679,HMR_0395
,,HMR_3680,FACOAE1829Z12Z
,,HMR_3681,FACOAE1836Z9Z12Z
,,HMR_3682,HMR_0406
,,HMR_3684,HMR_0410
,,HMR_3685,HMR_0414
,,HMR_3686,HMR_0415
,,HMR_3687,HMR_0418
,,HMR_3688,HMR_0419
,,HMR_3689,HMR_0422
,,HMR_3690,HMR_0423
,,HMR_3692,HMR_0426
,,HMR_3694,HMR_0427
,,HMR_3695,HMR_0428
,,HMR_3696,HMR_0429
,,HMR_3698,HMR_0430
,,HMR_3699,HMR_0431
,,HMR_3701,HMR_0432
,,HMR_3703,HMR_0433
,,HMR_3704,HMR_0434
,,HMR_3705,HMR_0435
,,HMR_3706,HMR_0436
,,HMR_3707,HMR_0437
,,HMR_3708,HMR_0438
,,HMR_3709,HMR_0439
,,HMR_3710,HMR_0467
,,HMR_3711,HMR_0582
,,HMR_3712,HMR_0586
,,HMR_3713,HMR_0587
,,HMR_3714,HMR_0593
,,HMR_3715,HMR_0597
,,HMR_3716,HMR_0598
,,HMR_3717,HMR_0601
,,HMR_3718,HMR_0614
,,HMR_3719,HMR_0625
,,HMR_3721,HMR_0629
,,HMR_3722,HMR_0634
,,HMR_3723,HMR_0641
,,HMR_3724,HMR_0642
,,HMR_3725,HMR_0653
,,HMR_3726,HMR_0654
,,HMR_3727,HMR_0657
,,HMR_3728,HMR_0672
,,HMR_3729,HMR_0678
,,HMR_3734,HMR_0750
,,HMR_3736,HMR_0753
,,HMR_3737,HMR_0758
,,HMR_3738,HMR_0765
,,HMR_3739,HMR_0767
,,HMR_3740,HMR_0769
,,HMR_3741,SBPP3
,,ASPT,HMR_0783
,,ARGDr,HMR_0793
,,HMR_3859,HMR_0795
,,HMR_3864,HMR_0803
,,HMR_3867,HMR_0807
,,HMR_3915,HMR_0808
,,HMR_3951,HMR_0809
,,HMR_3953,HMR_0810
,,HMR_3966,HMR_0811
,,HMR_4079,HMR_0812
,,HMR_4124,HMR_0814
,,CYTDK2,HMR_0816
,,NADS1,HMR_0817
,,NADDP,HMR_0819
,,HMR_4266,HMR_0820
,,NADPPPS,HMR_0821
,,NADS1n,HMR_0822
,,UPPRT,HMR_0823
,,HMR_4422,HMR_0824
,,XYLR,HMR_0825
,,HMGCOARx,HMR_0828
,,CHOLD,HMR_0829
,,HMR_4700,HMR_0830
,,HMR_4701,HMR_0835
,,HMR_4756,HMR_0836
,,PPPGO2_1,HMR_0837
,,BILIRED2,HMR_0839
,,HMR_4771,HMR_0841
,,PROAKGOX1,HMR_0843
,,HMR_4777,HMR_0844
,,HMR_4783,HMR_0846
,,SUCCt4_3,HMR_0847
,,HMR_4964,HMR_0849
,,URIK2,HMR_0851
,,HMR_5387,HMR_0852
,,HMR_5389,HMR_0853
,,FE2utm,HMR_0854
,,CITt4_3,HMR_0855
,,HMR_6385,HMR_0859
,,HMR_6397,HMR_0860
,,HMR_6408,HMR_0864
,,FADRx2,HMR_0867
,,HMR_6515,HMR_0868
,,CLOHtex2,HMR_0870
,,CLHCOtex,HMR_0873
,,HMR_6545,HMR_0875
,,HMR_6549,HMR_0876
,,HMR_6550,HMR_0877
,,HMR_6558,HMR_0878
,,MITKP,HMR_0889
,,ITKPK,HMR_0890
,,MI3PS,HMR_0906
,,HMR_6583,HMR_0907
,,HMR_6584,HMR_0908
,,HMR_6595,HMR_0909
,,HMR_6611,HMR_0910
,,HMR_6629,HMR_0911
,,HMR_6632,HMR_0912
,,HMR_6633,HMR_0913
,,HMR_6647,HMR_0942
,,HMR_6728,HMR_0946
,,HMR_6747,HMR_0950
,,HMR_6755,HMR_0954
,,4CMCOAS,HMR_0960
,,HMR_6785,HMR_0962
,,HMR_6786,HMR_0963
,,4HALDD,HMR_0979
,,HMR_6826,HMR_0981
,,HMR_6834,HMR_0984
,,HMR_6838,HMR_0985
,,HMR_6839,HMR_0986
,,HMR_6844,HMR_0987
,,HMR_6850,HMR_1030
,,HMR_6854,HMR_1033
,,HMR_6907,HMR_1037
,,HMR_6908,HMR_1039
,,HMR_6909,HMR_1077
,,HMR_6910,HMR_1081
,,HMR_6975,HMR_1084
,,HMR_6976,HMR_1085
,,HMR_6977,HMR_1102
,,HMR_6978,HMR_1104
,,HMR_6989,HMR_1126
,,HMR_7180,HMR_1127
,,HMR_7181,HMR_1129
,,HMR_7182,HMR_1135
,,HMR_7255,HMR_1242
,,HMR_7256,HMR_1243
,,HMR_7257,HMR_1280
,,HMR_7278,HMR_1283
,,HMR_7328,HMR_1284
,,HMR_7329,HMR_1305
,,HMR_7330,HMR_1307
,,HMR_7469,PGESc
,,HMR_7628,HMR_1315
,,PMI12346PS,HMR_1316
,,GLYCTO1,HMR_1317
,,HMR_7711,HMR_1321
,,AMPtn,HMR_1325
,,HMR_7715,HMR_1329
,,HMR_7720,HMR_1331
,,HMR_7724,HMR_1388
,,HMR_7727,HMR_1390
,,HMR_7748,HMR_1392
,,HMR_7749,SMO
,,HMR_7756,LNSTLS
,,HMR_7757,HMR_1490
,,HMR_7758,HMR_1493
,,HMR_7898,HMR_1494
,,HMR_7900,HMR_1495
,,HMR_7906,C3STDH1
,,HMR_8023,HMR_1502
,,HMR_8084,HMR_1503
,,HMR_8086,HMR_1504
,,3AIBt,HMR_1505
,,HMR_8287,HMR_1509
,,HMR_8374,CHLSTI_1
,,HMR_8395,HMR_1516
,,HMR_8397,HMR_1532
,,HMR_8399,HMR_1536
,,HMR_8418,HMR_1538
,,DCYTtm,HMR_1539
,,HMR_8476,HMR_1540
,,LALDO2,HMR_1543
,,HMR_8505,HMR_1544
,,HMR_8510,HMR_1545
,,ID3ACALDtm,HMR_1546
,,HMR_8567,HMR_1547
,,HMR_8570,HMR_1548
,,HMR_8571,HMR_1549
,,HMR_8572,HMR_1550
,,HMR_8573,HMR_1551
,,HMR_8574,HMR_1552
,,HMR_8575,HMR_1565
,,HMR_8576,HMR_1620
,,HMR_8577,HMR_1627
,,HMR_8578,HMR_1629
,,HMR_8579,HMR_1630
,,HMR_8580,HMR_1631
,,HMR_8582,HMR_1637
,,HMR_8585,HMR_1651
,,HMR_8588,HMR_1653
,,HMR_8590,HMR_1665
,,HMR_8643,HMR_1666
,,CLFORtex2,HMR_1681
,,HMR_8761,HMR_1685
,,HMR_8762,HMR_1735
,,HMR_8776,HMR_1737
,,HMR_9019,HMR_1738
,,HMR_9176,HMR_1739
,,HMR_9177,HMR_1740
,,HMR_9178,HMR_1741
,,HMR_9179,HMR_1742
,,HMR_9180,HMR_1743
,,HMR_9184,HMR_1744
,,HMR_9185,HMR_1745
,,HMR_9187,HMR_1746
,,HMR_9188,HMR_1747
,,HMR_9191,HMR_1748
,,HMR_9581,HMR_1749
,,HMR_9582,HMR_1750
,,HMR_9583,HMR_1751
,,HMR_9584,HMR_1752
,,SO4t_e,HMR_1753
,,HMR_9593,HMR_1754
,,HMR_9602,HMR_1756
,,HMR_9603,HMR_1758
,,HMR_9604,HMR_1759
,,HMR_9605,HMR_1760
,,PNTOt1,HMR_1761
,,HMR_9608,HMR_1762
,,HMR_9609,HMR_1764
,,HMR_9613,HMR_1765
,,HMR_9615,HMR_1766
,,HMR_9617,HMR_1767
,,HMR_9619,HMR_1768
,,HMR_9620,HMR_1769
,,HMR_9621,HMR_1770
,,HMR_9622,HMR_1771
,,HMR_9625,HMR_1781
,,HMR_9627,HMR_1783
,,HMR_9638,HMR_1785
,,HMR_9640,HMR_1786
,,HMR_9644,HMR_1807
,,HMR_9647,HMR_1834
,,HMR_9648,HMR_1838
,,HMR_9665,HMR_1847
,,HMR_9667,HMR_1897
,,HMR_9674,HMR_1916
,,IND3ACtm,HMR_1927
,,FA160tp,HMR_1928
,,ACtp,HMR_1929
,,HMR_9680,HMR_1940
,,HSK,HMR_1941
,,HMR_9719,HMR_1944
,,HMR_9720,HMR_1948
,,HMR_9726,HMR_1949
,,GLUN,HMR_1958
,,HMR_9803,HMR_1962
,,HMR_9804,HMR_1967
,,HMR_9805,HMR_1968
,,HMR_2957,HMR_1970
,,HMR_6580,HMR_1971
,,HMR_1635,HMR_1976
,,C14STR,HMR_1979
,,HMR_0980,HMR_1980
,,HMR_1467,HMR_1981
,,HMR_4816,HMR_1982
,,HMR_1644,HMR_1983
,,HMR_4772,HMR_1988
,,HMR_1500,HMR_1989
,,12DHCHOLabc,HMR_1990
,,12DHCHOLt,HMR_1991
,,3DHCDCHOLabc,HMR_1992
,,3DHCDCHOLt,HMR_1993
,,3DHCHOLabc,HMR_1996
,,3DHCHOLt,HMR_2002
,,3DHDCAt,HMR_2007
,,3DHLCAt,HMR_2010
,,7DHCDCHOLabc,HMR_2011
,,7DHCDCHOLt,HMR_2014
,,7DHCHOLabc,HMR_2016
,,7DHCHOLt,HMR_2018
,,CA24GSc,HMR_2029
,,CA24Gte,HMR_2041
,,CA3Sabc,HMR_2087
,,CA3St,HMR_2088
,,CDCA24GSc,HMR_2089
,,CDCA24Gte,HMR_2090
,,CDCA3GSc,HMR_2127
,,CDCA3Gte,HMR_2190
,,HC02220t,HMR_2193
,,COPROSTabc,HMR_2210
,,COPROSTt,HMR_2211
,,DCA24GSc,HMR_2215
,,DCA24GSr,HMR_2217
,,DCA24Gte,HMR_2218
,,DCA24Gtr,HMR_2219
,,DCA3GSc,HMR_2259
,,DCA3GSr,HMR_2260
,,DCA3Gte,HMR_2261
,,DCA3Gtr,HMR_2262
,,DCA3Sabc,HMR_2263
,,DCA3St,HMR_2264
,,DCASULT,HMR_2265
,,DM_dca24g_c,HMR_2266
,,DM_dca3g_c,HMR_2267
,,DM_dca3s_c,HMR_2268
,,DM_tcdca3s_c,HMR_2269
,,EX_ca24g_e,HMR_2270
,,EX_cdca24g_e,HMR_2281
,,EX_cdca3g_e,HMR_2282
,,EX_dca24g_e,HMR_2284
,,EX_dca3g_e,DESAT16
,,EX_hca24g_e,HMR_2287
,,EX_hca6g_e,HMR_2288
,,EX_hdca24g_e,HMR_2289
,,EX_hdca6g_e,HMR_2292
,,EX_hyochol_e,HMR_2293
,,EX_lca24g_e,DESAT18
,,EX_lca3g_e,HMR_2295
,,GCA3Sabc,HMR_2296
,,GCA3St,HMR_2332
,,GCDCA3Sabc,HMR_2334
,,GCDCA3St,HMR_2336
,,GDCA3Sabc,HMR_2338
,,GDCA3St,HMR_2342
,,GUDCA3Sabc,HMR_2343
,,GUDCA3St,HMR_2344
,,HCA24GSc,HMR_2345
,,HCA24Gte,HMR_2347
,,HCA6GSc,HMR_2348
,,HCA6Gte,HMR_2349
,,HDCA24GSc,HMR_2350
,,HDCA24Gte,HMR_2353
,,HDCA6GSc,HMR_2354
,,HDCA6Gte,HMR_2355
,,HYOCHOLt,HMR_2356
,,ICDCHOLabc,HMR_2359
,,ICDCHOLt,HMR_2361
,,ISOCHOLabc,HMR_2362
,,ISOCHOLt,HMR_2363
,,LCA24GSc,HMR_2364
,,LCA24Gte,HMR_2365
,,LCA3GSc,HMR_2368
,,LCA3Gte,HMR_2374
,,LCA3Sabc,HMR_2376
,,LCA3St,HMR_2380
,,TCA3Sabc,HMR_2391
,,TCA3St,HMR_2395
,,TCDCA3Sabc,HMR_2403
,,TCDCA3St,HMR_2433
,,TCDCASULT,HMR_2434
,,TDCA3Sabc,HMR_2435
,,TDCA3St,HMR_2436
,,THYOCHOLt,HMR_2440
,,TUDCA3Sabc,HMR_2457
,,TUDCA3St,HMR_2472
,,UCHOLabc,HMR_2484
,,UCHOLt,HMR_2530
,,UDCA3Sabc,HMR_2533
,,UDCA3St,HMR_2535
,,UDCHOLt,HMR_2537
,,2HATVLAChc,HMR_2540
,,2HATVACIDGLUChr,HMR_2541
,,2HATVACIDGLUCteb,HMR_2542
,,2HATVACIDhc,HMR_2543
,,2HATVACIDteb,HMR_2571
,,2HATVACIDthc,HMR_2581
,,2HATVLACGLUChr,HMR_2585
,,2HATVLACGLUCteb,HMR_2602
,,2HATVLACOXDhc,HMR_2603
,,2HATVLACteb,HMR_2604
,,2HATVLACthc,HMR_2608
,,35DHPVSthc,HMR_2609
,,35DSMVhep,HMR_2610
,,35DSMVteb,HMR_2611
,,3HLVSTAChep,CARN140t_m
,,3HLVSTACtbc,HMR_2613
,,3HPVSTETCOAhcm,HMR_2620
,,3HPVSTETCOAhcx,HMR_2621
,,3HPVSTETteb,HMR_2622
,,3HPVSTETtev,HMR_2624
,,3HPVShc,HMR_2633
,,3HPVSteb,HMR_2634
,,3HPVSthc,HMR_2635
,,3HSMVACIDhep,HMR_2644
,,3HSMVACIDteb,HMR_2648
,,3HSMVhep,HMR_2649
,,3ISPVSteb,HMR_2650
,,3ISPVSthc,HMR_2651
,,3OHACMPhr,HMR_2652
,,3OHACMPtev,HMR_2653
,,4HATVACIDhc,CARN180t_m
,,4HATVACIDteb,HMR_2657
,,4HATVACIDthc,HMR_2659
,,4HATVLAChc,VACCCPT1
,,4HATVLACteb,HMR_2661
,,4HATVLACthc,VACCCPT2
,,56DHPVSteb,HMR_2666
,,56DHPVStev,HMR_2667
,,56EPPVSteb,HMR_2668
,,56EPPVStev,HMR_2669
,,5OHFVShc,HMR_2670
,,5OHFVSteb,HMR_2671
,,6BHGLZhr,HMR_2673
,,6BHGLZtev,HMR_2675
,,6CSMVACIDhep,HMR_2676
,,6CSMVACIDteb,HMR_2677
,,6CSMVhep,HMR_2679
,,6EPSteb,HMR_2681
,,6EPVSthc,HMR_2682
,,6HLVSTAChep,HMR_2683
,,6HLVSTthep,HMR_2684
,,6HMSMVACIDhep,HMR_2685
,,6HMSMVACIDteb,HMR_2686
,,6HMSMVhep,HMR_2687
,,6HSMVACIDhep,HMR_2688
,,6HSMVACIDteb,HMR_2689
,,6HSMVhep,HMR_2690
,,6MELACAChep,HMR_2691
,,6MELVACtbc,HMR_2692
,,6MELVSTthep,HMR_2693
,,6MSMVhep,HMR_2695
,,7HPVSteb,HMR_2697
,,7HPVStev,HMR_2699
,,ACMPtu,HMR_2700
,,ACMPShc,HMR_2701
,,ACMPdt,HMR_2702
,,ALLOPOXDhep,HMR_2703
,,ALLOPtepvb,HMR_2704
,,ATVACIDMCTtu,HMR_2705
,,ATVACIDOATPtu,HMR_2706
,,ATVACIDhc,HMR_2707
,,ATVACIDtu,HMR_2708
,,ATVLACThc,HMR_2709
,,ATVLAChc,HMR_2710
,,ATVLACtu,HMR_2711
,,CRVS1tev,HMR_2712
,,CRVSATPtu,HMR_2713
,,CRVSM1hr,HMR_2715
,,CRVSM1teb,HMR_2718
,,CRVSM23hr,HMR_2722
,,CRVSM23teb,HMR_2727
,,CRVSM23tev,HMR_2731
,,CRVSM24teb,HMR_2733
,,CRVSM24tev,HMR_2734
,,CRVSthc,HMR_2735
,,CSAtd,HMR_2736
,,CSAtu,HMR_2737
,,CVM1GLUChc,HMR_2738
,,CVM23GLUChc,HMR_2739
,,DEOXFVShc,HMR_2740
,,DEOXFVStev,HMR_2741
,,DSPVShc,CARN1829Z12Zt_m
,,DSPVSteb,CARN1836Z9Z12Zt_m
,,DSPVStev,HMR_2753
,,EX_2hatvacid_e,HMR_2757
,,EX_2hatvacidgluc_e,HMR_2760
,,EX_2hatvlac_e,HMR_2764
,,EX_2hatvlacgluc_e,HMR_2768
,,EX_35dsmv_e,HMR_2769
,,EX_3hlvstacid_e,HMR_2770
,,EX_3hpvs_e,HMR_2771
,,EX_3hpvstet_e,HMR_2772
,,EX_3hsmvacid_e,HMR_2773
,,EX_3ohacmp_e,HMR_2774
,,EX_4hatvacid_e,HMR_2775
,,EX_4hatvlac_e,HMR_2776
,,EX_5ohfvs_e,HMR_2817
,,EX_6bhglz_e,HMR_2819
,,EX_6csmvacid_e,HMR_2821
,,EX_6hlvst_e,HMR_2827
,,EX_6hmsmvacid_e,HMR_2851
,,EX_6hsmvacid_e,HMR_2852
,,EX_6melvacid_e,HMR_2857
,,EX_6melvst_e,HMR_2859
,,EX_acmp_e,HMR_2861
,,EX_allop_e,HMR_2862
,,EX_atvacid_e,HMR_2865
,,EX_atvlac_e,HMR_2866
,,EX_deoxfvs_e,HMR_2884
,,EX_dspvs_e,HMR_2886
,,EX_fvs_e,HMR_2888
,,EX_glz_e,HMR_2890
,,EX_ibup__R_e,HMR_2942
,,EX_ibup__S_e,HMR_2943
,,EX_isolvstacid_e,HMR_2944
,,EX_lvst_e,HMR_2945
,,EX_ndersv_e,HMR_2946
,,EX_oxyp_e,HMR_2947
,,EX_profvs_e,HMR_2948
,,EX_ptvst_e,HMR_2951
,,EX_ptvstlac_e,HMR_2954
,,EX_ptvstm3_e,HMR_2955
,,EX_pvs_e,HMR_2956
,,EX_rsv_e,HMR_2961
,,EX_rsvlac_e,HMR_2962
,,EX_smv_e,HMR_2963
,,EX_sulpacmp_e,HMR_2964
,,FVStu,HMR_2965
,,GLZtd,HMR_2966
,,IBUP_RASCL1hep,HMR_2967
,,IBUP_Rshep,HMR_2968
,,IBUP_Rtdu,HMR_2969
,,IBUP_SACOT2,HMR_2970
,,IBUP_Stdu,HMR_2971
,,ISOLVSTAChep,HMR_2972
,,ISOLVSTtbc,HMR_2973
,,LSTNtu,HMR_2974
,,LSTNtd,HMR_2975
,,LVACLAChep,HMR_2976
,,LVSTACIDhep,HMR_2977
,,LVSTACIDtu,HMR_2978
,,LVSTOXD3Hhep,HMR_2979
,,LVSTPGPtu,HMR_2980
,,LVSTtu,HMR_2982
,,MDZtd,HMR_2983
,,MDZtu,HMR_2985
,,NDERSVhc,HMR_2986
,,NDERSVteb,HMR_2988
,,OXYPthc,HMR_2989
,,PROFVSCOAhc,HMR_2990
,,PROFVShc,HMR_2994
,,PROFVStev,HMR_2998
,,PTVSTATPtu,HMR_2999
,,PTVSTLACtev,HMR_3001
,,PTVSTM3eb,HMR_3002
,,PTVSTM3hc,HMR_3003
,,PTVSThc,HMR_3018
,,PTVSTtu,HMR_3021
,,PVSATPtu,HMR_3023
,,PVSGLUCteb,HMR_3053
,,PVSGLUCtev,HMR_3056
,,PVSOATPtu,HMR_3057
,,RSVATPtu,HMR_3058
,,RSVGLUChc,HMR_3059
,,RSVLAChv,HMR_3062
,,RSVLACteb,HMR_3063
,,RSVSPONhc,HMR_3064
,,RSVtu,HMR_3065
,,SMVACIDATPteb,HMR_3066
,,SMVACIDhep,HMR_3067
,,SMVACIDtev,HMR_3068
,,SMVtu,HMR_3069
,,SMVGLUChep,HMR_3070
,,SMVHYDROhep,HMR_3071
,,SMVLAChep,HMR_3072
,,SMVthep,HMR_3073
,,SULPACMPtev,ACOAO8p
,,TACRDtsc,HMR_3075
,,TACRtu,HMR_3076
,,TMDOATthc,HMR_3094
,,TRIPVSteb,HMR_3095
,,TRIPVStev,HMR_3096
,,2HATVACIDGLUCitr,HMR_3097
,,2HATVLACGLUCitr,HMR_3098
,,35DSMVitr,HMR_3099
,,3HLVSTitr,HMR_3100
,,3HPVSitr,HMR_3101
,,3HPVSCOAitm,HMR_3102
,,3HPVSCOAitx,HMR_3107
,,3HPVSTETCOAitm,HMR_3108
,,3HPVSTETCOAitx,HMR_3109
,,3HSMVitr,HMR_3110
,,3OHACMPitr,HMR_3111
,,5OHFVSitr,HMR_3112
,,6CSMVitr,HMR_3113
,,6HMSMVitr,HMR_3114
,,6HSMVitr,HMR_3115
,,ACMPitr,HMR_3116
,,DEOXFVSitx,HMR_3117
,,DSPVSitr,KAT180_m
,,FVSitx,ACOADH160_m
,,FVSCOAitx,HMR_3128
,,GLZitr,ACOADH120_m
,,LVSTitr,ACOADH100_m
,,EX_lvstacid_e,HMR_3149
,,NDERSVitr,HMR_3170
,,PROFVSCOAitx,HMR_3171
,,PTVSTLACitr,HMR_3172
,,PTVSTM3itr,HMR_3173
,,PVSitr,HMR_3174
,,RSVLACitr,HMR_3175
,,3HPVSCOAhc,HMR_3176
,,3HPVSTEThc,HMR_3177
,,FVSCOAhc,HMR_3178
,,H2O2ter,HMR_3179
,,ATVLACitr,HMR_3180
,,SMVitr,HMR_3181
,,6BHGLZitr,HMR_3182
,,RSVitr,HMR_3183
,,PTVSTitr,HMR_3184
,,FVSitr,HMR_3185
,,2HATVACIDitr,HMR_3186
,,EX_caproic_e,HMR_3187
,,EX_M02956_e,HMR_3188
,,EX_M00234_e,HMR_3189
,,EX_M01807_e,HMR_3190
,,EX_M00503_e,HMR_3191
,,EX_M00241_e,HMR_3192
,,EX_M01820_e,HMR_3193
,,EX_M00510_e,HMR_3194
,,EX_M00003_e,HMR_3195
,,EX_M00008_e,HMR_3196
,,EX_M00010_e,HMR_3197
,,EX_M00019_e,HMR_3198
,,EX_M00021_e,HMR_3199
,,EX_M00115_e,HMR_3200
,,EX_M00117_e,HMR_3201
,,EX_M00260_e,HMR_3202
,,EX_M00265_e,HMR_3203
,,EX_M00315_e,HMR_3204
,,EX_M00341_e,HMR_3205
,,EX_M01197_e,HMR_3218
,,EX_M01207_e,HMR_3219
,,EX_M01235_e,HMR_3220
,,EX_M01238_e,HMR_3221
,,EX_M01582_e,HMR_3222
,,EX_M02053_e,HMR_3223
,,EX_M02457_e,HMR_3224
,,EX_M02745_e,HMR_3225
,,EX_M03045_e,HMR_3230
,,EX_C01601_e,HMR_3231
,,EX_M02108_e,HMR_3232
,,EX_M03117_e,HMR_3233
,,EX_M03134_e,HMR_3234
,,EX_M01111_e,HMR_3235
,,EX_M01872_e,HMR_3236
,,EX_M01870_e,HMR_3237
,,EX_ditp_e,HMR_3240
,,EX_M02446_e,HMR_3241
,,EX_M02447_e,HMR_3242
,,EX_M02449_e,HMR_3243
,,EX_M02451_e,HMR_3244
,,EX_adpman_e,HMR_3245
,,EX_rbl__D_e,HMR_3246
,,EX_M01966_e,HMR_3247
,,EX_M02155_e,HMR_3296
,,EX_M01881_e,HMR_3321
,,EX_M03131_e,HMR_3322
,,EX_n5m2masn_e,HMR_3326
,,EX_dolichol__L_e,HMR_3327
,,SK_his__L_c,HMR_3328
,,SK_ile__L_c,HMR_3329
,,SK_lys__L_c,HMR_3330
,,SK_met__L_c,HMR_3331
,,SK_phe__L_c,HMR_3332
,,SK_thr__L_c,HMR_3333
,,SK_trp__L_c,HMR_3334
,,SK_val__L_c,HMR_3335
,,SK_ala__L_c,HMR_3336
,,SK_arg__L_c,HMR_3337
,,SK_asn__L_c,HMR_3338
,,SK_asp__L_c,HMR_3339
,,SK_gln__L_c,HMR_3340
,,SK_glu__L_c,HMR_3341
,,SK_pro__L_c,HMR_3342
,,SK_ser__L_c,HMR_3343
,,SK_tyr__L_c,HMR_3344
,,SK_gly_c,HMR_3345
,,SK_4abut_l,HMR_3346
,,DM_5cysdopa_c,HMR_3347
,,DM_4abut_c,HMR_3348
,,DM_srtn_c,HMR_3349
,,DM_ach_c,HMR_3350
,,DM_hista_c,HMR_3351
,,DM_kynate_c,HMR_3352
,,DM_nrpphr_c,HMR_3353
,,DM_tym_c,HMR_3396
,,DM_Lkynr_c,HMR_3397
,,DM_cbl2_m,HMR_3398
,,PROTEIN_BS,HMR_3406
,,DM_protein_c,HMR_3407
,,CYOR_u10mi,HMR_3408
,,Htmi,HMR_3409
,,NADH2_u10mi,HMR_3411
,,CYOOm3i,HMR_3413
,,CYOOm2i,HMR_3414
,,R03184_PLUS_R00647,HMR_3416
,,R01115,HMR_3421
,,R01803,HMR_3422
,,R04215,HMR_3423
,,R00100,HMR_3424
,,SK_cmpglna_c,HMR_3425
,,SK_HC01115_c,HMR_3426
,,ATPS4mi,HMR_3427
,,PNTEH,HMR_3428
,,PIK3,HMR_3429
,,PI4P3K,HMR_3431
,,PI5P3K,HMR_3432
,,PIACGT,HMR_3433
,,ATPasel_1,HMR_3446
,,,HMR_3447
,,,HMR_3448
,,,HMR_3449
,,,HMR_3450
,,,HMR_3451
,,,HMR_3452
,,,HMR_3453
,,,HMR_3454
,,,HMR_3455
,,,HMR_3456
,,,HMR_3457
,,,HMR_3475
,,,HMR_3491
,,,HMR_3505
,,,HMR_3522
,,,HMR_3597
,,,HMR_3625
,,,HMR_3626
,,,HMR_3627
,,,HMR_3628
,,,HMR_3629
,,,HMR_3630
,,,HMR_3631
,,,HMR_3633
,,,HMR_3635
,,,HMR_3636
,,,HMR_3637
,,,HMR_3639
,,,HMR_3640
,,,HMR_3642
,,,HMR_3644
,,,HMR_3645
,,,HMR_3646
,,,HMR_3647
,,,HMR_3648
,,,HMR_3649
,,,HMR_3650
,,,HMR_3651
,,,HMR_3652
,,,HMR_3653
,,,HMR_3654
,,,HMR_3655
,,,HMR_3656
,,,HMR_3657
,,,HMR_3658
,,,HMR_3659
,,,HMR_3660
,,,HMR_3662
,,,HMR_3663
,,,HMR_3664
,,,HMR_3665
,,,HMR_3666
,,,HMR_3667
,,,HMR_3668
,,,HMR_3669
,,,HMR_3670
,,,HMR_3675
,,,HMR_3677
,,,HMR_3678
,,,HMR_3679
,,,HMR_3680
,,,HMR_3681
,,,HMR_3682
,,,HMR_3684
,,,HMR_3685
,,,HMR_3686
,,,HMR_3687
,,,HMR_3688
,,,HMR_3689
,,,HMR_3690
,,,HMR_3692
,,,HMR_3694
,,,HMR_3695
,,,HMR_3696
,,,HMR_3698
,,,HMR_3699
,,,HMR_3701
,,,HMR_3703
,,,HMR_3704
,,,HMR_3705
,,,HMR_3706
,,,HMR_3707
,,,HMR_3708
,,,HMR_3709
,,,HMR_3710
,,,HMR_3711
,,,HMR_3712
,,,HMR_3713
,,,HMR_3714
,,,HMR_3715
,,,HMR_3716
,,,HMR_3717
,,,HMR_3718
,,,HMR_3719
,,,HMR_3721
,,,HMR_3722
,,,HMR_3723
,,,HMR_3724
,,,HMR_3725
,,,HMR_3726
,,,HMR_3727
,,,HMR_3728
,,,HMR_3729
,,,HMR_3734
,,,HMR_3736
,,,HMR_3737
,,,HMR_3738
,,,HMR_3739
,,,HMR_3740
,,,HMR_3741
,,,ASPT
,,,HMR_3859
,,,HMR_3864
,,,HMR_3867
,,,HMR_3915
,,,HMR_3953
,,,HMR_4079
,,,HMR_4124
,,,CYTDK2
,,,NADS1
,,,NADDP
,,,HMR_4266
,,,NADPPPS
,,,NADS1n
,,,UPPRT
,,,XYLR
,,,CHOLD
,,,HMR_4700
,,,HMR_4701
,,,HMR_4756
,,,PPPGO2_1
,,,BILIRED2
,,,PROAKGOX1
,,,HMR_4777
,,,SUCCt4_3
,,,URIK2
,,,METOX
,,,FE2utm
,,,CITt4_3
,,,HMR_6359
,,,HMR_6362
,,,HMR_6363
,,,HMR_6364
,,,HMR_6365
,,,HMR_6385
,,,HMR_6397
,,,HMR_6408
,,,FADRx2
,,,HMR_6515
,,,CLOHtex2
,,,CLHCOtex
,,,HMR_6545
,,,HMR_6549
,,,HMR_6550
,,,HMR_6558
,,,HMR_6583
,,,HMR_6584
,,,HMR_6595
,,,HMR_6611
,,,HMR_6617
,,,HMR_6619
,,,HMR_6629
,,,HMR_6632
,,,HMR_6633
,,,HMR_6647
,,,HMR_6728
,,,HMR_6729
,,,HMR_6747
,,,HMR_6755
,,,TYROX
,,,4HALDD
,,,HMR_6826
,,,HMR_6834
,,,HMR_6838
,,,HMR_6839
,,,HMR_6844
,,,HMR_6850
,,,HMR_6854
,,,HMR_6874
,,,HMR_6907
,,,HMR_6908
,,,HMR_6909
,,,HMR_6910
,,,HMR_6975
,,,HMR_6976
,,,HMR_6977
,,,HMR_6978
,,,HMR_6989
,,,HMR_7180
,,,HMR_7181
,,,HMR_7182
,,,HMR_7255
,,,HMR_7256
,,,HMR_7278
,,,HMR_7328
,,,HMR_7329
,,,HMR_7330
,,,HMR_7469
,,,HMR_7628
,,,PMI12346PS
,,,SO4t4_3
,,,GLYCTO1
,,,HMR_7711
,,,AMPtn
,,,HMR_7715
,,,HMR_7720
,,,HMR_7724
,,,HMR_7727
,,,HMR_7748
,,,HMR_7749
,,,HMR_7755
,,,HMR_7756
,,,HMR_7757
,,,HMR_7758
,,,HMR_7900
,,,HMR_7906
,,,HMR_7944
,,,HMR_7947
,,,HMR_7949
,,,APRGSTRNte
,,,HMR_8023
,,,HMR_8056
,,,HMR_8374
,,,HMR_8395
,,,HMR_8397
,,,HMR_8399
,,,DCYTtm
,,,HMR_8476
,,,HMR_8510
,,,ID3ACALDtm
,,,HMR_8567
,,,HMR_8570
,,,HMR_8571
,,,HMR_8572
,,,HMR_8573
,,,HMR_8574
,,,HMR_8575
,,,HMR_8576
,,,HMR_8577
,,,HMR_8578
,,,HMR_8579
,,,HMR_8580
,,,HMR_8582
,,,HMR_8590
,,,HMR_8643
,,,CLFORtex2
,,,HMR_8761
,,,HMR_8762
,,,HMR_8776
,,,GALt4_2
,,,GLCt4_2
,,,HMR_9177
,,,HMR_9178
,,,HMR_9179
,,,HMR_9184
,,,HMR_9185
,,,HMR_9191
,,,HMR_9561
,,,HMR_9581
,,,HMR_9582
,,,HMR_9583
,,,HMR_9584
,,,HMR_9593
,,,HMR_9602
,,,HMR_9603
,,,HMR_9604
,,,HMR_9605
,,,PNTOt1
,,,HMR_9608
,,,HMR_9609
,,,HMR_9610
,,,HMR_9613
,,,HMR_9614
,,,HMR_9615
,,,HMR_9619
,,,HMR_9620
,,,HMR_9621
,,,HMR_9622
,,,HMR_9623
,,,HMR_9624
,,,HMR_9625
,,,HMR_9627
,,,HMR_9628
,,,HMR_9630
,,,HMR_9638
,,,HMR_9639
,,,HMR_9644
,,,HMR_9647
,,,HMR_9648
,,,HMR_9658
,,,HMR_9667
,,,IND3ACtm
,,,ACtp
,,,HMR_9680
,,,HMR_9716
,,,HSK
,,,HMR_9719
,,,HMR_9720
,,,HMR_9726
,,,HMR_9801
,,,GLUN
,,,HMR_9803
,,,HMR_9804
,,,HMR_9805
,,,HMR_9807
,,,EX_mem2emgacpail_prot_hs_e
,,,HMR_2957
,,,HMR_6580
,,,HMR_1635
,,,C14STR
,,,HMR_0980
,,,HMR_4816
,,,HMR_1644
,,,HMR_1500
,,,HMR_6672
,,,EX_nadh_e
,,,EX_glc__D_e
,,,EX_sbt__D_e
,,,12DHCHOLabc
,,,12DHCHOLt
,,,12DHCHOLt2
,,,3DHCAS
,,,3DHCDCAS
,,,3DHCDCHOLabc
,,,3DHCDCHOLt
,,,3DHCDCHOLt2
,,,3DHCHOLabc
,,,3DHCHOLt
,,,3DHCHOLt2
,,,3DHDCAabc
,,,3DHDCAS
,,,3DHDCAt
,,,3DHDCAt2
,,,3DHLCAabc
,,,3DHLCAS
,,,3DHLCAt
,,,3DHLCAt2
,,,7DHCDCHOLabc
,,,7DHCDCHOLt
,,,7DHCDCHOLt2
,,,7DHCHOLabc
,,,7DHCHOLt
,,,7DHCHOLt2
,,,CA24GSc
,,,CA24GSr
,,,CA24Gte
,,,CA24Gtr
,,,CA3Sabc
,,,CA3St
,,,CASULT
,,,CDCA24GSc
,,,CDCA24GSr
,,,CDCA24Gte
,,,CDCA24Gtr
,,,CDCA3GSc
,,,CDCA3GSr
,,,CDCA3Gte
,,,CDCA3Gtr
,,,HC02220t
,,,CDCA6AH
,,,COPROSTabc
,,,COPROSTt
,,,COPROSTt2
,,,DCA24GSc
,,,DCA24GSr
,,,DCA24Gte
,,,DCA24Gtr
,,,DCA3GSc
,,,DCA3GSr
,,,DCA3Gte
,,,DCA3Gtr
,,,DCA3Sabc
,,,DCA3St
,,,DCASULT
,,,DM_12dhchol_c
,,,DM_3dhcdchol_c
,,,DM_3dhchol_c
,,,DM_3dhdchol_c
,,,DM_3dhlchol_c
,,,DM_7dhcdchol_c
,,,DM_7dhchol_c
,,,DM_ca24g_c
,,,DM_ca3s_c
,,,DM_cdca24g_c
,,,DM_cdca3g_c
,,,DM_coprost_c
,,,DM_dca24g_c
,,,DM_dca3g_c
,,,DM_dca3s_c
,,,DM_gca3s_c
,,,DM_gcdca3s_c
,,,DM_gdca3s_c
,,,DM_gudca3s_c
,,,DM_hca24g_c
,,,DM_hca6g_c
,,,DM_hdca24g_c
,,,DM_hdca6g_c
,,,DM_hyochol_c
,,,DM_icdchol_c
,,,DM_isochol_c
,,,DM_lca24g_c
,,,DM_lca3g_c
,,,DM_lca3s_c
,,,DM_tca3s_c
,,,DM_tcdca3s_c
,,,DM_tdca3s_c
,,,DM_thyochol_c
,,,DM_tudca3s_c
,,,DM_uchol_c
,,,DM_udca3s_c
,,,EX_12dhchol_e
,,,EX_3dhcdchol_e
,,,EX_3dhchol_e
,,,EX_3dhdchol_e
,,,EX_3dhlchol_e
,,,EX_7dhcdchol_e
,,,EX_7dhchol_e
,,,EX_ca24g_e
,,,EX_ca3s_e
,,,EX_cdca24g_e
,,,EX_cdca3g_e
,,,EX_coprost_e
,,,EX_dca24g_e
,,,EX_dca3g_e
,,,EX_dca3s_e
,,,EX_gca3s_e
,,,EX_gcdca3s_e
,,,EX_gdca3s_e
,,,EX_gudca3s_e
,,,EX_hca24g_e
,,,EX_hca6g_e
,,,EX_hdca24g_e
,,,EX_hdca6g_e
,,,EX_hyochol_e
,,,EX_icdchol_e
,,,EX_isochol_e
,,,EX_lca24g_e
,,,EX_lca3g_e
,,,EX_lca3s_e
,,,EX_tca3s_e
,,,EX_tcdca3s_e
,,,EX_tdca3s_e
,,,EX_thyochol_e
,,,EX_tudca3s_e
,,,EX_uchol_e
,,,EX_udca3s_e
,,,GCA3Sabc
,,,GCA3St
,,,GCASULT
,,,GCDCA3Sabc
,,,GCDCA3St
,,,GCDCASULT
,,,GDCA3Sabc
,,,GDCA3St
,,,GDCASULT
,,,GUDCA3Sabc
,,,GUDCA3St
,,,GUDCASULT
,,,HCA24GSc
,,,HCA24GSr
,,,HCA24Gte
,,,HCA24Gtr
,,,HCA6GSc
,,,HCA6GSr
,,,HCA6Gte
,,,HCA6Gtr
,,,HDCA24GSc
,,,HDCA24GSr
,,,HDCA24Gte
,,,HDCA24Gtr
,,,HDCA6GSc
,,,HDCA6GSr
,,,HDCA6Gte
,,,HDCA6Gtr
,,,HYOCHOLabc
,,,HYOCHOLt
,,,HYOCHOLt2
,,,HYOCHOLtr
,,,ICDCHOLabc
,,,ICDCHOLt
,,,ICDCHOLt2
,,,ISOCHOLabc
,,,ISOCHOLt
,,,ISOCHOLt2
,,,LCA24GSc
,,,LCA24GSr
,,,LCA24Gte
,,,LCA24Gtr
,,,LCA3GSc
,,,LCA3GSr
,,,LCA3Gte
,,,LCA3Gtr
,,,LCA3Sabc
,,,LCA3St
,,,LCASULT
,,,M02155tr
,,,TCA3Sabc
,,,TCA3St
,,,TCASULT
,,,TCDCA3Sabc
,,,TCDCA3St
,,,TCDCA6AH
,,,TCDCASULT
,,,TDCA3Sabc
,,,TDCA3St
,,,TDCASULT
,,,THYOCHOLabc
,,,THYOCHOLt
,,,THYOCHOLt2
,,,TUDCA3Sabc
,,,TUDCA3St
,,,TUDCASULT
,,,UCHOLabc
,,,UCHOLt
,,,UCHOLt2
,,,UDCA3Sabc
,,,UDCA3St
,,,UDCASULT
,,,UDCHOLt
,,,UDCHOLt2
,,,12HTACRhr
,,,12HTACRtu
,,,14HMDZALThr
,,,14HMDZhr
,,,14MDZtev
,,,1HIBUPGLUC_Sthv
,,,1HIBUP_SGLUhep
,,,1HMDGLUChr
,,,1HMDZGLUChc
,,,1OHMDZhr
,,,2HATVACIDGLUChr
,,,2HATVACIDGLUCteb
,,,2HATVACIDOXDhc
,,,2HATVACIDhc
,,,2HATVACIDteb
,,,2HATVACIDthc
,,,2HATVLACGLUChr
,,,2HATVLACGLUCteb
,,,2HATVLACOXDhc
,,,2HATVLACteb
,,,2HATVLACtep
,,,2HATVLACthc
,,,2HIBUPGLUC_Sthv
,,,2HIBUP_Rthv
,,,2HIBUP_SGLUhep
,,,35DHPVShc
,,,35DHPVStep
,,,35DHPVSthc
,,,35DSMVhep
,,,35DSMVteb
,,,3HIBUPGLUC_Sthv
,,,3HIBUP_SGLUhep
,,,3HLVSTAChep
,,,3HLVSTACtbc
,,,3HPVSTETCOAhcx
,,,3HPVSTETteb
,,,3HPVShc
,,,3HPVSteb
,,,3HPVSthc
,,,3HSMVACIDhep
,,,3HSMVACIDteb
,,,3HSMVhep
,,,3ISPVShc
,,,3ISPVSteb
,,,3ISPVSthc
,,,3MEACMPhc
,,,3OHACMPhr
,,,4HATVACIDOXDhc
,,,4HATVACIDhc
,,,4HATVACIDteb
,,,4HATVACIDthc
,,,4HATVLACOXDhc
,,,4HATVLACteb
,,,4HATVLACthc
,,,4HMDGLUCtev
,,,4HMDZGLUChr
,,,4OHMDZhr
,,,56DHPVShc
,,,56DHPVSteb
,,,56EPPVShc
,,,56EPPVSteb
,,,5OHFVSGLUhc
,,,5OHFVSGLUtev
,,,5OHFVShc
,,,6BHGLZABCt
,,,6BHGLZhr
,,,6CSMVACIDhep
,,,6CSMVACIDteb
,,,6CSMVhep
,,,6EPSteb
,,,6EPVShc
,,,6EPVSthc
,,,6HLVSTAChep
,,,6HMSMVACIDhep
,,,6HMSMVACIDteb
,,,6HMSMVhep
,,,6HSMVACIDhep
,,,6HSMVACIDteb
,,,6HSMVhep
,,,6MELACAChep
,,,6MELVACtbc
,,,6MSMVhep
,,,6OHFVShc
,,,6OHFVSteb
,,,7BHGLZABCt
,,,7BHGLZhr
,,,7HPVShc
,,,7HPVSteb
,,,ALLOP2tu
,,,ACMPtu
,,,ACMPGLUChr
,,,ACMPGLUTtep
,,,ACMPGLUTthc
,,,ACMPGLUtep
,,,ACMPGLUthc
,,,ACMPShc
,,,ACMPthc
,,,ALLOP1tu
,,,ALLOPOXDhep
,,,ALLOPtepvb
,,,AM19CSALThr
,,,AM19CShr
,,,AM19CSteb
,,,AM1CSAhr
,,,AM9CSAhr
,,,ATVACIDMCTtu
,,,ATVACIDOATPtu
,,,ATVACIDhc
,,,ATVACIDhr
,,,ATVACIDtu
,,,ATVACYLGLUChc
,,,ATVETHGLUChc
,,,ATVLACGLCURhc
,,,ATVLACThc
,,,ATVLACh2r
,,,ATVLAChr
,,,ATVLACtdhc
,,,ATVLACtu
,,,CARBIBUP_SGLUthv
,,,CARIBUP_Rthv
,,,CARIBUP_SGLUhep
,,,CRVS1M24hc
,,,CRVS1tev
,,,CRVS23M24hc
,,,CRVSATPtu
,,,CRVSM1hc
,,,CRVSM1hr
,,,CRVSM1teb
,,,CRVSM23hc
,,,CRVSM23hr
,,,CRVSM23teb
,,,CRVSM23tev
,,,CRVSM24teb
,,,CRVSthc
,,,CSAtd
,,,CSAtu
,,,CVM1GLUChc
,,,CVM23GLUChc
,,,DEOXFVShc
,,,DEOXFVStev
,,,DESFVShc
,,,DESFVSteb
,,,DSPVShc
,,,DSPVSteb
,,,EX_12htacr_e
,,,EX_1331tacr_e
,,,EX_13dmt_e
,,,EX_14hmdz_e
,,,EX_1513tacr_e
,,,EX_1531tacr_e
,,,EX_15dmt_e
,,,EX_1hibup__S_e
,,,EX_1hibupglu__S_e
,,,EX_1hmdgluc_e
,,,EX_1ohmdz_e
,,,EX_2hatvacid_e
,,,EX_2hatvacidgluc_e
,,,EX_2hatvlac_e
,,,EX_2hatvlacgluc_e
,,,EX_2hibup__R_e
,,,EX_2hibup__S_e
,,,EX_2hibupglu__S_e
,,,EX_31dmt_e
,,,EX_35dhpvs_e
,,,EX_35dsmv_e
,,,EX_3hibup__R_e
,,,EX_3hibup__S_e
,,,EX_3hibupglu__S_e
,,,EX_3hlvstacid_e
,,,EX_3hpvs_e
,,,EX_3hpvstet_e
,,,EX_3hsmvacid_e
,,,EX_3ispvs_e
,,,EX_3ohacmp_e
,,,EX_4bhglz_e
,,,EX_4hatvacid_e
,,,EX_4hatvlac_e
,,,EX_4hmdgluc_e
,,,EX_4ohmdz_e
,,,EX_56dhpvs_e
,,,EX_56eppvs_e
,,,EX_5ohfvs_e
,,,EX_5ohfvsglu_e
,,,EX_6ahglz_e
,,,EX_6bhglz_e
,,,EX_6bhglzglc_e
,,,EX_6csmvacid_e
,,,EX_6epvs_e
,,,EX_6hlvst_e
,,,EX_6hmsmvacid_e
,,,EX_6hsmvacid_e
,,,EX_6melvacid_e
,,,EX_6melvst_e
,,,EX_6ohfvs_e
,,,EX_6ohfvsglu_e
,,,EX_7ahglz_e
,,,EX_7bhglz_e
,,,EX_7bhglzglc_e
,,,EX_7hpvs_e
,,,EX_acmp_e
,,,EX_acmpglu_e
,,,EX_acmpglut_e
,,,EX_allop_e
,,,EX_am19cs_e
,,,EX_am1a4ncs_e
,,,EX_am1accs_e
,,,EX_am1acs_e
,,,EX_am1alcs_e
,,,EX_am1c4n9cs_e
,,,EX_am1c9cs_e
,,,EX_am1ccs_e
,,,EX_am1cglc_e
,,,EX_am1csa_e
,,,EX_am4n9cs_e
,,,EX_am4ncs_e
,,,EX_am9csa_e
,,,EX_atvacid_e
,,,EX_atvlac_e
,,,EX_caribup__R_e
,,,EX_caribup_s_e
,,,EX_caribupglu__S_e
,,,EX_crglz_e
,,,EX_crvs_e
,,,EX_crvsm1_e
,,,EX_crvsm23_e
,,,EX_crvsm24_e
,,,EX_csa_e
,,,EX_csasulp_e
,,,EX_cysacmp_e
,,,EX_deoxfvs_e
,,,EX_desfvs_e
,,,EX_dhglz_e
,,,EX_dspvs_e
,,,EX_epoxtac_e
,,,EX_fvs_e
,,,EX_fvstet_e
,,,EX_fvstetglu_e
,,,EX_glc3meacp_e
,,,EX_glz_e
,,,EX_gtacmp_e
,,,EX_ibup__R_e
,,,EX_ibup__S_e
,,,EX_ibupgluc_e
,,,EX_isolvstacid_e
,,,EX_lst4exp_e
,,,EX_lstn_e
,,,EX_lstn1gluc_e
,,,EX_lstnm1_e
,,,EX_lstnm2_e
,,,EX_lstnm4_e
,,,EX_lstnm5_e
,,,EX_lstnm7_e
,,,EX_lvst_e
,,,EX_mdz_e
,,,EX_mdzglc_e
,,,EX_meracmp_e
,,,EX_mhglz_e
,,,EX_ndersv_e
,,,EX_nfd_e
,,,EX_nfdac_e
,,,EX_nfdlac_e
,,,EX_nfdnpy_e
,,,EX_nfdoh_e
,,,EX_oxyp_e
,,,EX_oxy1rb_e
,,,EX_oxy7rb_e
,,,EX_profvs_e
,,,EX_ptvst_e
,,,EX_ptvstlac_e
,,,EX_ptvstm3_e
,,,EX_pvs_e
,,,EX_pvsgluc_e
,,,EX_rsv_e
,,,EX_rsvlac_e
,,,EX_s3meacmp_e
,,,EX_smv_e
,,,EX_smvacid_e
,,,EX_stacmp_e
,,,EX_sulpacmp_e
,,,EX_tacr_e
,,,EX_tauribup__S_e
,,,EX_thrfvs_e
,,,EX_tlacfvs_e
,,,EX_tmd_e
,,,EX_tmdm1_e
,,,EX_tmdm3_e
,,,EX_tmdm5_e
,,,EX_tripvs_e
,,,EX_tsacmgluc_e
,,,EX_tsacmsul_e
,,,FVStep
,,,FVStu
,,,GLC3MEACPhr
,,,GLC3MEACPtev
,,,GLZtd
,,,IBUPGLUCtpvb
,,,IBUPGT_HEP
,,,IBUP_RASCL1hep
,,,IBUP_RCYP2hep
,,,IBUP_RCYP3hep
,,,IBUP_RCYPCARhep
,,,IBUP_Rshep
,,,IBUP_Rtdhep
,,,IBUP_SACOT2
,,,IBUP_SCYP1hep
,,,IBUP_SCYP2hep
,,,IBUP_SCYP3hep
,,,IBUP_SCYPCARhep
,,,ISOLVSTAChep
,,,ISOLVSTtbc
,,,LST4EXPhr
,,,LST4EXPthc
,,,LSTN1GLUChr
,,,LSTN1GLUCtev
,,,LSTNtu
,,,LSTNM1hr
,,,LSTNM1tev
,,,LSTNM2hr
,,,LSTNM2tev
,,,LSTNM5hr
,,,LSTNM5tev
,,,LSTNM7TDhc
,,,LSTNM7hr
,,,LSTNRATt
,,,LVSTACIDhep
,,,LVSTACIDtu
,,,LVSTACOXD6Hhep
,,,LVSTACOXD6MEhep
,,,LVSTOXD3Hhep
,,,LVSTOXD6Hhep
,,,LVSTOXD6METhep
,,,LVSTPGPtu
,,,LVSTtu
,,,MDZtd
,,,MDZtu
,,,MERACMPtep
,,,MERACMPthc
,,,MHGLZABCt
,,,MHGLZhr
,,,NDERSVhc
,,,NDERSVteb
,,,NFDACOXDhc
,,,NFDACtep
,,,NFDOHtep
,,,OXYPthc
,,,PROFVSCOAhc
,,,PROFVShc
,,,PROFVStev
,,,PTVSTATPtu
,,,PTVSTGLUChc
,,,PTVSTLAChc
,,,PTVSTM13hr
,,,PTVSTM3eb
,,,PTVSTM3hc
,,,PTVSThc
,,,PTVSTtu
,,,PVSATPtu
,,,PVSGLUCteb
,,,PVSGLUCtev
,,,PVSOATPtu
,,,RSVATPtu
,,,RSVGLUChc
,,,RSVLAChv
,,,RSVLACteb
,,,RSVSPONhc
,,,RSVtev
,,,RSVtu
,,,SMVACIDATPteb
,,,SMVACIDhep
,,,SMVtu
,,,SMVGLUChep
,,,SMVHYDROhep
,,,SMVtv
,,,SMVthep
,,,SULPACMPtev
,,,TACRDtsc
,,,TACRtu
,,,TMDM1hr
,,,TMDM5OATt
,,,TMDM5hr
,,,TMDOATPtsc
,,,TMDOATthc
,,,TRIPVShc
,,,TRIPVSteb
,,,12HTACRitr
,,,14HMDZitr
,,,1HIBUPGLUitr
,,,1HMDGLUCitr
,,,2HATVACIDGLUCitr
,,,2HATVLACGLUCitr
,,,2HIBUP_Ritr
,,,2HIBUPGLUC_Sitr
,,,35DHPVSitr
,,,35DSMVitr
,,,3HIBUP_Ritr
,,,3HIBUPGLUC_Sitr
,,,3HLVSTitr
,,,3HPVSitr
,,,3HPVSCOAitx
,,,3HPVSTETCOAitx
,,,3HSMVitr
,,,3ISPVSitr
,,,3MEACMPitr
,,,3OHACMPitr
,,,4HATVACIDitr
,,,4HATVLACitr
,,,4HMDGLUCitr
,,,56DHPVSitr
,,,56EPPVSitr
,,,5OHFVSGLUitr
,,,6CSMVitr
,,,6HLVSTitr
,,,6HLVSTACIDitr
,,,6HMSMVitr
,,,6HSMVitr
,,,6MELVACIDitr
,,,6MELVSTitr
,,,6OHFVSitr
,,,7HPVSitr
,,,ACMPitr
,,,ACMPGLUitr
,,,AM19CSitr
,,,CARIBUP_Sitr
,,,CARIBUPGLU_Sitr
,,,CRVSitr
,,,CRVSM24itr
,,,CSAitr
,,,DEOXFVSitx
,,,DESFVSitr
,,,DSPVSitr
,,,FVSitx
,,,FVSCOAitx
,,,GLC3MEACPitr
,,,GLZitr
,,,IBUP_Ritr
,,,IBUP_Sitr
,,,IBUPGLUCitr
,,,LSTN1GLUCitr
,,,LSTNitr
,,,LSTNM1itr
,,,LSTNM2itr
,,,LSTNM5itr
,,,LSTNM7itr
,,,LVSTitr
,,,EX_lvstacid_e
,,,LVSTACIDitr
,,,MDZitr
,,,NDERSVitr
,,,NFDOHitr
,,,PROFVSCOAitx
,,,PTVSTM13itr
,,,PTVSTM13te
,,,EX_ptvstm13_e
,,,PTVSTM3itr
,,,PVSitr
,,,RSVLACitr
,,,TACRitr
,,,TMDitr
,,,TMDM5itr
,,,3HPVSCOAhc
,,,3HPVSTEThc
,,,FVSCOAhc
,,,NFDACitr
,,,H2O2ter
,,,ATVACIDitr
,,,SMVitr
,,,6BHGLZitr
,,,7BHGLZitr
,,,LST4EXPitr
,,,MHGLZitr
,,,RSVitr
,,,TRIPVSitr
,,,PTVSTitr
,,,3HIBUP_Sitr
,,,FVSitr
,,,EX_caproic_e
,,,EX_1a25dhvitd2_e
,,,EX_C13856_e
,,,EX_M02956_e
,,,EX_M00234_e
,,,EX_M01807_e
,,,EX_M00503_e
,,,EX_M00241_e
,,,EX_M01820_e
,,,EX_M00510_e
,,,EX_M00003_e
,,,EX_M00008_e
,,,EX_M00010_e
,,,EX_M00017_e
,,,EX_M00019_e
,,,EX_M00021_e
,,,EX_M00115_e
,,,EX_M00117_e
,,,EX_M00260_e
,,,EX_M00265_e
,,,EX_M00315_e
,,,EX_M00341_e
,,,EX_M01197_e
,,,EX_M01207_e
,,,EX_M01235_e
,,,EX_M01238_e
,,,EX_M01582_e
,,,EX_M02053_e
,,,EX_M02457_e
,,,EX_M02613_e
,,,EX_M02745_e
,,,EX_M03045_e
,,,EX_M03051_e
,,,EX_M03153_e
,,,EX_M02560_e
,,,EX_M02561_e
,,,EX_C01601_e
,,,EX_M02909_e
,,,EX_M02108_e
,,,EX_M03117_e
,,,EX_M03134_e
,,,EX_M01111_e
,,,EX_h2co3_e
,,,EX_M01872_e
,,,EX_M01870_e
,,,EX_ditp_e
,,,EX_hnifedipine_e
,,,EX_M02446_e
,,,EX_M02447_e
,,,EX_M02449_e
,,,EX_M02451_e
,,,EX_itacon_e
,,,EX_adpman_e
,,,EX_rbl__D_e
,,,EX_M01966_e
,,,EX_M02155_e
,,,EX_M01989_e
,,,EX_M02837_e
,,,EX_gpi_sig_e
,,,EX_M01881_e
,,,EX_M03131_e
,,,EX_n5m2masn_e
,,,EX_hretn_e
,,,EX_kdn_e
,,,EX_m3gacpail_prot_hs_e
,,,EX_dolichol__L_e
,,,SK_his__L_c
,,,SK_ile__L_c
,,,SK_leu__L_c
,,,SK_lys__L_c
,,,SK_met__L_c
,,,SK_phe__L_c
,,,SK_thr__L_c
,,,SK_trp__L_c
,,,SK_val__L_c
,,,SK_ala__L_c
,,,SK_arg__L_c
,,,SK_asn__L_c
,,,SK_asp__L_c
,,,SK_cys__L_c
,,,SK_gln__L_c
,,,SK_glu__L_c
,,,SK_pro__L_c
,,,SK_ser__L_c
,,,SK_tyr__L_c
,,,SK_gly_c
,,,SK_4abut_l
,,,DM_CE5026_c
,,,DM_CE1261_c
,,,DM_4glu56dihdind_c
,,,DM_CE1562_c
,,,DM_ind56qn_c
,,,DM_5cysdopa_c
,,,DM_CE5025_c
,,,DM_CE4888_c
,,,DM_4abut_c
,,,DM_dopa_c
,,,DM_srtn_c
,,,DM_adrnl_c
,,,DM_ach_c
,,,DM_hista_c
,,,DM_kynate_c
,,,DM_nrpphr_c
,,,DM_tym_c
,,,DM_Lkynr_c
,,,DM_cbl2_m
,,,DM_1a2425thvitd2_m
,,,DM_btn_m
,,,DM_btn_n
,,,DCMPtm
,,,DM_protein_c
,,,CYOR_u10mi
,,,Htmi
,,,CYOOm3i
,,,CYOOm2i
,,,R03184_PLUS_R00647
,,,R01465m
,,,R01115
,,,R01803
,,,R04215
,,,R00100
,,,SK_cmpglna_c
,,,SK_ficytb5_c
,,,SK_focytb5_c
,,,SK_HC01115_c
,,,DM_ca2_c
,,,DM_cl_c
,,,DM_zn2_c
,,,EX_ca2_e
,,,EX_cl_e
,,,EX_zn2_e
,,,ATPS4mi
,,,PNTEH
,,,PIK3
,,,PI4P3K
,,,PI5P3K
,,,PIACGT