mCADRE_brain_metabolites,rFASTACOROMICS_brain_metabolites,CORDA_brain_metabolites,ftINIT_brain_metabolites
10fthf5glu[c],10fthf5glu[c],10fthf5glu_c,10fthf5glu[c]
10fthf5glu[l],10fthf5glu[l],10fthf5glu_l,10fthf5glu[l]
10fthf6glu[c],10fthf5glu[m],10fthf5glu_m,10fthf5glu[m]
10fthf6glu[l],10fthf6glu[c],10fthf6glu_c,10fthf6glu[c]
10fthf7glu[c],10fthf6glu[l],10fthf6glu_l,10fthf6glu[l]
10fthf7glu[l],10fthf6glu[m],10fthf6glu_m,10fthf6glu[m]
10fthf[c],10fthf7glu[c],10fthf7glu_c,10fthf7glu[c]
10fthf[l],10fthf7glu[l],10fthf7glu_l,10fthf7glu[l]
10fthf[m],10fthf7glu[m],10fthf7glu_m,10fthf7glu[m]
13dampp[c],10fthf[c],10fthf_c,10fthf[c]
h2o[c],10fthf[l],10fthf_l,10fthf[l]
o2[c],10fthf[m],10fthf_m,10fthf[m]
bamppald[c],13dampp[c],11docrtsl_c,11docrtsl[c]
h2o2[c],h2o[c],11docrtstrn_c,11docrtsl[m]
nh4[c],o2[c],13dampp_c,11docrtsl[r]
h[m],bamppald[c],h2o_c,11docrtstrn[c]
nadph[m],h2o2[c],o2_c,11docrtstrn[m]
o2[m],nh4[c],bamppald_c,11docrtstrn[r]
h2o[m],h[m],h2o2_c,13dampp[c]
nadp[m],nadph[m],nh4_c,h2o[c]
atp[c],o2[m],h_m,o2[c]
adp[c],h2o[m],nadph_m,bamppald[c]
h[c],nadp[m],o2_m,h2o2[c]
pi[c],atp[c],h2o_m,nh4[c]
h[x],adp[c],nadp_m,2425dhvitd2[m]
nadh[x],h[c],1mncam_c,h[m]
nad[x],pi[c],atp_c,nadph[m]
2amac[c],h[x],1mncam_e,o2[m]
pyr[c],nadh[x],adp_c,1a2425thvitd2[m]
nadph[c],nad[x],h_c,h2o[m]
paps[c],2amac[c],pi_c,nadp[m]
Lcyst[c],pyr[c],h_x,1a25dhvitd2[m]
nadp[c],nadph[c],nadh_x,1mncam[c]
pap[c],paps[c],Lpipecol_x,atp[c]
L2aadp[c],Lcyst[c],nad_x,1mncam[e]
akg[m],nadp[c],24nph_e,adp[c]
L2aadp[m],pap[c],24nph_c,h[c]
akg[c],L2aadp[c],2amac_c,pi[c]
2dr1p[c],akg[m],pyr_c,h[x]
2hb[c],L2aadp[m],nadph_c,nadh[x]
nad[c],akg[c],paps_c,Lpipecol[x]
2obut[c],2dr1p[c],Lcyst_c,nad[x]
nadh[c],drib[c],nadp_c,2425dhvitd2[e]
2hb[e],2hb[c],pap_c,2425dhvitd3[c]
h[e],nad[c],L2aadp_c,2425dhvitd3[e]
hco3[e],2obut[c],akg_m,2425dhvitd3[m]
na1[e],nadh[c],L2aadp_m,25hvitd2[m]
hco3[c],2hb[e],akg_c,25hvitd3[m]
na1[c],h[e],2dr1p_c,24nph[e]
2oxoadp[m],hco3[e],drib_c,24nph[c]
coa[m],na1[e],2hb_c,25hvitd2[c]
nad[m],hco3[c],nad_c,25hvitd2[e]
co2[m],na1[c],2obut_c,25hvitd3[c]
glutcoa[m],2oxoadp[m],nadh_c,25hvitd3[e]
nadh[m],coa[m],2hb_e,1a25dhvitd3[m]
34dhmald[c],nad[m],h_e,2amac[c]
34dhpha[c],co2[m],hco3_e,pyr[c]
amet[c],glutcoa[m],na1_e,nadph[c]
ahcys[c],nadh[m],hco3_c,paps[c]
homoval[c],34dhmald[c],na1_c,Lcyst[c]
34dhphe[c],34dhoxpeg[c],2oxoadp_m,nadp[c]
34dhpac[c],34dhoxpeg[e],coa_m,pap[c]
34dhoxmand[c],34dhpha[c],nad_m,L2aadp[c]
34hpl[m],amet[c],co2_m,akg[m]
34hpp[c],ahcys[c],glutcoa_m,L2aadp[m]
co2[c],homoval[c],nadh_m,akg[c]
hgentis[c],34dhphe[c],2oxoadp_c,2dr1p[c]
35cgmp[c],34dhpac[c],34dhmald_c,drib[c]
35cgmp[n],34dhoxmand[c],34dhoxpeg_c,2hb[c]
2mop[m],34hpp[m],34dhpha_c,nad[c]
glu_[l][m],34hpl[m],amet_c,2obut[c]
3aib[m],34hpp[c],ahcys_c,nadh[c]
3aib[c],co2[c],homoval_c,2hb[e]
3dphb[m],hgentis[c],34dhphe_e,h[e]
3dpdhb[m],35cgmp[c],34dhphe_c,hco3[e]
3dsphgn[c],35cgmp[n],34dhpac_c,na1[e]
sphgn[c],2mop[m],34dhoxmand_c,hco3[c]
b2coa[m],glu_[l][m],34hpp_m,na1[c]
3hmp[m],3aib[m],34hpp_c,2mcit[e]
glu_[l][c],3aib[c],co2_c,2oxoadp[m]
dopa[c],3dphb[m],hgentis_c,coa[m]
3mox4hpac[c],3dpdhb[m],35cgmp_c,nad[m]
3mob[c],3dsphgn[c],35cgmp_n,co2[m]
3mop[c],sphgn[c],2mop_m,glutcoa[m]
3mop[m],b2coa[m],glu__L_m,nadh[m]
3m4hpga[c],3hbcoa__R[m],3aib_m,2oxoadp[c]
3mox4hoxm[c],3hibutcoa[m],3aib_c,34dhmald[c]
3moxtyr[c],3hmp[m],3dphb_m,34dhoxpeg[c]
asp_[l][c],glu_[l][c],3dpdhb_m,34dhoxpeg[e]
3sala[c],dopa[c],3dsphgn_c,34dhpha[c]
hyptaur[c],3mox4hpac[c],sphgn_c,amet[c]
3snpyr[c],3mlda[c],b2coa_m,ahcys[c]
so3[c],3mlda[e],3hbcoa__R_m,homoval[c]
pyr[m],3mob[c],3hibutcoa_m,34dhphe[e]
so3[m],3mob[m],3hmp_m,34dhphe[c]
adrnl[c],3mop[c],hLkynr_c,34dhpac[c]
mma[c],3mop[m],glu__L_c,34dhoxmand[c]
nrpphr[c],3m4hpga[c],dopa_c,34hpp[m]
4abut[c],3mox4hoxm[c],3mox4hpac_c,34hpl[m]
4abut[m],3moxtyr[c],3mlda_c,34hpp[c]
coucoa[m],3sala[m],3mlda_e,co2[c]
4hbzcoa[m],asp_[l][c],3mob_c,hgentis[c]
accoa[m],3sala[c],3mob_m,35cgmp[c]
4hbz[m],asp_[l][m],3mop_c,35cgmp[n]
e4hglu[m],hyptaur[c],3mop_m,2mop[m]
4hoxpacd[c],3snpyr[c],3m4hpga_c,glu__L[m]
4hphac[c],3snpyr[m],3mox4hoxm_c,3aib[m]
4mop[c],so3[c],3moxtyr_c,3aib[c]
4mop[m],pyr[m],3sala_m,3dphb[m]
4mptnl[c],so3[m],asp__L_c,3dpdhb[m]
4mptnl[e],adrnl[c],3sala_c,3dsphgn[c]
4mptnl[m],mma[c],asp__L_m,sphgn[c]
5adtststeroneglc[c],nrpphr[c],hyptaur_c,3hanthrn[c]
5adtststeroneglc[e],4abut[c],3snpyr_c,cmusa[c]
5adtststeroneglc[r],4abut[m],3snpyr_m,b2coa[m]
5adtststerone[c],accoa[m],so3_c,3hbcoa__R[m]
5adtststerone[r],4hbz[m],pyr_m,3hibutcoa[m]
5aop[c],4hdebrisoquine[e],so3_m,3hmp[m]
5aop[m],4hdebrisoquine[c],adrnl_c,hLkynr[c]
5dhf[c],4hglusa[m],mma_c,42A3HP24DB[c]
5dhf[l],e4hglu[m],nrpphr_c,glu__L[c]
h2o[e],4hoxpacd[c],4abut_c,dopa[c]
5htrp[c],4hphac[c],4abut_m,3mox4hpac[c]
srtn[c],4mop[c],accoa_m,3mlda[c]
5hoxindact[c],4mop[m],4hbz_m,3mlda[e]
5hoxindoa[c],4mptnl[c],4hdebrisoquine_e,3mob[c]
5mthf[e],4mptnl[e],4hdebrisoquine_c,3mob[m]
5mthf[c],4mptnl[m],4hglusa_m,3mop[c]
5thf[l],4nphsf[e],e4hglu_m,3mop[m]
6dhf[c],4nphsf[c],4hoxpacd_c,3m4hpga[c]
6dhf[l],4nph[c],4hphac_c,3mox4hoxm[c]
6thf[l],4nph[e],4mop_c,3moxtyr[c]
7dhchsterol[r],5adtststerones[c],4mop_m,3sala[m]
7dhchsterol[c],5adtststerones[e],4mptnl_c,asp__L[c]
7dhf[c],5adtststerone[c],4mptnl_e,3sala[c]
7dhf[l],5adtststerone[r],4mptnl_m,asp__L[m]
7thf[c],5aop[c],4nphsf_e,hyptaur[c]
7thf[l],5aop[m],4nphsf_c,3snpyr[c]
h2o[l],5dhf[c],4nph_c,3snpyr[m]
m2mn[l],5dhf[l],4nph_e,so3[c]
man[l],5fthf[e],4pyrdx_c,pyr[m]
mn[l],5fthf[c],4pyrdx_e,so3[m]
galgluside_hs[c],h2o[e],5adtststeroneglc_c,adrnl[c]
udpgal[c],5htrp[c],5adtststeroneglc_e,mma[c]
thcrm_hs[c],srtn[c],5adtststeroneglc_r,nrpphr[c]
udp[c],5hoxindact[c],5adtststerones_c,4abut[c]
galgluside_hs[g],5hoxindoa[c],5adtststerones_e,4abut[m]
udpgal[g],5mthf[c],5adtststerone_c,coucoa[m]
h[g],5thf[c],5adtststerone_e,4hbzcoa[m]
thcrm_hs[g],5thf[l],5adtststerone_r,accoa[m]
udp[g],5thf[m],5aop_c,4hbz[m]
T_antigen[g],6dhf[c],5aop_m,4hdebrisoquine[e]
uacgam[g],6dhf[l],5dhf_c,4hdebrisoquine[c]
core2[g],6dhf[m],5dhf_l,4hglusa[m]
mthgxl[c],6thf[c],5fthf_e,e4hglu[m]
L2aadp6sa[m],6thf[l],5fthf_c,4hoxpacd[c]
udpacgal[g],6thf[m],h2o_e,4hphac[c]
fucgalacglcgal14acglcgalgluside_hs[g],7dhchsterol[r],5htrp_c,4mop[c]
sucsal[m],7dhchsterol[c],srtn_c,4mop[m]
abt[c],7dhf[c],5hoxindact_c,4mptnl[c]
xylu_[l][c],7dhf[l],5hoxindoa_c,4mptnl[e]
4abut[l],7dhf[m],5htrp_e,4mptnl[m]
h[l],7thf[c],5mthf_e,4mtolbutamide[e]
4abut[e],7thf[l],5mthf_c,4mtolbutamide[c]
2maacoa[m],7thf[m],5thf_c,4nphsf[e]
ppcoa[m],h2o[l],5thf_l,4nphsf[c]
aacoa[m],m2mn[l],5thf_m,4nph[c]
accoa[x],man[l],6dhf_c,4nph[e]
aacoa[x],mn[l],6dhf_l,4pyrdx[c]
coa[x],galgluside_hs[c],6dhf_m,4pyrdx[e]
acac[c],udpgal[c],6thf_c,5adtststeroneglc[c]
acac[m],thcrm_hs[c],6thf_l,5adtststeroneglc[e]
occoa[x],udp[c],6thf_m,5adtststeroneglc[r]
dcacoa[x],galgluside_hs[g],7dhchsterol_r,5adtststerones[c]
3otdcoa[x],udpgal[g],7dhchsterol_c,5adtststerones[e]
ddcacoa[x],h[g],7dhf_c,5adtststerone[c]
3ohdcoa[x],thcrm_hs[g],7dhf_l,5adtststerone[e]
tdcoa[x],udp[g],7dhf_m,5adtststerone[r]
3ohodcoa[x],T_antigen[g],7thf_c,5aop[c]
pmtcoa[x],uacgam[g],7thf_l,5aop[m]
3ohxccoa[x],core2[g],7thf_m,5dhf[c]
ttccoa[x],aact[c],h2o_l,5dhf[l]
acald[m],mthgxl[c],m2mn_l,5fthf[e]
acald[c],aact[m],man_l,5fthf[c]
acald[r],L2aadp6sa[m],mn_l,h2o[e]
acald[x],udpacgal[g],galgluside_hs_c,5htrp[c]
atp[m],fuc12gal14acglcgalgluside_hs[g],udpgal_c,srtn[c]
hco3[m],fucgalacglcgal14acglcgalgluside_hs[g],thcrm_hs_c,5homeprazole[e]
adp[m],fucfucgalacglcgalacglcgal14acglcgalgluside_hs[g],udp_c,5homeprazole[c]
malcoa[m],galgalfucfucgalacglcgalacglcgal14acglcgalgluside_hs[g],galgluside_hs_g,5hoxindact[c]
pi[m],sucsal[m],udpgal_g,5hoxindoa[c]
accoa[c],abt[c],h_g,5htrp[e]
ppa[m],xylu_[l][c],thcrm_hs_g,5mthf[e]
amp[m],4abut[l],udp_g,5mthf[c]
ppi[m],h[l],T_antigen_g,5thf[c]
accoa[r],4abut[e],uacgam_g,5thf[l]
acetone[e],2maacoa[m],core2_g,5thf[m]
acetone[c],ppcoa[m],gncore2_g,6dhf[c]
acetone[m],aacoa[m],mthgxl_c,6dhf[l]
acgal[c],accoa[x],L2aadp6sa_m,6dhf[m]
acgal1p[c],aacoa[x],udpacgal_g,6htststerone[c]
itp[c],coa[x],fuc12gal14acglcgalgluside_hs_g,6htststerone[e]
idp[c],acac[c],fucgalacglcgal14acglcgalgluside_hs_g,6htststerone[r]
acgal[l],acac[m],fucfucgalacglcgalacglcgal14acglcgalgluside_hs_g,6thf[c]
gam6p[c],occoa[x],galgalfucfucgalacglcgalacglcgal14acglcgalgluside_hs_g,6thf[l]
acgam6p[c],dcacoa[x],sucsal_m,6thf[m]
coa[c],3otdcoa[x],abt_c,7dhchsterol[r]
acgam[c],ddcacoa[x],xylu__L_c,7dhchsterol[c]
acgam1p[c],tdcoa[x],4abut_l,7dhf[c]
acgam[l],3ohodcoa[x],h_l,7dhf[l]
acgpail_hs[c],pmtcoa[x],4abut_e,7dhf[m]
ac[c],3ohxccoa[x],2maacoa_m,7thf[c]
gpail_hs[c],ttccoa[x],ppcoa_m,7thf[l]
ach[e],acac[x],aacoa_m,7thf[m]
ac[e],acald[m],accoa_x,h2o[l]
chol[e],acald[c],aacoa_x,m2mn[l]
ach[c],acald[x],coa_x,man[l]
cit[c],atp[m],acac_c,mn[l]
oaa[c],hco3[m],acac_m,galgluside_hs[c]
acnacngal14acglcgalgluside_hs[e],adp[m],3odcoa_x,udpgal[c]
acnacngal14acglcgalgluside_hs[c],malcoa[m],occoa_x,thcrm_hs[c]
acnacngal14acglcgalgluside_hs[g],pi[m],3oddcoa_x,udp[c]
acnacngalgbside_hs[c],accoa[c],dcacoa_x,galgluside_hs[g]
acnacngalgbside_hs[e],accoa[g],3otdcoa_x,udpgal[g]
acnacngalgbside_hs[g],ppa[m],ddcacoa_x,h[g]
acmanap[c],amp[m],3ohdcoa_x,thcrm_hs[g]
pep[c],ppi[m],tdcoa_x,udp[g]
acnamp[c],accoa[r],3ohodcoa_x,T_antigen[g]
man6p[c],acgagbside_hs[c],pmtcoa_x,uacgam[g]
acnam[c],acgagbside_hs[g],3ohxccoa_x,gncore1[g]
acnam[l],acgagbside_hs[l],ttccoa_x,core2[g]
acnam[n],acgal[c],acac_x,gncore2[g]
acmana[c],itp[c],acald_m,aact[c]
2mbcoa[m],idp[c],acald_c,mthgxl[c]
fad[m],acgal[l],acald_x,aact[m]
2mb2coa[m],gam6p[c],atp_m,L2aadp6sa[m]
fadh2[m],acgam6p[c],hco3_m,fucgalacglcgalgluside_hs[g]
btcoa[m],coa[c],adp_m,udpacgal[g]
ivcoa[m],acgam[c],malcoa_m,acgalfucgalacglcgalgluside_hs[g]
3mb2coa[m],acgam1p[c],pi_m,galfucgalacglcgalgluside_hs[g]
ibcoa[m],acgam[l],accoa_c,fuc12gal14acglcgalgluside_hs[g]
2mp2coa[m],acgpail_hs[c],accoa_g,galfuc12gal14acglcgalgluside_hs[g]
o2[x],ac[c],ppa_m,acgalfuc12gal14acglcgalgluside_hs[g]
h2o2[x],gpail_hs[c],amp_m,fucgalacgalfuc12gal14acglcgalgluside_hs[g]
hdd2coa[x],ach[e],ppi_m,acgalfucgalacgalfuc12gal14acglcgalgluside_hs[g]
orn[c],ac[e],accoa_n,fucgalacglcgal14acglcgalgluside_hs[g]
cit[m],chol[e],accoa_r,acgalfucgalacglcgal14acglcgalgluside_hs[g]
icit[m],ach[c],acetone_e,fucgalacgalfucgalacglcgal14acglcgalgluside_hs[g]
dhcholoylcoa[x],cit[c],acetone_c,acgalfucgalacgalfucgalacglcgal14acglcgalgluside_hs[g]
fadh2[x],oaa[c],acetone_m,galfucgalacglcgal14acglcgalgluside_hs[g]
fad[x],acnacngal14acglcgalgluside_hs[e],acgagbside_hs_c,fucfucgalacglcgalacglcgal14acglcgalgluside_hs[g]
thcholoylcoa[x],acnacngal14acglcgalgluside_hs[c],acgagbside_hs_g,galgalfucfucgalacglcgalacglcgal14acglcgalgluside_hs[g]
cholcoas[x],acnacngal14acglcgalgluside_hs[g],acgagbside_hs_l,sucsal[m]
cholcoads[x],acnacngalgbside_hs[c],acgal_c,abt[c]
h2o[x],acnacngalgbside_hs[e],acgal1p_c,xylu__L[c]
fmn[c],acnacngalgbside_hs[g],itp_c,abt[e]
ribflv[c],acmanap[c],idp_c,4abut[l]
acrn[c],pep[c],acgal_g,h[l]
acrn[m],acnamp[c],acgal_l,4abut[e]
ppa[c],man6p[c],gam6p_c,2maacoa[m]
amp[c],kdnp[c],acgam6p_c,ppcoa[m]
ppcoa[c],acnam[c],coa_c,accoa[x]
ppi[c],acnam[l],acgam_c,aacoa[x]
ac[m],acnam[n],acgam1p_c,coa[x]
ac[g],acngalacglcgal14acglcgalgluside_hs[e],acgam_l,acac[c]
acetol[c],acngalacglcgal14acglcgalgluside_hs[c],acgbgbside_hs_c,acac[m]
adn[c],acngalacglcgal14acglcgalgluside_hs[g],acgbgbside_hs_g,3odcoa[x]
ins[c],acmana[c],acgbgbside_hs_l,occoa[x]
adn[e],2mbcoa[m],acgpail_hs_c,3oddcoa[x]
ins[e],fad[m],ac_c,dcacoa[x]
nh4[e],2mb2coa[m],gpail_hs_c,3otdcoa[x]
ade[c],fadh2[m],ach_e,ddcacoa[x]
gtp[c],btcoa[m],ac_e,3ohdcoa[x]
gdp[c],ivcoa[m],chol_e,tdcoa[x]
gtp[m],3mb2coa[m],ach_n,3ohodcoa[x]
gdp[m],ibcoa[m],ach_c,pmtcoa[x]
damp[c],2mp2coa[m],cit_c,3ohxccoa[x]
datp[c],o2[x],oaa_c,ttccoa[x]
dadp[c],h2o2[x],acn13acngalgbside_hs_c,acald[m]
ametam[c],hdd2coa[x],acn13acngalgbside_hs_e,acald[c]
camp[c],acorn[c],acn13acngalgbside_hs_g,acald[r]
adn[m],orn[c],acn23acngalgbside_hs_c,atp[m]
adn[l],cit[m],acn23acngalgbside_hs_e,hco3[m]
man1p[c],icit[m],acn23acngalgbside_hs_g,adp[m]
adp[x],dhcholoylcoa[x],acnacngal14acglcgalgluside_hs_e,malcoa[m]
adrncoa[c],fadh2[x],acnacngal14acglcgalgluside_hs_c,pi[m]
adrncoa[x],fad[x],acnacngal14acglcgalgluside_hs_g,accoa[c]
crn[c],thcholoylcoa[x],acnacngalgbside_hs_c,accoa[g]
adrncrn[c],cholcoas[x],acnacngalgbside_hs_e,ppa[m]
adrncrn[m],cholcoads[x],acnacngalgbside_hs_g,amp[m]
adrncoa[m],h2o[x],acmanap_c,ppi[m]
crn[m],fmn[c],pep_c,accoa[n]
adrnl[e],ribflv[c],acnamp_c,accoa[r]
aps[c],acrn[c],man6p_c,acetone[e]
dcamp[c],acrn[m],kdnp_c,acetone[c]
fum[c],ppa[c],acnam_c,acetone[m]
25aics[c],amp[c],acnam_l,acgagbside_hs[c]
aicar[c],ppcoa[c],acnam_n,acgagbside_hs[g]
ksii[c]ore4_pre2[g],ppi[c],acngalacglcgal14acglcgalgluside_hs_e,acgagbside_hs[l]
ksii[c]ore4_pre3[g],ac[m],acngalacglcgal14acglcgalgluside_hs_c,acgalfucgalacgalfuc12gal14acglcgalgluside_hs[e]
ksii[c]ore4_pre4[g],ac[g],acngalacglcgal14acglcgalgluside_hs_g,acgalfucgalacgalfuc12gal14acglcgalgluside_hs[c]
ksii[c]ore4_pre5[g],acetol[c],acmana_c,acgalfucgalacgalfucgalacglcgal14acglcgalgluside_hs[e]
ksii[c]ore4_pre7[g],adn[c],2mbcoa_m,acgalfucgalacgalfucgalacglcgal14acglcgalgluside_hs[c]
ksii[c]ore4_pre8[g],ins[c],fad_m,acgal[c]
ksii[c]ore2_pre2[g],adn[e],2mb2coa_m,itp[c]
ksii[c]ore2_pre3[g],ins[e],fadh2_m,idp[c]
ksii[c]ore2_pre4[g],nh4[e],btcoa_m,acgal[g]
ksii[c]ore2_pre5[g],ade[c],ivcoa_m,acgal[l]
ksii[c]ore2_pre7[g],gtp[c],3mb2coa_m,gam6p[c]
ksii[c]ore2_pre8[g],gdp[c],ibcoa_m,acgam6p[c]
urea[m],gtp[m],2mp2coa_m,coa[c]
Rtotal2coa[c],gdp[m],o2_x,acgam[c]
alpa_hs[c],damp[c],h2o2_x,acgam1p[c]
pa_hs[c],datp[c],hdd2coa_x,acgam[l]
ala_[l][m],dadp[c],acorn_c,acgbgbside_hs[c]
glx[m],ametam[c],orn_c,acgbgbside_hs[g]
gly[m],camp[c],cit_m,acgbgbside_hs[l]
gly[x],adn[m],icit_m,acgpail_hs[c]
pyr[x],adn[l],dhcholoylcoa_x,ac[c]
n2m2nmn[l],adpman[c],fadh2_x,gpail_hs[c]
n2m2mn[l],man1p[c],fad_x,acglu[m]
air[c],adprib[e],thcholoylcoa_x,ach[e]
5aizc[c],adprib[c],cholcoas_x,ac[e]
succoa[m],adp[x],cholcoads_x,chol[e]
mal_[l][c],adrncoa[c],h2o_x,ach[n]
mal_[l][m],adrncoa[x],fmn_c,ach[c]
akg[e],crn[c],ribflv_c,cit[c]
akg[x],adrncrn[c],acrn_c,oaa[c]
xol7ah[c],adrncrn[m],acrn_m,acn13acngalgbside_hs[c]
xol7ah2[c],adrncoa[m],ppa_c,acn13acngalgbside_hs[e]
xoldioloneh[c],crn[m],amp_c,acn13acngalgbside_hs[g]
xoltriol[c],adrnl[e],ppcoa_c,acn23acngalgbside_hs[c]
xol7aone[c],adrn[c],ppi_c,acn23acngalgbside_hs[e]
xoldiolone[c],aps[c],ac_m,acn23acngalgbside_hs[g]
ala_[l][e],dcamp[c],melatn_c,acnacngal14acglcgalgluside_hs[e]
asn_[l][c],fum[c],ac_g,acnacngal14acglcgalgluside_hs[c]
ala_[l][c],25aics[c],acetol_c,acnacngal14acglcgalgluside_hs[g]
asn_[l][e],aicar[c],adn_c,acnacngalgbside_hs[c]
cys_[l][c],ksii[c]ore4_pre2[g],ins_c,acnacngalgbside_hs[e]
cys_[l][e],ksii[c]ore4_pre3[g],adn_e,acnacngalgbside_hs[g]
ala__D[e],ksii[c]ore4_pre4[g],ins_e,acmanap[c]
gln_[l][c],ksii[c]ore4_pre5[g],nh4_e,pep[c]
ala__D[c],ksii[c]ore4_pre7[g],ade_e,acnamp[c]
gln_[l][e],ksii[c]ore4_pre8[g],ade_c,man6p[c]
gly[c],ksii[c]ore2_pre2[g],gtp_c,kdnp[c]
gly[e],ksii[c]ore2_pre3[g],gdp_c,acnam[c]
ser_[l][c],ksii[c]ore2_pre4[g],gtp_m,acnam[l]
ser_[l][e],ksii[c]ore2_pre5[g],gdp_m,acnam[n]
thr_[l][c],ksii[c]ore2_pre7[g],damp_c,acngalacglcgal14acglcgalgluside_hs[e]
thr_[l][e],ksii[c]ore2_pre8[g],datp_c,acngalacglcgal14acglcgalgluside_hs[c]
12ppd__R[c],Rtotal2coa[c],dadp_c,acngalacglcgal14acglcgalgluside_hs[g]
lald__D[c],alpa_hs[c],ametam_c,acmana[c]
lald_[l][c],pa_hs[c],camp_c,2mbcoa[m]
12ppd__S[c],ala_[l][m],adn_m,fad[m]
etoh[c],glx[m],adn_l,2mb2coa[m]
id3acald[c],gly[m],adpman_c,fadh2[m]
ind3ac[c],gly[x],man1p_c,btcoa[m]
id3acald[m],pyr[x],adprib_e,ivcoa[m]
ind3ac[m],ahcys[r],adprib_c,3mb2coa[m]
pristanal[c],n2m2nmn[l],adp_x,ibcoa[m]
prist[c],n2m2mn[l],adrncoa_c,2mp2coa[m]
arachd[c],air[c],adrncoa_x,o2[x]
15HPET[c],5aizc[c],crn_c,h2o2[x]
5HPET[c],succoa[m],adrncrn_c,hdd2coa[x]
leuktrA4[c],mal_[l][c],adrncrn_m,acorn[c]
dhcholestancoa[x],mal_[l][m],adrncoa_m,orn[c]
cholcoar[x],akg[e],crn_m,cit[m]
ahcys[m],akg[x],adrnl_e,icit[m]
amet[m],xol7ah[c],adrn_e,dhcholoylcoa[x]
imp[c],xol7ah2[c],adrn_c,fadh2[x]
cgly[e],xoldioloneh[c],aps_c,fad[x]
amp[x],xoltriol[c],dcamp_c,thcholoylcoa[x]
strch1[e],xol7aone[c],fum_c,cholcoas[x]
glc__D[e],xoldiolone[c],25aics_c,cholcoads[x]
strch2[e],ala_[l][e],aicar_c,h2o[x]
glygn2[e],asn_[l][c],ksii_core4_pre2_g,fmn[c]
glygn4[e],ala_[l][c],ksii_core4_pre3_g,ribflv[c]
andrstrnglc[c],asn_[l][e],ksii_core4_pre4_g,acrn[c]
andrstrnglc[e],cys_[l][c],ksii_core4_pre5_g,acrn[m]
andrstrnglc[r],cys_[l][e],ksii_core4_pre7_g,ppa[c]
andrstrn[r],ala__D[e],ksii_core4_pre8_g,amp[c]
ala_B[m],gln_[l][c],ksii_core2_pre2_g,ppcoa[c]
msa[m],ala__D[c],ksii_core2_pre3_g,ppi[c]
apoC[c],gln_[l][e],ksii_core2_pre4_g,ac[m]
lys_[l][c],gly[c],ksii_core2_pre5_g,Nacsertn[c]
apoC[l]ys[c],gly[e],ksii_core2_pre7_g,melatn[c]
apoC[m],ser_[l][c],ksii_core2_pre8_g,ac[g]
lys_[l][m],ser_[l][e],agm_m,acetol[c]
apoC[l]ys[m],thr_[l][c],urea_m,adn[c]
apoC[l]ys_btn[c],thr_[l][e],Rtotal2coa_c,ins[c]
biocyt[c],12ppd__R[c],alpa_hs_c,adn[e]
apoC[l]ys_btn[m],lald__D[c],pa_hs_c,ins[e]
biocyt[m],lald_[l][c],ala__L_m,nh4[e]
aprut[c],12ppd__S[c],glx_m,ade[e]
n4abutn[c],etoh[c],gly_m,ade[c]
aqcobal[e],id3acald[c],gly_x,gtp[c]
aqcobal[c],ind3ac[c],pyr_x,gdp[c]
arab_[l][e],id3acald[m],ahandrostanglc_c,gtp[m]
arab_[l][c],ind3ac[m],ahandrostanglc_e,gdp[m]
arachcoa[c],pristanal[c],ahandrostanglc_r,damp[c]
arachcoa[x],prist[c],ahcys_r,datp[c]
arachcrn[c],arachd[c],n2m2nmn_l,dadp[c]
arachcrn[m],15HPET[c],n2m2mn_l,ametam[c]
arachcoa[m],5HPET[c],air_c,camp[c]
arachdcoa[c],leuktrA4[c],5aizc_c,adn[m]
arachdcoa[x],dhcholestancoa[x],succoa_m,adn[l]
arachd[e],cholcoar[x],mal__L_c,adpman[c]
arachd[r],amet[r],mal__L_m,man1p[c]
arg_[l][m],ahcys[m],akg_e,adprib[e]
arg_[l][e],amet[m],akg_x,adprib[c]
arg_[l][c],imp[c],prgstrn_c,adp[x]
lys_[l][e],cgly[e],aprgstrn_c,adrncoa[c]
orn[m],amp[x],xol7ah_c,adrncoa[x]
citr_[l][c],strch1[e],xol7ah2_c,crn[c]
argsuc[c],glc__D[e],xoldioloneh_c,adrncrn[c]
galside_hs[l],strch2[e],xoltriol_c,adrncrn[m]
so4[l],glygn2[e],xol7aone_c,adrncoa[m]
Rtotalcoa[c],glygn4[e],xoldiolone_c,crn[m]
Rtotal[c],andrstrn[r],ala__L_e,adrnl[e]
Rtotal2[c],2aobut[m],asn__L_c,adrn[e]
Rtotal3coa[c],ala_B[m],ala__L_c,adrn[c]
Rtotal3[c],msa[m],asn__L_e,aps[c]
tmndnccoa[c],apoC[c],cys__L_c,dcamp[c]
pmtcoa[c],lys_[l][c],cys__L_e,fum[c]
Rtotal3coa[m],apoC[l]ys[c],ala__D_e,25aics[c]
pmtcoa[m],apoC[m],gln__L_c,aicar[c]
crm_hs[l],lys_[l][m],ala__D_c,aflatoxin[e]
Rtotal[l],apoC[l]ys[m],gln__L_e,aflatoxin[c]
sphings[l],apoC[l]ys_btn[c],gly_c,ksii_core4_pre2[g]
ascb_[l][c],biocyt[c],gly_e,ksii_core4_pre3[g]
o2s[c],apoC[l]ys_btn[m],ser__L_c,ksii_core4_pre4[g]
dhdascb[c],biocyt[m],ser__L_e,ksii_core4_pre5[g]
ascb_[l][e],aprut[c],thr__L_c,ksii_core4_pre7[g]
nh4[m],n4abutn[c],thr__L_e,ksii_core4_pre8[g]
cbp[c],arab_[l][e],12ppd__R_c,ksii_core2_pre2[g]
cbasp[c],arab_[l][c],lald__D_c,ksii_core2_pre3[g]
asp__D[e],arachcoa[c],lald__L_c,ksii_core2_pre4[g]
k[c],arachcoa[x],12ppd__S_c,ksii_core2_pre5[g]
asp__D[c],arachcrn[c],etoh_c,ksii_core2_pre7[g]
k[e],arachcrn[m],id3acald_c,ksii_core2_pre8[g]
asp__D[x],arachcoa[m],ind3ac_c,agm[m]
asp_[l][e],arachdcoa[c],id3acald_m,ptrc[m]
oaa[m],arachdcoa[x],ind3ac_m,urea[m]
adp[r],arachd[e],pristanal_c,Rtotal2coa[c]
atp[r],arachd[r],prist_c,alpa_hs[c]
amp[r],arach[e],arachd_c,pa_hs[c]
atp[e],arach[c],15HPET_c,ala__L[m]
amp[e],arg_[l][e],5HPET_c,glx[m]
pi[e],arg_[l][c],leuktrA4_c,gly[m]
adp[e],lys_[l][e],dhcholestancoa_x,ala__L[x]
atp[n],orn[m],cholcoar_x,glx[x]
atp[x],citr_[l][c],amet_r,gly[x]
gbside_hs[g],argsuc[c],ahcys_m,pyr[x]
ga2_hs[g],sgalside_hs[l],amet_m,ahandrostanglc[c]
ga1_hs[g],galside_hs[l],imp_c,ahandrostanglc[e]
gd2_hs[g],so4[l],cgly_e,ahandrostanglc[r]
gd1b_hs[g],Rtotalcoa[c],amp_x,ahcys[r]
gt2_hs[g],Rtotal[c],strch1_e,n2m2nmn[l]
gt1c_hs[g],Rtotal2[c],glc__D_e,n2m2mn[l]
galgbside_hs[g],Rtotal3coa[c],strch2_e,air[c]
acglcgalgluside_hs[g],Rtotal3[c],glygn2_e,5aizc[c]
galacglcgalgluside_hs[g],tmndnccoa[c],glygn4_e,succoa[m]
gal14acglcgalgluside_hs[g],R2coa_hs[c],andrstrnglc_c,mal__L[c]
acglcgal14acglcgalgluside_hs[g],pmtcoa[c],andrstrnglc_e,mal__L[m]
galacglcgal14acglcgalgluside_hs[g],Rtotal3coa[m],andrstrnglc_r,akg[e]
acglc13galacglcgal14acglcgalgluside_hs[g],pmtcoa[m],andrstrn_e,akg[x]
galacglc13galacglcgal14acglcgalgluside_hs[g],crm_hs[l],andrstrn_c,prgstrn[c]
h2o[g],Rtotal[l],andrstrn_r,aprgstrn[c]
gluside_hs[g],sphings[l],2aobut_m,xol7ah[c]
cholcoa[x],ascb_[l][c],ala_B_m,xol7ah2[c]
dgcholcoa[x],o2s[c],msa_m,xoldioloneh[c]
dgchol[x],dhdascb[c],apoC_c,xoltriol[c]
dcholcoa[x],ascb_[l][e],lys__L_c,xol7aone[c]
btn[c],asn_[l][m],apoC_Lys_c,xoldiolone[c]
btamp[c],nh4[m],apoC_m,ala__L[e]
btn[m],cbp[c],lys__L_m,asn__L[c]
btamp[m],cbasp[c],apoC_Lys_m,ala__L[c]
ala_B[c],asp__D[e],apoC_Lys_btn_c,asn__L[e]
ala_B[e],k[c],biocyt_c,cys__L[c]
4tmeabutn[c],asp__D[c],apoC_Lys_btn_m,cys__L[e]
succ[c],k[e],biocyt_m,ala__D[e]
retinal[c],asp__D[x],aprut_c,gln__L[c]
bhb[m],oaa[m],n4abutn_c,ala__D[c]
bhb[e],adp[r],aqcobal_e,gln__L[e]
bhb[c],atp[r],aqcobal_c,gly[c]
glyb[c],amp[r],arab__L_e,gly[e]
hcys_[l][c],atp[e],arab__L_c,ser__L[c]
dmgly[c],amp[e],arachcoa_c,ser__L[e]
met_[l][c],pi[e],arachcoa_x,thr__L[c]
bildglcur[e],adp[e],arachcrn_c,thr__L[e]
bildglcur[c],atp[n],arachcrn_m,12ppd__R[c]
bilglcur[e],atp[x],arachcoa_m,lald__D[c]
bilglcur[c],gbside_hs[g],arachdcoa_c,etoh[c]
bilglcur[r],ga2_hs[g],arachdcoa_x,id3acald[c]
biliverd[c],ga1_hs[g],arachd_e,ind3ac[c]
bilirub[c],gm2_hs[g],arachd_r,id3acald[m]
bilirub[e],gm1_hs[g],arach_e,ind3ac[m]
biocyt[n],gd2_hs[g],arach_c,prist[c]
dolmanp_U[r],gd1b_hs[g],arg__L_m,aldstrn[c]
dolp_U[r],gt2_hs[g],arg__L_e,aldstrn[e]
h[r],gt1c_hs[g],arg__L_c,aldstrn[m]
h2o[n],galgbside_hs[g],lys__L_e,arachd[c]
btn[n],acglcgalgluside_hs[g],orn_m,12HPET[c]
lys_[l][n],galacglcgalgluside_hs[g],citr__L_c,15HPET[c]
biocyt[e],gal14acglcgalgluside_hs[g],argsuc_c,5HPET[c]
btn[e],acglcgal14acglcgalgluside_hs[g],sgalside_hs_l,leuktrA4[c]
3uib[c],galacglcgal14acglcgalgluside_hs[g],galside_hs_l,dhcholestancoa[x]
3aib__D[c],acglc13galacglcgal14acglcgalgluside_hs[g],so4_l,cholcoar[x]
but[c],acglcgalacglcgal14acglcgalgluside_hs[g],Rtotalcoa_c,amet[r]
but[m],galacglcgalacglcgal14acglcgalgluside_hs[g],Rtotal_c,ahcys[m]
44mctr[r],galacglc13galacglcgal14acglcgalgluside_hs[g],Rtotal2_c,amet[m]
nadph[r],h2o[g],Rtotal3coa_c,imp[c]
44mzym[r],cholcoa[x],Rtotal3_c,cgly[e]
nadp[r],taur[x],tmndnccoa_c,amp[x]
pmtcrn[c],tchola[x],R2coa_hs_c,strch1[e]
pmtcrn[m],dgcholcoa[x],pmtcoa_c,glc__D[e]
hdcoa[c],dgchol[x],Rtotal3coa_m,strch2[e]
hdcecrn[c],dcholcoa[x],pmtcoa_m,glygn2[e]
hdd2coa[c],btn[c],crm_hs_l,glygn4[e]
hdd2crn[c],btamp[c],Rtotal_l,andrstrnglc[c]
hdcecrn[m],btn[m],sphings_l,andrstrnglc[e]
hdcoa[m],btamp[m],ascb__L_c,andrstrnglc[r]
hdd2crn[m],ala_B[c],o2s_c,andrstrn[e]
hdd2coa[m],4tmeabutn[c],dhdascb_c,andrstrn[c]
stcoa[c],succ[c],ascb__L_e,andrstrn[r]
stcrn[c],retinal[c],asn__L_m,antipyrene[e]
stcrn[m],bhb[m],nh4_m,antipyrene[c]
stcoa[m],bhb[e],cbp_c,2aobut[m]
odecoa[c],bhb[c],cbasp_c,ala_B[m]
odecrn[c],glyb[c],asp__D_e,msa[m]
odecrn[m],hcys_[l][c],k_c,apnnox[e]
odecoa[m],dmgly[c],asp__D_c,apnnox[c]
arachdcrn[c],met_[l][c],k_e,apoC[c]
arachdcrn[m],bildglcur[e],asp__D_x,lys__L[c]
arachdcoa[m],bildglcur[c],asp__L_e,apoC_Lys[c]
c226coa[c],bilglcur[e],oaa_m,apoC[m]
c226coa[x],bilglcur[c],adp_r,lys__L[m]
c226crn[c],biliverd[c],atp_r,apoC_Lys[m]
c226crn[m],bilirub[c],amp_r,apoC_Lys_btn[c]
c226coa[m],bilirub[e],atp_e,biocyt[c]
4mzym[i]nt1[r],biocyt[n],amp_e,apoC_Lys_btn[m]
4mzym[i]nt2[r],dolmanp_U[r],pi_e,biocyt[m]
co2[r],memgacpail_hs[r],adp_e,appnn[e]
nad[r],dolp_U[r],atp_n,appnn[c]
nadh[r],h[r],atp_x,aprut[c]
zym[i]nt2[r],m2emgacpail_hs[r],gbside_hs_g,n4abutn[c]
zymst[r],h2o[n],ga2_hs_g,aqcobal[e]
o2[r],btn[n],ga1_hs_g,aqcobal[c]
h2o[r],lys_[l][n],gm2_hs_g,arab__L[e]
ca2[c],biocyt[e],gm1_hs_g,arab__L[c]
ca2[e],btn[e],gd2_hs_g,arachcoa[c]
etoh[x],but[c],gd1b_hs_g,arachcoa[x]
h2o2[m],44mctr[r],gt2_hs_g,arachcrn[c]
cbl2[c],nadph[r],gt1c_hs_g,arachcrn[m]
cbl2[m],44mzym[r],galgbside_hs_g,arachcoa[m]
glc__D[r],nadp[r],acglcgalgluside_hs_g,arachdcoa[c]
g6p[r],pmtcrn[c],galacglcgalgluside_hs_g,arachdcoa[x]
cbp[m],pmtcrn[m],gal14acglcgalgluside_hs_g,arachd[e]
pi[r],hdcoa[c],acglcgal14acglcgalgluside_hs_g,arachd[r]
ppi[r],hdcecrn[c],galacglcgal14acglcgalgluside_hs_g,arach[e]
prostge2[c],hdd2coa[c],acglc13galacglcgal14acglcgalgluside_hs_g,arach[c]
prostgf2[c],hdd2crn[c],acglcgalacglcgal14acglcgalgluside_hs_g,arg__L[m]
cdpdag_hs[c],hdcecrn[m],galacglcgalacglcgal14acglcgalgluside_hs_g,arg__L[e]
inost[c],hdcoa[m],galacglc13galacglcgal14acglcgalgluside_hs_g,arg__L[c]
cmp[c],hdd2crn[m],h2o_g,lys__L[e]
pail_hs[c],hdd2coa[m],gm2a_hs_g,orn[m]
cdpdag_hs[m],stcoa[c],gm1a_hs_g,citr__L[c]
ctp[c],stcrn[c],cholcoa_x,argsuc[c]
ctp[m],stcrn[m],taur_x,sgalside_hs[l]
pa_hs[m],stcoa[m],dgcholcoa_x,galside_hs[l]
cdpchol[c],odecoa[c],dgchol_x,so4[l]
dag_hs[c],odecrn[c],dcholcoa_x,Rtotalcoa[c]
pchol_hs[c],odecrn[m],btn_c,Rtotal[c]
cdpea[c],odecoa[m],btamp_c,Rtotal2[c]
pe_hs[c],arachdcrn[c],btn_m,Rtotal3coa[c]
crm_hs[c],arachdcrn[m],btamp_m,Rtotal3[c]
crmp_hs[c],arachdcoa[m],ala_B_c,tmndnccoa[c]
crm_hs[g],c226coa[c],ala_B_e,R2coa_hs[c]
crm_hs[r],c226crn[c],4tmeabutn_c,pmtcoa[c]
gluside_hs[c],c226crn[m],succ_c,Rtotal3coa[m]
gluside_hs[r],c226coa[m],retinal_c,pmtcoa[m]
cgly[c],4mzym[i]nt1[r],bhb_m,crm_hs[l]
chsterol[r],4mzym[i]nt2[r],betald_m,Rtotal[l]
xol25oh[r],co2[r],glyb_m,sphings[l]
chol[c],nad[r],bhb_e,ascb__L[c]
cholp[c],nadh[r],bhb_c,o2s[c]
chol[m],zym[i]nt2[r],glyb_c,dhdascb[c]
cholate[e],zymst[r],hcys__L_c,ascb__L[e]
cholate[c],o2[r],dmgly_c,asn__L[m]
cholp[g],h2o[r],met__L_c,nh4[m]
cholp[l],ca2[c],bildglcur_e,cbp[c]
chsterol[c],ca2[e],bildglcur_c,cbasp[c]
chsterol[l],etoh[x],bilglcur_e,asp__D[e]
chsterol[m],h2o2[m],bilglcur_c,k[c]
citr_[l][m],cbp[r],bilglcur_r,asp__D[c]
cit[e],glc__D[r],biliverd_c,k[e]
pep[m],g6p[r],bilirub_c,asp__D[x]
creat[m],nh4[r],bilirub_e,asp__L[e]
pcreat[m],pi[r],bilirub_r,oaa[m]
creat[c],ppi[r],biocyt_n,adp[r]
pcreat[c],prostge2[c],dolmanp_U_r,atp[r]
cl[e],prostgf2[c],memgacpail_hs_r,amp[r]
for[c],cdpdag_hs[c],dolp_U_r,atp[e]
cl[c],inost[c],h_r,amp[e]
for[e],cmp[c],m2emgacpail_hs_r,pi[e]
i[c],pail_hs[c],h2o_n,adp[e]
i[e],cdpdag_hs[m],btn_n,atp[n]
oxa[c],ctp[c],lys__L_n,atp[x]
oxa[e],ctp[m],biocyt_e,avite2[e]
clpndcoa[c],pa_hs[m],btn_e,avite2[c]
clpndcrn[c],cdpchol[c],but_c,gbside_hs[g]
clpndcrn[m],dag_hs[c],but_m,ga2_hs[g]
clpndcoa[m],pchol_hs[c],bz_e,ga1_hs[g]
pglyc_hs[c],cdpea[c],bz_c,gm2_hs[g]
clpn_hs[c],pe_hs[c],44mctr_r,gm1_hs[g]
cmp[g],crm_hs[c],nadph_r,gd2_hs[g]
cmpacna[c],crmp_hs[c],44mzym_r,gd1b_hs[g]
cmpacna[g],crm_hs[g],nadp_r,gt2_hs[g]
cmpacna[n],crm_hs[r],pmtcrn_c,gt1c_hs[g]
ctp[n],gluside_hs[c],pmtcrn_m,galgbside_hs[g]
ppi[n],gluside_hs[r],hdcoa_c,acglcgalgluside_hs[g]
co2[x],cgly[c],hdcecrn_c,galacglcgalgluside_hs[g]
coa[r],chsterol[r],hdd2coa_c,gal14acglcgalgluside_hs[g]
2dpmhobq[m],xol25oh[r],hdd2crn_c,acglcgal14acglcgalgluside_hs[g]
q10[m],chol[c],hdcecrn_m,galacglcgal14acglcgalgluside_hs[g]
2dp6mobq[m],cholp[c],hdcoa_m,acglc13galacglcgal14acglcgalgluside_hs[g]
2dp6mobq[m]e[m],chol[m],hdd2crn_m,galacgalfuc12gal14acglcgalgluside_hs[g]
2dp6mep[m],cholate[e],hdd2coa_m,galacgalfucgalacglcgal14acglcgalgluside_hs[g]
Tn_antigen[g],cholate[c],stcoa_c,acglcgalacglcgal14acglcgalgluside_hs[g]
core3[g],cholp[g],stcrn_c,galacglcgalacglcgal14acglcgalgluside_hs[g]
core4[g],cholp[l],stcrn_m,galacglc13galacglcgal14acglcgalgluside_hs[g]
co[c],chol[g],stcoa_m,galthcrm_hs[g]
co[e],chol[r],odecoa_c,galgalthcrm_hs[g]
T4hcinnm[m],chsterol[c],odecrn_c,galgalgalthcrm_hs[g]
pcrn[x],chsterols[c],odecrn_m,acglcgalgbside_hs[g]
crn[x],chsterol[l],odecoa_m,galacglcgalgbside_hs[g]
pcrn[c],chsterol[m],arachdcrn_c,h2o[g]
acrn[x],itaccoa[m],arachdcrn_m,gm2a_hs[g]
crn[e],citr_[l][m],arachdcoa_m,gm1a_hs[g]
dmnoncrn[x],cit[e],c226coa_c,gluside_hs[g]
dmnoncrn[m],pep[m],c226coa_x,cholcoa[x]
crvnc[c],creat[m],c226crn_c,gchola[x]
cspg_a[l],pcreat[m],c226crn_m,taur[x]
Ser[g]ly_Ala[x][g]ly[l],creat[c],c226coa_m,tchola[x]
cs_a[l],pcreat[c],4mzym_int1_r,dgcholcoa[x]
cspg_b[l],cl[e],4mzym_int2_r,dgchol[x]
cs_b[l],for[c],co2_r,dcholcoa[x]
cspg[c][l],cl[c],nad_r,btn[c]
cs[c][l],for[e],nadh_r,btamp[c]
cspg_d[l],i[c],zym_int2_r,btn[m]
cs_d[l],i[e],zymst_r,btamp[m]
cspg[e][l],oxa[c],o2_r,ala_B[c]
cs[e][l],oxa[e],h2o_r,ala_B[e]
pcrn[m],clpndcoa[c],ca2_c,4tmeabutn[c]
dmnoncoa[x],clpndcrn[c],ca2_e,succ[c]
ppcoa[x],clpndcrn[m],etoh_x,caro[c]
crn[r],clpndcoa[m],h2o2_m,retinal[c]
acrn[r],clpnd[c],cbl2_c,betald[m]
cspg_a[g],pglyc_hs[c],cbl2_m,glyb[m]
cspg_a[e],clpn_hs[c],cbp_r,bhb[e]
cspg_b[g],cmp[g],glc__D_r,bhb[c]
cspg_b[e],cmpacna[c],g6p_r,glyb[c]
cspg[c][g],cmpacna[g],nh4_r,hcys__L[c]
cspg[c][e],cmpacna[n],cbp_m,dmgly[c]
cspg_d[g],ctp[n],pi_r,met__L[c]
cspg_d[e],ppi[n],ppi_r,bildglcur[e]
cspg[e][g],co2[g],prostge2_c,bildglcur[c]
cspg[e][e],co2[x],prostgf2_c,bildglcur[r]
cyan[e],coa[g],cdpdag_hs_c,bilglcur[e]
cyan[c],coa[l],inost_c,bilglcur[c]
cyan[m],coa[r],cmp_c,bilglcur[r]
cysi_[l][c],2dpmhobq[m],pail_hs_c,biliverd[c]
gthrd[c],q10[m],cdpdag_hs_m,bilirub[c]
gthox[c],2dp6mobq[m],ctp_c,bilirub[e]
mercppyr[c],2dp6mobq[m]e[m],ctp_m,bilirub[r]
glu_[l][e],2dp6mep[m],pa_hs_m,biocyt[n]
cytd[c],Tn_antigen[g],cdpchol_c,dolmanp_U[r]
uri[c],core3[g],dag_hs_c,memgacpail_hs[r]
cytd[m],core4[g],pchol_hs_c,dolp_U[r]
cmp[m],co[c],cdpea_c,h[r]
h[n],co[e],pe_hs_c,m2emgacpail_hs[r]
cytd[e],T4hcinnm[m],crm_hs_c,h2o[n]
cytd[l],creat[e],crmp_hs_c,btn[n]
dgtp[c],pcrn[x],crm_hs_g,lys__L[n]
cdp[c],crn[x],crm_hs_r,biocyt[e]
dgdp[c],pcrn[c],gluside_hs_c,btn[e]
cmp[n],acrn[x],gluside_hs_r,3uib[c]
dgtp[n],dmnoncrn[x],cgly_c,3aib__D[c]
cdp[n],dmnoncrn[m],chsterol_r,but[c]
dgdp[n],crtsl[c],xol25oh_r,but[m]
dcmp[c],crtsl[r],chol_c,bvite[e]
dcdp[c],crvnc[c],chol_n,bvite[c]
dcmp[n],cspg_a[l],coa_n,bz[e]
dcdp[n],Ser[g]ly_Ala[x][g]ly[l],cholp_c,bz[c]
dctp[c],cs_a[l],chol_m,bz[r]
dctp[n],cspg_b[l],cholate_e,44mctr[r]
datp[n],cs_b[l],cholate_c,nadph[r]
dadp[n],cspg[c][l],cholp_g,44mzym[r]
utp[c],cs[c][l],cholp_l,nadp[r]
utp[n],cspg_d[l],chol_g,pmtcrn[c]
udp[n],cs_d[l],chol_r,pmtcrn[m]
cdp[m],cspg[e][l],chsterol_c,hdcoa[c]
adp[n],cs[e][l],chsterols_c,hdcecrn[c]
gtp[n],pcrn[m],chsterol_l,hdd2coa[c]
gdp[n],dmnoncoa[x],chsterol_m,hdd2crn[c]
3aib__D[m],ppcoa[x],chsterol_g,hdcecrn[m]
dad_2[c],crn[r],chtn_c,hdcoa[m]
din[c],acrn[r],chtn_e,hdd2crn[m]
dag_hs[r],cspg_a[g],itaccoa_m,hdd2coa[m]
dag_hs[n],cspg_a[e],citr__L_m,stcoa[c]
pa_hs[n],cspg_b[g],cit_e,stcrn[c]
nh4[x],cspg_b[e],pep_m,stcrn[m]
oaa[x],cspg[c][g],creat_m,stcoa[m]
dd2coa[m],cspg[c][e],pcreat_m,odecoa[c]
dd3coa[m],cspg_d[g],creat_c,odecrn[c]
dcyt[m],cspg_d[e],pcreat_c,odecrn[m]
dcmp[m],cspg[e][g],cl_e,odecoa[m]
dcyt[n],cspg[e][e],for_c,arachdcrn[c]
dcsptn1coa[c],cyan[e],cl_c,arachdcrn[m]
dcsptn1coa[x],cyan[c],for_e,arachdcoa[m]
dcsptn1crn[c],cyan[m],i_c,c226coa[c]
dcsptn1crn[m],cysi_[l][c],i_e,c226crn[c]
dcsptn1coa[m],gthrd[c],oxa_c,c226crn[m]
dcyt[c],gthox[c],oxa_e,c226coa[m]
duri[c],mercppyr[c],clpndcoa_c,4mzym_int1[r]
4h2oglt[m],cysi_[l][e],clpndcrn_c,4mzym_int2[r]
decdp[c],glu_[l][e],clpndcrn_m,co2[r]
decdp[m],cytd[c],clpndcoa_m,nad[r]
lnlncacoa[c],uri[c],clpnd_e,nadh[r]
strdnccoa[c],cmp[m],clpnd_c,zym_int2[r]
octd11ecoa[c],h[n],pglyc_hs_c,zymst[r]
od2coa[c],nh4[n],clpn_hs_c,o2[r]
lneldccoa[c],cytd[e],cmp_g,h2o[r]
lnlccoa[c],cytd[l],cmpacna_c,ca2[c]
lnlncgcoa[c],dgtp[c],cmpacna_g,ca2[e]
dlnlcgcoa[c],cdp[c],cmpacna_n,caro[e]
eicostetcoa[c],dgdp[c],ctp_n,carveol[e]
tetpent3coa[c],cmp[n],ppi_n,carveol[c]
tethex3coa[c],dgtp[n],co2_g,h2o2[m]
tag_hs[c],cdp[n],co2_x,cbl2[c]
dgchol[c],dgdp[n],coa_g,cbl2[m]
datp[m],dcmp[c],coa_l,cbp[r]
dgmp[m],dcdp[c],coa_r,glc__D[r]
dadp[m],dcmp[n],2dpmhobq_m,g6p[r]
dgdp[m],dcdp[n],q10_m,nh4[r]
dgsn[m],dctp[c],2dp6mobq_m,cbp[m]
dgsn[c],dctp[n],2dp6mobq_me_m,pi[r]
dhdascb[e],datp[n],2dp6mep_m,ppi[r]
dhcholestanate[x],dadp[n],Tn_antigen_g,prostge2[c]
zymstnl[r],utp[c],core3_g,prostgf2[c]
chlstol[r],utp[n],core4_g,cdpdag_hs[c]
lthstrl[r],udp[n],core6_g,inost[c]
dsmsterol[r],cdp[m],co_c,cmp[c]
ddsmsterol[r],adp[n],co_e,pail_hs[c]
dhcrm_hs[c],gtp[n],creat_e,cdpdag_hs[m]
fad[c],gdp[n],pcrn_x,ctp[c]
fadh2[c],3aib__D[m],crn_x,ctp[m]
3dpdhb[m]e[m],dad_2[c],pcrn_c,pa_hs[m]
dheas[e],din[c],acrn_x,cdpchol[c]
dheas[c],din[e],crn_e,dag_hs[c]
dhea[r],dag_hs[r],dmnoncrn_x,pchol_hs[c]
dhf[c],dag_hs[n],dmnoncrn_m,cdpea[c]
dhf[l],pa_hs[n],crtn_c,pe_hs[c]
dhor__S[c],dag_hs[e],crtsl_c,crm_hs[c]
orot[c],nh4[x],crtsl_r,crmp_hs[c]
q10h2[m],oaa[x],crvnc_e,crm_hs[g]
56dura[c],dd2coa[m],crvnc_c,crm_hs[r]
cala[c],dd3coa[m],cspg_a_l,gluside_hs[c]
56dthm[c],dcyt[n],Ser_Gly_Ala_X_Gly_l,gluside_hs[r]
dhbpt[c],dcsptn1coa[c],cs_a_l,cgly[c]
mlthf[c],dcsptn1coa[x],cspg_b_l,chsterol[r]
thbpt[c],dcsptn1crn[c],cs_b_l,xol25oh[r]
didp[c],dcsptn1crn[m],cspg_c_l,chol[c]
didp[n],dcsptn1coa[m],cs_c_l,chol[n]
digalsgalside_hs[c],dcsptn1[e],cspg_d_l,coa[n]
digalsgalside_hs[g],dcsptn1[c],cs_d_l,cholp[c]
digalside_hs[g],dcyt[c],cspg_e_l,chol[m]
ditp[c],duri[c],cs_e_l,cholate[e]
ditp[n],4h2oglt[m],pcrn_m,cholate[c]
dkmpp[c],debrisoquine[e],dmnoncoa_x,cholp[g]
2kmb[c],debrisoquine[c],ppcoa_x,cholp[l]
lac__D[e],decdp[c],crn_r,chol[g]
lac__D[c],decdp[m],acrn_r,chol[r]
lac__D[m],dedoldp_[l][c],csn_e,chsterol[c]
dlnlcgcrn[c],dolichol_[l][c],csn_c,chsterols[c]
dlnlcgcrn[m],lnlncacoa[c],cspg_a_g,chsterol[l]
dlnlcgcoa[m],strdnccoa[c],cspg_a_e,chsterol[m]
dlnlcg[c],octd11ecoa[c],cspg_b_g,chsterol[g]
Asn[x]_Ser_Thr[l],od2coa[c],cspg_b_e,chtn[c]
dctp[m],lneldccoa[c],cspg_c_g,chtn[e]
dem2emgacpail_prot_hs[r],lnlccoa[c],cspg_c_e,acgam[e]
dgpi_prot_hs[r],lnlncgcoa[c],cspg_d_g,itaccoa[m]
dgtp[m],dlnlcgcoa[c],cspg_d_e,citr__L[m]
dttp[m],eicostetcoa[c],cspg_e_g,cit[e]
dttp[n],tetpent3coa[c],cspg_e_e,pep[m]
gpi_sig[r],tethex3coa[c],cyan_e,creat[m]
n5m2masn[g],tag_hs[c],cyan_c,pcreat[m]
Ser_Thr[l],dgchol[c],cyan_m,creat[c]
sprm[c],datp[m],cysi__L_c,pcreat[c]
dmpp[x],dgmp[m],gthrd_c,cl[e]
ipdp[x],dadp[m],gthox_c,for[c]
grdp[x],dgdp[m],mercppyr_c,cl[c]
ppi[x],dgsn[m],cysi__L_e,for[e]
sarcs[m],dgsn[c],glu__L_e,i[c]
dmnoncoa[c],dhdascb[e],cytd_c,i[e]
dmnoncrn[c],dhcholestanate[m],uri_c,oxa[c]
dmnoncoa[m],dhcholestanate[x],cytd_m,oxa[e]
dcdp[m],fadh2[r],cmp_m,clpndcoa[c]
dtdp[m],fad[r],h_n,clpndcrn[c]
dudp[c],zymstnl[r],nh4_n,clpndcrn[m]
dtdp[c],chlstol[r],cytd_e,clpndcoa[m]
dudp[m],lthstrl[r],cytd_l,clpnd[e]
dutp[c],dsmsterol[r],dgtp_c,clpnd[c]
dutp[m],ddsmsterol[r],cdp_c,pglyc_hs[c]
dttp[c],dhcrm_hs[c],dgdp_c,clpn_hs[c]
dolglcp_[l][c],fad[c],cmp_n,cmp[g]
dolglcp_[l][r],fadh2[c],dgtp_n,cmpacna[c]
dolp_[l][r],3dpdhb[m]e[m],cdp_n,cmpacna[g]
dolp_[l][c],dheas[c],dgdp_n,cmpacna[n]
dolp_U[c],dhea[c],dcmp_c,ctp[n]
dolmanp_U[c],dhea[r],dcdp_c,ppi[n]
gdpmann[c],dhf[c],dcmp_n,co2[g]
dopaqn[c],dhf[l],dcdp_n,co2[x]
dopa[e],dhf[m],dctp_c,coa[g]
dpcoa[c],dhor__S[c],dctp_n,coa[l]
23dpg[c],orot[c],datp_n,coa[r]
3pg[c],q10h2[m],dadp_n,coke[r]
13dpg[c],56dura[c],utp_c,egme[r]
5dpmev[x],cala[c],utp_n,2dpmhobq[m]
pi[x],56dthm[c],udp_n,q10[m]
frdp[c],dhbpt[c],cdp_m,2dp6mobq[m]
ipdp[c],mlthf[c],adp_n,2dp6mobq_me[m]
2dr5p[c],thbpt[c],gtp_n,2dp6mep[m]
g3p[c],didp[c],gdp_n,Tn_antigen[g]
dtdp[n],didp[n],3aib__D_m,core3[g]
dump[c],digalsgalside_hs[c],dad_2_c,core4[g]
dump[n],digalsgalside_hs[g],din_c,core5[g]
ura[c],digalside_hs[c],dad_2_e,core6[g]
thym[c],digalside_hs[g],din_e,core7[g]
duri[m],digalside_hs[l],dag_hs_r,core8[g]
dump[m],ditp[c],dag_hs_n,co[c]
dutp[n],ditp[n],pa_hs_n,co[e]
3hbcoa[m],dkmpp[c],dag_hs_e,T4hcinnm[m]
3hbcoa[x],2kmb[c],ala__D_x,coumarin[e]
b2coa[x],lac__D[e],nh4_x,coumarin[c]
3hmbcoa[m],lac__D[c],arg__D_x,creat[e]
eicostetcrn[c],lac__D[m],5g2oxpt_x,crmp_hs[e]
eicostetcrn[m],dlnlcgcrn[c],oaa_x,pcrn[x]
eicostetcoa[m],dlnlcgcrn[m],dd2coa_m,crn[x]
elaidcrn[c],dlnlcgcoa[m],dd3coa_m,pcrn[c]
elaidcrn[m],dlnlcg[c],dcyt_m,acrn[x]
od2coa[m],Asn[x]_Ser_Thr[l],dcyt_n,crn[e]
elaid[c],dem2emgacpail_prot_hs[r],dcsptn1coa_c,dmnoncrn[x]
n2m2nm[l],dgpi_prot_hs[r],dcsptn1coa_x,dmnoncrn[m]
ksi_deg2[l],dgtp[m],dcsptn1crn_c,crtn[c]
ksi_deg3[l],dsT_antigen[g],dcsptn1crn_m,crtsl[e]
s2l2n2m2m[l],dttp[n],dcsptn1coa_m,crtsl[c]
s2l2n2m2mn[l],ethamp[r],dcsptn1_e,crtsl[m]
estradiolglc[e],gpi_sig[r],dcsptn1_c,crtsl[r]
estradiolglc[c],kdn[c],dcyt_c,crtstrn[e]
estradiol[r],mem2emgacpail_prot_hs[r],duri_c,crtstrn[c]
estriolglc[c],n5m2masn[g],dcyt_e,crtstrn[m]
estriolglc[e],Ser_Thr[l],4h2oglt_m,crvnc[e]
estriolglc[r],sprm[c],debrisoquine_e,crvnc[c]
estriol[r],dmpp[x],debrisoquine_c,cspg_a[l]
estrones[e],ipdp[x],decdp_c,Ser_Gly_Ala_X_Gly[l]
estrones[c],grdp[x],decdp_m,cs_a[l]
estrone[r],ppi[x],dedoldp__L_c,cspg_b[l]
etfox[m],sarcs[m],dedolp__L_c,cs_b[l]
etfrd[m],dmhptcrn[m],dedol__L_c,cspg_c[l]
etha[c],dmhptcoa[m],dolichol__L_c,cs_c[l]
ethamp[c],dmhptcrn[c],lnlncacoa_c,cspg_d[l]
10fthf[e],dmhptcrn[e],strdnccoa_c,cs_d[l]
10fthf5glu[e],dmnoncrn[c],octd11ecoa_c,cspg_e[l]
10fthf6glu[e],dmnoncoa[m],od2coa_c,cs_e[l]
10fthf7glu[e],dnad[c],lneldccoa_c,pcrn[m]
13[c]is_retnglc[e],dnad[n],lnlccoa_c,dmnoncoa[x]
35cgmp[e],dtdp[m],lnlncgcoa_c,ppcoa[x]
3aib[e],dudp[c],dlnlcgcoa_c,crn[r]
4hphac[e],dtdp[c],eicostetcoa_c,acrn[r]
5dhf[e],dudp[m],tetpent3coa_c,csn[e]
5thf[e],dutp[c],tethex3coa_c,csn[c]
6dhf[e],dutp[m],tag_hs_c,cspg_a[g]
6thf[e],dttp[c],dgchol_c,cspg_a[e]
7dhf[e],dolglcp_[l][c],datp_m,cspg_b[g]
7thf[e],dolglcp_[l][r],dgmp_m,cspg_b[e]
ak2lgchol_hs[e],dolp_[l][r],dadp_m,cspg_c[g]
camp[e],dolichol_[l][r],dgdp_m,cspg_c[e]
chsterol[e],dolichol_U[r],dgsn_m,cspg_d[g]
cmp[e],dolichol_U[c],dgsn_e,cspg_d[e]
dhf[e],dolp_[l][c],dgsn_c,cspg_e[g]
digalsgalside_hs[e],dolp_U[c],dhdascb_e,cspg_e[e]
fuc13galacglcgal14acglcgalgluside_hs[e],dolmanp_U[c],dhcholestanate_m,cyan[e]
fucacngal14acglcgalgluside_hs[e],gdpmann[c],dhcholestanate_x,cyan[c]
fucacngalacglcgalgluside_hs[e],dopasf[c],fadh2_r,cyan[m]
fucfuc132galacglcgal14acglcgalgluside_hs[e],dopasf[e],fad_r,cysi__L[c]
fucfucfucgalacglc13galacglcgal14acglcgalgluside_hs[e],dopa[e],zymstnl_r,gthrd[c]
fucfucfucgalacglcgal14acglcgalgluside_hs[e],dpcoa[l],chlstol_r,gthox[c]
fucgal14acglcgalgluside_hs[e],dpcoa[c],lthstrl_r,mercppyr[c]
fuc_[l][e],23dpg[c],dsmsterol_r,cysi__L[e]
gchola[e],3pg[c],ddsmsterol_r,glu__L[e]
gd1c_hs[e],13dpg[c],dhcrm_hs_c,cytd[c]
gdp[e],5dpmev[x],fad_c,uri[c]
gluala[e],pi[x],fadh2_c,cytd[m]
glyc__S[e],frdp[c],3dpdhb_me_m,cmp[m]
gmp[e],ipdp[c],dheas_e,cytd[n]
gp1calpha_hs[e],2dr5p[c],dheas_c,h[n]
gsn[e],g3p[c],dhea_c,nh4[n]
gthrd[e],dtdp[n],dhea_r,uri[n]
gtp[e],dudp[n],dhf_c,cytd[e]
ha[e],dump[c],dhf_l,cytd[l]
ha_pre1[e],dump[n],dhf_m,dgtp[c]
hdca[e],ura[c],dhor__S_c,cdp[c]
hista[e],thym[c],orot_c,dgdp[c]
hom_[l][e],duri[m],q10h2_m,cmp[n]
hspg[e],dump[m],56dura_c,dgtp[n]
idp[e],dutp[n],cala_c,cdp[n]
imp[e],ebastineoh[e],56dthm_c,dgdp[n]
ksi[e],ebastineoh[c],dhbpt_c,dcmp[c]
ksi_deg1[e],ebastineoh[r],mlthf_c,dcdp[c]
ksii[c]ore2[e],ebastine[e],thbpt_c,dcmp[n]
ksii[c]ore4[e],ebastine[c],didp_c,dcdp[n]
leuktrA4[e],ebastine[r],didp_n,dctp[c]
leuktrB4[e],3hbcoa[m],digalsgalside_hs_c,dctp[n]
leuktrC4[e],3hbcoa[x],digalsgalside_hs_g,datp[n]
leuktrD4[e],b2coa[x],digalside_hs_c,dadp[n]
leuktrE4[e],3hmbcoa[m],digalside_hs_g,utp[c]
leuktrF4[e],eicostetcrn[c],digalside_hs_l,utp[n]
lipoate[e],eicostetcrn[m],ditp_c,udp[n]
lnlc[e],eicostetcoa[m],ditp_n,cdp[m]
lpchol_hs[e],eicostet[c],dkmpp_c,adp[n]
mercplaccys[e],elaidcrn[c],2kmb_c,gtp[n]
n2m2nmasn[e],elaidcrn[m],lac__D_e,gdp[n]
no[e],od2coa[m],lac__D_c,3aib__D[e]
nrvnc[e],elaid[c],lac__D_m,3aib__D[m]
o2s[e],n2m2nm[l],dlnlcgcrn_c,dad_2[c]
oagt3_hs[e],ksi_deg2[l],dlnlcgcrn_m,din[c]
ocdcea[e],ksi_deg3[l],dlnlcgcoa_m,dad_2[e]
octa[e],s2l2n2m2m[l],dlnlcg_e,din[e]
paf_hs[e],s2l2n2m2mn[l],dlnlcg_c,dag_hs[r]
pchol_hs[e],estradiol[e],Asn_X_Ser_Thr_l,dag_hs[n]
pe_hs[e],estradiol[c],dctp_m,pa_hs[n]
peplys[e],estradiol[r],dem2emgacpail_prot_hs_r,dag_hs[e]
phyt[e],estriol[r],dgpi_prot_hs_r,ala__D[x]
prostgd2[e],estriol[c],dgtp_m,nh4[x]
prostge1[e],estrones[e],dsT_antigen_g,arg__D[x]
prostgf2[e],estrones[c],dttp_m,5g2oxpt[x]
retn[e],estrone[r],dttp_n,oaa[x]
Rtotal[e],estrone[c],ethamp_r,dd2coa[m]
Rtotal2[e],etfox[m],gpi_sig_r,dd3coa[m]
s2l2fn2m2masn[e],etfrd[m],kdn_c,dcyt[m]
s2l2n2m2masn[e],etha[c],mem2emgacpail_prot_hs_r,dcmp[m]
sphs1p[e],ethamp[c],n5m2masn_g,dcyt[n]
tchola[e],10fthf[e],Ser_Thr_l,dcsptn1coa[c]
tcynt[e],10fthf5glu[e],sprm_c,dcsptn1coa[x]
tetpent3[e],10fthf6glu[e],sTn_antigen_g,dcsptn1crn[c]
tettet6[e],10fthf7glu[e],dmpp_x,dcsptn1crn[m]
thf[e],3aib[e],ipdp_x,dcsptn1coa[m]
thyox_[l][e],4hphac[e],grdp_x,dcsptn1[e]
triodthy[e],5dhf[e],ppi_x,dcsptn1[c]
tststeroneglc[e],5thf[e],sarcs_m,L_dpchrm[c]
udp[e],6dhf[e],dmhptcrn_m,56dihindlcrbxlt[c]
ump[e],6thf[e],dmhptcoa_m,dcyt[c]
urate[e],7dhf[e],dmhptcrn_c,duri[c]
utp[e],7thf[e],dmhptcrn_e,duri[n]
vacc[e],adprbp[e],dmnoncoa_c,dcyt[e]
xolest2_hs[e],ak2lgchol_hs[e],dmnoncrn_c,4h2oglt[m]
f1a[l],chsterol[e],dmnoncoa_m,debrisoquine[e]
fuc1p_[l][c],cmp[e],dnad_c,debrisoquine[c]
gdpfuc[c],dhf[e],dnad_n,decdp[c]
ttdca[c],digalsgalside_hs[e],dcdp_m,decdp[m]
tdcoa[c],fuc13galacglcgal14acglcgalgluside_hs[e],dtdp_m,dedoldp__L[c]
ptdca[c],fuc14galacglcgalgluside_hs[e],dudp_c,dolichol__L[c]
ptdcacoa[c],fucacgalfucgalacglcgalgluside_hs[e],dtdp_c,lnlncacoa[c]
hdca[c],fucacngal14acglcgalgluside_hs[e],dudp_m,strdnccoa[c]
hpdca[c],fucacngalacglcgalgluside_hs[e],dutp_c,octd11ecoa[c]
hpdcacoa[c],fucfuc12gal14acglcgalgluside_hs[e],dutp_m,od2coa[c]
ocdca[c],fucfuc132galacglcgal14acglcgalgluside_hs[e],dttp_c,lneldccoa[c]
vacc[c],fucfucfucgalacglc13galacglcgal14acglcgalgluside_hs[e],dolglcp__L_c,lnlccoa[c]
ocdcea[c],fucfucfucgalacglcgal14acglcgalgluside_hs[e],dolglcp__L_r,lnlncgcoa[c]
lnlc[c],fucgal14acglcgalgluside_hs[e],dolp__L_r,dlnlcgcoa[c]
lnlncg[c],fuc_[l][e],dolichol__L_r,eicostetcoa[c]
strdnc[c],galgalfucfucgalacglcgalacglcgal14acglcgalgluside_hs[e],dolichol_U_r,tetpent3coa[c]
pristcoa[c],gd1c_hs[e],dolichol_U_c,tethex3coa[c]
tmndnc[c],gdp[e],dolp__L_c,tag_hs[c]
phyt[c],gluala[e],dolp_U_c,dgchol[e]
phytcoa[c],glyc__S[e],dolmanp_U_c,dgchol[c]
ttccoa[c],gmp[e],gdpmann_c,datp[m]
nrvnc[c],gp1calpha_hs[e],dopaqn_c,dgmp[m]
nrvnccoa[c],gq1balpha_hs[e],dopasf_c,dadp[m]
tettet6[c],gsn[e],dopasf_e,dgdp[m]
tettet6coa[c],gthox[e],dopa_e,dgsn[m]
tetpent6coa[c],gthrd[e],orn__D_x,dgsn[e]
tetpent3[c],gtp[e],5a2opntn_x,dgsn[c]
hexccoa[c],h2o2[e],dpcoa_l,dhdascb[e]
octa[c],ha[e],dpcoa_c,dhcholestanate[m]
occoa[c],hdca[e],23dpg_c,dhcholestanate[x]
malcoa[c],hom_[l][e],3pg_c,fadh2[r]
ddca[c],hspg[e],13dpg_c,fad[r]
whhdca[c],idp[e],5dpmev_x,zymstnl[r]
fald[c],imp[e],pi_x,chlstol[r]
Sfglutth[c],inost[e],frdp_c,lthstrl[r]
tdcoa[m],ksi[e],ipdp_c,dsmsterol[r]
ptdcacoa[m],ksi_deg1[e],2dr5p_c,ddsmsterol[r]
occoa[m],ksii[c]ore2[e],g3p_c,dhcrm_hs[c]
hpdcacoa[m],ksii[c]ore4[e],dtdp_n,fad[c]
stcoa[x],leuktrA4[e],dudp_n,fadh2[c]
octd11ecoa[m],leuktrC4[e],dump_c,3dpdhb_me[m]
lnlccoa[m],leuktrD4[e],dump_n,dheas[e]
lneldccoa[m],lgnc[e],ura_c,dheas[c]
lnlncacoa[m],lipoate[e],thym_c,dheas[r]
lnlncgcoa[m],lpchol_hs[e],duri_m,dhea[c]
lnlncgcoa[x],mag_hs[e],dump_m,dhea[r]
strdnccoa[m],mercplaccys[e],duri_e,dhf[c]
strdnccoa[x],n2m2nmasn[e],dutp_n,dhf[l]
tmndnccoa[m],nad[e],ebastineoh_e,dhf[m]
tmndnccoa[x],nadp[e],ebastineoh_c,dhor__S[c]
nrvnccoa[x],ncam[e],ebastineoh_r,orot[c]
odecoa[x],no[e],ebastine_e,q10h2[m]
tetpent6coa[x],nrpphrsf[e],ebastine_c,56dura[c]
tethex3coa[x],o2s[e],ebastine_r,cala[c]
hexccoa[x],oagd3_hs[e],3hbcoa_m,56dthm[c]
dcacoa[c],oagt3_hs[e],3hbcoa_x,dhbpt[c]
ddcacoa[c],octa[e],b2coa_x,mlthf[c]
xu1p__D[c],paf_hs[e],3hmbcoa_m,thbpt[c]
dhap[c],pchol_hs[e],eicostetcrn_c,didp[c]
gcald[c],pe_hs[e],eicostetcrn_m,didp[n]
glyald[c],peplys[e],eicostetcoa_m,digalsgalside_hs[c]
f26bp[c],pglyc_hs[e],eicostet_e,digalsgalside_hs[g]
f6p[c],phyt[e],eicostet_c,digalside_hs[c]
fe2[m],prostge1[e],elaidcrn_c,digalside_hs[g]
ppp9[m],prostge2[e],elaidcrn_m,digalside_hs[l]
pheme[m],ps_hs[e],od2coa_m,ditp[c]
forcoa[c],ptdca[e],elaid_e,ditp[n]
fe2[e],retn[e],elaid_c,dkmpp[c]
fe2[c],retnglc[e],n2m2nm_l,2kmb[c]
fe3[e],Rtotal[e],ksi_deg2_l,lac__D[e]
fuc_[l][c],Rtotal2[e],ksi_deg3_l,lac__D[c]
fol[c],s2l2fn2m2masn[e],s2l2n2m2m_l,lac__D[m]
fol[e],s2l2n2m2masn[e],s2l2n2m2mn_l,dlnlcgcrn[c]
forcoa[x],sl_[l][e],estradiolglc_e,dlnlcgcrn[m]
for[m],spc_hs[e],estradiolglc_c,dlnlcgcoa[m]
for[r],sphs1p[e],estradiol_e,dlnlcg[e]
thf[m],tag__D[e],estradiol_c,dlnlcg[c]
frdp[x],tcynt[e],estradiol_r,13_cis_oretn[n]
frdp[r],tethex3[e],estriolglc_c,13_cis_retn[n]
fru[c],tetpent3[e],estriolglc_e,Asn_X_Ser_Thr[l]
thf[c],tetpent6[e],estriolglc_r,dctp[m]
fuc13galacglcgal14acglcgalgluside_hs[c],thf[e],estriol_r,dem2emgacpail_prot_hs[r]
fuc13galacglcgal14acglcgalgluside_hs[g],thyox_[l][e],estriol_c,dgpi_prot_hs[r]
fucacngal14acglcgalgluside_hs[c],triodthy[e],estrones_e,dgtp[m]
fucacngal14acglcgalgluside_hs[g],tststerone[e],estrones_c,dsT_antigen[g]
fucacngalacglcgalgluside_hs[c],tststerones[e],estrone_r,dttp[m]
fucacngalacglcgalgluside_hs[g],tsul[e],estrone_c,dttp[n]
ksi[l],tymsf[e],etfox_m,ethamp[r]
fuc_[l][l],udp[e],etfrd_m,gpi_sig[r]
ksi_deg1[l],ump[e],etha_c,hretn[n]
s2l2n2m2masn[l],utp[e],ethamp_c,kdn[c]
fucfuc132galacglcgal14acglcgalgluside_hs[c],vacc[e],10fthf_e,m3gacpail_prot_hs[r]
fucfuc132galacglcgal14acglcgalgluside_hs[g],whtststerone[e],10fthf5glu_e,melanin[c]
fucfucfucgalacglc13galacglcgal14acglcgalgluside_hs[c],xolest_hs[e],10fthf6glu_e,mem2emgacpail_prot_hs[r]
fucfucfucgalacglc13galacglcgal14acglcgalgluside_hs[g],xolest2_hs[e],10fthf7glu_e,n5m2masn[g]
fucfucfucgalacglcgal14acglcgalgluside_hs[c],xoltri25[e],1glyc_hs_e,oretn[n]
fucfucfucgalacglcgal14acglcgalgluside_hs[g],xoltri27[e],35cgmp_e,Ser_Thr[l]
fucgal14acglcgalgluside_hs[c],f1a[l],3aib_e,sprm[c]
fucgal14acglcgalgluside_hs[g],fuc1p_[l][c],4hphac_e,sTn_antigen[g]
4fumacac[c],gdpfuc[c],5dhf_e,gtocophe[c]
fum[m],ttdca[c],5thf_e,dmantipyrine[e]
so4[c],tdcoa[c],6dhf_e,dmantipyrine[c]
tsul[m],ptdca[c],6thf_e,dmpp[x]
tsul[c],ptdcacoa[c],7dhf_e,ipdp[x]
gdpfuc[g],hdca[c],7thf_e,grdp[x]
gdp[g],hpdca[c],adprbp_e,ppi[x]
acngalacglcgalgluside_hs[g],hpdcacoa[c],ak2lgchol_hs_e,dmgly[m]
fucgalacglc13galacglcgal14acglcgalgluside_hs[g],ocdca[c],aprgstrn_e,fald[m]
fucfucgalacglc13galacglcgal14acglcgalgluside_hs[g],vacc[c],avite1_e,sarcs[m]
acngal14acglcgalgluside_hs[g],ocdcea[c],camp_e,dmhptcrn[e]
fucfucgalacglcgal14acglcgalgluside_hs[g],lnlc[c],chsterol_e,dmnoncoa[c]
fuc132galacglcgal14acglcgalgluside_hs[g],lneldc[c],cmp_e,dmnoncrn[c]
ksii[c]ore4_pre1[g],lnlncg[c],dhf_e,dmnoncoa[m]
ksii[c]ore4_pre6[g],lnlnca[c],digalsgalside_hs_e,dnad[c]
ksii[c]ore4_pre9[g],strdnc[c],fuc13galacglcgal14acglcgalgluside_hs_e,dnad[n]
ksii[c]ore4_pre10[g],pristcoa[c],fuc14galacglcgalgluside_hs_e,dcdp[m]
ksii[c]ore2_pre1[g],tmndnc[c],fucacngal14acglcgalgluside_hs_e,dtdp[m]
ksii[c]ore2_pre6[g],phyt[c],fucacngalacglcgalgluside_hs_e,dudp[c]
ksii[c]ore2_pre9[g],phytcoa[c],fucfuc12gal14acglcgalgluside_hs_e,dtdp[c]
ksii[c]ore2_pre10[g],lgnc[c],fucfuc132galacglcgal14acglcgalgluside_hs_e,dudp[m]
glyc3p[c],ttccoa[c],fucfucfucgalacglc13galacglcgal14acglcgalgluside_hs_e,dutp[c]
glu5sa[m],nrvnc[c],fucfucfucgalacglcgal14acglcgalgluside_hs_e,dutp[m]
1pyr5c[m],nrvnccoa[c],fucgal14acglcgalgluside_hs_e,dttp[c]
glu5p[m],tettet6[c],fucgalfucgalacglcgalgluside_hs_e,dolglcp__L[c]
6pgl[r],tettet6coa[c],fucgalgbside_hs_e,dolglcp__L[r]
g6p[c],tetpent6[c],fuc__L_e,dolp__L[r]
gudac[c],tetpent6coa[c],galgalfucfucgalacglcgalacglcgal14acglcgalgluside_hs_e,dolichol__L[r]
gacpail_hs[c],tetpent3[c],gbside_hs_e,dolichol_U[r]
gacpail_hs[r],tethex3[c],gchola_e,dolichol_U[c]
galside_hs[g],hexc[c],gd1b2_hs_e,dolp__L[c]
paps[g],hexccoa[c],gd1c_hs_e,dolp_U[c]
pap[g],octa[c],gdp_e,dolmanp_U[c]
ksi_deg26[l],occoa[c],gluala_e,gdpmann[c]
gal[l],malcoa[c],glyc__S_e,2c23dh56dhoxin[c]
ksi_deg27[l],ddca[c],gmp_e,dopaqn[c]
ksi_deg29[l],whhdca[c],gp1c_hs_e,dopasf[c]
ksi_deg30[l],fald[c],gp1calpha_hs_e,dopasf[e]
ksi_deg32[l],Sfglutth[c],gq1b_hs_e,dopa[e]
ksi_deg33[l],tdcoa[m],gq1balpha_hs_e,orn__D[x]
ksi_deg35[l],ptdcacoa[m],gsn_e,5a2opntn[x]
ksi_deg36[l],occoa[m],gt1a_hs_e,dpcoa[l]
ksi_deg38[l],hpdcacoa[m],gthox_e,dpcoa[c]
ksi_deg39[l],stcoa[x],gthrd_e,23dpg[c]
ksi_deg40[l],octd11ecoa[m],gtp_e,3pg[c]
ksi_deg41[l],lnlccoa[m],h2o2_e,13dpg[c]
ksii[c]ore2_deg2[l],lneldccoa[m],ha_e,5dpmev[x]
ksii[c]ore2_deg3[l],lnlncacoa[m],ha_pre1_e,pi[x]
ksii[c]ore2_deg5[l],lnlncgcoa[m],hdca_e,frdp[c]
ksii[c]ore2_deg6[l],lnlncgcoa[x],hdcea_e,ipdp[c]
ksii[c]ore2_deg8[l],strdnccoa[m],hestratriol_e,drib[e]
ksii[c]ore2_deg9[l],strdnccoa[x],hexc_e,2dr5p[c]
core6[l],tmndnccoa[m],hista_e,g3p[c]
l2n2m2mn[l],nrvnccoa[x],hom__L_e,dtdp[n]
ksii[c]ore4_deg2[l],odecoa[x],hpdca_e,dudp[n]
ksii[c]ore4_deg3[l],tetpent6coa[x],hspg_e,dump[c]
ksi_deg5[l],hexccoa[x],idp_e,ura[c]
ksi_deg6[l],dcacoa[c],imp_e,thym[c]
ksi_deg8[l],ddcacoa[c],inost_e,duri[m]
ksi_deg9[l],xu1p__D[c],ksi_e,dump[m]
ksi_deg11[l],dhap[c],ksi_deg1_e,duri[e]
ksi_deg12[l],gcald[c],ksii_core2_e,dutp[n]
ksi_deg14[l],tag1p__D[c],ksii_core4_e,eaflatoxin[e]
ksi_deg15[l],glyald[c],leuktrA4_e,eaflatoxin[c]
ksi_deg17[l],f26bp[c],leuktrB4_e,ebastineoh[e]
ksi_deg18[l],f6p[c],leuktrC4_e,ebastineoh[c]
ksi_deg20[l],fe2[m],leuktrD4_e,ebastineoh[r]
ksi_deg21[l],ppp9[m],leuktrE4_e,ebastine[e]
ksi_deg23[l],pheme[m],leuktrF4_e,ebastine[c]
ksi_deg24[l],forcoa[c],lgnc_e,ebastine[r]
galgluside_hs[l],fe2[e],lipoate_e,3hbcoa[x]
gm3_hs[g],fe2[c],lneldc_e,b2coa[x]
gd3_hs[g],fe3[e],lnlc_e,3hmbcoa[m]
gt3_hs[g],fuc_[l][c],lnlnca_e,eicostetcrn[c]
cs_hs[l]inkage[g],Lkynr[c],lnlncg_e,eicostetcrn[m]
cs_pre[g],fol[c],lpchol_hs_e,eicostetcoa[m]
cs_a_b_pre2[g],fol[e],mag_hs_e,eicostet[e]
cs_a_b_pre3[g],forcoa[x],meoh_e,eicostet[c]
cs[c]_pre2[g],for[m],n2m2nmasn_e,elaidcrn[c]
cs[c]_pre3[g],for[r],nad_e,elaidcrn[m]
cs_d_pre3[g],5dhf[m],nadp_e,od2coa[m]
cs_d_pre4[g],thf[m],ncam_e,elaid[e]
cs[e]_pre3[g],frdp[x],no_e,elaid[c]
cs[e]_pre4[g],frdp[r],nrpphr_e,n2m2nm[l]
Ser_Thr[g],fru[c],nrpphrsf_e,ksi_deg2[l]
gal[c],thf[c],nrvnc_e,ksi_deg3[l]
galside_hs[c],fuc13galacglcgal14acglcgalgluside_hs[c],o2s_e,s2l2n2m2m[l]
gal[e],fuc13galacglcgal14acglcgalgluside_hs[g],oagd3_hs_e,s2l2n2m2mn[l]
lxser[g],fuc14galacglcgalgluside_hs[c],oagt3_hs_e,estradiolglc[e]
l2xser[g],fuc14galacglcgalgluside_hs[g],ocdca_e,estradiolglc[c]
xser[g],fucacgalfucgalacglcgalgluside_hs[c],ocdcea_e,estradiolglc[r]
gam[e],fucacngal14acglcgalgluside_hs[c],octa_e,estradiol[e]
gam[c],fucacngal14acglcgalgluside_hs[g],paf_hs_e,estradiol[c]
gd3_hs[c],fucacngalacglcgalgluside_hs[c],pchol_hs_e,estradiol[r]
gt3_hs[c],fucacngalacglcgalgluside_hs[g],pe_hs_e,estriolglc[c]
oagt3_hs[c],ksi[l],peplys_e,estriolglc[e]
gar[c],fuc_[l][l],pglyc_hs_e,estriolglc[r]
fgam[c],ksi_deg1[l],phyt_e,estriol[r]
n2m2nmasn[l],s2l2fn2m2masn[l],prgstrn_e,estroneglc[c]
glc__D[c],s2l2n2m2masn[l],prostgd2_e,estroneglc[e]
gluside_hs[l],fucfuc12gal14acglcgalgluside_hs[c],prostge1_e,estroneglc[r]
glc__D[l],fucfuc12gal14acglcgalgluside_hs[g],prostge2_e,estrones[e]
gbside_hs[c],fucfuc132galacglcgal14acglcgalgluside_hs[c],prostgf2_e,estrones[c]
gbside_hs[l],fucfuc132galacglcgal14acglcgalgluside_hs[g],ps_hs_e,estrone[r]
gcald[m],fucfucfucgalacglc13galacglcgal14acglcgalgluside_hs[c],ptdca_e,estrone[c]
glyclt[m],fucfucfucgalacglc13galacglcgal14acglcgalgluside_hs[g],retinol_e,etfox[m]
lpam[m],fucfucfucgalacglcgal14acglcgalgluside_hs[c],retn_e,etfrd[m]
dhlam[m],fucfucfucgalacglcgal14acglcgalgluside_hs[g],retnglc_e,etha[c]
mlthf[m],fucgal14acglcgalgluside_hs[c],Rtotal_e,ethamp[c]
gchola[c],fucgal14acglcgalgluside_hs[g],Rtotal2_e,10fthf[e]
gd1c_hs[c],4fumacac[c],s2l2fn2m2masn_e,10fthf5glu[e]
gd1c_hs[g],fum[m],s2l2n2m2masn_e,10fthf6glu[e]
gmp[g],so4[m],sl__L_e,10fthf7glu[e]
gmp[c],so4[c],spc_hs_e,11_cis_retfa[e]
gdpddman[c],tsul[m],sph1p_e,13_cis_retnglc[e]
glu_[l][l],tsul[c],sphs1p_e,1glyc_hs[e]
thf[l],gdpfuc[g],srtn_e,35cgmp[e]
5oxpro[c],gdp[g],strdnc_e,3aib[e]
Tyr[g]gn[c],acngalacglcgalgluside_hs[g],tag__D_e,4hphac[e]
udpg[c],fucgalacglc13galacglcgal14acglcgalgluside_hs[g],tchola_e,5dhf[e]
ggn[c],fucfucgalacglc13galacglcgal14acglcgalgluside_hs[g],tcynt_e,5thf[e]
ttc[g]gdp[c],acngal14acglcgalgluside_hs[g],tethex3_e,6dhf[e]
leuktrE4[c],fucfucgalacglcgal14acglcgalgluside_hs[g],tetpent3_e,6thf[e]
leuktrF4[c],fuc132galacglcgal14acglcgalgluside_hs[g],tetpent6_e,7dhf[e]
ser_[l][m],ksii[c]ore4_pre1[g],tettet6_e,7thf[e]
3htmelys[c],ksii[c]ore4_pre6[g],thf_e,9_cis_retfa[e]
4tmeabut[c],ksii[c]ore4_pre9[g],thmmp_e,adprbp[e]
glac[c],ksii[c]ore4_pre10[g],thmtp_e,ak2lgchol_hs[e]
glcr[c],ksii[c]ore2_pre1[g],thym_e,aprgstrn[e]
glac[r],ksii[c]ore2_pre6[g],thyox__L_e,avite1[e]
glygn1[c],ksii[c]ore2_pre9[g],tmndnc_e,camp[e]
glygn2[c],ksii[c]ore2_pre10[g],triodthy_e,chsterol[e]
hs_deg9[l],glyc3p[c],tststerone_e,cmp[e]
glcur[l],glu5sa[m],tststeroneglc_e,dhf[e]
hs_deg10[l],1pyr5c[m],tststerones_e,digalsgalside_hs[e]
cs_a_deg2[l],glu5p[m],tsul_e,fuc13galacglcgal14acglcgalgluside_hs[e]
cs_a_deg3[l],6pgl[r],ttdca_e,fuc14galacglcgalgluside_hs[e]
cs[c]_deg2[l],g6p[c],txa2_e,fucacgalfucgalacglcgalgluside_hs[e]
cs[c]_deg3[l],gudac[c],tymsf_e,fucacngal14acglcgalgluside_hs[e]
cs_d_deg3[l],gacpail_hs[c],udp_e,fucacngalacglcgalgluside_hs[e]
cs_d_deg4[l],gacpail_hs[r],ump_e,fucfuc12gal14acglcgalgluside_hs[e]
cs[e]_deg3[l],galside_hs[g],urate_e,fucfuc132galacglcgal14acglcgalgluside_hs[e]
cs[e]_deg4[l],paps[g],utp_e,fucfucfucgalacglc13galacglcgal14acglcgalgluside_hs[e]
ha[l],pap[g],vacc_e,fucfucfucgalacglcgal14acglcgalgluside_hs[e]
ha_deg1[l],sgalside_hs[g],whhdca_e,fucfucgalacglcgalgluside_hs[e]
ha_pre1[l],ksi_deg26[l],whtststerone_e,fucgal14acglcgalgluside_hs[e]
cs_b_pre4[g],gal[l],xolest_hs_e,fucgalfucgalacglcgalgluside_hs[e]
hs_pre10[g],ksi_deg27[l],xolest2_hs_e,fucgalgbside_hs[e]
hs_pre11[g],ksi_deg29[l],xoltri24_e,fuc__L[e]
cs_a_b[e]_pre1[g],ksi_deg30[l],xoltri25_e,galacglcgalgbside_hs[e]
udpglcur[g],ksi_deg32[l],xoltri27_e,galfuc12gal14acglcgalgluside_hs[e]
cs[c]_d[e]_pre1[g],ksi_deg33[l],f1a_g,galfucgalacglcgal14acglcgalgluside_hs[e]
cs_d_pre2[g],ksi_deg35[l],f1a_l,galgalfucfucgalacglcgalacglcgal14acglcgalgluside_hs[e]
cs[e]_pre2[g],ksi_deg36[l],fuc1p__L_c,galgalgalthcrm_hs[e]
hs_pre1[g],ksi_deg38[l],gdpfuc_c,gbside_hs[e]
hs_pre2[g],ksi_deg39[l],ttdca_c,gchola[e]
hs_pre3[g],ksi_deg40[l],tdcoa_c,gd1b2_hs[e]
hs_pre4[g],ksi_deg41[l],ptdca_c,gd1c_hs[e]
hs_pre5[g],ksii[c]ore2_deg2[l],ptdcacoa_c,gdp[e]
hs_pre6[g],ksii[c]ore2_deg3[l],hdca_c,gluala[e]
hs_pre7[g],ksii[c]ore2_deg5[l],hpdca_c,glyc__S[e]
hs_pre8[g],ksii[c]ore2_deg6[l],hpdcacoa_c,glygn5[e]
hs_deg3[l],ksii[c]ore2_deg8[l],ocdca_c,gmp[e]
hs_deg4[l],ksii[c]ore2_deg9[l],vacc_c,gp1c_hs[e]
hs_deg8[l],core6[l],ocdcea_c,gp1calpha_hs[e]
hs_deg14[l],l2n2m2mn[l],lnlc_c,gq1b_hs[e]
hs_deg15[l],ksii[c]ore4_deg2[l],lneldc_c,gq1balpha_hs[e]
hs_deg20[l],ksii[c]ore4_deg3[l],lnlncg_c,gsn[e]
hs_deg21[l],ksi_deg5[l],lnlnca_c,gt1a_hs[e]
hs_deg24[l],ksi_deg6[l],strdnc_c,gthox[e]
hs_deg25[l],ksi_deg8[l],pristcoa_c,gthrd[e]
hs_pre9[g],ksi_deg9[l],tmndnc_c,gtp[e]
glc__D[g],ksi_deg11[l],phyt_c,h2o2[e]
glcur[c],ksi_deg12[l],phytcoa_c,ha[e]
glcur[r],ksi_deg14[l],lgnc_c,ha_pre1[e]
dxtrn[c],ksi_deg15[l],ttccoa_c,hcoumarin[e]
glygn3[c],ksi_deg17[l],nrvnc_c,hdca[e]
gln_[l][m],ksi_deg18[l],nrvnccoa_c,hdcea[e]
g1p[c],ksi_deg20[l],tettet6_c,hestratriol[e]
glucys[c],ksi_deg21[l],tettet6coa_c,hexc[e]
glx[c],ksi_deg23[l],tetpent6_c,hista[e]
glyc3p[m],ksi_deg24[l],tetpent6coa_c,hom__L[e]
glyc__R[c],galgalfucfucgalacglcgalacglcgal14acglcgalgluside_hs[c],tetpent3_c,hpdca[e]
2pg[c],galgluside_hs[l],tethex3_c,hspg[e]
glyclt[c],gm3_hs[g],hexc_c,htaxol[e]
glyc__S[c],gd3_hs[g],hexccoa_c,idp[e]
lgt__S[m],gt3_hs[g],octa_c,imp[e]
gthrd[m],cs_hs[l]inkage[g],occoa_c,inost[e]
gmp[n],cs_pre[g],malcoa_c,ksi[e]
6pgc[r],cs_a_b_pre2[g],ddca_c,ksi_deg1[e]
ru5p__D[r],cs_a_b_pre3[g],whhdca_c,ksii_core2[e]
sarcs[c],cs[c]_pre2[g],fald_c,ksii_core4[e]
gp1calpha_hs[c],cs[c]_pre3[g],Sfglutth_c,leuktrA4[e]
gp1calpha_hs[g],cs_d_pre3[g],tdcoa_m,leuktrB4[e]
em2emgacpail_prot_hs[r],cs_d_pre4[g],ptdcacoa_m,leuktrC4[e]
hdca[r],cs[e]_pre3[g],occoa_m,leuktrD4[e]
gpi_prot_hs[r],cs[e]_pre4[g],hpdcacoa_m,leuktrE4[e]
mgacpail_hs[r],Ser_Thr[g],stcoa_x,leuktrF4[e]
gq1b_hs[c],gal[c],octd11ecoa_m,lgnc[e]
gq1b_hs[g],galside_hs[c],lnlccoa_m,limnen[e]
gsn[c],gal[e],lneldccoa_m,lipoate[e]
gsn[l],lxser[g],lnlncacoa_m,lneldc[e]
gt1a_hs[c],l2xser[g],lnlncgcoa_m,lnlc[e]
gt1a_hs[g],xser[g],lnlncgcoa_x,lnlnca[e]
gthox[m],gam[e],strdnccoa_m,lnlncg[e]
gua[c],gam[c],strdnccoa_x,lpchol_hs[e]
xan[c],gd3_hs[c],tmndnccoa_m,mag_hs[e]
pe_hs[r],oagd3_hs[c],tmndnccoa_x,meoh[e]
m2gacpail_hs[r],oagd3_hs[g],nrvnccoa_x,mercplaccys[e]
m3gacpail_hs[r],gt3_hs[c],odecoa_x,mthgxl[e]
em3gacpail_hs[r],oagt3_hs[c],tetpent6coa_x,n2m2nmasn[e]
emem2gacpail_hs[r],oagt3_hs[g],hexccoa_x,nad[e]
em2emgacpail_hs[r],gar[c],dcacoa_c,nadp[e]
gpi_hs[r],fgam[c],ddcacoa_c,ncam[e]
pre_prot[r],n2m2nmasn[l],xu1p__D_c,nifedipine[e]
uacgam[c],glc__D[c],dhap_c,no[e]
udpglcur[c],gluside_hs[l],gcald_c,npthl[e]
hdcea[c],glc__D[l],tag1p__D_c,nrpphr[e]
man[c],gbside_hs[c],glyald_c,nrpphrsf[e]
4mlacac[c],gbside_hs[l],f26bp_c,nrvnc[e]
his_[l][c],gcald[m],f6p_c,o2s[e]
hista[c],glyclt[m],fe2_m,oagd3_hs[e]
his_[l][e],lpam[m],ppp9_m,oagt3_hs[e]
hmgcoa[c],alpam[m],pheme_m,ocdca[e]
aacoa[c],dhlam[m],forcoa_c,ocdcea[e]
hmgcoa[m],mlthf[m],fe2_e,octa[e]
hmgcoa[x],lpro[m],fe2_c,omeprazole[e]
hom_[l][c],alpro[m],fe3_e,onpthl[e]
pheme[c],dhlpro[m],fuc__L_c,paf_hs[e]
phyt2ohcoa[x],gd1c_hs[c],Lfmkynr_c,pchol_hs[e]
pristanal[x],gd1c_hs[g],Lkynr_c,pe_hs[e]
hpdcacrn[c],gmp[g],fol_c,peplys[e]
hpdcacrn[m],gmp[c],fol_e,perillyl[e]
hpyr[c],gdpddman[c],forcoa_x,pglyc_hs[e]
hpyr[m],glu_[l][l],for_m,pheacgln[e]
hs_deg1[l],thf[l],for_r,phllqne[e]
hs_deg2[l],5oxpro[c],5dhf_m,phyt[e]
hs_deg6[l],Tyr[g]gn[c],thf_m,prgstrn[e]
hs_deg7[l],udpg[c],frdp_x,prostgd2[e]
hs_deg12[l],ggn[c],frdp_r,prostge1[e]
hs_deg13[l],ttc[g]gdp[c],fru_e,prostge2[e]
hs_deg18[l],leuktrC4[r],fru_c,prostgf2[e]
hs_deg19[l],glu_[l][r],thf_c,ps_hs[e]
andrstndn[r],leuktrD4[r],fuc13galacglcgal14acglcgalgluside_hs_c,ptdca[e]
tststerone[r],ser_[l][m],fuc13galacglcgal14acglcgalgluside_hs_g,rbt[e]
nadph[x],3htmelys[c],fuc14galacglcgalgluside_hs_c,retfa[e]
nadp[x],4tmeabut[c],fuc14galacglcgalgluside_hs_g,retinol[e]
cholcoaone[x],glac[c],fucacngal14acglcgalgluside_hs_c,retinol_9_cis[e]
andrstandn[r],glcr[c],fucacngal14acglcgalgluside_hs_g,retinol_cis_11[e]
prgnlone[c],glac[r],fucacngalacglcgalgluside_hs_c,retn[e]
prgnlone[r],glygn1[c],fucacngalacglcgalgluside_hs_g,retnglc[e]
17ahprgnlone[r],glygn2[c],ksi_l,Rtotal[e]
xol7aone[r],hs_deg9[l],fuc__L_l,Rtotal2[e]
hspg[l],glcur[l],ksi_deg1_l,Rtotal3[e]
hs[l],hs_deg10[l],s2l2fn2m2masn_l,s2l2fn2m2masn[e]
hspg[g],cs_a_deg2[l],s2l2n2m2masn_l,s2l2n2m2masn[e]
hxan[c],cs_a_deg3[l],fucfuc12gal14acglcgalgluside_hs_c,sarcs[e]
taur[c],cs[c]_deg2[l],fucfuc12gal14acglcgalgluside_hs_g,sl__L[e]
icit[c],cs[c]_deg3[l],fucfuc132galacglcgal14acglcgalgluside_hs_c,spc_hs[e]
icit[x],cs_d_deg3[l],fucfuc132galacglcgal14acglcgalgluside_hs_g,sph1p[e]
triodthy[c],cs_d_deg4[l],fucfucfucgalacglc13galacglcgal14acglcgalgluside_hs_c,sphs1p[e]
thyox_[l][c],cs[e]_deg3[l],fucfucfucgalacglc13galacglcgal14acglcgalgluside_hs_g,srtn[e]
tyr_[l][c],cs[e]_deg4[l],fucfucfucgalacglcgal14acglcgalgluside_hs_c,strdnc[e]
hs_deg5[l],ha[l],fucfucfucgalacglcgal14acglcgalgluside_hs_g,tag_hs[e]
idour[l],ha_deg1[l],fucgal14acglcgalgluside_hs_c,tag__D[e]
hs_deg16[l],ha_pre1[l],fucgal14acglcgalgluside_hs_g,taxol[e]
hs_deg17[l],cs_b_pre4[g],fucgalfucgalacglcgalgluside_hs_c,tchola[e]
hs_deg22[l],hs_pre10[g],fucgalgbside_hs_c,tcynt[e]
hs_deg23[l],hs_pre11[g],fucgalgbside_hs_g,tdchola[e]
cs_b_deg3[l],cs_a_b[e]_pre1[g],4fumacac_c,tethex3[e]
idour[c],udpglcur[g],fum_m,tetpent3[e]
ile_[l][e],cs[c]_d[e]_pre1[g],so4_m,tetpent6[e]
ile_[l][c],cs_d_pre2[g],so4_c,tettet6[e]
f1p[c],cs[e]_pre2[g],tsul_m,thf[e]
xylu__D[c],hs_pre1[g],tsul_c,thmmp[e]
ksii[c]ore2[g],hs_pre2[g],gdpfuc_g,thmtp[e]
ksii[c]ore2[l],hs_pre3[g],gdp_g,thym[e]
ksii[c]ore4[g],hs_pre4[g],acngalacglcgalgluside_hs_g,thyox__L[e]
ksii[c]ore4[l],hs_pre5[g],fucgalacglc13galacglcgal14acglcgalgluside_hs_g,tmndnc[e]
lcts[e],hs_pre6[g],fucfucgalacglc13galacglcgal14acglcgalgluside_hs_g,tolbutamide[e]
lgt__S[c],hs_pre7[g],acngal14acglcgalgluside_hs_g,triodthy[e]
pi[l],hs_pre8[g],fucfucgalacglcgal14acglcgalgluside_hs_g,triodthysuf[e]
lald_[l][m],hs_deg3[l],fuc132galacglcgal14acglcgalgluside_hs_g,tststerone[e]
lac_[l][m],hs_deg4[l],ksii_core4_pre1_g,tststeroneglc[e]
lcts[g],hs_deg8[l],ksii_core4_pre6_g,tststerones[e]
leuktrB4[c],hs_deg14[l],ksii_core4_pre9_g,tsul[e]
leuktrC4[c],hs_deg15[l],ksii_core4_pre10_g,ttdca[e]
leuktrD4[c],hs_deg20[l],ksii_core2_pre1_g,txa2[e]
leu_[l][e],hs_deg21[l],ksii_core2_pre6_g,tymsf[e]
leu_[l][c],hs_deg24[l],ksii_core2_pre9_g,Tyr_ggn[e]
xyl__D[l],hs_deg25[l],ksii_core2_pre10_g,udp[e]
cs_a_deg5[l],hs_pre9[g],glyc3p_c,ump[e]
cs[c]_deg5[l],glc__D[g],glu5sa_m,urate[e]
cs[e]_deg7[l],glcur[c],1pyr5c_m,utp[e]
lipoate[c],glcur[r],glu5p_m,vacc[e]
ficytC[m],dxtrn[c],6pgl_r,vitd3[e]
lac_[l][c],glygn3[c],g6p_c,whddca[e]
focytC[m],gln_[l][m],gudac_c,whhdca[e]
lneldccrn[c],g1p[c],gacpail_hs_c,whtststerone[e]
lneldccrn[m],glucys[c],gacpail_hs_r,whttdca[e]
lnlccrn[c],glx[c],galside_hs_g,xolest_hs[e]
lnlccrn[m],glyc3p[m],paps_g,xolest2_hs[e]
lnlncacrn[c],glyc__R[c],pap_g,xoltri24[e]
lnlncacrn[m],2pg[c],sgalside_hs_g,xoltri25[e]
lnlncgcrn[c],glyclt[c],ksi_deg26_l,xoltri27[e]
lnlncgcrn[m],glyc__S[c],gal_l,xylt[e]
Ssq23epx[r],glyc[c],ksi_deg27_l,gtocophe[e]
lanost[r],glyc[m],ksi_deg29_l,f1a[g]
lpchol_hs[c],lgt__S[m],ksi_deg30_l,f1a[l]
g3pc[c],gthrd[m],ksi_deg32_l,fuc1p__L[c]
retinol[c],gmp[n],ksi_deg33_l,gdpfuc[c]
retinol[c]is_11[c],6pgc[r],ksi_deg35_l,ttdca[c]
retinol_9[c]is[c],ru5p__D[r],ksi_deg36_l,tdcoa[c]
trp_[l][c],sarcs[c],ksi_deg38_l,ptdca[c]
trypta[c],gp1calpha_hs[c],ksi_deg39_l,ptdcacoa[c]
malt[l],gp1calpha_hs[g],ksi_deg40_l,hdca[c]
malt[c],em2emgacpail_prot_hs[r],ksi_deg41_l,hpdca[c]
man[e],hdca[r],ksii_core2_deg2_l,hpdcacoa[c]
normete_[l][c],gpi_prot_hs[r],ksii_core2_deg3_l,ocdca[c]
3mgcoa[m],mgacpail_hs[r],ksii_core2_deg5_l,vacc[c]
mercplac[c],gq1balpha_hs[c],ksii_core2_deg6_l,ocdcea[c]
mercplaccys[c],gq1balpha_hs[g],ksii_core2_deg8_l,lnlc[c]
tcynt[c],gq1b_hs[c],ksii_core2_deg9_l,lneldc[c]
5mdru1p[c],gq1b_hs[g],core6_l,lnlncg[c]
mepi[c],gsn[c],l2n2m2mn_l,lnlnca[c]
met_[l][e],gsn[l],ksii_core4_deg2_l,strdnc[c]
mev__R[x],gt1a_hs[c],ksii_core4_deg3_l,pristcoa[c]
5pmev[x],gt1a_hs[g],ksi_deg5_l,tmndnc[c]
mhista[c],gthox[m],ksi_deg6_l,phyt[c]
mi1345p[c],gthrd[r],ksi_deg8_l,phytcoa[c]
mi134p[c],gua[c],ksi_deg9_l,lgnc[c]
mi34p[c],xan[c],ksi_deg11_l,ttccoa[c]
mi1p__D[c],pe_hs[r],ksi_deg12_l,nrvnc[c]
mi145p[c],emgacpail_hs[r],ksi_deg14_l,nrvnccoa[c]
mi14p[c],m2gacpail_hs[r],ksi_deg15_l,tettet6[c]
mi4p__D[c],h2o2[l],ksi_deg17_l,tettet6coa[c]
mi3p__D[c],h2o2[n],ksi_deg18_l,tetpent6[c]
minohp[c],m3gacpail_hs[r],ksi_deg20_l,tetpent6coa[c]
minohp[n],em3gacpail_hs[r],ksi_deg21_l,tetpent3[c]
malttr[c],emem2gacpail_hs[r],ksi_deg23_l,tethex3[c]
malttr[e],em2emgacpail_hs[r],ksi_deg24_l,hexc[c]
malttr[l],m3emgacpail_hs[r],galgalfucfucgalacglcgalacglcgal14acglcgalgluside_hs_c,hexccoa[c]
5mta[c],gpi_hs[r],galgluside_hs_l,octa[c]
5mdr1p[c],mem2emgacpail_hs[r],gm3_hs_g,occoa[c]
methf[m],pre_prot[r],gd3_hs_g,malcoa[c]
4aabutn[c],uacgam[c],gt3_hs_g,ddca[c]
ksi_deg7[l],udpglcur[c],cs_hs_linkage_g,whddca[c]
ksi_deg10[l],hdcea[c],cs_pre_g,whttdca[c]
ksi_deg13[l],hestratriol[c],cs_a_b_pre2_g,whhdca[c]
ksi_deg16[l],man[c],cs_a_b_pre3_g,fald[c]
ksi_deg19[l],4mlacac[c],cs_c_pre2_g,Sfglutth[c]
ksi_deg22[l],his_[l][c],cs_c_pre3_g,fald[l]
ksi_deg25[l],hista[c],cs_d_pre3_g,tdcoa[m]
ksi_deg28[l],his_[l][e],cs_d_pre4_g,ptdcacoa[m]
ksi_deg31[l],im4act[c],cs_e_pre3_g,occoa[m]
ksi_deg34[l],hmgcoa[c],cs_e_pre4_g,hpdcacoa[m]
cs_a_deg1[l],aacoa[c],Ser_Thr_g,stcoa[x]
ksi_deg37[l],hmgcoa[m],gal_c,octd11ecoa[m]
ksii[c]ore2_deg4[l],hmgcoa[x],galside_hs_c,lnlccoa[m]
ksii[c]ore2_deg7[l],hom_[l][c],gal_e,lneldccoa[m]
ksii[c]ore4_deg4[l],pheme[c],lxser_g,lnlncacoa[m]
cs_a_deg4[l],phyt2ohcoa[x],l2xser_g,lnlncgcoa[m]
cs_b_deg1[l],pristanal[x],xser_g,lnlncgcoa[x]
cs_b_deg2[l],hpdcacrn[c],gam_e,strdnccoa[m]
cs_d_deg1[l],hpdcacrn[m],gam_c,strdnccoa[x]
cs_d_deg2[l],hpyr[c],malt_e,tmndnccoa[m]
cs_d_deg5[l],hpyr[m],gd3_hs_c,nrvnccoa[x]
cs_d_deg6[l],hs_deg1[l],oagd3_hs_c,odecoa[x]
cs[e]_deg2[l],hs_deg2[l],oagd3_hs_g,tetpent6coa[x]
cs[e]_deg6[l],hs_deg6[l],gt3_hs_c,hexccoa[x]
Tn_antigen[l],hs_deg7[l],oagt3_hs_c,dcacoa[c]
udp[l],hs_deg12[l],oagt3_hs_g,ddcacoa[c]
udpacgal[l],hs_deg13[l],gar_c,xu1p__D[c]
udp[r],hs_deg18[l],fgam_c,dhap[c]
ump[r],hs_deg19[l],n2m2nmasn_l,gcald[c]
pi[g],cortsn[r],glc__D_c,tag1p__D[c]
ump[g],andrstndn[r],gluside_hs_l,glyald[c]
nicrns[c],tststerone[r],glc__D_l,f26bp[c]
nicrnt[c],nadph[x],gbside_hs_c,f6p[c]
prpp[c],nadp[x],gbside_hs_l,fe2[m]
nwharg[c],cholcoaone[x],gcald_m,ppp9[m]
no[c],eandrstrn[r],glyclt_m,pheme[m]
r1p[c],andrstandn[r],lpam_m,forcoa[c]
dimp[c],prgnlone[c],alpam_m,fe2[e]
uri[e],17ahprgnlone[c],dhlam_m,fe2[c]
ump[l],hspg[l],mlthf_m,fe3[e]
uri[l],hs[l],lpro_m,fuc__L[c]
cmp[l],hspg[g],alpro_m,Lfmkynr[c]
dtmp[l],pyam5p[c],dhlpro_m,Lkynr[c]
thymd[l],pydam[c],gchola_c,fol[c]
dtmp[m],taur[c],gd1b2_hs_c,fol[e]
thymd[m],icit[c],gd1b2_hs_g,forcoa[x]
amp[l],icit[x],gd1c_hs_c,for[m]
gmp[l],triodthy[c],gd1c_hs_g,for[r]
o2s[m],thyox_[l][c],gmp_g,5dhf[m]
succ[m],tyr_[l][c],gmp_c,thf[m]
retn[c],hs_deg5[l],gdpddman_c,frdp[x]
orn[e],idour[l],glu__L_l,frdp[r]
orot5p[c],hs_deg16[l],thf_l,fru[e]
prgnlone[m],hs_deg17[l],5oxpro_c,fru[c]
thcholstoic[m],hs_deg22[l],Tyr_ggn_c,thf[c]
leuktrB4woh[r],hs_deg23[l],udpg_c,fuc13galacglcgal14acglcgalgluside_hs[c]
xoldiolone[r],cs_b_deg3[l],ggn_c,fucacgalfucgalacglcgalgluside_hs[c]
leuktrB4wcooh[r],idour[c],ttc_ggdp_c,fucacgalfucgalacglcgalgluside_hs[g]
pro_[l][m],idp[n],leuktrC4_r,fucacngal14acglcgalgluside_hs[c]
paf_hs[c],ile_[l][e],glu__L_r,fucacngalacglcgalgluside_hs[c]
ak2lgchol_hs[c],ile_[l][c],leuktrD4_r,fucacngalacglcgalgluside_hs[g]
pail45p_hs[c],ile_[l][m],leuktrE4_c,ksi[l]
pail4p_hs[c],itacon[m],leuktrF4_c,fuc__L[l]
pan4p[c],itp[n],ser__L_m,ksi_deg1[l]
ptth[c],f1p[c],3htmelys_c,s2l2n2m2masn[l]
pchol_hs[m],xylu__D[c],4tmeabut_c,fucfucfucgalacglc13galacglcgal14acglcgalgluside_hs[c]
pe_hs[m],tag__D[c],glac_c,fucfucfucgalacglc13galacglcgal14acglcgalgluside_hs[g]
peamn[c],ksii[c]ore2[g],glcr_c,fucgalfucgalacglcgalgluside_hs[c]
pacald[c],ksii[c]ore2[l],glac_r,fucgalfucgalacglcgalgluside_hs[g]
pristcoa[x],ksii[c]ore4[g],glygn1_c,fucgalgbside_hs[c]
3php[c],ksii[c]ore4[l],glygn2_c,fucgalgbside_hs[g]
prostgh2[c],lcts[e],hs_deg9_l,4fumacac[c]
prostgd2[c],lgt__S[c],glcur_l,fum[m]
prostgh2[r],pi[l],hs_deg10_l,so4[m]
prostgd2[r],lald_[l][m],cs_a_deg2_l,so4[c]
prostge2[r],lac_[l][m],cs_a_deg3_l,tsul[m]
pgp_hs[c],lcts[g],cs_c_deg2_l,tsul[c]
1p3h5c[m],3spyr[c],cs_c_deg3_l,gdpfuc[g]
phe_[l][e],leuktrA4[r],cs_d_deg3_l,gdp[g]
phe_[l][c],leuktrB4[c],cs_d_deg4_l,acngalacglcgalgluside_hs[g]
thbpt4acam[c],leuktrB4[r],cs_e_deg3_l,fucgalacglc13galacglcgal14acglcgalgluside_hs[g]
phytcoa[x],leuktrC4[c],cs_e_deg4_l,fucfucgalacglc13galacglcgal14acglcgalgluside_hs[g]
succ[x],leuktrD4[c],ha_l,acngal14acglcgalgluside_hs[g]
pail345p_hs[c],leu_[l][e],ha_deg1_l,ksii_core4_pre1[g]
pi[n],leu_[l][c],ha_pre1_l,ksii_core4_pre6[g]
pail34p_hs[c],leu_[l][m],cs_b_pre4_g,ksii_core4_pre9[g]
pail3p_hs[c],xyl__D[l],hs_pre10_g,ksii_core4_pre10[g]
pail35p_hs[c],cs_a_deg5[l],hs_pre11_g,ksii_core2_pre1[g]
pail5p_hs[c],cs[c]_deg5[l],cs_a_b_e_pre1_g,ksii_core2_pre6[g]
ppmi12346p[c],cs[e]_deg7[l],udpglcur_g,ksii_core2_pre9[g]
ppmi12346p[n],lipoate[c],cs_c_d_e_pre1_g,ksii_core2_pre10[g]
pnto__R[e],ficytC[m],cs_d_pre2_g,glyc3p[c]
pnto__R[c],lac_[l][c],cs_e_pre2_g,glu5sa[m]
pppi[c],focytC[m],hs_pre1_g,1pyr5c[m]
ppa[e],lneldccrn[c],hs_pre2_g,glu5p[m]
phpyr[c],lneldccrn[m],hs_pre3_g,6pgl[r]
2hyoxplac[c],lnlccrn[c],hs_pre4_g,g6p[c]
pppg9[c],lnlccrn[m],hs_pre5_g,gudac[c]
pppg9[m],lnlncacrn[c],hs_pre6_g,gacpail_hs[c]
pram[c],lnlncacrn[m],hs_pre7_g,gacpail_hs[r]
prist[x],lnlncgcrn[c],hs_pre8_g,galside_hs[g]
pro__D[e],lnlncgcrn[m],hs_deg3_l,paps[g]
pro__D[c],lanost[c],hs_deg4_l,pap[g]
prostge1[c],44mctr[c],hs_deg8_l,sgalside_hs[g]
prostgh2[e],Ssq23epx[r],hs_deg14_l,galacglcgalgbside_hs[c]
prostgi2[e],lanost[r],hs_deg15_l,ksi_deg26[l]
prostgi2[c],lpchol_hs[c],hs_deg20_l,gal[l]
pro_[l][e],g3pc[c],hs_deg21_l,ksi_deg27[l]
pro_[l][c],mag_hs[c],hs_deg24_l,ksi_deg29[l]
ps_hs[m],glyc[e],hs_deg25_l,ksi_deg30[l]
ps_hs[c],retinol[c],hs_pre9_g,ksi_deg32[l]
ptdcacrn[c],retinol[c]is_11[c],glc__D_g,ksi_deg33[l]
ptdcacrn[m],retinol_9[c]is[c],glcur_c,ksi_deg35[l]
hdca[x],trp_[l][c],glcur_r,ksi_deg36[l]
ahdt[c],trypta[c],dxtrn_c,ksi_deg38[l]
6pthp[c],3mldz[c],glygn3_c,ksi_deg39[l]
ptrc[c],malt[l],gln__L_m,ksi_deg40[l]
4abutn[c],malt[c],g1p_c,ksi_deg41[l]
retinal_11[c]is[c],normete_[l][c],gullac_c,ksii_core2_deg2[l]
retinal[c]is_9[c],3mgcoa[m],glucys_c,ksii_core2_deg3[l]
ru5p__D[c],malcoa[x],forglu_c,ksii_core2_deg5[l]
13[c]is_retnglc[c],mercplac[c],5forthf_c,ksii_core2_deg6[l]
13[c]is_retnglc[r],mercplaccys[c],glx_c,ksii_core2_deg8[l]
retn[r],tcynt[c],glyb_e,ksii_core2_deg9[l]
13[c]is_retn[r],5mdru1p[c],glyc3p_m,core6[l]
ribflv[e],mescon[m],glyc__R_c,l2n2m2mn[l]
Rtotal3crn[c],mescoa[m],2pg_c,ksii_core4_deg2[l]
Rtotal3crn[m],meoh[c],glyclt_c,ksii_core4_deg3[l]
cs_d_pre5[g],mepi[c],glyc__S_c,ksi_deg5[l]
cs_b_pre5[g],met_[l][e],glyc_c,ksi_deg6[l]
hs_pre12[g],mev__R[x],glyc_m,ksi_deg8[l]
hs_pre13[g],5pmev[x],lgt__S_m,ksi_deg9[l]
hs_pre14[g],mhista[c],gthrd_m,ksi_deg11[l]
hs_pre15[g],mi1345p[c],gmp_n,ksi_deg12[l]
hs_deg11[l],mi134p[c],6pgc_r,ksi_deg14[l]
cs[e]_pre5a[g],mi34p[c],ru5p__D_r,ksi_deg15[l]
cs[e]_deg1[l],mi1p__D[c],sarcs_c,ksi_deg17[l]
cs[e]_deg5[l],mi145p[c],gp1calpha_hs_c,ksi_deg18[l]
ksi_deg4[l],mi14p[c],gp1calpha_hs_g,ksi_deg20[l]
ksii[c]ore2_deg1[l],mi4p__D[c],gp1c_hs_c,ksi_deg21[l]
ksii[c]ore4_deg1[l],mi14p[n],gp1c_hs_g,ksi_deg23[l]
saccrp_[l][m],mi1p__D[n],em2emgacpail_prot_hs_r,ksi_deg24[l]
sph1p[r],mi3p__D[c],hdca_r,galfuc12gal14acglcgalgluside_hs[c]
sphgn[r],minohp[c],gpi_prot_hs_r,galfucgalacglcgal14acglcgalgluside_hs[c]
sphs1p[r],minohp[n],mgacpail_hs_r,galgalfucfucgalacglcgalacglcgal14acglcgalgluside_hs[c]
sphings[r],malttr[c],gq1balpha_hs_c,galgalgalthcrm_hs[c]
sbt__D[c],malttr[e],gq1balpha_hs_g,galgluside_hs[l]
ser__D[e],malttr[l],gq1b_hs_c,gm3_hs[g]
ser__D[c],mmcoa__S[m],gq1b_hs_g,gd3_hs[g]
acngalgbside_hs[g],mmcoa__R[m],gsn_c,gt3_hs[g]
sph1p[c],5mta[c],gsn_l,cs_hs_linkage[g]
sphmyln_hs[g],5mdr1p[c],gt1a_hs_c,cs_pre[g]
sphmyln_hs[l],methf[m],gt1a_hs_g,cs_a_b_pre2[g]
sphings[c],4aabutn[c],gthox_m,cs_a_b_pre3[g]
sphmyln_hs[c],Nacasp[c],gthrd_r,cs_c_pre2[g]
sphs1p[c],ksi_deg7[l],gua_c,cs_c_pre3[g]
spmd[c],ksi_deg10[l],xan_c,cs_d_pre3[g]
sql[r],ksi_deg13[l],pe_hs_r,cs_d_pre4[g]
gm1b_hs[g],ksi_deg16[l],emgacpail_hs_r,cs_e_pre3[g]
gd1a_hs[g],ksi_deg19[l],m2gacpail_hs_r,cs_e_pre4[g]
gt1b_hs[g],ksi_deg22[l],h2o2_l,Ser_Thr[g]
gq1c_hs[g],ksi_deg25[l],h2o2_n,gal[c]
strdnccrn[c],ksi_deg28[l],m3gacpail_hs_r,galt[c]
strdnccrn[m],ksi_deg31[l],em3gacpail_hs_r,galside_hs[c]
succ[e],ksi_deg34[l],emem2gacpail_hs_r,gal[e]
taur[e],cs_a_deg1[l],em2emgacpail_hs_r,lxser[g]
tchola[c],ksi_deg37[l],m3emgacpail_hs_r,l2xser[g]
tcynt[m],ksii[c]ore2_deg4[l],gpi_hs_r,xser[g]
tetpent3crn[c],ksii[c]ore2_deg7[l],mem2emgacpail_hs_r,gam[e]
tetpent3crn[m],ksii[c]ore4_deg4[l],pre_prot_r,gam[c]
tetpent3coa[m],cs_a_deg4[l],uacgam_c,malt[e]
tetpent6crn[c],cs_b_deg1[l],udpglcur_c,gd3_hs[c]
tetpent6crn[m],cs_b_deg2[l],hdcea_c,oagd3_hs[c]
tetpent6coa[m],cs[c]_deg1[l],hestratriol_c,oagd3_hs[g]
tettet6crn[c],cs[c]_deg4[l],hestratriol_r,gt3_hs[c]
tettet6crn[m],cs_d_deg1[l],man_c,oagt3_hs[c]
tettet6coa[m],cs_d_deg2[l],4mlacac_c,oagt3_hs[g]
thcholstoic[x],cs_d_deg5[l],his__L_c,gar[c]
thymd[e],cs_d_deg6[l],hista_c,fgam[c]
thymd[c],cs[e]_deg2[l],his__L_e,n2m2nmasn[l]
thm[c],cs[e]_deg6[l],im4act_c,glc__D[c]
tmlys[c],ncam[c],hmgcoa_c,gluside_hs[l]
tmndnccrn[c],nad[n],aacoa_c,glc__D[l]
tmndnccrn[m],Tn_antigen[l],hmgcoa_m,gbside_hs[c]
trdox[c],udp[l],hmgcoa_x,gbside_hs[l]
trdrd[c],udpacgal[l],hom__L_c,gcald[m]
q10[c],na1[x],pheme_c,glyclt[m]
q10h2[c],carn[c],phyt2ohcoa_x,lpam[m]
trp_[l][e],udp[r],pristanal_x,dhlam[m]
tststeroneglc[c],ump[r],hpdcacrn_c,mlthf[m]
tststeroneglc[r],pi[g],hpdcacrn_m,gchola[c]
tststerone[c],ump[g],hpyr_c,gd1b2_hs[c]
ttdcrn[m],nicrns[c],hpyr_m,gd1b2_hs[g]
ttdcrn[c],nicrnt[c],hs_deg1_l,gd1c_hs[c]
txa2[r],nicrnt[n],hs_deg2_l,gd1c_hs[g]
tym[c],nmn[n],hs_deg6_l,gmp[g]
tyr_[l][e],nmn[c],hs_deg7_l,gmp[c]
udpacgal[c],prpp[c],hs_deg12_l,gdpddman[c]
ump[c],nwharg[c],hs_deg13_l,glu__L[l]
udpglcur[r],no[c],hs_deg18_l,thf[l]
udpg[r],r1p[c],hs_deg19_l,5oxpro[c]
udpxyl[r],nrpphrsf[c],cortsn_r,Tyr_ggn[c]
ump[n],sT_antigen[g],andrstndn_r,udpg[c]
urate[c],dimp[c],tststerone_r,ggn[c]
urea[e],uri[e],nadph_x,ttc_ggdp[c]
urea[c],ump[l],nadp_x,leuktrC4[r]
val_[l][e],uri[l],cholcoaone_x,glu__L[r]
val_[l][c],cmp[l],eandrstrn_r,leuktrD4[r]
xolest2_hs[c],dtmp[l],andrstandn_r,leuktrE4[c]
xoltri24[c],thymd[l],prgnlone_c,leuktrF4[c]
xser[r],dtmp[m],17ahprgnlone_c,ser__L[m]
xu5p__D[c],thymd[m],17ahprgstrn_c,3htmelys[c]
xylt[c],amp[l],xol7a_r,4tmeabut[c]
Ser[g]ly_Ala[x][g]ly[r],gmp[l],xol7aone_r,glac[c]
xyl__D[c],o2s[m],hspg_l,glcr[c]
acmana[e],o2s[n],hs_l,glygn1[c]
dgmp[e],o2s[x],hspg_g,glygn2[c]
dgtp[e],o2[n],hxan_c,hs_deg9[l]
fad[e],succ[m],hxan_x,glcur[l]
HC01440[e],retn[c],pyam5p_c,hs_deg10[l]
HC01441[e],orn[e],pydam_c,cs_a_deg2[l]
HC01446[e],orot5p[c],taur_c,cs_a_deg3[l]
HC01577[e],prgnlone[m],icit_c,cs_c_deg2[l]
HC01700[e],xoltriol[m],icit_x,cs_c_deg3[l]
HC02160[e],xoltetrol[m],triodthy_c,cs_d_deg3[l]
HC02161[e],thcholst[m],thyox__L_c,cs_d_deg4[l]
itp[e],thcholstoic[m],tyr__L_c,cs_e_deg3[l]
dpcoa[m],xol7ah2[m],hs_deg5_l,cs_e_deg4[l]
ppi[e],xol7ah3[m],idour_l,ha[l]
HC01672[c],xol7ah2al[m],hs_deg16_l,ha_deg1[l]
HC01434[m],xol27oh[m],hs_deg17_l,ha_pre1[l]
HC01434[x],xol24oh[r],hs_deg22_l,cs_b_pre4[g]
uacgam[r],wharachd[r],hs_deg23_l,hs_pre10[g]
acmana[r],leuktrB4woh[r],cs_b_deg3_l,hs_pre11[g]
lac_[l][x],18harachd[r],idour_c,cs_a_b_e_pre1[g]
fdp[c],xoltri25[r],idp_n,udpglcur[g]
HC00250[c],xol27oh[r],ile__L_e,cs_c_d_e_pre1[g]
glyc3p[x],xoltri27[r],ile__L_c,cs_d_pre2[g]
dhap[x],leuktrB4wcooh[r],ile__L_m,cs_e_pre2[g]
HC01668[m],pro_[l][m],itacon_m,hs_pre1[g]
ptrc[e],pa_hs[r],itp_n,hs_pre2[g]
HC01408[m],pa_hs[g],f1p_c,hs_pre3[g]
xmp[c],pac[c],xylu__D_c,hs_pre4[g]
arachd[x],paf_hs[c],tag__D_c,hs_pre5[g]
pmtcoa[r],ak2lgchol_hs[c],ksii_core2_g,hs_pre6[g]
HC00342[m],pail_hs[n],ksii_core2_l,hs_pre7[g]
3hpp[m],pail45p_hs[c],ksii_core4_g,hs_pre8[g]
HC01254[c],pail45p_hs[n],ksii_core4_l,hs_deg3[l]
HC00361[c],pail4p_hs[c],k_g,hs_deg4[l]
e4p[c],pail4p_hs[n],anth_c,hs_deg8[l]
s7p[c],pan4p[c],kynate_c,hs_deg14[l]
pmtcrn[r],ptth[c],lcts_e,hs_deg15[l]
lnlccoa[r],pchol_hs[m],lgt__S_c,hs_deg20[l]
lnlccrn[r],pchol_hs[r],pi_l,hs_deg21[l]
lnlccoa[x],pchol_hs[g],lald__L_m,hs_deg24[l]
arachdcoa[r],camp[g],lac__L_m,hs_deg25[l]
arachdcrn[r],amp[g],lcts_g,hs_pre9[g]
arachdcrn[x],35cgmp[g],3spyr_c,glc__D[g]
hdcoa[r],pdx5p[c],leuktrA4_r,glcur[c]
hdcecrn[r],pydx5p[c],leuktrB4_c,glcur[r]
dgmp[c],pydxn[c],leuktrB4_r,dxtrn[c]
mev__R[c],pe_hs[m],leuktrC4_c,glygn3[c]
hxdcal[c],peamn[c],leuktrD4_c,guln__L[r]
cysam[c],pacald[c],leu__L_e,gln__L[m]
pacald[m],pristcoa[x],leu__L_c,g1p[c]
pac[m],3php[c],leu__L_m,gullac[c]
betald[c],prostgh2[c],nformanth_c,glucys[c]
HC00900[m],prostgd2[c],xyl__D_l,forglu[c]
ptth[m],prostgh2[r],cs_a_deg5_l,5forthf[c]
pan4p[m],prostgd2[r],cs_c_deg5_l,oxa[x]
L2aadp6sa[c],prostge2[r],cs_e_deg7_l,glx[c]
HC01501[c],pgp_hs[c],lipoate_c,glyb[e]
3hpcoa[m],1p3h5c[m],ficytC_m,glyc3p[m]
4hpro[l]T[c],phe_[l][e],lac__L_c,glyc__R[c]
1p3h5c[c],phe_[l][c],focytC_m,2pg[c]
4hpro[l]T[m],phe_[l][m],lneldccrn_c,glyclt[c]
cholcoa[c],phpyr[m],lneldccrn_m,glyclt[x]
HC01415[m],thbpt4acam[c],lnlccrn_c,glyc__S[c]
3odcoa[m],phytcoa[x],lnlccrn_m,glyc[c]
c8crn[m],succ[x],lnlncacrn_c,glyc[m]
c8crn[x],pail345p_hs[c],lnlncacrn_m,lgt__S[m]
ddcacoa[m],pail345p_hs[n],lnlncgcrn_c,gthrd[m]
3otdcoa[m],pi[n],lnlncgcrn_m,gmp[n]
2mop[c],pail34p_hs[c],lanost_c,6pgc[r]
HC00900[c],pail3p_hs[c],44mctr_c,ru5p__D[r]
HC00955[e],pail35p_hs[c],Ssq23epx_r,sarcs[c]
co2[e],pail5p_hs[c],lanost_r,gp1calpha_hs[c]
C02528[c],pail5p_hs[n],lpchol_hs_c,gp1calpha_hs[g]
dcholcoa[c],ppmi12346p[c],g3pc_c,gp1c_hs[c]
HC01412[m],ppmi12346p[n],thp2c_x,gp1c_hs[g]
3ohdcoa[m],pnto__R[e],mag_hs_c,em2emgacpail_prot_hs[r]
3hddcoa[m],pnto__R[c],glyc_e,hdca[r]
dd2coa[x],pppi[c],retinol_c,gpi_prot_hs[r]
fpram[c],ppa[e],retinol_cis_11_c,mgacpail_hs[r]
HC01223[m],phpyr[c],retinol_9_cis_c,gq1balpha_hs[c]
xol7ah2al[c],pppg9[c],trp__L_c,gq1balpha_hs[g]
dhcholestanate[c],pppg9[m],trypta_c,gq1b_hs[c]
HC01397[m],pram[c],3mldz_c,gq1b_hs[g]
HC01397[x],prgnlones[c],malt_l,gsn[c]
3htdcoa[m],prist[x],malt_c,gsn[l]
3htdcoa[x],prostge1[c],man_e,gt1a_hs[c]
HC01412[x],pro_[l][e],normete__L_c,gt1a_hs[g]
3oddcoa[m],pro_[l][c],3mgcoa_m,gthox[m]
dcacoa[m],ps_hs[m],malcoa_x,gthrd[r]
3hdcoa[m],ps_hs[c],mercplac_c,gua[c]
dc2coa[m],ptdcacrn[c],tcynt_c,xan[c]
dc2coa[x],ptdcacrn[m],5mdru1p_c,guln__L[c]
HC01405[m],hdca[x],mescon_m,pe_hs[r]
HC01406[m],phyt[x],mescoa_m,emgacpail_hs[r]
hxcoa[m],ahdt[c],6hoxmelatn_c,m2gacpail_hs[r]
HC01407[m],6pthp[c],meoh_c,h2o2[l]
hx2coa[m],ptrc[c],mepi_c,h2o2[n]
xol7ah3[c],4abutn[c],mepi_e,m3gacpail_hs[r]
xoltetrol[c],pydx[c],met__L_e,em3gacpail_hs[r]
HC01459[x],retinal[c]is_13[c],mev__R_x,emem2gacpail_hs[r]
HC02228[c],retinal_11[c]is[c],5pmev_x,em2emgacpail_hs[r]
citr_[l][e],retinal[c]is_9[c],mhista_c,m3emgacpail_hs[r]
r5p[c],rbl__D[c],mi1345p_c,gpi_hs[r]
adp[l],ru5p__D[c],mi134p_c,mem2emgacpail_hs[r]
atp[l],retinol[c]is_13[c],mi34p_c,pre_prot[r]
strdnc[r],retnglc[c],mi1p__D_c,uacgam[c]
lnlc[l],retnglc[r],mi145p_c,udpglcur[c]
lnlc[r],retn[r],mi14p_c,hcoumarin[c]
c8crn[c],rib__D[e],mi4p__D_c,hdcea[c]
thcholstoic[c],rib__D[c],mi14p_n,hestratriol[c]
dtmp[c],Rtotal3crn[c],mi1p__D_n,hestratriol[r]
2obut[m],Rtotal3crn[m],mi3p__D_c,man[c]
HC02020[r],cs_d_pre5[g],minohp_c,4mlacac[c]
hdd2coa[r],cs_b_pre5[g],minohp_n,his__L[c]
HC02021[r],hs_pre12[g],malttr_c,hista[c]
stcoa[r],hs_pre13[g],malttr_e,his__L[e]
HC02022[r],hs_pre14[g],malttr_l,im4act[c]
odecoa[r],hs_pre15[g],mmcoa__S_m,hmgcoa[c]
HC02023[r],hs_deg11[l],mmcoa__R_m,aacoa[c]
HC02024[r],cs[e]_pre5a[g],5mta_c,hmgcoa[m]
lnlncgcoa[r],cs[e]_deg1[l],5mdr1p_c,hmgcoa[x]
HC02025[r],cs[e]_deg5[l],methf_m,hom__L[c]
HC02026[r],ksi_deg4[l],4aabutn_c,pheme[c]
HC02027[r],ksii[c]ore2_deg1[l],Nacasp_c,phyt2ohcoa[x]
hdcea[r],ksii[c]ore4_deg1[l],ksi_deg7_l,pristanal[x]
ocdca[r],saccrp_[l][m],ksi_deg10_l,hpdcacrn[c]
ocdcea[r],sph1p[r],ksi_deg13_l,hpdcacrn[m]
lnlnca[r],sphgn[r],ksi_deg16_l,hpyr[c]
lnlncg[r],sphs1p[r],ksi_deg19_l,hpyr[m]
lnlncg[l],sphings[r],ksi_deg22_l,hpyr[x]
dlnlcg[r],sbt__D[c],ksi_deg25_l,hs_deg1[l]
xtsn[c],ser__D[e],ksi_deg28_l,hs_deg2[l]
HC02136[c],ser__D[c],ksi_deg31_l,hs_deg6[l]
HC10856[m],sgalside_hs[c],ksi_deg34_l,hs_deg7[l]
HC10857[m],acngalgbside_hs[g],cs_a_deg1_l,hs_deg12[l]
HC10858[m],sph1p[c],ksi_deg37_l,hs_deg13[l]
HC02220[e],sl_[l][c],ksii_core2_deg4_l,hs_deg18[l]
HC02220[c],sphmyln_hs[g],ksii_core2_deg7_l,hs_deg19[l]
HC02199[c],sphmyln_hs[l],ksii_core4_deg4_l,cortsn[r]
HC02199[e],spc_hs[c],cs_a_deg4_l,andrstndn[r]
HC02200[c],sphings[c],cs_b_deg1_l,tststerone[r]
HC02200[e],sphmyln_hs[c],cs_b_deg2_l,nadph[x]
HC02201[c],so4[e],cs_c_deg1_l,nadp[x]
HC02201[e],xolest_hs[c],cs_c_deg4_l,cholcoaone[x]
pyr[e],sphs1p[c],cs_d_deg1_l,eandrstrn[r]
acac[e],spmd[c],cs_d_deg2_l,andrstandn[r]
lac_[l][e],o2[e],cs_d_deg5_l,prgnlone[c]
but[e],sql[r],cs_d_deg6_l,prgnlone[r]
HC02194[e],gm1b_hs[g],cs_e_deg2_l,prgstrn[r]
HC02194[c],gd1a_hs[g],cs_e_deg6_l,17ahprgnlone[c]
HC02198[e],gt1b_hs[g],nac_e,17ahprgstrn[c]
HC02198[c],gq1c_hs[g],nac_c,17ahprgnlone[r]
HC02187[e],strdnccrn[c],ncam_c,17ahprgstrn[r]
HC02187[c],strdnccrn[m],nad_n,xol7a[r]
HC02180[e],taur[e],Tn_antigen_l,xol7aone[r]
HC02180[c],tchola[c],udp_l,hspg[l]
wharachd[e],tcynt[m],udpacgal_l,hs[l]
wharachd[c],thmpp[c],na1_g,hspg[g]
HC02202[e],tetpent3crn[c],na1_x,htaxol[c]
HC02202[c],tetpent3crn[m],carn_c,hxan[c]
HC02203[e],tetpent3coa[m],udp_r,hxan[x]
HC02203[c],tetpent6crn[c],ump_r,pyam5p[c]
HC02204[e],tetpent6crn[m],pi_g,pydam[c]
HC02204[c],tetpent6coa[m],ump_g,taur[c]
HC02205[e],tettet6crn[c],nicrns_c,icit[c]
HC02205[c],tettet6crn[m],nicrnt_c,3ityr__L[c]
HC02206[e],tettet6coa[m],nicrnt_n,iodine[c]
HC02206[c],thcholstoic[x],nmn_m,35diotyr[c]
HC02207[e],thymd[e],nmn_n,triodthy[c]
HC02207[c],thymd[c],nmn_c,thyox__L[c]
HC02208[e],thmtp[c],prpp_c,tyr__L[c]
HC02208[c],tmlys[c],nwharg_c,hs_deg5[l]
HC02210[e],tmndnccrn[c],no_c,idour[l]
HC02210[c],tmndnccrn[m],r1p_c,hs_deg16[l]
HC02213[e],trdox[c],nrpphrsf_c,hs_deg17[l]
HC02213[c],trdrd[c],sT_antigen_g,hs_deg22[l]
HC02214[e],q10[c],dimp_c,hs_deg23[l]
HC02214[c],q10h2[c],uri_e,cs_b_deg3[l]
HC02216[e],triodthysuf[c],ump_l,idour[c]
HC02216[c],trp_[l][e],uri_l,ile__L[e]
HC02217[e],tststerones[c],cmp_l,ile__L[c]
HC02217[c],tststerone[c],dtmp_l,ile__L[m]
HC00342[c],ttdcrn[m],thymd_l,itacon[m]
oxa[m],ttdcrn[c],dtmp_m,itp[n]
c4crn[c],tymsf[c],thymd_m,f1p[c]
c4crn[m],tym[c],amp_l,xylu__D[c]
dlnlcgcoa[r],tyr_[l][e],gmp_l,tag__D[c]
6pgc[c],tyr_[l][m],o2s_m,ksii_core2[g]
trdrd[n],udpacgal[c],o2s_n,ksii_core2[l]
trdox[n],ump[c],o2s_x,ksii_core4[g]
CE2421[m],udpglcur[r],o2_n,ksii_core4[l]
CE0713[m],udpg[r],succ_m,k[g]
CE2421[x],udpxyl[g],retn_c,anth[c]
CE0713[x],udpxyl[c],13_cis_retn_c,4aphdob[c]
CE2251[c],udpxyl[r],orn_e,kynate[c]
CE2247[c],ump[n],orot5p_c,lcts[e]
CE2243[c],ura[e],prgnlone_m,lgt__S[c]
CE2250[c],urate[c],xoltriol_m,pi[l]
CE2246[c],urea[e],xoltetrol_m,lac__L[m]
CE2242[c],urea[c],thcholst_m,lcts[g]
CE2253[c],val_[l][e],thcholstoic_m,3spyr[c]
CE2249[c],val_[l][c],xol7ah2_m,leuktrA4[r]
CE2245[c],val_[l][m],xol7ah3_m,leuktrB4[c]
docoscoa[c],dhcholestanate[r],xol7ah2al_m,leuktrB4[r]
docosac[c],dhcholestancoa[r],xol27oh_m,leuktrC4[c]
3ohodcoa[c],thcholstoic[r],xol24oh_r,leuktrD4[c]
CE2248[c],cholcoar[r],xoltri24_r,leu__L[e]
CE2705[c],whtststerone[c],wharachd_r,leu__L[c]
CE2866[c],xolest2_hs[c],leuktrB4woh_r,leu__L[m]
maltttr[e],xoltri24[c],18harachd_r,nformanth[c]
maltpt[e],xoltri25[c],xoltri25_r,limnen[c]
malthx[e],xoltri27[c],xol27oh_r,xyl__D[l]
malthp[e],xser[r],xoltri27_r,cs_a_deg5[l]
CE2839[c],xu5p__D[c],leuktrB4wcooh_r,cs_c_deg5[l]
CE2838[c],xylt[c],pro__L_m,cs_e_deg7[l]
CE2839[e],Ser[g]ly_Ala[x][g]ly[r],pa_hs_r,lipoate[c]
CE2838[e],xyl__D[c],pa_hs_g,ficytC[m]
pail_hs[r],acmana[e],pac_c,lac__L[c]
pail5p_hs[r],ahdt[e],paf_hs_c,focytC[m]
pail45p_hs[m],ctp[e],ak2lgchol_hs_c,lneldccrn[c]
CE5101[m],dgmp[e],pail_hs_n,lneldccrn[m]
CE2434[m],dgtp[e],pail45p_hs_c,lnlccrn[c]
CE2434[x],dha[e],pail45p_hs_n,lnlccrn[m]
CE0849[m],dhap[e],pail4p_hs_c,lnlncacrn[c]
CE2433[m],dtmp[e],pail4p_hs_n,lnlncacrn[m]
CE0849[x],dttp[e],pan4p_c,lnlncgcrn[c]
CE2433[x],HC01104[e],ptth_c,lnlncgcrn[m]
CE0785[m],HC01361[e],pchol_hs_m,lanost[c]
CE2432[m],HC01440[e],pchol_hs_r,44mctr[c]
CE0785[x],HC01441[e],pchol_hs_g,Ssq23epx[r]
CE2432[x],HC01444[e],camp_g,lanost[r]
dece4coa[x],HC01446[e],amp_g,lpchol_hs[c]
dec24dicoa[x],HC01577[e],35cgmp_g,g3pc[c]
C05279[m],HC01609[e],pdx5p_c,thp2c[x]
CE2420[m],cpppg1[e],pydx5p_c,mag_hs[c]
C05279[x],HC01700[e],pydxn_c,glyc[e]
CE2420[x],HC02160[e],pe_hs_m,retinol[c]
CE2417[m],HC02161[e],peamn_c,retfa[c]
CE2417[x],itp[e],pacald_c,retinol_cis_11[c]
CE2418[m],HC00617[c],pristcoa_x,11_cis_retfa[c]
CE2418[x],HC00619[c],3php_c,retinol_9_cis[c]
CE2422[m],dpcoa[m],prostgh2_c,9_cis_retfa[c]
CE2422[x],ppi[e],prostgd2_c,trp__L[c]
CE2424[m],HC01672[c],prostgh2_r,trypta[c]
CE2424[x],HC01434[m],prostgd2_r,3mldz[c]
CE0693[m],HC01434[x],prostge2_r,malt[l]
CE0693[x],HC00591[c],prostgi2_r,malt[c]
C05280[m],HC00591[m],pgp_hs_c,man[e]
C05280[x],uacgam[r],1p3h5c_m,normete__L[c]
dece4coa[m],acmana[r],phe__L_e,3mgcoa[m]
CE1918[c],cdp[e],phe__L_c,malcoa[x]
cholcoa[m],HC01118[r],phe__L_m,mercplac[c]
cholate[x],lac_[l][x],phpyr_m,mercplaccys[c]
retinal[c]is_13[r],fdp[c],thbpt4acam_c,tcynt[c]
CE5026[c],HC00250[c],phytcoa_x,5mdru1p[c]
pail35p_hs[r],HC01496[m],succ_x,mescon[m]
pail345p_hs[r],glyc3p[x],pail345p_hs_c,mescoa[m]
C05957[c],dhap[x],pail345p_hs_n,fna5moxam[c]
CE4877[c],HC01668[m],pi_n,6hoxmelatn[c]
CE2176[c],glyald[m],pail34p_hs_c,meoh[c]
CE5276[c],r5p[r],pail3p_hs_c,meoh[l]
CE5025[c],ptrc[e],pail35p_hs_c,mepi[c]
CE2576[c],HC01408[m],pail5p_hs_c,mepi[e]
CE2577[c],xmp[c],pail5p_hs_n,met__L[e]
CE6205[c],arachd[x],ppmi12346p_c,mev__R[x]
CE5166[m],pmtcoa[r],ppmi12346p_n,5pmev[x]
cholcoar[m],HC00342[m],pnto__R_e,mhista[c]
CE5166[x],glyc__R[m],pnto__R_c,mi1345p[c]
CE4872[c],3pg[m],pppi_c,mi134p[c]
CE4872[m],3hpp[m],ppa_e,mi34p[c]
C02712[c],HC00682[m],phpyr_c,mi1p__D[c]
retinal[r],2mpdhl[m],2hyoxplac_c,mi145p[c]
crm_hs[n],HC01377[m],pppg9_c,mi14p[c]
udpgal[r],HC01254[c],pppg9_m,mi4p__D[c]
galside_hs[r],HC00361[c],pram_c,mi3p__D[c]
C01747[l],e4p[c],prgnlones_c,minohp[c]
CE5125[x],s7p[c],prist_x,minohp[n]
CE5126[x],HC10859[c],pro__D_e,malttr[c]
hdcea[m],HC10859[m],pro__D_c,malttr[e]
CE4795[m],HC10859[x],prostge1_c,malttr[l]
CE4795[x],pmtcrn[r],prostgh2_e,mmcoa__S[m]
CE5114[x],pmtcrn[x],prostgi2_e,mmcoa__R[m]
CE4791[x],lnlccoa[r],prostgi2_c,5mta[c]
CE4793[x],lnlccrn[r],pro__L_e,5mdr1p[c]
CE2439[x],lnlccoa[x],pro__L_c,methf[m]
CE2440[x],lnlccrn[x],ps_hs_m,4aabutn[c]
CE2437[x],arachdcoa[r],ps_hs_c,Nacasp[c]
CE2438[x],arachdcrn[r],ptdcacrn_c,ksi_deg7[l]
CE2442[m],arachdcrn[x],ptdcacrn_m,ksi_deg13[l]
CE2442[x],hdcoa[r],hdca_x,ksi_deg16[l]
CE2441[x],hdcecrn[r],phyt_x,ksi_deg19[l]
CE5116[x],HC01712[m],ahdt_c,ksi_deg22[l]
CE5117[m],dgmp[c],6pthp_c,ksi_deg25[l]
CE5118[m],HC00576[c],ptrc_c,ksi_deg28[l]
CE5119[m],HC00718[c],4abutn_c,ksi_deg34[l]
CE5120[m],mev__R[c],pydx_c,cs_a_deg1[l]
CE4790[m],dtdp[e],quln_c,ksi_deg37[l]
CE4792[m],5fthf[m],retinal_cis_13_c,ksii_core2_deg4[l]
CE4794[m],hxdcal[c],retinal_11_cis_c,ksii_core2_deg7[l]
CE4990[c],cysam[c],retinal_cis_9_c,ksii_core4_deg4[l]
leuktrB4[m],pacald[m],rbl__D_c,cs_a_deg4[l]
CE4990[m],pac[m],ru5p__D_c,cs_b_deg1[l]
leuktrB4[x],betald[c],retinol_cis_13_c,cs_b_deg2[l]
CE4990[x],HC00900[m],retnglc_c,cs_c_deg1[l]
leuktrB4woh[m],ptth[m],retnglc_r,cs_c_deg4[l]
CE2053[m],pan4p[m],retn_r,cs_d_deg1[l]
CE2053[r],L2aadp6sa[c],ribflv_e,cs_d_deg2[l]
CE2053[c],HC01501[c],rib__D_e,cs_d_deg5[l]
leuktrB4wcooh[c],3hpcoa[m],rib__D_c,cs_d_deg6[l]
leuktrB4wcooh[m],HC01376[m],rnam_c,cs_e_deg2[l]
CE2056[r],HC00664[c],Rtotal3crn_c,cs_e_deg6[l]
CE3554[r],HC01180[c],Rtotal3crn_m,nac[e]
CE7172[c],4hpro[l]T[c],cs_d_pre5_g,nac[c]
C05769[c],1p3h5c[c],cs_b_pre5_g,adprbp[c]
cpppg3[c],4hpro[l]T[m],hs_pre12_g,ncam[c]
C05770[c],cholcoa[c],hs_pre13_g,nad[n]
CE2038[x],HC01415[m],hs_pre14_g,Tn_antigen[l]
CE5934[x],3odcoa[m],hs_pre15_g,udp[l]
C07297[x],c8crn[m],hs_deg11_l,udpacgal[l]
CE4793[c],c8crn[x],cs_e_pre5a_g,na1[g]
CE5114[c],ddcacoa[m],cs_e_deg1_l,na1[x]
CE4812[c],3otdcoa[m],cs_e_deg5_l,carn[c]
CE4811[c],2mop[c],ksi_deg4_l,udp[r]
CE4810[c],HC00900[c],ksii_core2_deg1_l,ump[r]
lnlncacoa[r],HC00955[e],ksii_core4_deg1_l,pi[g]
CE4821[c],co2[e],saccrp__L_m,ump[g]
CE4819[c],C02528[r],sarcs_x,nicrns[c]
CE4817[c],dcholcoa[r],fald_x,nicrnt[c]
tmndnc[r],C02528[c],sph1p_r,nicrnt[n]
tmndnccoa[r],dcholcoa[c],sphgn_r,nifedipine[c]
tethex3[r],HC01412[m],sphs1p_r,nmn[m]
tethex3coa[r],3ohdcoa[m],sphings_r,nmn[n]
CE4833[c],3hddcoa[m],sbt__D_c,nmn[c]
CE4831[c],dd2coa[x],ser__D_e,prpp[c]
CE4835[c],fpram[c],ser__D_c,nwharg[c]
CE4834[c],HC01223[m],sgalside_hs_c,no[c]
CE4849[c],xol7ah2al[c],acngalgbside_hs_g,r1p[c]
CE4832[x],dhcholestanate[c],sph1p_c,npthl[c]
CE4820[x],HC01397[m],sl__L_c,nrpphrsf[c]
CE4838[x],3htdcoa[m],sphmyln_hs_g,sT_antigen[g]
tetpent6[r],3htdcoa[x],sphmyln_hs_l,dimp[c]
tetpent6coa[r],HC01412[x],spc_hs_c,uri[e]
CE4841[c],3oddcoa[m],sphings_c,ump[l]
CE4840[c],dcacoa[m],sphmyln_hs_c,uri[l]
CE4842[c],3hdcoa[m],so4_e,cmp[l]
CE4843[c],dc2coa[m],xolest_hs_c,dtmp[l]
CE4845[c],dc2coa[x],sphs1p_c,thymd[l]
CE4844[c],HC01405[m],spmd_c,dtmp[m]
CE4846[c],HC01406[m],o2_e,thymd[m]
CE4847[c],hxcoa[m],sql_r,amp[l]
CE4852[c],HC01407[m],gm1b_hs_g,gmp[l]
CE4854[c],hx2coa[m],gd1a_hs_g,o2s[m]
CE4850[c],xol7ah3[c],gt1b_hs_g,o2s[n]
CE4848[c],xoltetrol[c],gt1alpha_hs_g,o2s[x]
CE4853[c],HC01459[x],gq1c_hs_g,o2[n]
CE4855[c],34dhmald[m],strdnccrn_c,succ[m]
CE4851[c],34dhoxmand[m],strdnccrn_m,omeprazole[c]
CE4801[m],3mox4hpac[m],succ_e,onpthl[c]
CE4803[m],homoval[m],taur_e,retn[c]
CE4800[m],3m4hpga[m],tchola_c,13_cis_retn[c]
CE4796[m],3mox4hoxm[m],tcynt_m,orn[e]
CE4802[m],HC02228[c],tdchola_c,orot5p[c]
CE4804[m],HC01842[c],thmpp_c,prgnlone[m]
CE4798[m],citr_[l][e],thmmp_c,xoltriol[m]
CE4799[m],inost[r],tetpent3crn_c,xoltetrol[m]
CE4808[m],HC00319[c],tetpent3crn_m,thcholst[m]
CE4807[m],HC00319[m],tetpent3coa_m,thcholstoic[m]
CE4797[m],r5p[c],tetpent6crn_c,xol7ah2[m]
CE4806[m],strdnc[r],tetpent6crn_m,xol7ah3[m]
CE5144[c],lnlc[l],tetpent6coa_m,xol7ah2al[m]
CE5151[c],lnlc[r],tettet6crn_c,xol27oh[m]
CE5152[c],c8crn[c],tettet6crn_m,taxol[c]
CE5155[c],thcholstoic[c],tettet6coa_m,tolbutamide[c]
CE5156[c],dtmp[c],thcholstoic_x,perillyl[c]
CE5148[c],HC02110[r],thymd_e,xol24oh[r]
CE5150[c],2obut[m],thymd_c,xoltri24[r]
CE5153[c],HC02020[r],thm_c,hnifedipine[c]
CE5154[c],hdd2coa[r],thmtp_c,whtststerone[r]
CE5157[c],HC02021[r],thp2c_c,12harachd[r]
CE5158[c],stcoa[r],tmlys_c,wharachd[r]
CE2510[c],HC02022[r],tmndnccrn_c,leuktrB4woh[r]
doco13ac[c],odecoa[r],tmndnccrn_m,18harachd[r]
CE5160[c],HC02023[r],trdox_c,xoltri25[r]
CE5161[c],HC02024[r],trdrd_c,xol27oh[r]
CE5162[c],lnlncgcoa[r],q10_c,xoltri27[r]
cholcoads[m],HC02025[r],q10h2_c,xoldiolone[r]
C04717[c],HC02026[r],triodthysuf_c,leuktrB4wcooh[r]
C01601[c],HC02027[r],trp__L_e,20ahchsterol[m]
CE2006[c],hdcea[r],tststeroneglc_c,pro__L[m]
CE6506[c],ocdca[r],tststeroneglc_r,pa_hs[r]
CE6504[c],ocdcea[r],tststerones_c,pa_hs[g]
C08261[c],lnlnca[r],tststerone_c,pac[c]
CE5944[c],lnlncg[r],ttdcrn_m,paf_hs[c]
CE5944[m],lnlncg[l],ttdcrn_c,ak2lgchol_hs[c]
CE5944[x],dlnlcg[r],txa2_c,pail_hs[n]
CE4988[c],HC02121[c],txa2_r,pail45p_hs[c]
CE4988[m],xtsn[c],tymsf_c,pail4p_hs[c]
CE4988[x],HC02136[c],tym_c,pan4p[c]
CE5947[c],btcoa[c],tyr__L_e,ptth[c]
CE7097[m],HC10856[m],tyr__L_m,pchol_hs[m]
C04805[c],HC10857[m],udpacgal_c,pchol_hs[r]
CE7096[c],HC10858[m],ump_c,pchol_hs[g]
CE2084[c],dca[c],udpglcur_r,am6sa[c]
C04805[m],dca[e],udpg_r,pdx5p[c]
CE2084[m],HC02200[c],udpxyl_g,pydx5p[c]
CE6508[c],HC02200[e],udpxyl_c,pydxn[c]
CE7091[c],HC02201[c],udpxyl_r,pe_hs[m]
CE7091[r],HC02201[e],ahandrostan_r,peamn[c]
CE7085[c],pyr[e],ump_n,pacald[c]
CE7088[c],acac[e],ura_e,pristcoa[x]
CE2537[c],lac_[l][e],urate_c,3php[c]
CE6234[c],but[e],urate_x,prostgh2[c]
CE5947[m],HC02187[c],urea_e,prostgd2[c]
leuktrB4wcooh[x],wharachd[e],urea_c,prostgh2[r]
CE5947[x],wharachd[c],val__L_e,prostgd2[r]
dec24dicoa[m],HC02203[e],val__L_c,prostge2[r]
dece3coa[m],HC02203[c],val__L_m,prostgi2[r]
uppg3[c],HC02213[e],dhcholestanate_r,pgp_hs[c]
adpac[c],HC02213[c],dhcholestancoa_r,1p3h5c[m]
adpcoa[c],HC00342[c],thcholstoic_r,phe__L[e]
adpac[x],oxa[m],cholcoar_r,phe__L[c]
adpcoa[x],c4crn[c],whtststerone_c,phe__L[m]
c6dc[x],c4crn[m],xan_x,phpyr[m]
c10dc[x],dlnlcgcoa[r],xolest2_hs_c,thbpt4acam[c]
c10dc[c],6pgc[c],xoltri24_c,phytcoa[x]
sebcoa[c],trdrd[n],xoltri25_c,succ[x]
c12dccoa[x],trdox[n],xoltri27_c,phllqne[c]
dodecanac[x],CE2421[m],xser_r,pail345p_hs[c]
dodecanac[c],CE0713[m],xu5p__D_c,pi[n]
c12dccoa[c],CE2421[x],xylt_c,pail34p_hs[c]
c12dc[c],CE0713[x],Ser_Gly_Ala_X_Gly_r,pail3p_hs[c]
3octdece1coa[c],CE2251[c],xyl__D_c,pail35p_hs[c]
3octdece1crn[c],CE2247[c],4abutn_e,pail5p_hs[c]
c4dc[x],CE2243[c],acmana_e,pail5p_hs[n]
c4dc[c],CE2250[c],ahdt_e,ppmi12346p[c]
c4crn[x],CE2246[c],ctp_e,ppmi12346p[n]
btcoa[x],CE2242[c],dgmp_e,pnto__R[e]
hxcoa[c],CE2253[c],dgtp_e,pnto__R[c]
c6crn[c],CE2249[c],dha_e,pppi[c]
hxcoa[x],CE2245[c],dhap_e,ppa[e]
c6crn[x],docoscoa[c],dtmp_e,phpyr[c]
c6dc[c],docosac[c],dttp_e,2hyoxplac[c]
sbcoa[c],3ohodcoa[c],fad_e,pppg9[c]
c8dc[c],CE2248[c],fald_e,pppg9[m]
doco13ecoa[c],thbpt4acam[n],g1p_e,pram[c]
doco13ecoa[x],CE2705[n],isomal_e,prgnlones[c]
doco13ac[e],CE2870[c],HC00250_e,prist[x]
docosac[r],CE2866[c],HC01104_e,pro__D[e]
docoscoa[x],maltttr[c],HC01361_e,pro__D[c]
3octdece1crn[e],maltttr[e],HC01440_e,prostge1[c]
dece3coa[x],CE2873[c],HC01441_e,prostgh2[e]
dec47dicoa[m],CE2872[c],HC01444_e,prostgi2[e]
dectricoa[m],CE2875[c],HC01446_e,prostgi2[c]
dec47dicoa[x],CE2874[c],HC01577_e,pro__L[e]
dectricoa[x],maltpt[e],HC01609_e,pro__L[c]
2decdicoa[m],malthx[e],cpppg1_e,ps_hs[m]
octe5coa[m],malthp[e],HC01700_e,ps_hs[c]
2decdicoa[x],CE2839[c],HC02160_e,ptdcacrn[c]
octe5coa[x],CE2838[c],HC02161_e,ptdcacrn[m]
3decdicoa[m],CE2839[e],itp_e,hdca[x]
3decdicoa[x],CE2838[e],orot_e,phyt[x]
sebcoa[x],andrstndn[c],udpg_e,ahdt[c]
sbcoa[x],CE1352[c],HC00617_c,6pthp[c]
tmuncoa[x],pail_hs[r],HC00619_c,ptrc[c]
dd3coa[x],pail5p_hs[r],dpcoa_m,4abutn[c]
2ddecdicoa[m],pail45p_hs[m],ppi_e,pydx[c]
3ddecdicoa[m],CE5101[m],HC01672_c,quln[c]
3ddecdicoa[x],CE2434[m],HC01434_m,retinal_cis_13[c]
2ddecdicoa[x],CE2434[x],HC01434_x,retinal_11_cis[c]
2dodtricoa[m],CE0849[m],HC00591_c,retinal_cis_9[c]
2dodtricoa[x],CE2433[m],HC00591_m,retn[n]
3dodtricoa[m],CE0849[x],uacgam_r,rbl__D[c]
3dodtricoa[x],CE2433[x],acmana_r,ru5p__D[c]
c12dc[x],CE0785[m],cdp_e,retinol_cis_13[c]
tmtrdcoa[x],CE2432[m],HC01118_r,retnglc[c]
tetde5coa[x],CE0785[x],lac__L_x,13_cis_retnglc[c]
tetdecdicoa[m],CE2432[x],fdp_c,13_cis_retnglc[r]
tetdecdicoa[x],dece4coa[x],HC00250_c,retnglc[r]
ttetddcoa[m],dec24dicoa[x],HC01496_m,retn[r]
5tedtricoa[m],C05279[m],glyc3p_x,13_cis_retn[r]
5tedtricoa[x],CE2420[m],dhap_x,ribflv[e]
c14dccoa[x],C05279[x],HC01668_m,rib__D[e]
hexde7coa[x],CE2420[x],glyald_m,rib__D[c]
thexddcoa[m],CE2417[m],r5p_r,rnam[c]
2hexdtricoa[x],CE2417[x],ptrc_e,Rtotal3crn[c]
4hexdtricoa[m],CE2418[m],HC01408_m,Rtotal3crn[m]
hexdectecoa[m],CE2418[x],xmp_c,cs_d_pre5[g]
4hexdtricoa[x],CE2422[m],arachd_x,cs_b_pre5[g]
hexdectecoa[x],CE2422[x],pmtcoa_r,hs_pre12[g]
2hexdtricoa[m],CE2424[m],HC00342_m,hs_pre13[g]
3hexdtricoa[m],CE2424[x],glyc__R_m,hs_pre14[g]
3hexdtricoa[x],CE0693[m],3pg_m,hs_pre15[g]
2hexdtetcoa[m],CE0693[x],3hpp_m,hs_deg11[l]
2hexdtetcoa[x],C05280[m],HC00682_m,cs_e_pre5a[g]
4hexdtetcoa[m],C05280[x],2mpdhl_m,cs_e_pre5b[g]
hexdpencoa[m],dece4coa[m],HC01377_m,cs_e_deg1[l]
4hexdtetcoa[x],CE5236[n],HC01254_c,cs_e_deg5[l]
hexdpencoa[x],xol7aone[m],HC00361_c,ksi_deg4[l]
3hexdtetcoa[m],cholcoa[m],e4p_c,ksii_core2_deg1[l]
3hexdtetcoa[x],cholate[m],s7p_c,ksii_core4_deg1[l]
hexdicoa[x],cholate[x],HC10859_c,saccrp__L[m]
hexdiac[r],23cump[e],HC10859_m,sarcs[x]
hexdicoa[r],3ump[e],HC10859_x,fald[x]
ocde9ecoa[x],pail35p_hs[r],pmtcrn_r,sph1p[r]
octdececoa[m],pail345p_hs[r],pmtcrn_x,sphgn[r]
3octdece1coa[m],CE2176[c],lnlccoa_r,sphs1p[r]
2octdectecoa[m],C05300[r],lnlccrn_r,sphings[r]
2octdectecoa[x],CE5786[e],lnlccoa_x,sbt__D[c]
3octdectecoa[m],CE5789[e],lnlccrn_x,ser__D[e]
3octdectecoa[x],CE5797[e],arachdcoa_r,ser__D[c]
2octpencoa[m],CE5798[e],arachdcrn_r,ser__L[x]
3octpencoa[m],CE5276[c],arachdcrn_x,sgalside_hs[c]
ei11ecoa[x],C05109[c],hdcoa_r,acngalgbside_hs[g]
eitetcoa[m],ddsmsterol[c],hdcecrn_r,sph1p[c]
eitetcoa[x],dsmsterol[c],HC01712_m,sl__L[c]
eipencoa[x],CE5867[e],dgmp_c,sphmyln_hs[g]
5eipencoa[m],CE5868[e],HC00576_c,sphmyln_hs[l]
2docopencoa[m],CE5869[e],HC00718_c,spc_hs[c]
2docopencoa[x],CE5665[c],mev__R_c,sphings[c]
docohexcoa[m],glcur[e],dtdp_e,sphmyln_hs[c]
docohexcoa[x],CE5166[m],fol_m,so4[e]
3docopencoa[m],cholcoar[m],5fthf_m,xolest_hs[c]
3docopencoa[x],CE5166[x],hxdcal_c,sphs1p[c]
2docohexecoa[m],CE4872[c],cysam_c,spmd[c]
docohepcoa[m],CE4872[m],pacald_m,o2[e]
docosahexcoa[m],C02712[c],pac_m,sql[r]
succoa[c],retinal[r],betald_c,gm1b_hs[g]
hx2coa[x],crm_hs[e],HC00900_m,gd1a_hs[g]
hexe3coa[m],crm_hs[n],cholate_r,gt1b_hs[g]
hexe3coa[x],udpgal[r],ptth_m,gt1alpha_hs[g]
succoa[x],galside_hs[r],pan4p_m,gq1c_hs[g]
hexdiac[c],C01747[l],L2aadp6sa_c,strdnccrn[c]
sebacid[c],CE5125[x],HC01501_c,strdnccrn[m]
tdec4ecoa[m],CE5126[x],3hpcoa_m,so4[r]
ctdecdcoa[m],CE0074[c],HC01376_m,estrones[r]
tddedi2coa[m],hdcea[m],HC00664_c,succ[e]
tddedicoa[m],pail35p_hs[n],HC01180_c,sucr[e]
ocdececrn[c],CE4795[m],4hpro_LT_c,taur[e]
ocdececrn[m],CE4795[x],1p3h5c_c,tchola[c]
octdececrn[c],CE5114[x],4hpro_LT_m,tcynt[m]
octdececrn[m],CE4791[x],cholcoa_c,tdchola[c]
octdececoa[c],CE4793[x],HC01415_m,tdchola[x]
subeac[x],CE2439[x],3odcoa_m,thmpp[c]
sebacid[x],CE2440[x],c8crn_m,thmmp[c]
subeac[c],CE2437[x],c8crn_x,tetpent3crn[c]
c8dc[x],CE2438[x],ddcacoa_m,tetpent3crn[m]
4hpro[l]T[e],CE2442[m],3otdcoa_m,tetpent3coa[m]
alaala[c],CE2442[x],2mop_c,tetpent6crn[c]
glygly[c],CE2441[x],HC00900_c,tetpent6crn[m]
glyphe[c],CE5116[x],HC00955_e,tetpent6coa[m]
glypro[e],CE5117[m],co2_e,tettet6crn[c]
glypro[c],CE5118[m],C02528_r,tettet6crn[m]
glysar[c],CE5119[m],dcholcoa_r,tettet6coa[m]
glysar[e],CE5120[m],C02528_c,thcholstoic[x]
progly[c],CE4790[m],dcholcoa_c,thymd[e]
thm[e],CE4792[m],HC01412_m,thymd[c]
1a25dhvitd3[c],CE4794[m],3ohdcoa_m,thm[c]
1a25dhvitd3[n],CE4990[c],3hddcoa_m,thm[m]
oh1[c],leuktrB4[m],3hddcoa_x,thmtp[c]
oh1[e],CE4990[m],dd2coa_x,thp2c[c]
5dpmev[c],leuktrB4[x],fpram_c,tmlys[c]
fmn[e],CE4990[x],HC01223_m,tmndnccrn[c]
q10h2[e],leuktrB4woh[m],xol7ah2al_c,tmndnccrn[m]
fe3[c],CE2053[m],dhcholestanate_c,trdox[c]
6pgl[c],CE2053[r],HC01397_m,trdrd[c]
glu5sa[c],CE2053[c],HC01397_x,q10[c]
dmpp[c],leuktrB4wcooh[c],3htdcoa_m,tre[c]
mal_[l][x],leuktrB4wcooh[m],3htdcoa_x,tre[e]
5pmev[c],CE2056[r],HC01412_x,triodthysuf[c]
1pyr5c[c],CE3554[r],3oddcoa_m,trp__L[e]
pheme[e],CE2567[c],dcacoa_m,ts3[c]
ahcys[e],C06315[c],3hdcoa_m,tststeroneglc[c]
idour[e],C06314[c],3hdcoa_x,tststeroneglc[r]
acrn[e],cpppg1[c],dc2coa_m,tststerones[c]
pcrn[e],C05769[c],dc2coa_x,tststerone[c]
lneldccrn[e],cpppg3[c],HC01405_m,ttdcrn[m]
odecrn[e],CE2038[x],HC01406_m,ttdcrn[c]
stcrn[e],CE5934[x],hxcoa_m,txa2[r]
pmtcrn[e],C07297[x],HC01407_m,tymsf[c]
hdcecrn[e],CE4793[c],hx2coa_m,tym[c]
ttdceacoa[c],CE5114[c],xol7ah3_c,tyr__L[e]
pcholmyr_hs[e],CE4812[c],xoltetrol_c,tyr__L[m]
pcholole_hs[e],CE4811[c],HC01459_x,udpacgal[c]
peole_hs[e],CE4810[c],34dhmald_m,ump[c]
pcholpalme_hs[e],lnlncacoa[r],34dhoxmand_m,udpglcur[r]
pcholpalm_hs[e],CE4821[c],3mox4hpac_m,udpg[r]
pepalm_hs[e],CE4819[c],homoval_m,udpxyl[g]
pail_hs[e],CE4817[c],3m4hpga_m,udpxyl[c]
pailpalm_hs[e],tmndnc[r],3mox4hoxm_m,udpxyl[r]
pcholste_hs[e],tmndnccoa[r],HC02228_c,ahandrostan[r]
peste_hs[e],CE2313[c],HC01842_c,ump[n]
pailste_hs[e],CE2314[c],citr__L_e,ura[e]
pchol2linl_hs[e],zymstnl[c],inost_r,urate[c]
pe2linl_hs[e],lthstrl[c],HC00319_c,urate[x]
pchol2ole_hs[e],tethex3[r],HC00319_m,urea[e]
pchol2palm_hs[e],tethex3coa[r],r5p_c,urea[c]
pchol2ste_hs[e],CE4833[c],spmd_e,val__L[e]
xolest183_hs[e],CE4831[c],na1_r,val__L[c]
xolest181_hs[e],CE4835[c],strdnc_l,val__L[m]
xolest204_hs[e],CE4834[c],strdnc_r,vitd3[c]
pcholn15_hs[e],CE4849[c],lnlc_l,dhcholestanate[r]
pcholar_hs[e],CE4832[x],lnlc_r,dhcholestancoa[r]
pcholn183_hs[e],CE4820[x],c8crn_c,thcholstoic[r]
pcholn1836_hs[e],CE4838[x],thcholstoic_c,cholcoar[r]
pcholn19_hs[e],tetpent6[r],dtmp_c,whtststerone[c]
pcholn201_hs[e],tetpent6coa[r],HC02110_r,xan[x]
pcholn204_hs[e],CE4841[c],2obut_m,xolest2_hs[c]
pcholn205_hs[e],CE4840[c],HC02020_r,xoltri24[c]
pcholn224_hs[e],CE4842[c],hdd2coa_r,xoltri25[c]
pcholn225_hs[e],CE4843[c],HC02021_r,xoltri27[c]
pcholn2254_hs[e],CE4845[c],stcoa_r,xser[r]
pcholn226_hs[e],CE4844[c],HC02022_r,xu5p__D[c]
pear_hs[e],CE4846[c],odecoa_r,xylt[c]
pe203_hs[e],CE4847[c],HC02023_r,Ser_Gly_Ala_X_Gly[r]
pe226_hs[e],CE4852[c],HC02024_r,xyl__D[c]
pe224_hs[e],CE4854[c],lnlncgcoa_r,4abutn[e]
pedh203_hs[e],CE4850[c],HC02025_r,acmana[e]
pe12_hs[e],CE4848[c],HC02026_r,ahdt[e]
pe14_hs[e],CE4853[c],HC02027_r,ctp[e]
pe161_hs[e],CE4855[c],hdcea_r,dgmp[e]
pe13_hs[e],CE4851[c],ocdca_r,dgtp[e]
pe15_hs[e],CE4801[m],ocdcea_r,dha[e]
pe17_hs[e],CE4803[m],lnlnca_r,dhap[e]
pcholn203_hs[e],CE4800[m],lnlncg_r,dtmp[e]
pailar_hs[e],CE4796[m],lnlncg_l,dttp[e]
pcholn24_hs[e],CE4802[m],hdcea_l,fad[e]
pcholn261_hs[e],CE4804[m],lnlnca_l,fald[e]
pcholn281_hs[e],CE5049[c],dlnlcg_r,g1p[e]
pcholn28_hs[e],CE4798[m],HC02121_c,isomal[e]
pcholdoc_hs[e],CE4799[m],xtsn_c,HC00250[e]
pcholeic_hs[e],CE4808[m],HC02136_c,HC01104[e]
pcholet_hs[e],CE4807[m],btcoa_c,HC01361[e]
pcholhep_hs[e],CE4797[m],HC10856_m,HC01440[e]
pchollinl_hs[e],CE4806[m],HC10857_m,HC01441[e]
pelinl_hs[e],CE5144[c],HC10858_m,HC01444[e]
sphmyln18114_hs[c],CE5151[c],HC02220_e,HC01446[e]
sphmyln18121_hs[c],CE5152[c],HC02220_c,HC01577[e]
sphmyln181221_hs[c],CE5155[c],dca_c,HC01609[e]
sphmyln18122_hs[c],CE5156[c],dca_e,cpppg1[e]
sphmyln18123_hs[c],CE5148[c],HC02199_c,HC01700[e]
sphmyln180241_hs[c],CE5150[c],HC02199_e,HC02160[e]
sphmyln1824_hs[c],CE5153[c],HC02200_c,HC02161[e]
sphmyln1825_hs[c],CE5154[c],HC02200_e,itp[e]
sphmyln18115_hs[c],CE5157[c],HC02201_c,orot[e]
sphmyln181161_hs[c],CE5158[c],HC02201_e,prpp[e]
sphmyln18116_hs[c],CE2510[c],zn2_e,pydx5p[e]
sphmyln18117_hs[c],doco13ac[c],zn2_c,udpg[e]
sphmyln18118_hs[c],CE5160[c],pyr_e,HC00617[c]
sphmyln181181_hs[c],CE5161[c],acac_e,HC00619[c]
sphmyln181201_hs[c],CE5162[c],lac__L_e,dpcoa[m]
sphmyln18120_hs[c],cholcoads[m],but_e,ppi[e]
xolest183_hs[l],CE4874[m],HC02191_c,HC01672[c]
xolest182_hs[l],C14826[c],HC02194_e,HC01434[m]
xolest205_hs[l],CE2049[c],HC02194_c,HC00591[c]
tmndnc[l],C14825[c],HC02198_e,HC00591[m]
xolest226_hs[l],CE2047[c],HC02198_c,uacgam[r]
crvnc[l],C14768[c],HC02187_c,acmana[r]
pcholmyr_hs[c],C14770[c],HC02180_e,cdp[e]
pcholole_hs[c],C14769[c],HC02180_c,lac__L[x]
peole_hs[c],C14771[c],wharachd_e,fdp[c]
pcholpalme_hs[c],CE2445[c],wharachd_c,HC00250[c]
pcholpalm_hs[c],CE5178[c],HC02202_e,HC01496[m]
pepalm_hs[c],C04717[c],HC02202_c,HC01668[m]
pailpalm_hs[c],CE5944[c],HC02203_e,glyald[m]
pcholste_hs[c],CE5944[m],HC02203_c,r5p[r]
pchol2linl_hs[c],CE5944[x],HC02204_e,ptrc[e]
pe2linl_hs[c],CE4987[c],HC02204_c,xmp[c]
pchol2ole_hs[c],CE4988[c],HC02205_e,arachd[x]
pchol2palm_hs[c],CE4988[m],HC02205_c,pmtcoa[r]
pchol2ste_hs[c],CE4988[x],HC02206_e,HC00342[m]
pcholn15_hs[c],CE4989[c],HC02206_c,glyc__R[m]
pcholar_hs[c],CE5945[c],HC02207_e,3pg[m]
pcholn183_hs[c],CE5946[c],HC02207_c,3hpp[m]
pcholn1836_hs[c],CE5947[c],HC02208_e,HC00682[m]
pcholn19_hs[c],CE7097[c],HC02208_c,2mpdhl[m]
pcholn201_hs[c],CE7097[m],HC02210_e,HC01377[m]
pcholn204_hs[c],C04805[c],HC02210_c,HC01254[c]
pcholn205_hs[c],CE2084[c],HC02213_e,HC00361[c]
pcholn224_hs[c],C04805[m],HC02213_c,e4p[c]
pcholn225_hs[c],CE2084[m],HC02214_e,s7p[c]
pcholn2254_hs[c],CE7091[r],HC02214_c,HC10859[c]
pcholn226_hs[c],CE7088[c],HC02216_e,HC10859[m]
pear_hs[c],12HPET[e],HC02216_c,HC10859[x]
pe203_hs[c],C04849[e],HC02217_e,pmtcrn[r]
pe226_hs[c],CE6230[c],HC02217_c,pmtcrn[x]
pe224_hs[c],CE2537[c],HC00342_c,lnlccoa[r]
pedh203_hs[c],CE6234[c],oxa_m,lnlccrn[r]
pe12_hs[c],CE5947[m],c4crn_c,lnlccoa[x]
pe14_hs[c],leuktrB4wcooh[x],c4crn_m,lnlccrn[x]
pe161_hs[c],CE5947[x],dlnlcgcoa_r,arachdcoa[r]
pe13_hs[c],dec24dicoa[m],so3_e,arachdcrn[r]
pe15_hs[c],dece3coa[m],6pgc_c,arachdcrn[x]
pe17_hs[c],uppg3[c],trdrd_n,hdcoa[r]
pcholn203_hs[c],CE0074[e],trdox_n,hdcecrn[r]
pailar_hs[c],2mb2coa[c],CE2421_m,HC01712[m]
pcholn24_hs[c],3hbcoa__R[c],CE0713_m,dgmp[c]
pcholn261_hs[c],adpac[c],CE2421_x,HC00576[c]
pcholn281_hs[c],adpcoa[c],CE0713_x,mev__R[c]
pcholn28_hs[c],adpac[x],CE2251_c,dtdp[e]
pcholdoc_hs[c],adpcoa[x],CE2247_c,fol[m]
pcholeic_hs[c],c6dc[x],CE2243_c,5fthf[m]
pcholet_hs[c],3bcrn[c],CE2250_c,cysam[c]
pcholhep_hs[c],3bcrn[e],CE2246_c,pacald[m]
pchollinl_hs[c],c10crn[c],CE2242_c,pac[m]
pelinl_hs[c],c101coa[c],CE2253_c,betald[c]
34hpl[c],c101crn[c],CE2249_c,HC00900[m]
4aabutn[e],c101crn[e],CE2245_c,cholate[r]
amet[e],decdicoa[c],docoscoa_c,cholcoa[r]
aracheth[e],decdicrn[c],docosac_c,ptth[m]
pa_hs[e],c10crn[e],3ohodcoa_c,pan4p[m]
C02712[e],c10dc[x],CE2248_c,L2aadp6sa[c]
CE2510[e],c10dc[c],CE2705_c,HC01501[c]
CE2537[e],sebcoa[c],thbpt4acam_n,3hpcoa[m]
CE6247[c],3hdcoa[c],CE2705_n,HC01376[m]
CE6247[e],3deccrn[c],CE2870_c,HC00664[c]
CE7172[e],ddeccrn[c],CE2866_c,HC01180[c]
didecaeth[e],dd2coa[c],maltttr_c,4hpro_LT[c]
diholineth[e],ddece1crn[c],maltttr_e,1p3h5c[c]
docohxeth[e],c12dccoa[x],CE2873_c,4hpro_LT[m]
docteteth[e],dodecanac[x],CE2872_c,cholcoa[c]
hepdeceth[e],dodecanac[c],CE2875_c,HC01415[m]
hexdeceeth[e],c12dccoa[c],CE2874_c,c8crn[m]
leuktrB4woh[e],c12dc[c],maltpt_e,c8crn[x]
lineth[e],3hddcoa[c],malthx_e,ddcacoa[m]
oleth[e],3ddcrn[c],malthp_e,2mop[c]
pendecaeth[e],3tetd7ecoa[m],CE2839_c,HC00900[c]
pmeth[e],3tetd7ecoa[c],CE2838_c,C02470[c]
sphmyln180241_hs[e],tetdece1coa[c],CE2839_e,HC00955[e]
sphmyln18114_hs[e],tetdece1crn[c],CE2838_e,co2[e]
sphmyln18115_hs[e],3tetd7ecoacrn[c],CE1950_e,C02528[r]
sphmyln18116_hs[e],3tetd7ecoacrn[e],cynt_e,dcholcoa[r]
sphmyln181161_hs[e],3ttetddcoa[m],andrstndn_c,C02528[c]
sphmyln18117_hs[e],3ttetddcoa[c],CE1352_c,dcholcoa[c]
sphmyln18118_hs[e],tetdec2coa[c],N1aspmd_c,HC01412[m]
sphmyln181181_hs[e],tetdec2crn[c],n8aspmd_c,3hddcoa[m]
sphmyln18120_hs[e],3ttetddcoacrn[c],pail_hs_r,dd2coa[x]
sphmyln181201_hs[e],3ttetddcoacrn[e],pail5p_hs_r,fpram[c]
sphmyln18121_hs[e],3htdcoa[c],pail45p_hs_m,HC01223[m]
sphmyln18122_hs[e],3tdcrn[c],CE5101_m,xol7ah2al[c]
sphmyln181221_hs[e],3hdeccoa[c],CE2434_m,dhcholestanate[c]
sphmyln18123_hs[e],3hdececrn[c],CE2434_x,HC01397[x]
sphmyln1824_hs[e],3thexddcoa[m],CE0849_m,3htdcoa[m]
sphmyln1825_hs[e],3thexddcoa[c],CE2433_m,3htdcoa[x]
steeth[e],3thexddcoacrn[c],CE0849_x,HC01412[x]
tetdecaeth[e],3thexddcoacrn[e],CE2433_x,dcacoa[m]
trideceth[e],hexdicoa[c],CE0785_m,3hdcoa[m]
xolest182_hs[e],c16dc[c],CE2432_m,dc2coa[m]
xolest205_hs[e],c16dc[e],CE0785_x,dc2coa[x]
xolest226_hs[e],3hexdcoa[c],CE2432_x,hxcoa[m]
ind3ac[e],3hexdcrn[c],dece4coa_x,hx2coa[m]
leuktrB4woh[c],3octdece1coa[c],dec24dicoa_x,xol7ah3[c]
pser_[l][c],3octdece1crn[c],C05279_m,xoltetrol[c]
ttdcea[c],3ocddcoa[c],CE2420_m,HC01459[x]
7klitchol[c],3octdec2crn[c],C05279_x,34dhmald[m]
phaccoa[m],3hodcoa[c],CE2420_x,34dhoxmand[m]
pheacgly[m],3octdeccrn[c],CE2417_m,3mox4hpac[m]
pheacgly[c],c3dc[c],CE2417_x,homoval[m]
pheacgly[e],c3dc[e],CE2418_m,3m4hpga[m]
alaargcys[e],c4dc[x],CE2418_x,3mox4hoxm[m]
alaarggly[e],c4dc[c],CE2422_m,citr__L[e]
alaasnleu[e],c4crn[x],CE2422_x,inost[r]
alaglylys[e],btcoa[x],CE2424_m,HC00319[c]
alahisala[e],ivcoa[c],CE2424_x,HC00319[m]
alalysthr[e],ivcrn[c],CE0693_m,r5p[c]
argalaala[e],c51crn[c],CE0693_x,spmd[e]
argalaphe[e],c5dc[c],C05280_m,na1[r]
argalathr[e],c5dc[e],C05280_x,strdnc[l]
argarg[e],hxcoa[c],dece4coa_m,strdnc[r]
argarglys[e],c6crn[c],C05298_c,lnlc[l]
argargmet[e],hxcoa[x],C05299_c,lnlc[r]
argcysgly[e],c6crn[x],CE5236_n,C02528[e]
argcysser[e],c6dc[c],CE1918_c,c8crn[c]
arggluglu[e],c81coa[c],xol27oh_c,thcholstoic[c]
argglupro[e],c81crn[c],cholcoa_m,C02470[e]
argglygly[e],c81crn[e],cholate_m,dtmp[c]
arghisthr[e],sbcoa[c],cholate_x,HC02110[r]
argleuphe[e],c8dc[c],dhcholestancoa_c,2obut[m]
arglysasp[e],dca[r],23cump_e,HC02020[r]
argphearg[e],3ddcrn[e],3ump_e,hdd2coa[r]
argpromet[e],ddeccrn[e],retinal_cis_13_r,HC02021[r]
argprothr[e],ddece1crn[e],CE1261_c,stcoa[r]
argserser[e],3deccrn[e],CE5026_c,HC02022[r]
argtyrval[e],decdicrn[e],CE4890_c,odecoa[r]
argvalcys[e],doco13ecoa[c],pail35p_hs_r,HC02023[r]
argvaltrp[e],doco13ac[e],pail345p_hs_r,HC02024[r]
asnasnarg[e],docosac[e],C05957_c,lnlncgcoa[r]
asncyscys[e],docosac[r],CE4877_c,HC02025[r]
asnmetpro[e],docosdiac[c],dchac_c,HC02026[r]
asnpheasp[e],docoscoa[x],dchac_r,HC02027[r]
asnphecys[e],docosdiac[e],CE2176_c,hdcea[r]
asntyrgly[e],3hdececrn[e],CE2172_c,ocdca[r]
asntyrphe[e],3hexdcrn[e],C03681_c,ocdcea[r]
asntyrthr[e],3ivcrn[e],CE2211_c,lnlnca[r]
aspalaarg[e],3octdec2crn[e],CE5072_c,lnlncg[r]
aspasnglu[e],3octdeccrn[e],C05300_r,lnlncg[l]
aspglu[e],3octdece1crn[e],CE5786_e,dlnlcg[r]
aspglupro[e],3tdcrn[e],CE5789_e,HC00822[e]
aspglutrp[e],c51crn[e],CE5797_e,xtsn[c]
asphiscys[e],ivcrn[e],CE5798_e,btcoa[c]
asphispro[e],tetdec2crn[e],CE5276_c,his__L[m]
asplysglu[e],tetdece1crn[e],CE5025_c,met__L[m]
asplyshis[e],dece3coa[x],CE2576_c,cys__L[m]
aspmetasp[e],dec47dicoa[m],CE2577_c,thr__L[m]
aspprolys[e],dectricoa[m],C05301_c,HC02192[e]
aspvalasn[e],dec47dicoa[x],C05302_c,HC02192[c]
cysasnmet[e],dectricoa[x],CE1925_c,HC02193[e]
cysaspphe[e],2decdicoa[m],CE5853_c,HC02193[c]
cyscys[e],octe5coa[m],CE1926_c,HC02195[e]
cysglnmet[e],2decdicoa[x],CE5854_c,HC02195[c]
cysgluhis[e],octe5coa[x],C05109_c,HC02196[e]
cysglutrp[e],3decdicoa[m],ddsmsterol_c,HC02196[c]
cysleuthr[e],3decdicoa[x],dsmsterol_c,HC02220[e]
cyssermet[e],sebcoa[x],CE4968_m,HC02220[c]
cystyrasn[e],sbcoa[x],CE4970_m,dca[c]
glnasngln[e],tmuncoa[x],CE5867_e,dca[e]
glnhishis[e],undcoa[m],CE5868_e,HC02199[c]
glnhislys[e],noncoa[m],CE5869_e,HC02199[e]
glnlyslys[e],dd5ecoa[m],CE4633_e,HC02200[c]
glnlystrp[e],dd3coa[x],no2_e,HC02200[e]
glnproglu[e],2ddecdicoa[m],CE4881_e,HC02201[c]
glntrpglu[e],3ddecdicoa[m],CE4888_c,HC02201[e]
glntyrleu[e],3ddecdicoa[x],CE5665_c,zn2[e]
gluargleu[e],2ddecdicoa[x],CE5854_e,zn2[c]
gluasnleu[e],2dodtricoa[m],CE1926_e,pyr[e]
gluglu[e],2dodtricoa[x],glcur_e,acac[e]
gluilelys[e],3dodtricoa[m],CE6205_c,lac__L[e]
gluleu[e],3dodtricoa[x],CE5166_m,but[e]
glumet[e],c12dc[x],cholcoar_m,HC02191[e]
glumethis[e],tmtrdcoa[x],CE5166_x,HC02191[c]
gluthr[e],tridcoa[m],CE4872_c,HC02194[e]
gluthrlys[e],tetd7ecoa[m],CE4872_m,HC02194[c]
glutrpala[e],tetdecdicoa[m],C02712_c,HC02197[e]
glyhisasn[e],tetdecdicoa[x],CE1556_c,HC02197[c]
glyhislys[e],ttetddcoa[m],retinal_r,HC02198[e]
glylyscys[e],5tedtricoa[m],crm_hs_e,HC02198[c]
glylysphe[e],5tedtricoa[x],crm_hs_n,HC02187[e]
glytyrlys[e],c14dccoa[x],udpgal_r,HC02187[c]
glyvalhis[e],3hdeccoa[m],galside_hs_r,HC02180[e]
hisargcys[e],hexddcoa[m],C01747_l,HC02180[c]
hisargser[e],thexddcoa[m],CE5125_x,wharachd[e]
hisasp[e],2hexdtricoa[x],CE5126_x,wharachd[c]
hiscyscys[e],hexdtrcoa[m],CE0074_c,HC02202[e]
hisglnala[e],4hexdtricoa[m],hdcea_m,HC02202[c]
hisglu[e],hexdectecoa[m],pail35p_hs_n,HC02203[e]
hisglugln[e],4hexdtricoa[x],CE4795_m,HC02203[c]
hisglylys[e],hexdectecoa[x],CE4795_x,HC02204[e]
hishislys[e],2hexdtricoa[m],CE5114_x,HC02204[c]
hislysala[e],3hexdtricoa[m],CE4791_x,HC02205[e]
hislysglu[e],3hexdtricoa[x],CE4793_x,HC02205[c]
hislysile[e],2hexdtetcoa[m],CE2439_x,HC02206[e]
hislysthr[e],2hexdtetcoa[x],CE2440_x,HC02206[c]
hislysval[e],4hexdtetcoa[m],CE2437_x,HC02207[e]
hismet[e],hexdpencoa[m],CE2438_x,HC02207[c]
hismetgln[e],4hexdtetcoa[x],CE2442_m,HC02208[e]
hisphearg[e],hexdpencoa[x],CE2442_x,HC02208[c]
hisprolys[e],3hexdtetcoa[m],CE2441_x,HC02210[e]
histrphis[e],3hexdtetcoa[x],CE5116_x,HC02210[c]
ileargile[e],3hexdcoa[m],CE5117_m,HC02213[e]
ileasnhis[e],hexdicoa[x],CE5118_m,HC02213[c]
ileasp[e],hexdiac[r],CE5119_m,HC02214[e]
ileglnglu[e],hexdicoa[r],CE5120_m,HC02214[c]
ileglyarg[e],octdececoa[m],CE4790_m,HC02216[e]
ileprolys[e],3octdece1coa[m],CE4792_m,HC02216[c]
ileserarg[e],3ocddcoa[m],CE4794_m,HC02217[e]
iletrptyr[e],2octdectecoa[m],CE4990_c,HC02217[c]
leualaarg[e],2octdectecoa[x],leuktrB4_m,HC00342[c]
leuasnasp[e],3octdectecoa[m],CE4990_m,oxa[m]
leuasplys[e],3octdectecoa[x],leuktrB4_x,c4crn[c]
leuleutrp[e],2octpencoa[m],CE4990_x,c4crn[m]
leupro[e],3octpencoa[m],leuktrB4woh_m,dlnlcgcoa[r]
leuproarg[e],3hodcoa[m],CE2053_m,so3[e]
leusertrp[e],eitetcoa[m],CE2053_r,sprm[e]
leutrp[e],eitetcoa[x],CE2053_c,6pgc[c]
leutrparg[e],eipencoa[x],leuktrB4wcooh_c,trdrd[n]
leutyrtyr[e],5eipencoa[m],leuktrB4wcooh_m,trdox[n]
leuval[e],2docopencoa[m],CE2056_r,CE2421[m]
lysargleu[e],2docopencoa[x],CE3554_r,CE0713[m]
lyscyshis[e],docohexcoa[m],CE2567_c,CE2421[x]
lysglnphe[e],docohexcoa[x],C06315_c,CE0713[x]
lysgluglu[e],3docopencoa[m],C06314_c,C10164[c]
lyslyslys[e],3docopencoa[x],cpppg1_c,CE2251[c]
lyspheile[e],2docohexecoa[m],C05769_c,CE2247[c]
lystrparg[e],docohepcoa[m],cpppg3_c,CE2243[c]
lystyrile[e],docosahexcoa[m],C05770_c,CE2250[c]
lysvalphe[e],omhdocosac[r],CE2038_x,arachcoa[e]
lysvaltrp[e],succoa[c],CE5934_x,malcoa[e]
metargleu[e],pentcoa[m],C07297_x,CE2250[e]
metasntyr[e],glutcoa[c],CE4793_c,coa[e]
metglntyr[e],3ivcoa[m],CE5114_c,CE2246[c]
metglyarg[e],3ivcoa[c],CE4812_c,CE2242[c]
methislys[e],3ivcrn[c],CE2209_c,CE2253[c]
metmetile[e],hx2coa[x],CE4811_c,CE2249[c]
metphearg[e],hexe3coa[m],CE4810_c,CE2245[c]
mettrpphe[e],hexe3coa[x],lnlncacoa_r,docoscoa[c]
pheasnmet[e],succoa[x],CE4821_c,docosac[c]
pheasp[e],hepcoa[m],CE4819_c,3ohodcoa[c]
pheglnphe[e],omhdecacid[r],CE4817_c,CE2248[c]
pheleu[e],hexdiac[c],tmndnc_r,CE1935[e]
pheleuasp[e],omhdocosac[c],tmndnccoa_r,CE1940[e]
pheleuhis[e],omhdecacid[c],CE2313_c,CE1943[e]
phelysala[e],sebacid[c],CE2314_c,CE1936[e]
phelyspro[e],tdec4ecoa[m],zymstnl_c,CE1939[e]
phephe[e],ctdecdcoa[m],lthstrl_c,CE2705[c]
phepheasn[e],tddedi2coa[m],tethex3_r,thbpt4acam[n]
phephethr[e],tddedicoa[m],tethex3coa_r,CE2705[n]
pheproarg[e],ocdececrn[c],CE4833_c,CE2870[c]
phesertrp[e],ocdececrn[m],CE4831_c,CE2866[c]
phethrlys[e],octdececrn[c],CE4835_c,maltttr[e]
phetrpleu[e],octdececrn[m],CE4834_c,CE2873[c]
phetyr[e],octdececoa[c],CE4849_c,CE2872[c]
phetyrgln[e],subeac[x],CE4832_x,CE2875[c]
phetyrlys[e],sebacid[x],CE4820_x,CE2874[c]
proargasp[e],subeac[c],CE4838_x,maltpt[e]
proargcys[e],c8dc[x],tetpent6_r,malthx[e]
proasncys[e],4hpro[l]T[e],tetpent6coa_r,CE2915[e]
procys[e],oh1[c],CE4841_c,CE4722[e]
proglnpro[e],oh1[e],CE4840_c,CE2916[e]
proglulys[e],5dpmev[c],CE4842_c,CE4723[e]
prohis[e],q10h2[e],CE4843_c,CE2917[e]
prohistyr[e],6pgl[c],CE4845_c,CE4724[e]
proleuarg[e],dmpp[c],CE4844_c,malthp[e]
prolyspro[e],5pmev[c],CE4846_c,CE2839[c]
prophe[e],1pyr5c[c],CE4847_c,CE2838[c]
proproarg[e],5mta[e],CE4852_c,CE2839[e]
propropro[e],idour[e],CE4854_c,CE2838[e]
protrplys[e],5hoxindoa[e],CE4850_c,CE1950[e]
protrpthr[e],Lkynr[e],CE4848_c,cynt[e]
provalgln[e],cala[e],CE4853_c,andrstndn[c]
serargala[e],cyst_[l][c],CE4855_c,CE1352[c]
serargtrp[e],xtsn[e],CE4851_c,chsterols[r]
sercysarg[e],15kprostgf2[c],CE4801_m,prgnlones[r]
serglyglu[e],and19one[c],CE4803_m,N1aspmd[c]
serlyshis[e],ttdceacoa[c],CE4800_m,n8aspmd[c]
serphelys[e],pcholmyr_hs[e],CE4796_m,pail_hs[r]
sertrphis[e],pcholole_hs[e],CE4802_m,pail5p_hs[r]
thrargtyr[e],peole_hs[e],CE4804_m,pail45p_hs[m]
thrasntyr[e],pcholpalme_hs[e],CE4798_m,CE5101[m]
thrglnglu[e],pcholpalm_hs[e],CE4799_m,CE2434[m]
thrglntyr[e],pepalm_hs[e],CE4808_m,CE2434[x]
thrhishis[e],pail_hs[e],CE4807_m,CE0849[m]
thrilearg[e],pailpalm_hs[e],CE4797_m,CE2433[m]
thrmetarg[e],pcholste_hs[e],CE4806_m,CE0849[x]
thrphearg[e],peste_hs[e],CE6031_c,CE2433[x]
thrserarg[e],pailste_hs[e],CE5144_c,CE0785[m]
thrthrarg[e],pchol2linl_hs[e],CE5151_c,CE2432[m]
thrtyrmet[e],pe2linl_hs[e],CE5152_c,CE0785[x]
trpalapro[e],pchol2ole_hs[e],CE5155_c,CE2432[x]
trpargala[e],pchol2palm_hs[e],CE5156_c,dece4coa[x]
trpaspasp[e],pchol2ste_hs[e],CE5148_c,dec24dicoa[x]
trpglngln[e],xolest183_hs[e],CE5150_c,C05279[m]
trpglugly[e],xolest181_hs[e],CE5153_c,CE2420[m]
trpgluleu[e],xolest204_hs[e],CE5154_c,C05279[x]
trpglupro[e],pcholn15_hs[e],CE5157_c,CE2420[x]
trpglutyr[e],pcholar_hs[e],CE5158_c,CE2417[m]
trpglyleu[e],pcholn183_hs[e],CE2510_c,CE2417[x]
trpglyphe[e],pcholn1836_hs[e],doco13ac_c,CE2418[m]
trpglyval[e],pcholn19_hs[e],CE5160_c,CE2418[x]
trphismet[e],pcholn201_hs[e],CE5161_c,CE2422[m]
trpilelys[e],pcholn204_hs[e],CE5162_c,CE2422[x]
trpiletrp[e],pcholn205_hs[e],cholcoads_m,CE2424[m]
trpleuval[e],pcholn224_hs[e],CE4874_m,CE2424[x]
trplys[e],pcholn225_hs[e],C14826_c,CE0693[m]
trpmetarg[e],pcholn2254_hs[e],CE2049_c,CE0693[x]
trpmetval[e],pcholn226_hs[e],C14825_c,C05280[m]
trpphe[e],pear_hs[e],CE2047_c,C05280[x]
trpprogly[e],pe203_hs[e],C14768_c,dece4coa[m]
trpproleu[e],pe226_hs[e],C14770_c,C05298[c]
trpproval[e],pe224_hs[e],C14769_c,C05299[c]
trpsertyr[e],pedh203_hs[e],C14771_c,CE5236[n]
trpthrglu[e],pe12_hs[e],CE2445_c,CE1918[c]
trpthrile[e],pe14_hs[e],CE5178_c,xol7aone[m]
trpthrtyr[e],pe161_hs[e],C11821_c,xol27oh[c]
trptyrgln[e],pe13_hs[e],CE5853_e,cholcoa[m]
trptyrtyr[e],pe15_hs[e],CE1925_e,cholate[m]
trpvalasp[e],pe17_hs[e],C04717_c,cholate[x]
tyrala[e],pcholn203_hs[e],C01601_c,CE1589[c]
tyralaphe[e],pailar_hs[e],CE2006_c,tdechola[c]
tyrargglu[e],pcholn24_hs[e],CE6506_c,23cump[e]
tyrargser[e],pcholn261_hs[e],CE6504_c,3ump[e]
tyrasparg[e],pcholn281_hs[e],C08261_c,CE1261[c]
tyrcysgly[e],pcholn28_hs[e],CE5944_c,CE5026[c]
tyrcysthr[e],pcholdoc_hs[e],CE5944_m,C09642[c]
tyrglu[e],pcholeic_hs[e],CE5944_x,CE4890[c]
tyrleuarg[e],pcholet_hs[e],CE4987_c,pail35p_hs[r]
tyrphetyr[e],pcholhep_hs[e],CE4988_c,pail345p_hs[r]
tyrthr[e],pchollinl_hs[e],CE4988_m,C02712[m]
tyrtrpphe[e],pelinl_hs[e],CE4988_x,C05957[r]
tyrtyr[e],sphmyln18114_hs[c],CE5947_c,C05957[c]
tyrvalmet[e],sphmyln18121_hs[c],CE7097_c,CE4877[c]
valarggly[e],sphmyln181221_hs[c],CE7097_m,CE2026[m]
valhisasn[e],sphmyln18122_hs[c],C04805_c,dchac[c]
valleuphe[e],sphmyln18123_hs[c],CE7096_c,dchac[r]
vallystyr[e],sphmyln180241_hs[c],CE2084_c,CE2176[c]
valphearg[e],sphmyln1824_hs[c],C04805_m,C03681[c]
valprotrp[e],sphmyln1825_hs[c],CE2084_m,CE2211[c]
valserarg[e],sphmyln18115_hs[c],CE6508_c,CE5072[c]
valtrpphe[e],sphmyln181161_hs[c],CE7091_r,CE1310[m]
valtrpval[e],sphmyln18116_hs[c],CE7085_c,C05300[r]
valval[e],sphmyln18117_hs[c],CE7088_c,CE5786[e]
trpglyasp[e],sphmyln18118_hs[c],12HPET_e,CE5788[e]
alaargcys[c],sphmyln181181_hs[c],C04849_e,CE5789[e]
alaarggly[c],sphmyln181201_hs[c],CE6230_c,CE5797[e]
alaasnleu[c],sphmyln18120_hs[c],CE2537_c,CE5798[e]
alaglylys[c],xolest183_hs[l],CE6234_c,CE5276[c]
alahisala[c],xolest182_hs[l],CE5947_m,CE5025[c]
alalysthr[c],xolest205_hs[l],leuktrB4wcooh_x,CE5787[e]
argalaala[c],tmndnc[l],CE5947_x,CE5791[e]
argalaphe[c],xolest226_hs[l],dec24dicoa_m,CE2576[c]
argalathr[c],crvnc[l],dece3coa_m,CE2577[c]
argarg[c],pcholmyr_hs[c],uppg3_c,C05301[c]
argarglys[c],pcholole_hs[c],C05767_c,C05302[c]
argargmet[c],peole_hs[c],2mb2coa_c,CE1925[c]
argcysgly[c],pcholpalme_hs[c],3hbcoa__R_c,CE5853[c]
argcysser[c],pcholpalm_hs[c],adpac_c,CE1926[c]
arggluglu[c],pepalm_hs[c],adpcoa_c,CE5854[c]
argglupro[c],pailpalm_hs[c],adpac_x,C05109[c]
argglygly[c],pcholste_hs[c],adpcoa_x,ddsmsterol[c]
arghisthr[c],pchol2linl_hs[c],c6dc_x,dsmsterol[c]
argleuphe[c],pe2linl_hs[c],3bcrn_c,CE4968[m]
arglysasp[c],pchol2ole_hs[c],3bcrn_e,CE4970[m]
argphearg[c],pchol2palm_hs[c],c10crn_c,CE4969[m]
argpromet[c],pchol2ste_hs[c],c101coa_c,CE5867[e]
argprothr[c],pcholn15_hs[c],c101crn_c,CE5868[e]
argserser[c],pcholar_hs[c],decdicoa_c,CE5869[e]
argtyrval[c],pcholn183_hs[c],decdicrn_c,CE4633[e]
argvalcys[c],pcholn1836_hs[c],c10dc_x,no2[e]
argvaltrp[c],pcholn19_hs[c],c10dc_c,CE4881[e]
asnasnarg[c],pcholn201_hs[c],sebcoa_c,CE4888[c]
asncyscys[c],pcholn204_hs[c],3hdcoa_c,CE5665[c]
asnmetpro[c],pcholn205_hs[c],3deccrn_c,CE5854[e]
asnpheasp[c],pcholn224_hs[c],ddeccrn_c,CE1926[e]
asnphecys[c],pcholn225_hs[c],dd2coa_c,glcur[e]
asntyrgly[c],pcholn2254_hs[c],ddece1crn_c,CE6205[c]
asntyrphe[c],pcholn226_hs[c],c12dccoa_x,CE5166[m]
asntyrthr[c],pear_hs[c],dodecanac_x,cholcoar[m]
aspalaarg[c],pe203_hs[c],dodecanac_c,CE5166[x]
aspasnglu[c],pe226_hs[c],c12dccoa_c,CE4872[c]
aspglu[c],pe224_hs[c],c12dc_c,CE4872[m]
aspglupro[c],pedh203_hs[c],c12dc_e,CE1589[r]
aspglutrp[c],pe12_hs[c],3hddcoa_c,HC02191[r]
asphiscys[c],pe14_hs[c],3ddcrn_c,HC02191[x]
asphispro[c],pe161_hs[c],3tetd7ecoa_m,HC02192[x]
asplysglu[c],pe13_hs[c],3tetd7ecoa_c,C02712[c]
asplyshis[c],pe15_hs[c],tetdece1coa_c,CE1556[c]
aspmetasp[c],pe17_hs[c],tetdece1crn_c,retinal[r]
aspprolys[c],pcholn203_hs[c],3tetd7ecoacrn_c,crm_hs[e]
aspvalasn[c],pailar_hs[c],3tetd7ecoacrn_e,udpgal[e]
cysasnmet[c],pcholn24_hs[c],3ttetddcoa_m,galside_hs[e]
cysaspphe[c],pcholn261_hs[c],3ttetddcoa_c,crm_hs[n]
cyscys[c],pcholn281_hs[c],tetdec2coa_c,udpgal[r]
cysglnmet[c],pcholn28_hs[c],tetdec2crn_c,no2[c]
cysgluhis[c],pcholdoc_hs[c],3ttetddcoacrn_c,C01747[l]
cysglutrp[c],pcholeic_hs[c],3ttetddcoacrn_e,CE5125[x]
cysleuthr[c],pcholet_hs[c],3htdcoa_c,CE5126[x]
cyssermet[c],pcholhep_hs[c],3tdcrn_c,CE0074[c]
cystyrasn[c],pchollinl_hs[c],3hdeccoa_c,hdcea[m]
glnasngln[c],pelinl_hs[c],3hdececrn_c,pail35p_hs[n]
glnhishis[c],glyc2p[c],3thexddcoa_m,CE4795[m]
glnhislys[c],lnlccrn[e],3thexddcoa_c,CE4795[x]
glnlyslys[c],15HPET[e],3thexddcoacrn_c,CE5114[x]
glnlystrp[c],15kprostgf2[e],3thexddcoacrn_e,CE4791[x]
glnproglu[c],4aabutn[e],hexdicoa_c,CE4793[x]
glntrpglu[c],acorn[e],c16dc_c,CE2439[x]
glntyrleu[c],adpac[e],c16dc_e,CE2440[x]
gluargleu[c],and19one[e],3hexdcoa_c,CE2437[x]
gluasnleu[c],aracheth[e],3hexdcrn_c,CE2438[x]
gluglu[c],pa_hs[e],3octdece1coa_c,CE2442[m]
gluilelys[c],C02712[e],3octdece1crn_c,CE2442[x]
gluleu[c],C04717[e],3ocddcoa_c,CE2441[x]
glumet[c],C06314[e],3octdec2crn_c,CE5116[x]
glumethis[c],C06315[e],3hodcoa_c,CE5117[m]
gluthr[c],C14768[e],3octdeccrn_c,CE5118[m]
gluthrlys[c],C14769[e],c3dc_c,CE5119[m]
glutrpala[c],C14770[e],c4dc_x,CE5120[m]
glyhisasn[c],C14771[e],c4dc_c,CE4790[m]
glyhislys[c],CE2445[e],c4dc_e,CE4792[m]
glylyscys[c],CE2537[e],c4crn_x,CE4794[m]
glylysphe[c],CE6247[c],btcoa_x,CE4990[c]
glytyrlys[c],CE6247[e],ivcoa_c,leuktrB4[m]
glyvalhis[c],cortsn[c],ivcrn_c,CE4990[m]
hisargcys[c],didecaeth[e],c51crn_c,leuktrB4[x]
hisargser[c],diholineth[e],c5dc_c,CE4990[x]
hisasp[c],docohxeth[e],c5dc_e,leuktrB4woh[m]
hiscyscys[c],docteteth[e],hxcoa_c,CE2053[m]
hisglnala[c],hepdeceth[e],c6crn_c,CE2053[r]
hisglu[c],hexdeceeth[e],hxcoa_x,CE2053[c]
hisglugln[c],hxcoa[e],c6crn_x,leuktrB4wcooh[c]
hisglylys[c],leuktrB4woh[e],c6dc_c,leuktrB4wcooh[m]
hishislys[c],lineth[e],c81coa_c,CE2056[r]
hislysala[c],lthstrl[e],c81crn_c,CE3554[r]
hislysglu[c],Nacasp[e],sbcoa_c,CE2567[c]
hislysile[c],oleth[e],c8dc_c,CE7172[c]
hislysthr[c],pendecaeth[e],dca_r,C06315[c]
hislysval[c],pmeth[e],doco13ecoa_c,C06314[c]
hismet[c],sphmyln180241_hs[e],doco13ecoa_x,C05769[c]
hismetgln[c],sphmyln18114_hs[e],doco13ac_e,cpppg3[c]
hisphearg[c],sphmyln18115_hs[e],docosac_e,C05770[c]
hisprolys[c],sphmyln18116_hs[e],docosac_r,CE2038[x]
histrphis[c],sphmyln181161_hs[e],docosdiac_c,CE5934[x]
ileargile[c],sphmyln18117_hs[e],docoscoa_x,C07297[x]
ileasnhis[c],sphmyln18118_hs[e],docosdiac_e,CE4793[c]
ileasp[c],sphmyln181181_hs[e],3hdececrn_e,CE5114[c]
ileglnglu[c],sphmyln18120_hs[e],3hexdcrn_e,CE4812[c]
ileglyarg[c],sphmyln181201_hs[e],3octdec2crn_e,CE2209[c]
ileprolys[c],sphmyln18121_hs[e],3octdeccrn_e,CE4811[c]
ileserarg[c],sphmyln18122_hs[e],3octdece1crn_e,CE4810[c]
iletrptyr[c],sphmyln181221_hs[e],c51crn_e,lnlncacoa[r]
leualaarg[c],sphmyln18123_hs[e],ivcrn_e,CE4821[c]
leuasnasp[c],sphmyln1824_hs[e],dece3coa_x,CE4819[c]
leuasplys[c],sphmyln1825_hs[e],dec47dicoa_m,CE4817[c]
leuleutrp[c],steeth[e],dectricoa_m,tmndnc[r]
leupro[c],tetdecaeth[e],dec47dicoa_x,tmndnccoa[r]
leuproarg[c],trideceth[e],dectricoa_x,CE2313[c]
leusertrp[c],xolest182_hs[e],2decdicoa_m,CE2314[c]
leutrp[c],xolest205_hs[e],octe5coa_m,zymstnl[c]
leutrparg[c],xolest226_hs[e],2decdicoa_x,lthstrl[c]
leutyrtyr[c],glyclt[e],octe5coa_x,tethex3[r]
leuval[c],ind3ac[e],3decdicoa_m,tethex3coa[r]
lysargleu[c],leuktrB4woh[c],3decdicoa_x,CE4833[c]
lyscyshis[c],pser_[l][c],sebcoa_x,CE4831[c]
lysglnphe[c],ttdcea[c],sbcoa_x,CE4835[c]
lysgluglu[c],estriol[e],tmuncoa_x,CE4834[c]
lyslyslys[c],phaccoa[m],undcoa_m,CE4849[c]
lyspheile[c],pheacgly[m],noncoa_m,CE4832[x]
lystrparg[c],pheacgly[c],dd5ecoa_m,CE4820[x]
lystyrile[c],pheacgly[e],dd3coa_x,CE4838[x]
lysvalphe[c],pcresol[c],2ddecdicoa_m,tetpent6[r]
lysvaltrp[c],pcs[c],3ddecdicoa_m,tetpent6coa[r]
metargleu[c],pcresol[e],3ddecdicoa_x,CE4841[c]
metasntyr[c],pcs[e],2ddecdicoa_x,CE4840[c]
metglntyr[c],dhbpt[e],2dodtricoa_m,CE4842[c]
metglyarg[c],homoval[e],2dodtricoa_x,CE4843[c]
methislys[c],xolest183_hs[c],3dodtricoa_m,CE4845[c]
metmetile[c],xolest182_hs[c],3dodtricoa_x,CE4844[c]
metphearg[c],xolest205_hs[c],c12dc_x,CE4846[c]
mettrpphe[c],xolest226_hs[c],tmtrdcoa_x,CE4847[c]
pheasnmet[c],sphmyln_hs[e],tridcoa_m,CE4852[c]
pheasp[c],pgp_hs[m],tetd7ecoa_m,CE4854[c]
pheglnphe[c],pglyc_hs[m],tetde5coa_x,CE4850[c]
pheleu[c],ppp9[c],tetdecdicoa_m,CE4848[c]
pheleuasp[c],acgal[e],tetdecdicoa_x,CE4853[c]
pheleuhis[c],f1a[e],ttetddcoa_m,CE4855[c]
phelysala[c],lpam[e],5tedtricoa_m,CE4851[c]
phelyspro[c],lpam[c],5tedtricoa_x,CE4801[m]
phephe[c],2obut[e],c14dccoa_x,CE4803[m]
phepheasn[c],grdp[c],hexde7coa_x,CE4800[m]
phephethr[c],methf[c],3hdeccoa_m,CE4796[m]
pheproarg[c],ppbng[c],hexddcoa_m,CE4802[m]
phesertrp[c],hmbil[c],thexddcoa_m,CE4804[m]
phethrlys[c],4ppan[c],2hexdtricoa_x,CE5049[c]
phetrpleu[c],4ppcys[c],hexdtrcoa_m,CE4798[m]
phetyr[c],phom[c],4hexdtricoa_m,CE4799[m]
phetyrgln[c],HC01434[c],hexdectecoa_m,CE4808[m]
phetyrlys[c],HC01668[c],4hexdtricoa_x,CE4807[m]
proargasp[c],fprica[c],hexdectecoa_x,CE4797[m]
proargcys[c],glcr[e],2hexdtricoa_m,CE4806[m]
proasncys[c],xyl__D[e],3hexdtricoa_m,CE1562[c]
procys[c],gal1p[c],3hexdtricoa_x,CE6031[c]
proglnpro[c],im4ac[c],2hexdtetcoa_m,CE5144[c]
proglulys[c],etoh[e],2hexdtetcoa_x,CE5151[c]
prohis[c],phpyr[e],4hexdtetcoa_m,CE5152[c]
prohistyr[c],vanilpyr[c],hexdpencoa_m,CE5155[c]
proleuarg[c],vanillac[c],4hexdtetcoa_x,CE5156[c]
prolyspro[c],vanillac[e],hexdpencoa_x,CE5148[c]
prophe[c],2h3mv[c],3hexdtetcoa_m,CE5150[c]
proproarg[c],2h3mv[e],3hexdtetcoa_x,CE5153[c]
propropro[c],2hiv[c],3hexdcoa_m,CE5154[c]
protrplys[c],2hiv[e],hexdicoa_x,CE5157[c]
protrpthr[c],2m3ovcoa[m],hexdiac_r,CE5158[c]
provalgln[c],2m3ovac[m],hexdicoa_r,CE2510[c]
serargala[c],2m3ovac[c],ocde9ecoa_x,doco13ac[c]
serargtrp[c],2m3hvac[c],octdececoa_m,CE5160[c]
sercysarg[c],2m3hvac[e],3octdece1coa_m,CE5161[c]
serglyglu[c],3hadicoa[x],3ocddcoa_m,CE5162[c]
serlyshis[c],3hadpac[x],2octdectecoa_m,cholcoads[m]
serphelys[c],3hadpac[c],2octdectecoa_x,CE4874[m]
sertrphis[c],3hadpac[e],3octdectecoa_m,C14826[c]
thrargtyr[c],3ohsebcoa[x],3octdectecoa_x,CE2049[c]
thrasntyr[c],3ohsebac[x],2octpencoa_m,C14825[c]
thrglnglu[c],3ohsebac[c],3octpencoa_m,CE2047[c]
thrglntyr[c],3ohsebac[e],3hodcoa_m,12dgr120[e]
thrhishis[c],3ohsubcoa[x],ei11ecoa_x,cdpea[e]
thrilearg[c],3ohsubac[x],eitetcoa_m,C14768[c]
thrmetarg[c],3ohsubac[c],eitetcoa_x,C14770[c]
thrphearg[c],3ohsubac[e],eipencoa_x,C14769[c]
thrserarg[c],thexdd[m],5eipencoa_m,C14771[c]
thrthrarg[c],thexdd[c],2docopencoa_m,CE2445[c]
thrtyrmet[c],thexdd[e],2docopencoa_x,CE5178[c]
trpalapro[c],hexdtr[m],docohexcoa_m,C11821[c]
trpargala[c],hexdtr[c],docohexcoa_x,alltn[c]
trpaspasp[c],hexdtr[e],3docopencoa_m,CE5853[e]
trpglngln[c],hpdececoa[m],3docopencoa_x,CE1925[e]
trpglugly[c],hpdece[m],2docohexecoa_m,C04717[c]
trpgluleu[c],hpdece[c],docohepcoa_m,C01601[c]
trpglupro[c],hpdece[e],docosahexcoa_m,CE2006[c]
trpglutyr[c],eic21114tr[c],omhdocosac_r,CE6506[c]
trpglyleu[c],eic21114tr[e],succoa_c,CE6504[c]
trpglyphe[c],5eipenc[m],pentcoa_m,C08261[c]
trpglyval[c],5eipenc[c],glutcoa_c,CE4876[r]
trphismet[c],5eipenc[e],3ivcoa_m,CE5944[c]
trpilelys[c],T4hcinnm[c],3ivcoa_c,CE5944[m]
trpiletrp[c],T4hcinnm[e],3ivcrn_c,CE5944[x]
trpleuval[c],andrstandn[c],hx2coa_x,CE4987[c]
trplys[c],C05769[e],hexe3coa_m,CE4988[c]
trpmetarg[c],ppp9[e],hexe3coa_x,CE4988[m]
trpmetval[c],mlthf[e],succoa_x,CE4988[x]
trpphe[c],34dhoxmand[e],hepcoa_m,CE5947[c]
trpprogly[c],4hbz[c],omhdecacid_r,CE7097[c]
trpproleu[c],CE7081[r],hexdiac_c,CE7097[m]
trpproval[c],CE7081[c],omhdocosac_c,C04805[c]
trpsertyr[c],CE7081[e],omhdecacid_c,CE7096[c]
trpthrglu[c],18harachd[c],sebacid_c,CE2084[c]
trpthrile[c],18harachd[e],tdec4ecoa_m,C04805[m]
trpthrtyr[c],sql[c],ctdecdcoa_m,CE2084[m]
trptyrgln[c],xol24oh[c],tddedi2coa_m,CE6508[c]
trptyrtyr[c],ppbng[e],tddedicoa_m,CE7091[r]
trpvalasp[c],im4ac[e],ocdececrn_c,CE7085[c]
tyrala[c],prist[e],ocdececrn_m,CE7088[c]
tyralaphe[c],CE2049[e],octdececrn_c,CE0347[c]
tyrargglu[c],CE2047[e],octdececrn_m,CE0347[r]
tyrargser[c],dopa4sf[c],octdececoa_c,12HPET[e]
tyrasparg[c],dopa4glcur[c],subeac_x,C04849[e]
tyrcysgly[c],dopa3glcur[c],sebacid_x,CE6230[c]
tyrcysthr[c],dopa4sf[e],subeac_c,CE2537[c]
tyrglu[c],dopa4glcur[e],c8dc_x,CE6234[c]
tyrleuarg[c],dopa3glcur[e],4hpro_LT_e,CE5947[m]
tyrphetyr[c],6hddopaqn[c],alaala_c,leuktrB4wcooh[x]
tyrthr[c],23dh1i56dio[c],alaala_e,CE5947[x]
tyrtrpphe[c],4glu56dihdind[c],glygly_c,dec24dicoa[m]
tyrtyr[c],Rtotal[r],glygly_e,dece3coa[m]
tyrvalmet[c],dhcrm_hs[r],glypro_e,uppg3[c]
valarggly[c],Rtotal[g],glypro_c,HC00004[e]
valhisasn[c],sphings[g],glysar_c,CE0074[e]
valleuphe[c],dhcrm_hs[g],leuleu_c,2mb2coa[c]
vallystyr[c],sphgn[g],leuleu_e,3hbcoa__R[c]
valphearg[c],phcrm_hs[g],progly_e,adpac[c]
valprotrp[c],phsphings[g],progly_c,adpcoa[c]
valserarg[c],phcrm_hs[r],thm_e,adpac[x]
valtrpphe[c],phsphings[r],avite1_c,adpcoa[x]
valtrpval[c],galgluside_hs[e],1a25dhvitd3_c,c6dc[x]
valval[c],gluside_hs[e],1a25dhvitd3_n,3bcrn[c]
trpglyasp[c],gm1_hs[l],oh1_c,3bcrn[e]
glyleu[c],gm2_hs[l],oh1_e,c10crn[c]
homoval[e],ga1_hs[l],q10_e,c101coa[c]
xolest183_hs[c],ga2_hs[l],dhap_m,c101crn[c]
xolest182_hs[c],gd1b_hs[l],5dpmev_c,c101crn[e]
xolest205_hs[c],gd2_hs[l],fmn_e,decdicoa[c]
xolest226_hs[c],phcrm_hs[c],q10h2_e,decdicrn[c]
sphmyln_hs[e],gd3_hs[e],fe3_c,c10crn[e]
pgp_hs[m],gm3_hs[e],6pgl_c,c10dc[x]
pglyc_hs[m],ga1_hs[e],dmpp_c,c10dc[c]
acnam[e],gd3_hs[l],5pmev_c,sebcoa[c]
ppp9[c],thcrm_hs[l],1pyr5c_c,c10dc[e]
lpam[e],atp[g],pheme_e,3hdcoa[c]
lpam[c],adp[g],34hpp_e,3deccrn[c]
grdp[c],gm2_hs[e],5mta_e,ddeccrn[c]
methf[c],gm3_hs[l],ahcys_e,dd2coa[c]
ppbng[c],gd1a_hs[c],aicar_e,ddece1crn[c]
hmbil[c],gm1_hs[c],cbasp_e,c12dccoa[x]
4ppan[c],gd1b_hs[c],idour_e,dodecanac[x]
4ppcys[c],gt1b_hs[c],5hoxindoa_e,dodecanac[c]
HC01434[c],ga1_hs[c],Lkynr_e,c12dccoa[c]
HC01668[c],gm2_hs[c],cala_e,c12dc[c]
fprica[c],ga2_hs[c],crtn_e,c12dc[e]
glcr[e],gd1a_hs[n],kynate_e,3hddcoa[c]
gal1p[c],gm1_hs[n],hLkynr_e,3ddcrn[c]
etoh[e],dag_hs[g],quln_e,3tetd7ecoa[m]
phpyr[e],pchol_hs[n],cholp_e,3tetd7ecoa[c]
2hyoxplac[e],sphmyln_hs[n],cyst__L_e,tetdece1coa[c]
vanilpyr[c],phsphings[c],cyst__L_c,tetdece1crn[c]
vanillac[c],phsph1p[c],dcmp_e,3tetd7ecoacrn[c]
vanillac[e],sphings[n],ethamp_e,3tetd7ecoacrn[e]
2h3mv[c],sphs1p[n],g3pc_e,3ttetddcoa[m]
2h3mv[e],sphgn[n],L2aadp_e,3ttetddcoa[c]
2hiv[c],sph1p[n],udpglcur_e,tetdec2coa[c]
2hiv[e],cholp[n],orot5p_e,tetdec2crn[c]
caproic[c],cmpacna[e],retinal_e,3ttetddcoacrn[c]
peste_hs[c],h2o2[r],acrn_e,3ttetddcoacrn[e]
hpdececoa[m],15HPET[n],pcrn_e,3htdcoa[c]
hpdece[m],15HPET[x],lneldccrn_e,3tdcrn[c]
hpdece[c],15HPET[r],odecrn_e,3hdeccoa[c]
hpdece[e],M00234[e],stcrn_e,3hdececrn[c]
C05769[e],M01807[e],pmtcrn_e,3thexddcoa[m]
mhista[e],M00503[e],hdcecrn_e,3thexddcoa[c]
CE2006[e],M00003[e],15kprostgf2_c,3thexddcoacrn[c]
mlthf[e],M00008[e],and19one_c,3thexddcoacrn[e]
selmeth[e],M00010[e],ttdceacoa_c,hexdicoa[c]
selmeth[c],M00117[e],pcholmyr_hs_e,c16dc[c]
CE7090[c],M00260[e],pcholole_hs_e,c16dc[e]
CE7090[e],M00315[e],peole_hs_e,3hexdcoa[c]
CE7085[e],M01238[e],pcholpalme_hs_e,3hexdcrn[c]
CE7096[e],M02613[e],pcholpalm_hs_e,3octdece1coa[c]
CE4877[e],M03045[e],pepalm_hs_e,3octdece1crn[c]
CE1447[c],M02694[m],pail_hs_e,3ocddcoa[c]
CE1447[e],M02107[m],pailpalm_hs_e,3octdec2crn[c]
C05770[e],M02616[m],pcholste_hs_e,3hodcoa[c]
CE2705[e],M03116[m],peste_hs_e,3octdeccrn[c]
hdd2crn[e],M03051[c],pailste_hs_e,c3dc[c]
34dhoxmand[e],M03050[c],pchol2linl_hs_e,c3dc[e]
CE6205[e],M00129[c],pe2linl_hs_e,c4crn[e]
1a25dhvitd3[e],M00117[c],pchol2ole_hs_e,c4dc[x]
CE7081[r],HC10784[c],pchol2palm_hs_e,c4dc[c]
CE7081[c],M02745[c],pchol2ste_hs_e,c4dc[e]
xol24oh[c],M01141[c],xolest183_hs_e,c4crn[x]
dopa4glcur[c],M01197[c],xolest181_hs_e,btcoa[x]
dopa3glcur[c],M01191[c],xolest204_hs_e,ivcoa[c]
dopa4glcur[e],M00003[c],pcholn15_hs_e,ivcrn[c]
dopa3glcur[e],M00004[c],pcholar_hs_e,c51crn[c]
CE5026[e],M01238[c],pcholn183_hs_e,c5dc[c]
CE5025[e],M01237[c],pcholn1836_hs_e,c5dc[e]
Rtotal[r],M00019[c],pcholn19_hs_e,hxcoa[c]
dhcrm_hs[r],M00020[c],pcholn201_hs_e,c6crn[c]
Rtotal[g],vacccoa[c],pcholn204_hs_e,hxcoa[x]
sphings[g],M00127[c],pcholn205_hs_e,c6crn[x]
dhcrm_hs[g],M00115[c],pcholn224_hs_e,c6crn[e]
sphgn[g],M00116[c],pcholn225_hs_e,c6dc[c]
phcrm_hs[g],M02613[c],pcholn2254_hs_e,c6dc[e]
phsphings[g],M02612[c],pcholn226_hs_e,c81coa[c]
phcrm_hs[r],M00017[c],pear_hs_e,c81crn[c]
phsphings[r],M00018[c],pe203_hs_e,c81crn[e]
galgluside_hs[e],M01235[c],pe226_hs_e,c8crn[e]
gluside_hs[e],M01236[c],pe224_hs_e,sbcoa[c]
gm1_hs[l],M01207[c],pedh203_hs_e,c8dc[c]
gm2_hs[l],M00123[c],pe12_hs_e,c8dc[e]
ga1_hs[l],M02457[c],pe14_hs_e,dca[r]
ga2_hs[l],M00101[c],pe161_hs_e,3ddcrn[e]
gd1b_hs[l],M02053[c],pe13_hs_e,ddeccrn[e]
gd2_hs[l],M02052[c],pe15_hs_e,ddece1crn[e]
phcrm_hs[c],M01582[c],pe17_hs_e,3deccrn[e]
ga1_hs[e],M00006[c],pcholn203_hs_e,decdicrn[e]
gd3_hs[l],M03045[c],pailar_hs_e,doco13ecoa[c]
thcrm_hs[l],M03047[c],pcholn24_hs_e,doco13ac[e]
atp[g],M03153[c],pcholn261_hs_e,docosac[e]
adp[g],M02112[c],pcholn281_hs_e,docosac[r]
gm3_hs[l],M00010[c],pcholn28_hs_e,docosdiac[r]
gd1a_hs[c],M00012[c],pcholdoc_hs_e,docosdiac[c]
gm1_hs[c],M00341[c],pcholeic_hs_e,docoscoa[x]
gd1b_hs[c],M00343[c],pcholet_hs_e,docosdiac[e]
gt1b_hs[c],M00260[c],pcholhep_hs_e,3hdececrn[e]
ga1_hs[c],M00315[c],pchollinl_hs_e,3hexdcrn[e]
gm2_hs[c],M00008[c],pelinl_hs_e,3ivcrn[e]
ga2_hs[c],M00021[c],sphmyln18114_hs_c,3octdec2crn[e]
gm1b_hs[e],M00023[c],sphmyln18121_hs_c,3octdeccrn[e]
pchol_hs[n],M00265[c],sphmyln181221_hs_c,3octdece1crn[e]
sphmyln_hs[n],clpn_hs[m],sphmyln18122_hs_c,3tdcrn[e]
phsphings[c],HC02042[c],sphmyln18123_hs_c,c51crn[e]
phsph1p[c],HC02048[c],sphmyln180241_hs_c,ivcrn[e]
cholp[n],HC02054[c],sphmyln1824_hs_c,tetdec2crn[e]
M00234[e],HC02050[c],sphmyln1825_hs_c,tetdece1crn[e]
M01807[e],HC02056[c],sphmyln18115_hs_c,dece3coa[x]
M00503[e],HC02051[c],sphmyln181161_hs_c,dec47dicoa[x]
M00003[e],HC02057[c],sphmyln18116_hs_c,dectricoa[x]
M00008[e],HC02060[c],sphmyln18117_hs_c,2decdicoa[x]
M00010[e],M02686[c],sphmyln18118_hs_c,octe5coa[x]
M00017[e],M02758[c],sphmyln181181_hs_c,3decdicoa[x]
M00019[e],HC02070[c],sphmyln181201_hs_c,sebcoa[x]
M00021[e],HC02076[c],sphmyln18120_hs_c,sbcoa[x]
M00115[e],galgluside_hs[r],xolest183_hs_l,tmuncoa[x]
M00117[e],galgbside_hs[c],xolest182_hs_l,dd3coa[x]
M00260[e],M02197[c],xolest205_hs_l,3ddecdicoa[x]
M00265[e],M02491[c],tmndnc_l,2ddecdicoa[x]
M00315[e],M03131[c],xolest226_hs_l,2dodtricoa[x]
M00341[e],gm1b_hs[c],crvnc_l,3dodtricoa[x]
M01197[e],gm3_hs[c],maglinl_hs_e,c12dc[x]
M01207[e],M02012[l],magole_hs_e,tmtrdcoa[x]
M01235[e],M02013[l],magpalm_hs_e,tetd7ecoa[m]
M01238[e],gd2_hs[c],magste_hs_e,tetdecdicoa[x]
M01582[e],acglcgalgluside_hs[c],magarachi_hs_e,ttetddcoa[m]
M02053[e],galacglcgalgluside_hs[c],pcholmyr_hs_c,5tedtricoa[x]
M02457[e],M02195[c],pcholole_hs_c,c14dccoa[x]
M02613[e],acgalfucgalacglcgalgluside_hs[c],peole_hs_c,3hdeccoa[m]
M02745[e],M02683[c],pcholpalme_hs_c,thexddcoa[m]
M03045[e],acngal14acglcgalgluside_hs[c],pcholpalm_hs_c,2hexdtricoa[x]
M03051[e],acglcgal14acglcgalgluside_hs[c],pepalm_hs_c,hexdtrcoa[m]
M03153[e],galacglcgal14acglcgalgluside_hs[c],pailpalm_hs_c,4hexdtricoa[x]
C01601[e],acglcgalacglcgal14acglcgalgluside_hs[c],pcholste_hs_c,hexdectecoa[x]
M02108[e],M02186[c],pchol2linl_hs_c,3hexdtricoa[x]
M03117[e],M02490[c],pe2linl_hs_c,2hexdtetcoa[x]
M03134[e],M01881[c],pchol2ole_hs_c,4hexdtetcoa[x]
caproic[e],C01747[c],pchol2palm_hs_c,hexdpencoa[x]
xolest2_hs[l],5HPET[m],pchol2ste_hs_c,3hexdtetcoa[x]
xolest2_hs[r],CE6246[c],pcholn15_hs_c,3hexdcoa[m]
M03134[c],arachd[n],pcholar_hs_c,hexdicoa[x]
M02694[c],M01111[e],pcholn183_hs_c,hexdiac[r]
M02694[m],HC02217[r],pcholn1836_hs_c,hexdicoa[r]
M02108[c],CE6232[c],pcholn19_hs_c,whhdca[r]
M02107[c],HC01118[c],pcholn201_hs_c,octdececoa[m]
M02107[m],Ssq23epx[c],pcholn204_hs_c,3octdece1coa[m]
M02616[m],M00939[c],pcholn205_hs_c,3ocddcoa[m]
M03117[c],M00937[c],pcholn224_hs_c,2octdectecoa[x]
M03116[c],44mzym[c],pcholn225_hs_c,3octdectecoa[x]
M03116[m],M00961[c],pcholn2254_hs_c,3hodcoa[m]
M03051[c],M00957[c],pcholn226_hs_c,eitetcoa[x]
M03050[c],4mzym[i]nt1[c],pear_hs_c,eipencoa[x]
M00129[c],4mzym[i]nt2[c],pe203_hs_c,5eipencoa[m]
M00117[c],HC02110[c],pe226_hs_c,2docopencoa[x]
HC10784[c],M00963[c],pe224_hs_c,docohexcoa[x]
M02745[c],M00959[c],pedh203_hs_c,3docopencoa[x]
M01141[c],M00955[c],pe12_hs_c,2docohexecoa[m]
M01197[c],M01067[c],pe14_hs_c,docohepcoa[m]
M01191[c],zymst[c],pe161_hs_c,docosahexcoa[m]
M00003[c],chlstol[c],pe13_hs_c,omhdocosac[r]
M00004[c],M00940[c],pe15_hs_c,succoa[c]
M01238[c],M00938[c],pe17_hs_c,glutcoa[c]
M01237[c],M00942[c],pcholn203_hs_c,3ivcoa[m]
M00019[c],M00962[c],pailar_hs_c,3ivcoa[c]
M00020[c],M00958[c],pcholn24_hs_c,3ivcrn[c]
vacccoa[c],M00954[c],pcholn261_hs_c,hx2coa[x]
M00127[c],M00966[c],pcholn281_hs_c,hexe3coa[x]
M00115[c],M00967[c],pcholn28_hs_c,succoa[x]
M00116[c],M00964[c],pcholdoc_hs_c,omhdecacid[r]
M02613[c],M00960[c],pcholeic_hs_c,hexdiac[c]
M02612[c],M00956[c],pcholet_hs_c,omhdocosac[c]
M00017[c],M01068[c],pcholhep_hs_c,omhdecacid[c]
M00018[c],cholcoar[c],pchollinl_hs_c,sebacid[c]
M01235[c],cholcoas[m],pelinl_hs_c,ocdececrn[c]
M01236[c],HC01459[m],glyc2p_c,ocdececrn[m]
M01207[c],cholcoaone[m],elaidcrn_e,octdececrn[c]
M00123[c],M00978[c],lnlccrn_e,octdececrn[m]
M02457[c],M00976[c],15HPET_e,octdececoa[c]
M00101[c],M01081[c],2oxoadp_e,subeac[x]
M02053[c],M01083[c],3moxtyr_e,sebacid[x]
M02052[c],M01077[c],4aabutn_e,subeac[c]
M01582[c],M01080[c],4tmeabutn_e,c8dc[x]
M00006[c],M01077[m],5aop_e,ttdcrn[e]
M03045[c],M01080[m],7dhchsterol_e,4hpro_LT[e]
M03047[c],M01076[m],acorn_e,alaala[c]
M03153[c],M01079[m],adpac_e,alaala[e]
M02112[c],M00746[m],amet_e,bglc[e]
M00010[c],M00753[m],and19one_e,glgchlo[e]
M00012[c],M02977[m],aracheth_e,gltcho[e]
M00341[c],M00742[m],pa_hs_e,tdechola[e]
M00343[c],M02977[c],biliverd_e,gltdechol[e]
M00260[c],M00742[c],C02712_e,carn[e]
M00315[c],M00615[c],C04717_e,glygly[c]
M00008[c],M00743[c],C04805_e,glygly[e]
M00021[c],M00615[x],C05957_e,glyphe[e]
M00023[c],M00743[x],C14768_e,glyphe[c]
M00265[c],M00625[m],C14769_e,glypro[e]
clpn_hs[m],M00625[c],C14770_e,glypro[c]
HC02042[c],M00606[m],C14771_e,glysar[c]
HC02048[c],M00579[m],C14825_e,glysar[e]
HC02054[c],M01075[r],C14826_e,dchac[e]
HC02050[c],hestratriol[l],CE2510_e,gum[e]
HC02056[c],CE5253[c],CE2537_e,gumdchac[e]
HC02051[c],CE5253[l],CE6031_e,gumgchol[e]
HC02057[c],3ohxccoa[c],CE6247_c,gumtchol[e]
HC02060[c],M00783[c],CE6247_e,5HPET[r]
HC02070[c],M00049[c],cortsn_c,leugly[e]
HC02076[c],M00887[c],didecaeth_e,leugly[c]
galgluside_hs[r],M00790[c],diholineth_e,leuleu[c]
galgbside_hs[c],M00054[c],docohxeth_e,leuleu[e]
M02197[c],M00873[c],docteteth_e,pect[e]
M02491[c],M00778[c],hepdeceth_e,pectindchac[e]
M03131[c],M00044[c],hexdeceeth_e,pectingchol[e]
gm1b_hs[c],M00907[c],hexdiac_e,pectintchol[e]
gm3_hs[c],M00802[c],hgentis_e,progly[e]
M02012[l],M00067[c],hxcoa_e,progly[c]
M02013[l],M00879[c],leuktrB4wcooh_e,psyl[e]
gd2_hs[c],M00715[c],leuktrB4woh_e,psylchol[e]
acglcgalgluside_hs[c],M03016[c],lineth_e,psyltchol[e]
M02683[c],M00843[c],Lpipecol_e,psyltdechol[e]
acngal14acglcgalgluside_hs[c],M00702[c],lthstrl_e,sbt__D[e]
acglcgal14acglcgalgluside_hs[c],M03014[c],mev__R_e,thm[e]
galacglcgal14acglcgalgluside_hs[c],M00852[c],Nacasp_e,avite1[c]
C01747[c],M00707[c],nwharg_e,1a25dhvitd3[c]
5HPET[m],M03018[c],oleth_e,1a25dhvitd3[n]
CE6246[c],M00839[c],pendecaeth_e,4abut[n]
M01111[e],M00699[c],pmeth_e,oh1[c]
HC02217[r],M03011[c],saccrp__L_e,oh1[e]
HC02180[r],M00871[c],sebacid_e,cysam[e]
CE6232[c],M00704[c],sphmyln180241_hs_e,hyptaur[e]
cholcoar[c],M03017[c],sphmyln18114_hs_e,q10[e]
cholcoas[m],CE4791[c],sphmyln18115_hs_e,dpcoa[e]
HC01459[m],M00860[c],sphmyln18116_hs_e,pan4p[e]
cholcoaone[m],M00085[c],sphmyln181161_hs_e,5dpmev[c]
M00978[c],M03008[c],sphmyln18117_hs_e,slfcys[e]
M00976[c],M00869[c],sphmyln18118_hs_e,fmn[e]
M01081[c],M00086[c],sphmyln181181_hs_e,ptth[e]
M01083[c],M03005[c],sphmyln18120_hs_e,q10h2[e]
M01077[c],M00862[c],sphmyln181201_hs_e,fe3[c]
M01080[c],M00712[c],sphmyln18121_hs_e,6pgl[c]
M01077[m],M03006[c],sphmyln18122_hs_e,dmpp[c]
M01080[m],M01729[c],sphmyln181221_hs_e,5pmev[c]
M01076[m],M01729[m],sphmyln18123_hs_e,1pyr5c[c]
M01079[m],M02973[c],sphmyln1824_hs_e,pheme[e]
M00746[m],M02973[m],sphmyln1825_hs_e,34hpp[e]
M00753[m],M00129[m],steeth_e,3mob[e]
M02977[m],M02976[c],subeac_e,3mop[e]
M00742[m],M02976[m],tetdecaeth_e,4mop[e]
M02977[c],M01141[m],tmlys_e,5mta[e]
M00742[c],M01191[m],trideceth_e,5oxpro[e]
M00615[c],M02102[c],xolest182_hs_e,ahcys[e]
M00743[c],M02102[m],xolest205_hs_e,aicar[e]
M00615[x],M00004[m],xolest226_hs_e,anth[e]
M00743[x],M02103[c],glyc2p_e,cbasp[e]
M00606[m],M02103[m],glyclt_e,mal__L[e]
M00579[m],M01237[m],ind3ac_e,idour[e]
M01075[r],M00020[m],Lcyst_e,5hoxindoa[e]
3ohxccoa[c],vacccrn[c],leuktrB4woh_c,glyald[e]
M00783[c],vacccrn[m],Lpipecol_c,pep[e]
M00049[c],vacccoa[m],pac_e,gudac[e]
M00887[c],M00127[m],pser__L_c,Lkynr[e]
M00790[c],M02638[c],saccrp__L_c,cala[e]
M00054[c],M02638[m],ttdcea_c,crtn[e]
M00873[c],M00116[m],ttdcea_e,kynate[e]
M00778[c],M02611[c],urcan_c,3hanthrn[e]
M00044[c],M02611[m],estriol_e,hLkynr[e]
M00907[c],M02612[m],ddca_e,quln[e]
M00802[c],M01776[c],phaccoa_m,2pg[e]
M00067[c],M01776[m],pheacgly_m,cholp[e]
M00879[c],M00018[m],pheacgly_c,cyst__L[e]
M00715[c],M01777[c],pheacgly_e,cyst__L[c]
M03016[c],M01777[m],pcresol_c,dcmp[e]
M00843[c],CE5151[m],pcs_c,dmgly[e]
M00702[c],M01775[c],pcresol_e,ethamp[e]
M03014[c],M01775[m],pcs_e,fum[e]
M00852[c],M01236[m],normete__L_e,g3pc[e]
M00707[c],M00122[c],thbpt_e,icit[e]
M03018[c],M00122[m],alaargcys_e,L2aadp[e]
M00839[c],M00123[m],alaarggly_e,xan[e]
M00699[c],M00100[c],alaasnleu_e,xmp[e]
M03011[c],M00100[m],alaglylys_e,xtsn[e]
M00871[c],M00101[m],alahisala_e,3pg[e]
M00704[c],M02051[c],alalysthr_e,udpglcur[e]
M03017[c],M02051[m],argalaala_e,glyc3p[e]
CE4791[c],M02052[m],argalaphe_e,nicrnt[e]
M00860[c],M01724[c],argalathr_e,orot5p[e]
M00085[c],M01724[m],argarg_e,hcys__L[e]
M03008[c],docoscoa[m],argarglys_e,retinal[e]
M00869[c],M01727[c],argargmet_e,argsuc[e]
M00086[c],M01727[m],argcysgly_e,acrn[e]
M03005[c],CE5155[m],argcysser_e,pcrn[e]
M00862[c],M01726[c],arggluglu_e,lneldccrn[e]
M00712[c],M01726[m],argglupro_e,odecrn[e]
M03006[c],M00006[m],argglygly_e,stcrn[e]
M01729[c],M02637[c],arghisthr_e,pmtcrn[e]
M01729[m],M02637[m],argleuphe_e,hdcecrn[e]
M02973[c],M00011[c],arglysasp_e,pcreat[e]
M02973[m],M00011[m],argphearg_e,HC00342[e]
M00129[m],M00012[m],argpromet_e,bgly[e]
M02976[c],M00342[c],argprothr_e,15kprostgf2[c]
M02976[m],M00342[m],argserser_e,and19one[c]
M01141[m],M00343[m],argtyrval_e,ttdceacoa[c]
M01191[m],M00261[c],argvalcys_e,21hprgnlone[c]
M02102[c],M00261[m],argvaltrp_e,pcholmyr_hs[e]
M02102[m],CE4854[m],asnasnarg_e,pcholole_hs[e]
M00004[m],M01770[c],asncyscys_e,peole_hs[e]
M02103[c],M01770[m],asnmetpro_e,pcholpalme_hs[e]
M02103[m],CE4843[m],asnpheasp_e,pcholpalm_hs[e]
M01237[m],M00022[c],asnphecys_e,pepalm_hs[e]
M00020[m],M00022[m],asntyrgly_e,pail_hs[e]
vacccrn[c],M00023[m],asntyrphe_e,pailpalm_hs[e]
vacccrn[m],M00263[c],asntyrthr_e,pcholste_hs[e]
vacccoa[m],M00263[m],aspalaarg_e,peste_hs[e]
M00127[m],CE4847[m],aspasnglu_e,pailste_hs[e]
M02638[c],stcrn[r],aspglu_e,pchol2linl_hs[e]
M02638[m],docoscoa[r],aspglupro_e,pe2linl_hs[e]
M00116[m],M02637[r],aspglutrp_e,pchol2ole_hs[e]
M02611[c],strdnccrn[r],asphiscys_e,pchol2palm_hs[e]
M02611[m],strdnccoa[r],asphispro_e,pchol2ste_hs[e]
M02612[m],lnlncgcrn[r],asplysglu_e,xolest183_hs[e]
M01776[c],ddca[r],asplyshis_e,xolest181_hs[e]
M01776[m],ddcacoa[r],aspmetasp_e,xolest204_hs[e]
M00018[m],M03051[r],aspprolys_e,pcholn15_hs[e]
M01777[c],M03050[r],aspvalasn_e,pcholar_hs[e]
M01777[m],ttdca[r],cysasnmet_e,pcholn183_hs[e]
CE5151[m],tdcoa[r],cysaspphe_e,pcholn1836_hs[e]
M01775[c],M02745[r],cyscys_e,pcholn19_hs[e]
M01775[m],M01141[r],cysglnmet_e,pcholn201_hs[e]
M01236[m],ttdcea[r],cysgluhis_e,pcholn204_hs[e]
M00122[c],M00129[r],cysglutrp_e,pcholn205_hs[e]
M00122[m],M00117[r],cysleuthr_e,pcholn224_hs[e]
M00123[m],HC10784[r],cyssermet_e,pcholn225_hs[e]
M00100[c],ptdca[r],cystyrasn_e,pcholn2254_hs[e]
M00100[m],ptdcacoa[r],glnasngln_e,pcholn226_hs[e]
M00101[m],M01197[r],glnhishis_e,pear_hs[e]
M02051[c],M01191[r],glnhislys_e,pe203_hs[e]
M02051[m],hpdca[r],glnlyslys_e,pe226_hs[e]
M02052[m],hpdcacoa[r],glnlystrp_e,pe224_hs[e]
M01724[c],M00003[r],glnproglu_e,pedh203_hs[e]
M01724[m],M00004[r],glntrpglu_e,pe12_hs[e]
docoscoa[m],M01238[r],glntyrleu_e,pe14_hs[e]
M01727[c],M01237[r],gluargleu_e,pe161_hs[e]
M01727[m],elaid[r],gluasnleu_e,pe13_hs[e]
CE5155[m],M00127[r],gluglu_e,pe15_hs[e]
M01726[c],M00019[r],gluilelys_e,pe17_hs[e]
M01726[m],M00020[r],gluleu_e,pcholn203_hs[e]
M00006[m],vacc[r],glumet_e,pailar_hs[e]
M02637[c],vacccoa[r],glumethis_e,pcholn24_hs[e]
M02637[m],lneldc[r],gluthr_e,pcholn261_hs[e]
M00011[c],lneldccoa[r],gluthrlys_e,pcholn281_hs[e]
M00011[m],M02613[r],glutrpala_e,pcholn28_hs[e]
M00012[m],M02612[r],glyhisasn_e,pcholdoc_hs[e]
M00342[c],arach[r],glyhislys_e,pcholeic_hs[e]
M00342[m],arachcoa[r],glylyscys_e,pcholet_hs[e]
M00343[m],CE2510[r],glylysphe_e,pcholhep_hs[e]
M00261[c],CE5151[r],glytyrlys_e,pchollinl_hs[e]
M00261[m],M00017[r],glyvalhis_e,pelinl_hs[e]
CE4854[m],M00018[r],hisargcys_e,sphmyln18114_hs[c]
M01770[c],M01235[r],hisargser_e,sphmyln18121_hs[c]
M01770[m],M01236[r],hisasp_e,sphmyln181221_hs[c]
CE4843[m],M01207[r],hiscyscys_e,sphmyln18122_hs[c]
M00022[c],M00123[r],hisglnala_e,sphmyln18123_hs[c]
M00022[m],M02457[r],hisglu_e,sphmyln180241_hs[c]
M00023[m],M00101[r],hisglugln_e,sphmyln1824_hs[c]
M00263[c],M02053[r],hisglylys_e,sphmyln1825_hs[c]
M00263[m],M02052[r],hishislys_e,sphmyln18115_hs[c]
CE4847[m],doco13ac[r],hislysala_e,sphmyln181161_hs[c]
stcrn[r],CE5155[r],hislysglu_e,sphmyln18116_hs[c]
odecrn[r],M01582[r],hislysile_e,sphmyln18117_hs[c]
M01724[r],M00006[r],hislysthr_e,sphmyln18118_hs[c]
docoscoa[r],M03045[r],hislysval_e,sphmyln181181_hs[c]
M02637[r],M03047[r],hismet_e,sphmyln181201_hs[c]
strdnccrn[r],lgnc[r],hismetgln_e,sphmyln18120_hs[c]
strdnccoa[r],ttccoa[r],hisphearg_e,xolest183_hs[l]
tmndnccrn[r],nrvnc[r],hisprolys_e,xolest182_hs[l]
lnlncgcrn[r],nrvnccoa[r],histrphis_e,xolest205_hs[l]
dlnlcgcrn[r],hexc[r],ileargile_e,tmndnc[l]
ddca[r],hexccoa[r],ileasnhis_e,xolest226_hs[l]
ddcacoa[r],M03153[r],ileasp_e,crvnc[l]
M03051[r],M02112[r],ileglnglu_e,maglinl_hs[e]
M03050[r],eicostet[r],ileglyarg_e,magole_hs[e]
ttdca[r],eicostetcoa[r],ileprolys_e,magpalm_hs[e]
tdcoa[r],clpnd[r],ileserarg_e,magste_hs[e]
M02745[r],clpndcoa[r],iletrptyr_e,magarachi_hs[e]
M01141[r],tetpent3[r],leualaarg_e,pcholmyr_hs[c]
ttdcea[r],tetpent3coa[r],leuasnasp_e,pcholole_hs[c]
M00129[r],crvnc[r],leuasplys_e,peole_hs[c]
M00117[r],c226coa[r],leuleutrp_e,pcholpalme_hs[c]
HC10784[r],M00010[r],leupro_e,pcholpalm_hs[c]
ptdca[r],M00012[r],leuproarg_e,pepalm_hs[c]
ptdcacoa[r],M00341[r],leusertrp_e,pailpalm_hs[c]
M01197[r],M00343[r],leutrp_e,pcholste_hs[c]
M01191[r],adrn[r],leutrparg_e,pchol2linl_hs[c]
hpdca[r],adrncoa[r],leutyrtyr_e,pe2linl_hs[c]
hpdcacoa[r],tettet6[r],leuval_e,pchol2ole_hs[c]
M00003[r],tettet6coa[r],lysargleu_e,pchol2palm_hs[c]
M00004[r],dcsptn1[r],lyscyshis_e,pchol2ste_hs[c]
M01238[r],dcsptn1coa[r],lysglnphe_e,pcholn15_hs[c]
M01237[r],M00008[r],lysgluglu_e,pcholar_hs[c]
elaid[r],CE4843[r],lyslyslys_e,pcholn183_hs[c]
M00127[r],M00021[r],lyspheile_e,pcholn1836_hs[c]
M00019[r],M00023[r],lystrparg_e,pcholn19_hs[c]
M00020[r],M02112[x],lystyrile_e,pcholn201_hs[c]
vacc[r],M00049[x],lysvalphe_e,pcholn204_hs[c]
vacccoa[r],M00783[x],lysvaltrp_e,pcholn205_hs[c]
lneldc[r],CE2245[x],metargleu_e,pcholn224_hs[c]
lneldccoa[r],CE2249[x],metasntyr_e,pcholn225_hs[c]
M02613[r],CE2253[x],metglntyr_e,pcholn2254_hs[c]
M02612[r],CE2242[x],metglyarg_e,pcholn226_hs[c]
arach[r],CE2246[x],methislys_e,pear_hs[c]
arachcoa[r],CE2250[x],metmetile_e,pe203_hs[c]
CE2510[r],CE2243[x],metphearg_e,pe226_hs[c]
CE5151[r],CE2247[x],mettrpphe_e,pe224_hs[c]
M00017[r],CE2251[x],pheasnmet_e,pedh203_hs[c]
M00018[r],od2coa[x],pheasp_e,pe12_hs[c]
M01235[r],CE2248[x],pheglnphe_e,pe14_hs[c]
M01236[r],HC01415[x],pheleu_e,pe161_hs[c]
M01207[r],HC01405[x],pheleuasp_e,pe13_hs[c]
M00123[r],HC01406[x],pheleuhis_e,pe15_hs[c]
M02457[r],HC01407[x],phelysala_e,pe17_hs[c]
M00101[r],HC01408[x],phelyspro_e,pcholn203_hs[c]
M02053[r],CE2242[m],phephe_e,pailar_hs[c]
M02052[r],CE2246[m],phepheasn_e,pcholn24_hs[c]
doco13ac[r],CE2250[m],phephethr_e,pcholn261_hs[c]
CE5155[r],CE2243[m],pheproarg_e,pcholn281_hs[c]
M01582[r],CE2247[m],phesertrp_e,pcholn28_hs[c]
M00006[r],CE2251[m],phethrlys_e,pcholdoc_hs[c]
M03045[r],CE2248[m],phetrpleu_e,pcholeic_hs[c]
M03047[r],3ohodcoa[m],phetyr_e,pcholet_hs[c]
lgnc[r],M00044[m],phetyrgln_e,pcholhep_hs[c]
ttccoa[r],M00778[m],phetyrlys_e,pchollinl_hs[c]
nrvnc[r],M00873[m],proargasp_e,pelinl_hs[c]
nrvnccoa[r],M00054[m],proargcys_e,3mtp[e]
hexc[r],M00790[m],proasncys_e,elaidcrn[e]
hexccoa[r],M00887[m],procys_e,lnlccrn[e]
M03153[r],M00046[m],proglnpro_e,phlac[e]
M02112[r],M00780[m],proglulys_e,15HPET[e]
eicostet[r],M00875[m],prohis_e,15kprostgf2[e]
eicostetcoa[r],M00061[m],prohistyr_e,21hprgnlone[e]
clpnd[r],M00795[m],proleuarg_e,2oxoadp[e]
clpndcoa[r],M00897[m],prolyspro_e,34hpl[e]
tetpent3[r],M03050[m],prophe_e,3hmp[c]
tetpent3coa[r],M00069[m],proproarg_e,3hmp[e]
crvnc[r],M00804[m],propropro_e,3hpppnohgluc[e]
c226coa[r],M00909[m],protrplys_e,3hpp[e]
M00010[r],M00071[m],protrpthr_e,3mhis[e]
M00012[r],M00806[m],provalgln_e,3moxtyr[e]
M00341[r],M00911[m],serargala_e,3uib[e]
M00343[r],M00056[m],serargtrp_e,4aabutn[e]
adrn[r],M00792[m],sercysarg_e,4tmeabutn[e]
adrncoa[r],M00889[m],serglyglu_e,56dthm[e]
tettet6[r],M00048[m],serlyshis_e,56dura[e]
tettet6coa[r],M00782[m],serphelys_e,5aop[e]
dcsptn1[r],M00877[m],sertrphis_e,5HPET[e]
dcsptn1coa[r],M00063[m],thrargtyr_e,7dhchsterol[e]
M00008[r],M00797[m],thrasntyr_e,abt__D[e]
CE4843[r],M00899[m],thrglnglu_e,acglu[c]
M00021[r],CE5154[m],thrglntyr_e,acglu[e]
M00023[r],CE5153[m],thrhishis_e,acgly[e]
M03047[x],CE5152[m],thrilearg_e,aclys[e]
CE4855[x],CE5150[m],thrmetarg_e,acorn[e]
M02112[x],CE5148[m],thrphearg_e,acthr__L[e]
M00049[x],CE5144[m],thrserarg_e,adpac[e]
M00783[x],M03019[m],thrthrarg_e,adpoh[e]
CE2245[x],M00172[m],thrtyrmet_e,alltn[e]
CE2249[x],M00849[m],trpalapro_e,amet[e]
CE2253[x],M03022[m],trpargala_e,and19one[e]
CE2242[x],M01573[m],trpaspasp_e,aracheth[e]
CE2246[x],M00885[m],trpglngln_e,pa_hs[e]
CE2250[x],M03014[m],trpglugly_e,biliverd[e]
CE2243[x],M00702[m],trpgluleu_e,C02356[e]
CE2247[x],M00843[m],trpglupro_e,C02712[e]
CE2251[x],M03024[m],trpglutyr_e,C04717[e]
od2coa[x],M00170[m],trpglyleu_e,C04805[e]
CE2248[x],M00841[m],trpglyphe_e,C05957[e]
HC01415[x],M03016[x],trpglyval_e,C06314[e]
HC01405[x],M00715[x],trphismet_e,C06315[e]
HC01406[x],M00879[x],trpilelys_e,C11695[e]
HC01407[x],CE5158[x],trpiletrp_e,C14768[e]
HC01408[x],CE5157[x],trpleuval_e,C14769[e]
CE2242[m],CE5156[x],trplys_e,C14770[e]
CE2246[m],CE5155[x],trpmetarg_e,C14771[e]
CE2250[m],CE5154[x],trpmetval_e,C14825[e]
CE2243[m],CE5153[x],trpphe_e,C14826[e]
CE2247[m],CE5152[x],trpprogly_e,CE0955[e]
CE2251[m],CE5151[x],trpproleu_e,CE1243[e]
CE2248[m],CE5150[x],trpproval_e,CE1273[c]
3ohodcoa[m],CE5148[x],trpsertyr_e,CE1273[e]
M00044[m],CE5144[x],trpthrglu_e,CE1556[e]
M00778[m],HC10856[x],trpthrile_e,CE2028[e]
M00873[m],HC10857[x],trpthrtyr_e,CE2176[e]
M00054[m],HC10858[x],trptyrgln_e,CE2445[e]
M00790[m],M01191[x],trptyrtyr_e,CE2510[e]
M00887[m],M03019[x],trpvalasp_e,CE2537[e]
M00046[m],M00172[x],tyrala_e,eidi1114ac[e]
M00780[m],M00849[x],tyralaphe_e,CE5304[e]
M00875[m],M01141[x],tyrargglu_e,CE6031[e]
M00061[m],M03022[x],tyrargser_e,CE6247[c]
M00795[m],M01573[x],tyrasparg_e,CE6247[e]
M00897[m],M00885[x],tyrcysgly_e,CE7082[e]
M03050[m],CE5116[m],tyrcysthr_e,CE7083[e]
M00069[m],CE5114[m],tyrglu_e,CE7172[e]
M00804[m],CE4791[m],tyrleuarg_e,cortsn[c]
M00909[m],CE4793[m],tyrphetyr_e,cortsn[e]
M00071[m],CE2437[m],tyrthr_e,didecaeth[e]
M00806[m],CE2438[m],tyrtrpphe_e,diholineth[e]
M00911[m],CE2439[m],tyrtyr_e,docohxeth[e]
M00056[m],CE2440[m],tyrvalmet_e,docteteth[e]
M00792[m],CE2441[m],valarggly_e,dodecanac[e]
M00889[m],ac[x],valhisasn_e,forglu[e]
M00048[m],M01498[r],valleuphe_e,HC00900[e]
M00782[m],M01510[r],vallystyr_e,hepdeceth[e]
M00877[m],M01501[r],valphearg_e,hexdeceeth[e]
M00063[m],M01487[r],valprotrp_e,hexdiac[e]
M00797[m],M01479[r],valserarg_e,hgentis[e]
M00899[m],M01470[r],valtrpphe_e,hmcarn[e]
CE5154[m],M01506[r],valtrpval_e,hmcr[e]
CE5153[m],M01477[r],valval_e,hxcoa[e]
CE5152[m],M01495[r],trpglyasp_e,leuktrB4wcooh[e]
CE5150[m],M01454[r],alaargcys_c,leuktrB4woh[e]
CE5148[m],M01485[r],alaarggly_c,lineth[e]
CE5144[m],M01464[r],alaasnleu_c,Lpipecol[e]
M03019[m],M01489[r],alaglylys_c,lthstrl[e]
M00172[m],M01486[r],alahisala_c,mev__R[e]
M00849[m],M01474[r],alalysthr_c,mi1p__D[e]
M03022[m],M01502[r],argalaala_c,Nacasp[e]
M01573[m],M01492[r],argalaphe_c,nwharg[e]
M00885[m],M01463[r],argalathr_c,oleth[e]
M03014[m],M01458[r],argarg_c,pcollg5hlys[e]
M00702[m],M01484[r],argarglys_c,pendecaeth[e]
M00843[m],M01481[r],argargmet_c,pmeth[e]
M03024[m],M01469[r],argcysgly_c,saccrp__L[e]
M00170[m],M01494[r],argcysser_c,sebacid[e]
M00841[m],M01491[r],arggluglu_c,sphmyln180241_hs[e]
M03016[x],M01462[r],argglupro_c,sphmyln18114_hs[e]
M00715[x],M01457[r],argglygly_c,sphmyln18115_hs[e]
M00879[x],M01509[r],arghisthr_c,sphmyln18116_hs[e]
CE5158[x],M01508[r],argleuphe_c,sphmyln181161_hs[e]
CE5157[x],M01465[r],arglysasp_c,sphmyln18117_hs[e]
CE5156[x],M01496[r],argphearg_c,sphmyln18118_hs[e]
CE5155[x],M01497[r],argpromet_c,sphmyln181181_hs[e]
CE5154[x],M01473[r],argprothr_c,sphmyln18120_hs[e]
CE5153[x],M01480[r],argserser_c,sphmyln181201_hs[e]
CE5152[x],M01468[r],argtyrval_c,sphmyln18121_hs[e]
CE5151[x],M01475[r],argvalcys_c,sphmyln18122_hs[e]
CE5150[x],M01482[r],argvaltrp_c,sphmyln181221_hs[e]
CE5148[x],M01471[r],asnasnarg_c,sphmyln18123_hs[e]
CE5144[x],M01466[r],asncyscys_c,sphmyln1824_hs[e]
HC10856[x],M01455[r],asnmetpro_c,sphmyln1825_hs[e]
HC10857[x],M01460[r],asnpheasp_c,steeth[e]
HC10858[x],M01490[r],asnphecys_c,subeac[e]
M01191[x],M01476[r],asntyrgly_c,tetdeca511ac[e]
M03019[x],M01483[r],asntyrphe_c,tetdecaeth[e]
M00172[x],M01472[r],asntyrthr_c,thrnt[e]
M00849[x],M01467[r],aspalaarg_c,tmlys[e]
M01141[x],M01456[r],aspasnglu_c,trideceth[e]
M03022[x],M01461[r],aspglu_c,txb2[e]
M01573[x],amp[n],aspglupro_c,urcan[e]
M00885[x],HC01609[c],aspglutrp_c,xolest182_hs[e]
CE5116[m],M00245[c],asphiscys_c,xolest205_hs[e]
CE5114[m],dhlam[c],asphispro_c,xolest226_hs[e]
CE4791[m],pail5p_hs[g],asplysglu_c,galt[e]
CE4793[m],pail_hs[g],asplyshis_c,glyc__R[e]
CE2437[m],retinol[r],aspmetasp_c,glyc2p[e]
CE2438[m],coucoa[c],aspprolys_c,glyclt[e]
CE2439[m],4hbzcoa[c],aspvalasn_c,3hpppn[e]
CE2440[m],M00658[m],cysasnmet_c,ind3ac[e]
CE2441[m],M01165[m],cysaspphe_c,Lcyst[e]
ac[x],M00770[m],cyscys_c,leuktrB4woh[c]
M01498[r],peplys[c],cysglnmet_c,Lpipecol[c]
M01510[r],M00213[c],cysgluhis_c,oaa[e]
M01501[r],Ndmelys[c],cysglutrp_c,pac[e]
M01487[r],Ntmelys[c],cysleuthr_c,pcollg5hlys[c]
M01479[r],M01871[g],cyssermet_c,pser__L[c]
M01470[r],M01872[g],cystyrasn_c,pser__L[e]
M01506[r],M01872[e],glnasngln_c,saccrp__L[c]
M01477[r],doldp_[l][c],glnhishis_c,ttdcea[c]
M01495[r],M01869[g],glnhislys_c,ttdcea[e]
M01454[r],M01870[g],glnlyslys_c,urcan[c]
M01485[r],M01870[e],glnlystrp_c,acile__L[e]
M01464[r],M00673[c],glnproglu_c,acleu__L[e]
M01489[r],M01389[c],glntrpglu_c,achom__L[e]
M01486[r],ditp[e],glntyrleu_c,phacgly[e]
M01474[r],HC01361[c],gluargleu_c,estriol[e]
M01502[r],HC02057[r],gluasnleu_c,ddca[e]
M01492[r],M02446[c],gluglu_c,urscholcoa[c]
M01463[r],M02446[e],gluilelys_c,7klitchol[c]
M01458[r],M02447[c],gluleu_c,phaccoa[m]
M01484[r],M02447[e],glumet_c,pheacgly[m]
M01481[r],M02449[c],glumethis_c,pheacgly[c]
M01469[r],M02449[e],gluthr_c,pheacgly[e]
M01494[r],M02451[c],gluthrlys_c,pcresol[c]
M01491[r],M02451[e],glutrpala_c,pcs[c]
M01462[r],M01966[c],glyhisasn_c,pcresol[e]
M01457[r],adpman[e],glyhislys_c,pcs[e]
M01509[r],rbl__D[e],glylyscys_c,normete__L[e]
M01508[r],M01966[e],glylysphe_c,C05300[e]
M01465[r],M01881[e],glytyrlys_c,dhbpt[e]
M01496[r],M03131[e],glyvalhis_c,thbpt[e]
M01497[r],n5m2masn[c],hisargcys_c,alaargcys[e]
M01473[r],n5m2masn[e],hisargser_c,alaarggly[e]
M01480[r],dolichol_[l][e],hisasp_c,alaasnleu[e]
M01468[r],M03168[m],hiscyscys_c,alaglylys[e]
M01475[r],2hatvacid[c],hisglnala_c,alahisala[e]
M01482[r],2hatvlac[c],hisglu_c,alalysthr[e]
M01471[r],2hatvacid[e],hisglugln_c,argalaala[e]
M01466[r],2hatvlac[e],hisglylys_c,argalaphe[e]
M01455[r],pvs[r],hishislys_c,argalathr[e]
M01460[r],35dhpvs[c],hislysala_c,argarg[e]
M01490[r],35dhpvs[e],hislysglu_c,argarglys[e]
M01476[r],smv[r],hislysile_c,argargmet[e]
M01483[r],35dsmv[r],hislysthr_c,argcysgly[e]
M01472[r],35dsmv[c],hislysval_c,argcysser[e]
M01467[r],35dsmv[e],hismet_c,arggluglu[e]
M01456[r],3hpvscoa[m],hismetgln_c,argglupro[e]
M01461[r],3hpvstetcoa[m],hisphearg_c,argglygly[e]
M00245[c],3hpvscoa[x],hisprolys_c,arghisthr[e]
dhlam[c],3hpvstetcoa[x],histrphis_c,argleuphe[e]
pail5p_hs[g],3hpvstet[c],ileargile_c,arglysasp[e]
pail_hs[g],3hpvstet[e],ileasnhis_c,argphearg[e]
retinol[r],3hpvs[r],ileasp_c,argpromet[e]
M00658[m],3hpvs[c],ileglnglu_c,argprothr[e]
M01165[m],3hpvs[e],ileglyarg_c,argserser[e]
M00770[m],3hsmv[c],ileprolys_c,argtyrval[e]
peplys[c],3hsmvacid[c],ileserarg_c,argvalcys[e]
M00213[c],3hsmvacid[e],iletrptyr_c,argvaltrp[e]
Ndmelys[c],6hsmv[r],leualaarg_c,asnasnarg[e]
Ntmelys[c],3hsmv[r],leuasnasp_c,asncyscys[e]
M01869[g],pvs[c],leuasplys_c,asnmetpro[e]
M01870[g],3ispvs[c],leuleutrp_c,asnpheasp[e]
M01870[e],3ispvs[e],leupro_c,asnphecys[e]
ditp[e],glz[r],leuproarg_c,asntyrgly[e]
HC02057[r],4hatvlac[c],leusertrp_c,asntyrphe[e]
M02446[c],4hatvacid[c],leutrp_c,asntyrthr[e]
M02446[e],4hatvacid[e],leutrparg_c,aspalaarg[e]
M02447[c],4hatvlac[e],leutyrtyr_c,aspasnglu[e]
M02447[e],56dhpvs[c],leuval_c,aspglu[e]
M02449[c],56dhpvs[e],lysargleu_c,aspglupro[e]
M02449[e],56eppvs[c],lyscyshis_c,aspglutrp[e]
M02451[c],56eppvs[e],lysglnphe_c,asphiscys[e]
M02451[e],5ohfvs[r],lysgluglu_c,asphispro[e]
M01966[c],fvs[r],lyslyslys_c,asplysglu[e]
M01966[e],5ohfvs[c],lyspheile_c,asplyshis[e]
M03131[e],5ohfvs[e],lystrparg_c,aspmetasp[e]
n5m2masn[c],6bhglz[c],lystyrile_c,aspprolys[e]
n5m2masn[e],6bhglz[e],lysvalphe_c,aspvalasn[e]
M03168[m],6bhglz[r],lysvaltrp_c,cysasnmet[e]
12dhchol[c],6csmv[c],metargleu_c,cysaspphe[e]
12dhchol[e],6csmvacid[c],metasntyr_c,cyscys[e]
3dhchol[c],6csmvacid[e],metglntyr_c,cysglnmet[e]
3dhcdchol[c],6msmv[r],metglyarg_c,cysgluhis[e]
3dhcdchol[e],6csmv[r],methislys_c,cysglutrp[e]
3dhchol[e],6epvs[c],metmetile_c,cysleuthr[e]
3dhdchol[c],6epvs[e],metphearg_c,cyssermet[e]
3dhdchol[e],6hmsmv[c],mettrpphe_c,cystyrasn[e]
3dhlchol[c],6hmsmvacid[c],pheasnmet_c,glnasngln[e]
3dhlchol[e],6hmsmvacid[e],pheasp_c,glnhishis[e]
7dhcdchol[c],6hmsmv[r],pheglnphe_c,glnhislys[e]
7dhcdchol[e],7hpvs[c],pheleu_c,glnlyslys[e]
7dhchol[c],7hpvs[e],pheleuasp_c,glnlystrp[e]
7dhchol[e],acmp[c],pheleuhis_c,glnproglu[e]
ca3s[c],acmp[e],phelysala_c,glntrpglu[e]
ca3s[e],sulpacmp[c],phelyspro_c,glntyrleu[e]
hyochol[c],atvacid[e],phephe_c,gluargleu[e]
coprost[c],atvacid[c],phepheasn_c,gluasnleu[e]
coprost[e],atvlac[c],phephethr_c,gluglu[e]
dca3s[c],atvlac[e],pheproarg_c,gluilelys[e]
dca3s[e],crvsm1[r],phesertrp_c,gluleu[e]
gca3s[c],crvsm1[c],phethrlys_c,glumet[e]
gcdca3s[c],crvsm1[e],phetrpleu_c,glumethis[e]
gdca3s[c],crvsm23[r],phetyr_c,gluthr[e]
gudca3s[c],crvs[e],phetyrgln_c,gluthrlys[e]
icdchol[c],crvs[c],phetyrlys_c,glutrpala[e]
isochol[c],cvm1gluc[r],proargasp_c,glyhisasn[e]
lca3s[c],cvm23gluc[r],proargcys_c,glyhislys[e]
tca3s[c],crvsm23[c],proasncys_c,glylyscys[e]
tcdca3s[c],crvsm23[e],procys_c,glylysphe[e]
tdca3s[c],crvsm24[c],proglnpro_c,glytyrlys[e]
thyochol[c],crvsm24[e],proglulys_c,glyvalhis[e]
tudca3s[c],fvs[x],prohis_c,hisargcys[e]
uchol[c],deoxfvs[x],prohistyr_c,hisargser[e]
udca3s[c],deoxfvs[c],proleuarg_c,hisasp[e]
gca3s[e],deoxfvs[e],prolyspro_c,hiscyscys[e]
gcdca3s[e],glz[c],prophe_c,hisglnala[e]
gdca3s[e],dspvs[r],proproarg_c,hisglu[e]
gudca3s[e],dspvs[c],propropro_c,hisglugln[e]
hyochol[e],dspvs[e],protrplys_c,hisglylys[e]
icdchol[e],fvs[e],protrpthr_c,hishislys[e]
isochol[e],glz[e],provalgln_c,hislysala[e]
lca3s[e],ibup__R[e],serargala_c,hislysglu[e]
tca3s[e],ibup__S[e],serargtrp_c,hislysile[e]
tcdca3s[e],ndersv[e],sercysarg_c,hislysthr[e]
tdca3s[e],profvs[e],serglyglu_c,hislysval[e]
thyochol[e],ptvst[e],serlyshis_c,hismet[e]
tudca3s[e],ptvstm3[e],serphelys_c,hismetgln[e]
uchol[e],pvs[e],sertrphis_c,hisphearg[e]
udca3s[e],pvsgluc[e],thrargtyr_c,hisprolys[e]
2hatvacid[c],rsv[e],thrasntyr_c,histrphis[e]
2hatvlac[c],rsvlac[e],thrglnglu_c,ileargile[e]
2hatvacid[e],smv[e],thrglntyr_c,ileasnhis[e]
2hatvlac[e],sulpacmp[e],thrhishis_c,ileasp[e]
35dhpvs[c],tripvs[e],thrilearg_c,ileglnglu[e]
35dhpvs[e],fvs[c],thrmetarg_c,ileglyarg[e]
3hpvscoa[m],ibup__R[c],thrphearg_c,ileprolys[e]
3hpvstetcoa[m],ibupcoa__R[c],thrserarg_c,ileserarg[e]
3hpvscoa[x],ibupcoa__S[c],thrthrarg_c,iletrptyr[e]
3hpvstetcoa[x],ibup__S[c],thrtyrmet_c,leualaarg[e]
3hpvstet[c],rsv[r],trpalapro_c,leuasnasp[e]
3hpvstet[e],ndersv[r],trpargala_c,leuasplys[e]
3hpvs[c],ndersv[c],trpaspasp_c,leuleutrp[e]
3hpvs[e],fvscoa[x],trpglngln_c,leupro[e]
pvs[c],profvscoa[x],trpglugly_c,leuproarg[e]
3ispvs[c],profvscoa[c],trpgluleu_c,leusertrp[e]
3ispvs[e],profvs[c],trpglupro_c,leutrp[e]
4hatvlac[c],ptvst[c],trpglutyr_c,leutrparg[e]
4hatvacid[c],ptvst[r],trpglyleu_c,leutyrtyr[e]
4hatvacid[e],ptvstm3[c],trpglyphe_c,leuval[e]
4hatvlac[e],ptvstm3[r],trpglyval_c,lysargleu[e]
6epvs[c],pvsgluc[c],trphismet_c,lyscyshis[e]
6epvs[e],rsv[c],trpilelys_c,lysglnphe[e]
atvacid[e],rsvgluc[r],trpiletrp_c,lysgluglu[e]
atvacid[c],rsvlac[r],trpleuval_c,lyslyslys[e]
atvlac[c],rsvlac[c],trplys_c,lyspheile[e]
atvlac[e],simvgluc[r],trpmetarg_c,lystrparg[e]
crvsm1[r],smvacid[r],trpmetval_c,lystyrile[e]
crvsm23[r],smv[c],trpphe_c,lysvalphe[e]
crvs[e],tripvs[c],trpprogly_c,lysvaltrp[e]
crvs[c],3hpvscoa[c],trpproleu_c,metargleu[e]
cvm1gluc[r],3hpvstetcoa[c],trpproval_c,metasntyr[e]
cvm23gluc[r],fvscoa[c],trpsertyr_c,metglntyr[e]
fvs[x],h[i],trpthrglu_c,metglyarg[e]
deoxfvs[x],focytb5[c],trpthrile_c,methislys[e]
deoxfvs[c],cmpglna[c],trpthrtyr_c,metmetile[e]
deoxfvs[e],ficytb5[c],trptyrgln_c,metphearg[e]
fvs[e],HC01115[c],trptyrtyr_c,mettrpphe[e]
ibup__R[e],,trpvalasp_c,pheasnmet[e]
ibup__S[e],,tyrala_c,pheasp[e]
ibupgluc[e],,tyralaphe_c,pheglnphe[e]
profvs[e],,tyrargglu_c,pheleu[e]
ptvst[e],,tyrargser_c,pheleuasp[e]
pvs[e],,tyrasparg_c,pheleuhis[e]
rsv[e],,tyrcysgly_c,phelysala[e]
smv[e],,tyrcysthr_c,phelyspro[e]
fvs[c],,tyrglu_c,phephe[e]
ibupgluc[c],,tyrleuarg_c,phepheasn[e]
ibup__S[r],,tyrphetyr_c,phephethr[e]
ibupgluc[r],,tyrthr_c,pheproarg[e]
ibup__R[c],,tyrtrpphe_c,phesertrp[e]
ibupcoa__R[c],,tyrtyr_c,phethrlys[e]
ibupcoa__S[c],,tyrvalmet_c,phetrpleu[e]
ibup__S[c],,valarggly_c,phetyr[e]
fvscoa[x],,valhisasn_c,phetyrgln[e]
profvscoa[x],,valleuphe_c,phetyrlys[e]
profvscoa[c],,vallystyr_c,proargasp[e]
profvs[c],,valphearg_c,proargcys[e]
ptvst[c],,valprotrp_c,proasncys[e]
rsv[c],,valserarg_c,procys[e]
simvgluc[r],,valtrpphe_c,proglnpro[e]
smvacid[r],,valtrpval_c,proglulys[e]
smv[c],,valval_c,prohis[e]
3hpvscoa[c],,trpglyasp_c,prohistyr[e]
3hpvstetcoa[c],,glyleu_c,proleuarg[e]
fvscoa[c],,homoval_e,prolyspro[e]
h[i],,xolest183_hs_c,prophe[e]
focytb5[c],,xolest182_hs_c,proproarg[e]
cmpglna[c],,xolest205_hs_c,propropro[e]
ficytb5[c],,xolest226_hs_c,protrplys[e]
HC01115[c],,sphmyln_hs_e,protrpthr[e]
,,Lhcystin_c,provalgln[e]
,,Lhcystin_e,serargala[e]
,,pgp_hs_m,serargtrp[e]
,,pglyc_hs_m,sercysarg[e]
,,acnam_e,serglyglu[e]
,,etha_e,serlyshis[e]
,,ppp9_c,serphelys[e]
,,acgal_e,sertrphis[e]
,,s2l2n2m2m_e,thrargtyr[e]
,,s2l2n2m2m_c,thrasntyr[e]
,,f1a_e,thrglnglu[e]
,,lpam_e,thrglntyr[e]
,,lpam_c,thrhishis[e]
,,dxtrn_e,thrilearg[e]
,,2obut_e,thrmetarg[e]
,,grdp_c,thrphearg[e]
,,glyleu_e,thrserarg[e]
,,methf_c,thrthrarg[e]
,,ppbng_c,thrtyrmet[e]
,,hmbil_c,trpalapro[e]
,,4ppan_c,trpargala[e]
,,4ppcys_c,trpaspasp[e]
,,phom_c,trpglngln[e]
,,HC01434_c,trpglugly[e]
,,HC01668_c,trpgluleu[e]
,,gua_e,trpglupro[e]
,,fprica_c,trpglutyr[e]
,,glcr_e,trpglyleu[e]
,,hxan_e,trpglyphe[e]
,,xyl__D_e,trpglyval[e]
,,gal1p_c,trphismet[e]
,,im4ac_c,trpilelys[e]
,,4izp_c,trpiletrp[e]
,,34dhpha_e,trpleuval[e]
,,etoh_e,trplys[e]
,,phpyr_e,trpmetarg[e]
,,tym_e,trpmetval[e]
,,2hyoxplac_e,trpphe[e]
,,lanost_e,trpprogly[e]
,,CE4970_c,trpproleu[e]
,,CE4970_e,trpproval[e]
,,CE2026_c,trpsertyr[e]
,,CE2026_e,trpthrglu[e]
,,CE4968_c,trpthrile[e]
,,CE4968_e,trpthrtyr[e]
,,vanilpyr_c,trptyrgln[e]
,,2h3mv_c,trptyrtyr[e]
,,2hiv_c,trpvalasp[e]
,,2m3ovcoa_m,tyrala[e]
,,3ohglutac_c,tyralaphe[e]
,,3ohglutac_e,tyrargglu[e]
,,3hadicoa_x,tyrargser[e]
,,3hadpac_x,tyrasparg[e]
,,3hadpac_c,tyrcysgly[e]
,,3hadpac_e,tyrcysthr[e]
,,3ohsebcoa_x,tyrglu[e]
,,3ohsebac_x,tyrleuarg[e]
,,3ohsebac_c,tyrphetyr[e]
,,3ohsebac_e,tyrthr[e]
,,3ohsubcoa_x,tyrtrpphe[e]
,,3ohsubac_x,tyrtyr[e]
,,3ohsubac_c,tyrvalmet[e]
,,3ohsubac_e,valarggly[e]
,,caproic_c,valhisasn[e]
,,peste_hs_c,valleuphe[e]
,,2hydog_c,vallystyr[e]
,,2hydog_e,valphearg[e]
,,glutar_c,valprotrp[e]
,,glutar_e,valserarg[e]
,,thexdd_m,valtrpphe[e]
,,thexdd_c,valtrpval[e]
,,thexdd_e,valval[e]
,,hexdtr_m,trpglyasp[e]
,,hexdtr_c,alaargcys[c]
,,hexdtr_e,alaarggly[c]
,,hpdececoa_m,alaasnleu[c]
,,hpdece_m,alaglylys[c]
,,hpdece_c,alahisala[c]
,,hpdece_e,alalysthr[c]
,,eic21114tr_c,argalaala[c]
,,eic21114tr_e,argalaphe[c]
,,5eipenc_m,argalathr[c]
,,5eipenc_c,argarg[c]
,,5eipenc_e,argarglys[c]
,,T4hcinnm_c,argargmet[c]
,,T4hcinnm_e,argcysgly[c]
,,agm_c,argcysser[c]
,,agm_e,arggluglu[c]
,,andrstndn_e,argglupro[c]
,,eandrstrn_c,argglygly[c]
,,eandrstrn_e,arghisthr[c]
,,ahandrostan_c,argleuphe[c]
,,ahandrostan_e,arglysasp[c]
,,andrstandn_c,argphearg[c]
,,andrstandn_e,argpromet[c]
,,CE2209_e,argprothr[c]
,,C05301_e,argserser[c]
,,C05299_e,argtyrval[c]
,,C05302_e,argvalcys[c]
,,CE5072_e,argvaltrp[c]
,,11docrtsl_e,asnasnarg[c]
,,11docrtstrn_e,asncyscys[c]
,,prgnlone_e,asnmetpro[c]
,,CE2211_e,asnpheasp[c]
,,17ahprgstrn_e,asnphecys[c]
,,17ahprgnlone_e,asntyrgly[c]
,,C03681_e,asntyrphe[c]
,,prgnlones_e,asntyrthr[c]
,,CE1352_e,aspalaarg[c]
,,mma_e,aspasnglu[c]
,,C05769_e,aspglu[c]
,,mhista_e,aspglupro[c]
,,CE2006_e,aspglutrp[c]
,,n8aspmd_e,asphiscys[c]
,,CE4890_e,asphispro[c]
,,ppp9_e,asplysglu[c]
,,mlthf_e,asplyshis[c]
,,trypta_e,aspmetasp[c]
,,selmeth_e,aspprolys[c]
,,selmeth_c,aspvalasn[c]
,,CE7090_c,cysasnmet[c]
,,CE7090_e,cysaspphe[c]
,,CE7085_e,cyscys[c]
,,CE7096_e,cysglnmet[c]
,,CE4877_e,cysgluhis[c]
,,CE1447_c,cysglutrp[c]
,,CE1447_e,cysleuthr[c]
,,C05770_e,cyssermet[c]
,,CE2705_e,cystyrasn[c]
,,13dampp_e,glnasngln[c]
,,hdd2crn_e,glnhishis[c]
,,N1aspmd_e,glnhislys[c]
,,CE1918_e,glnlyslys[c]
,,34dhoxmand_e,glnlystrp[c]
,,CE6205_e,glnproglu[c]
,,1a25dhvitd3_e,glntrpglu[c]
,,4hbz_c,glntyrleu[c]
,,CE7081_r,gluargleu[c]
,,CE7081_c,gluasnleu[c]
,,CE7081_e,gluglu[c]
,,egme_c,gluilelys[c]
,,egme_e,gluleu[c]
,,18harachd_c,glumet[c]
,,18harachd_e,glumethis[c]
,,sql_c,gluthr[c]
,,sql_e,gluthrlys[c]
,,orn__D_c,glutrpala[c]
,,orn__D_e,glyhisasn[c]
,,5g2oxpt_c,glyhislys[c]
,,5g2oxpt_e,glylyscys[c]
,,HC02020_c,glylysphe[c]
,,HC02020_e,glytyrlys[c]
,,xol24oh_c,glyvalhis[c]
,,xol24oh_e,hisargcys[c]
,,xol27oh_e,hisargser[c]
,,chsterols_e,hisasp[c]
,,C05767_e,hiscyscys[c]
,,ppbng_e,hisglnala[c]
,,12ppd__R_e,hisglu[c]
,,ametam_e,hisglugln[c]
,,xylu__D_e,hisglylys[c]
,,sphings_e,hishislys[c]
,,im4ac_e,hislysala[c]
,,sphgn_e,hislysglu[c]
,,prist_e,hislysile[c]
,,fdp_e,hislysthr[c]
,,coke_e,hislysval[c]
,,coke_c,hismet[c]
,,5a2opntn_e,hismetgln[c]
,,5a2opntn_c,hisphearg[c]
,,arg__D_c,hisprolys[c]
,,arg__D_e,histrphis[c]
,,dopa4sf_c,ileargile[c]
,,dopa4glcur_c,ileasnhis[c]
,,dopa3glcur_c,ileasp[c]
,,dopa4sf_e,ileglnglu[c]
,,dopa4glcur_e,ileglyarg[c]
,,dopa3glcur_e,ileprolys[c]
,,CE5026_e,ileserarg[c]
,,5cysgly34dhphe_e,iletrptyr[c]
,,CE1261_e,leualaarg[c]
,,5cysdopa_c,leuasnasp[c]
,,23dh1i56dio_c,leuasplys[c]
,,4glu56dihdind_c,leuleutrp[c]
,,CE5025_e,leupro[c]
,,CE2172_e,leuproarg[c]
,,Rtotal_r,leusertrp[c]
,,dhcrm_hs_r,leutrp[c]
,,Rtotal_g,leutrparg[c]
,,sphings_g,leutyrtyr[c]
,,dhcrm_hs_g,leuval[c]
,,sphgn_g,lysargleu[c]
,,phcrm_hs_g,lyscyshis[c]
,,phsphings_g,lysglnphe[c]
,,phcrm_hs_r,lysgluglu[c]
,,phsphings_r,lyslyslys[c]
,,galgluside_hs_e,lyspheile[c]
,,gluside_hs_e,lystrparg[c]
,,gm1_hs_l,lystyrile[c]
,,gm2_hs_l,lysvalphe[c]
,,ga1_hs_l,lysvaltrp[c]
,,ga2_hs_l,metargleu[c]
,,gd1b_hs_l,metasntyr[c]
,,gd2_hs_l,metglntyr[c]
,,phcrm_hs_c,metglyarg[c]
,,gd3_hs_e,methislys[c]
,,gm3_hs_e,metmetile[c]
,,ga1_hs_e,metphearg[c]
,,gd3_hs_l,mettrpphe[c]
,,thcrm_hs_l,pheasnmet[c]
,,atp_g,pheasp[c]
,,adp_g,pheglnphe[c]
,,gm1_hs_e,pheleu[c]
,,gm2_hs_e,pheleuasp[c]
,,gm3_hs_l,pheleuhis[c]
,,gd1a_hs_c,phelysala[c]
,,gm1_hs_c,phelyspro[c]
,,gd1b_hs_c,phephe[c]
,,gt1b_hs_c,phepheasn[c]
,,ga1_hs_c,phephethr[c]
,,gm2_hs_c,pheproarg[c]
,,ga2_hs_c,phesertrp[c]
,,gm1b_hs_e,phethrlys[c]
,,gd1a_hs_e,phetrpleu[c]
,,gd1b_hs_e,phetyr[c]
,,gt1b_hs_e,phetyrgln[c]
,,gd2_hs_e,phetyrlys[c]
,,gd1a_hs_n,proargasp[c]
,,gm1_hs_n,proargcys[c]
,,dag_hs_g,proasncys[c]
,,pchol_hs_n,procys[c]
,,sphmyln_hs_n,proglnpro[c]
,,phsphings_c,proglulys[c]
,,phsph1p_c,prohis[c]
,,sphings_n,prohistyr[c]
,,sphs1p_n,proleuarg[c]
,,sphgn_n,prolyspro[c]
,,sph1p_n,prophe[c]
,,cholp_n,proproarg[c]
,,cmpacna_e,propropro[c]
,,gda1_hs_n,protrplys[c]
,,gd3_hs_m,protrpthr[c]
,,h2o2_r,provalgln[c]
,,15HPET_n,serargala[c]
,,15HPET_x,serargtrp[c]
,,15HPET_r,sercysarg[c]
,,M02956_e,serglyglu[c]
,,M00234_e,serlyshis[c]
,,M01807_e,serphelys[c]
,,M00503_e,sertrphis[c]
,,M00241_e,thrargtyr[c]
,,M00510_e,thrasntyr[c]
,,M01820_e,thrglnglu[c]
,,M00003_e,thrglntyr[c]
,,M00008_e,thrhishis[c]
,,M00010_e,thrilearg[c]
,,M00017_e,thrmetarg[c]
,,M00019_e,thrphearg[c]
,,M00021_e,thrserarg[c]
,,M00115_e,thrthrarg[c]
,,M00117_e,thrtyrmet[c]
,,M00260_e,trpalapro[c]
,,M00265_e,trpargala[c]
,,M00315_e,trpaspasp[c]
,,M00341_e,trpglngln[c]
,,M01197_e,trpglugly[c]
,,M01207_e,trpgluleu[c]
,,M01235_e,trpglupro[c]
,,M01238_e,trpglutyr[c]
,,M01582_e,trpglyleu[c]
,,M02053_e,trpglyphe[c]
,,M02457_e,trpglyval[c]
,,M02613_e,trphismet[c]
,,M02745_e,trpilelys[c]
,,M03045_e,trpiletrp[c]
,,M03051_e,trpleuval[c]
,,M03153_e,trplys[c]
,,C01601_e,trpmetarg[c]
,,M02108_e,trpmetval[c]
,,M03117_e,trpphe[c]
,,M03134_e,trpprogly[c]
,,caproic_e,trpproleu[c]
,,xolest2_hs_l,trpproval[c]
,,xolest2_hs_r,trpsertyr[c]
,,M03134_c,trpthrglu[c]
,,M02694_c,trpthrile[c]
,,M02694_m,trpthrtyr[c]
,,M02108_c,trptyrgln[c]
,,M02107_c,trptyrtyr[c]
,,M02107_m,trpvalasp[c]
,,M02616_c,tyrala[c]
,,M02616_m,tyralaphe[c]
,,M03117_c,tyrargglu[c]
,,M03116_c,tyrargser[c]
,,M03116_m,tyrasparg[c]
,,M03051_c,tyrcysgly[c]
,,M03050_c,tyrcysthr[c]
,,M00129_c,tyrglu[c]
,,M00117_c,tyrleuarg[c]
,,HC10784_c,tyrphetyr[c]
,,M02745_c,tyrthr[c]
,,M01141_c,tyrtrpphe[c]
,,M01197_c,tyrtyr[c]
,,M01191_c,tyrvalmet[c]
,,M00003_c,valarggly[c]
,,M00004_c,valhisasn[c]
,,M01238_c,valleuphe[c]
,,M01237_c,vallystyr[c]
,,M00019_c,valphearg[c]
,,M00020_c,valprotrp[c]
,,vacccoa_c,valserarg[c]
,,M00127_c,valtrpphe[c]
,,M00115_c,valtrpval[c]
,,M00116_c,valval[c]
,,M02613_c,trpglyasp[c]
,,M02612_c,glyleu[c]
,,M00017_c,homoval[e]
,,M00018_c,xolest183_hs[c]
,,M01235_c,xolest182_hs[c]
,,M01236_c,xolest205_hs[c]
,,M01207_c,xolest226_hs[c]
,,M00123_c,sphmyln_hs[e]
,,M02457_c,hxa[e]
,,M00101_c,gncore1[c]
,,M02053_c,gncore1[e]
,,M02052_c,gncore2[e]
,,M01582_c,Lhcystin[e]
,,M00006_c,pgp_hs[m]
,,M03045_c,pglyc_hs[m]
,,M03047_c,acnam[e]
,,M03153_c,band[c]
,,M02112_c,bandmt[c]
,,M00010_c,etha[e]
,,M00012_c,ppp9[c]
,,M00341_c,acgal[e]
,,M00343_c,core4[e]
,,M00260_c,core5[e]
,,M00315_c,core7[e]
,,M00008_c,core8[e]
,,M00021_c,dsT_antigen[e]
,,M00023_c,galam[e]
,,M00265_c,galam[c]
,,clpn_hs_m,mqn10[c]
,,HC02042_c,mqn10[e]
,,HC02048_c,mqn11[c]
,,HC02054_c,mqn11[e]
,,HC02050_c,mqn7[c]
,,HC02056_c,mqn7[e]
,,HC02051_c,mqn9[c]
,,HC02057_c,mqn9[e]
,,HC02060_c,s2l2n2m2m[e]
,,M02686_c,sTn_antigen[e]
,,M02758_c,f1a[e]
,,HC02070_c,lpam[e]
,,HC02076_c,lpam[c]
,,galgluside_hs_r,CE2934[e]
,,galgbside_hs_c,mqn8[c]
,,M02197_c,dxtrn[e]
,,M02491_c,dhcholestanate[e]
,,M03131_c,thcholstoic[e]
,,gm1b_hs_c,xol7ah3[e]
,,gm3_hs_c,xol7aone[e]
,,M02012_l,xoldiolone[e]
,,M02013_l,7klitchol[e]
,,gd2_hs_c,2obut[e]
,,acglcgalgluside_hs_c,glcn[e]
,,galacglcgalgluside_hs_c,glyleu[e]
,,M02195_c,methf[c]
,,galfucgalacglcgalgluside_hs_c,ppbng[c]
,,M02683_c,hmbil[c]
,,acngal14acglcgalgluside_hs_c,4ppan[c]
,,acglcgal14acglcgalgluside_hs_c,4ppcys[c]
,,galacglcgal14acglcgalgluside_hs_c,phom[c]
,,acglcgalacglcgal14acglcgalgluside_hs_c,HC01668[c]
,,M02186_c,gua[e]
,,M02490_c,fprica[c]
,,M01881_c,glcr[e]
,,C01747_c,hxan[e]
,,5HPET_m,xyl__D[e]
,,CE6246_c,gal1p[c]
,,arachd_n,im4ac[c]
,,M01111_e,4izp[c]
,,HC02217_r,pydxn[e]
,,HC02180_r,pydx[e]
,,CE6232_c,pydam[e]
,,HC01118_c,4hbz[e]
,,Ssq23epx_c,34dhpha[e]
,,M00939_c,etoh[e]
,,M00937_c,acald[e]
,,44mzym_c,mqn8[e]
,,M00961_c,phpyr[e]
,,M00957_c,tym[e]
,,4mzym_int1_c,2hyoxplac[e]
,,4mzym_int2_c,lanost[e]
,,HC02110_c,3mox4hoxm[e]
,,M00963_c,glx[e]
,,M00959_c,CE4970[c]
,,M00955_c,CE4970[e]
,,M01067_c,CE2026[c]
,,zymst_c,CE2026[e]
,,chlstol_c,CE4968[c]
,,M00940_c,CE4968[e]
,,M00938_c,actyr[e]
,,M00942_c,sucaceto[e]
,,M00962_c,vanilpyr[c]
,,M00958_c,vanillac[c]
,,M00954_c,nacvanala[e]
,,M00966_c,vanillac[e]
,,M00967_c,2h3mv[c]
,,M00964_c,2h3mv[e]
,,M00960_c,2hiv[c]
,,M00956_c,2hiv[e]
,,M01068_c,2m3hbu[e]
,,cholcoar_c,2m3ovcoa[m]
,,cholcoas_m,2m3ovac[m]
,,HC01459_m,2m3ovac[c]
,,cholcoaone_m,2m3hvac[c]
,,M00978_c,2m3hvac[e]
,,M00976_c,3h3mglt[e]
,,M01081_c,3mglutac[m]
,,M01083_c,3mglutac[c]
,,M01077_c,3mglutac[e]
,,M01080_c,3mglutr[e]
,,M01077_m,ppiogly[m]
,,M01080_m,ppiogly[c]
,,M01076_m,ppiogly[e]
,,M01079_m,mvlac[e]
,,M00746_m,tiggly[m]
,,M00753_m,tiggly[c]
,,M02977_m,tiggly[e]
,,M00742_m,3ohglutac[c]
,,M02977_c,3ohglutac[e]
,,M00742_c,glutcon[e]
,,M00615_c,3hivac[e]
,,M00743_c,3hadpac[e]
,,M00615_x,3ohsebac[e]
,,M00743_x,3ohsubac[e]
,,M00625_m,caproic[c]
,,M00625_c,5ohhexa[e]
,,M00979_c,7ohocata[e]
,,M01084_c,ethmalac[e]
,,M02155_c,hexgly[c]
,,M00606_m,hexgly[e]
,,M00579_m,methsucc[e]
,,M01075_c,subgly[c]
,,M01075_r,subgly[e]
,,hestratriol_l,4ohbut[e]
,,CE5253_c,peste_hs[c]
,,CE5253_l,2hydog[c]
,,3ohxccoa_c,2hydog[e]
,,M00783_c,glutar[c]
,,M00049_c,glutar[e]
,,M00887_c,thexdd[m]
,,M00790_c,thexdd[c]
,,M00054_c,thexdd[e]
,,M00873_c,hexdtr[m]
,,M00778_c,hexdtr[c]
,,M00044_c,hexdtr[e]
,,M00907_c,hpdececoa[m]
,,M00802_c,hpdece[m]
,,M00067_c,hpdece[c]
,,M00879_c,hpdece[e]
,,M00715_c,eic21114tr[c]
,,M03016_c,eic21114tr[e]
,,M00843_c,5eipenc[m]
,,M00702_c,5eipenc[c]
,,M03014_c,5eipenc[e]
,,M00852_c,T4hcinnm[e]
,,M00707_c,agm[c]
,,M03018_c,agm[e]
,,M00839_c,andrstndn[e]
,,M00699_c,eandrstrn[c]
,,M03011_c,eandrstrn[e]
,,M00871_c,ahandrostan[c]
,,M00704_c,ahandrostan[e]
,,M03017_c,andrstandn[c]
,,CE4791_c,andrstandn[e]
,,M00860_c,CE2209[e]
,,M00085_c,C05301[e]
,,M03008_c,C05299[e]
,,M00869_c,C05302[e]
,,M00086_c,CE5072[e]
,,M03005_c,11docrtsl[e]
,,M00862_c,11docrtstrn[e]
,,M00712_c,prgnlone[e]
,,M03006_c,CE2211[e]
,,M01729_c,17ahprgstrn[e]
,,M01729_m,17ahprgnlone[e]
,,M02973_c,C03681[e]
,,M02973_m,prgnlones[e]
,,M00129_m,CE1352[e]
,,M02976_c,mma[e]
,,M02976_m,C05769[e]
,,M01141_m,mhista[e]
,,M01191_m,CE2006[e]
,,M02102_c,n8aspmd[e]
,,M02102_m,CE4890[e]
,,M00004_m,C09642[e]
,,M02103_c,ppp9[e]
,,M02103_m,mlthf[e]
,,M01237_m,trypta[e]
,,M00020_m,selmeth[e]
,,vacccrn_c,selmeth[c]
,,vacccrn_m,CE7090[c]
,,vacccoa_m,CE7090[e]
,,M00127_m,CE7085[e]
,,M02638_c,CE7096[e]
,,M02638_m,CE4877[e]
,,M00116_m,CE1447[c]
,,M02611_c,CE1447[e]
,,M02611_m,C05770[e]
,,M02612_m,CE2705[e]
,,M01776_c,13dampp[e]
,,M01776_m,hdd2crn[e]
,,M00018_m,N1aspmd[e]
,,M01777_c,CE1918[e]
,,M01777_m,34dhoxmand[e]
,,CE5151_m,CE6205[e]
,,M01775_c,1a25dhvitd3[e]
,,M01775_m,CE4969[c]
,,M01236_m,CE4969[e]
,,M00122_c,CE1310[c]
,,M00122_m,CE1310[e]
,,M00123_m,sucsal[e]
,,M00100_c,CE7081[r]
,,M00100_m,CE7081[c]
,,M00101_m,CE7081[e]
,,M02051_c,egme[c]
,,M02051_m,egme[e]
,,M02052_m,12harachd[c]
,,M01724_c,12harachd[e]
,,M01724_m,18harachd[c]
,,docoscoa_m,18harachd[e]
,,M01727_c,sql[c]
,,M01727_m,sql[e]
,,CE5155_m,orn__D[c]
,,M01726_c,orn__D[e]
,,M01726_m,5g2oxpt[c]
,,M00006_m,5g2oxpt[e]
,,M02637_c,dhea[e]
,,M02637_m,estrone[e]
,,M00011_c,C05298[e]
,,M00011_m,HC02020[e]
,,M00012_m,xol24oh[c]
,,M00342_c,xol24oh[e]
,,M00342_m,xol27oh[e]
,,M00343_m,xol25oh[e]
,,M00261_c,dsmsterol[e]
,,M00261_m,chsterols[e]
,,CE4854_m,3ityr__L[e]
,,M01770_c,35diotyr[e]
,,M01770_m,13_cis_retn[e]
,,CE4843_m,CE1617[e]
,,M00022_c,HC00005[e]
,,M00022_m,HC00009[e]
,,M00023_m,idl_hs[e]
,,M00263_c,ldl_hs[e]
,,M00263_m,HC00006[e]
,,CE4847_m,HC00007[e]
,,stcrn_r,HC00008[e]
,,odecrn_r,hdl_hs[e]
,,M01724_r,myelin_hs[c]
,,docoscoa_r,HC00460[e]
,,M02637_r,fna5moxam[e]
,,strdnccrn_r,CE5643[e]
,,strdnccoa_r,CE1401[e]
,,tmndnccrn_r,glucys[e]
,,lnlncgcrn_r,melatn[e]
,,dlnlcgcrn_r,6hoxmelatn[e]
,,ddca_r,C10164[e]
,,ddcacoa_r,C05767[e]
,,M03051_r,ppbng[e]
,,M03050_r,12ppd__R[e]
,,ttdca_r,ametam[e]
,,tdcoa_r,xylu__L[e]
,,M02745_r,xylu__D[e]
,,M01141_r,CE0737[e]
,,ttdcea_r,sphings[e]
,,M00129_r,im4ac[e]
,,M00117_r,aact[e]
,,HC10784_r,sphgn[e]
,,ptdca_r,C13856[e]
,,ptdcacoa_r,prist[e]
,,M01197_r,CE2049[e]
,,M01191_r,CE2047[e]
,,hpdca_r,fdp[e]
,,hpdcacoa_r,coke[e]
,,M00003_r,coke[c]
,,M00004_r,5a2opntn[e]
,,M01238_r,5a2opntn[c]
,,M01237_r,arg__D[c]
,,elaid_r,arg__D[e]
,,M00127_r,dopa4sf[c]
,,M00019_r,dopa4glcur[c]
,,M00020_r,dopa3glcur[c]
,,vacc_r,34dhpe[c]
,,vacccoa_r,dopa4sf[e]
,,lneldc_r,dopa4glcur[e]
,,lneldccoa_r,dopa3glcur[e]
,,M02613_r,CE5026[e]
,,M02612_r,5cysgly34dhphe[e]
,,arach_r,CE1261[e]
,,arachcoa_r,6hddopaqn[c]
,,CE2510_r,5cysdopa[c]
,,CE5151_r,23dh1i56dio[c]
,,M00017_r,4glu56dihdind[c]
,,M00018_r,ind56qn[c]
,,M01235_r,4glu56dihdind[e]
,,M01236_r,5cysdopa[e]
,,M01207_r,CE5025[e]
,,M00123_r,CE2172[e]
,,M02457_r,CE5629[e]
,,M00101_r,Rtotal[r]
,,M02053_r,dhcrm_hs[r]
,,M02052_r,Rtotal[g]
,,doco13ac_r,sphings[g]
,,CE5155_r,dhcrm_hs[g]
,,M01582_r,sphgn[g]
,,M00006_r,phcrm_hs[g]
,,M03045_r,phsphings[g]
,,M03047_r,phcrm_hs[r]
,,lgnc_r,phsphings[r]
,,ttccoa_r,galgluside_hs[e]
,,nrvnc_r,gluside_hs[e]
,,nrvnccoa_r,gm1_hs[l]
,,hexc_r,gm2_hs[l]
,,hexccoa_r,ga1_hs[l]
,,M03153_r,ga2_hs[l]
,,M02112_r,gd1b_hs[l]
,,eicostet_r,gd2_hs[l]
,,eicostetcoa_r,phcrm_hs[c]
,,clpnd_r,gd3_hs[e]
,,clpndcoa_r,gm3_hs[e]
,,tetpent3_r,ga1_hs[e]
,,tetpent3coa_r,gd3_hs[l]
,,crvnc_r,thcrm_hs[l]
,,c226coa_r,atp[g]
,,M00010_r,adp[g]
,,M00012_r,gm1_hs[e]
,,M00341_r,gm2_hs[e]
,,M00343_r,gm3_hs[l]
,,adrn_r,gd1a_hs[c]
,,adrncoa_r,gm1_hs[c]
,,tettet6_r,gd1b_hs[c]
,,tettet6coa_r,gt1b_hs[c]
,,dcsptn1_r,ga1_hs[c]
,,dcsptn1coa_r,gm2_hs[c]
,,M00008_r,ga2_hs[c]
,,CE4843_r,gm1b_hs[e]
,,M00021_r,gd1a_hs[e]
,,M00023_r,gd1b_hs[e]
,,M03047_x,gt1b_hs[e]
,,CE4855_x,gd2_hs[e]
,,M02112_x,gd1a_hs[n]
,,M00049_x,gm1_hs[n]
,,M00783_x,dag_hs[g]
,,CE2245_x,pchol_hs[n]
,,CE2249_x,sphmyln_hs[n]
,,CE2253_x,phsphings[c]
,,CE2242_x,phsph1p[c]
,,CE2246_x,sphings[n]
,,CE2250_x,sphs1p[n]
,,CE2243_x,sphgn[n]
,,CE2247_x,sph1p[n]
,,CE2251_x,cholp[n]
,,od2coa_x,cmpacna[e]
,,CE2248_x,gda1_hs[n]
,,HC01415_x,hhxdcal[c]
,,HC01405_x,34dhpe[e]
,,HC01406_x,gd3_hs[m]
,,HC01407_x,h2o2[r]
,,HC01408_x,15HPET[n]
,,CE2242_m,15HPET[x]
,,CE2246_m,15HPET[r]
,,CE2250_m,M02956[e]
,,CE2243_m,M00234[e]
,,CE2247_m,M01807[e]
,,CE2251_m,M00503[e]
,,CE2248_m,M00241[e]
,,3ohodcoa_m,M00510[e]
,,M00044_m,M01820[e]
,,M00778_m,M02560[e]
,,M00873_m,M00003[e]
,,M00054_m,M00008[e]
,,M00790_m,M00010[e]
,,M00887_m,M00017[e]
,,M00046_m,M00019[e]
,,M00780_m,M00021[e]
,,M00875_m,M00115[e]
,,M00061_m,M00117[e]
,,M00795_m,M00260[e]
,,M00897_m,M00265[e]
,,M03050_m,M00315[e]
,,M00069_m,M00341[e]
,,M00804_m,M01197[e]
,,M00909_m,M01207[e]
,,M00071_m,M01235[e]
,,M00806_m,M01238[e]
,,M00911_m,M01582[e]
,,M00056_m,M02053[e]
,,M00792_m,M02457[e]
,,M00889_m,M02613[e]
,,M00048_m,M02745[e]
,,M00782_m,M03045[e]
,,M00877_m,M03051[e]
,,M00063_m,M03153[e]
,,M00797_m,M02561[e]
,,M00899_m,M02909[e]
,,CE5154_m,C01601[e]
,,CE5153_m,M02108[e]
,,CE5152_m,M03117[e]
,,CE5150_m,M03134[e]
,,CE5148_m,caproic[e]
,,CE5144_m,xolest2_hs[l]
,,M03019_m,xolest2_hs[r]
,,M00172_m,M03134[c]
,,M00849_m,M02694[c]
,,M03022_m,M02694[m]
,,M01573_m,M02108[c]
,,M00885_m,M02107[c]
,,M03014_m,M02107[m]
,,M00702_m,M02616[c]
,,M00843_m,M02616[m]
,,M03024_m,M03117[c]
,,M00170_m,M03116[c]
,,M00841_m,M03116[m]
,,M03016_x,M03051[c]
,,M00715_x,M03050[c]
,,M00879_x,M00129[c]
,,CE5158_x,M00117[c]
,,CE5157_x,HC10784[c]
,,CE5156_x,M02745[c]
,,CE5155_x,M01141[c]
,,CE5154_x,M01197[c]
,,CE5153_x,M01191[c]
,,CE5152_x,M00003[c]
,,CE5151_x,M00004[c]
,,CE5150_x,M01238[c]
,,CE5148_x,M01237[c]
,,CE5144_x,M00019[c]
,,HC10856_x,M00020[c]
,,HC10857_x,vacccoa[c]
,,HC10858_x,M00127[c]
,,M01191_x,M00115[c]
,,M03019_x,M00116[c]
,,M00172_x,M02613[c]
,,M00849_x,M02612[c]
,,M01141_x,M00017[c]
,,M03022_x,M00018[c]
,,M01573_x,M01235[c]
,,M00885_x,M01236[c]
,,CE5116_m,M01207[c]
,,CE5114_m,M00123[c]
,,CE4791_m,M02457[c]
,,CE4793_m,M00101[c]
,,CE2437_m,M02053[c]
,,CE2438_m,M02052[c]
,,CE2439_m,M01582[c]
,,CE2440_m,M00006[c]
,,CE2441_m,M03045[c]
,,ac_x,M03047[c]
,,M01498_r,M03153[c]
,,M01510_r,M02112[c]
,,M01501_r,M00010[c]
,,M01487_r,M00012[c]
,,M01479_r,M00341[c]
,,M01470_r,M00343[c]
,,M01506_r,M00260[c]
,,M01477_r,M00315[c]
,,M01495_r,M00008[c]
,,M01454_r,M00021[c]
,,M01485_r,M00023[c]
,,M01464_r,M00265[c]
,,M01489_r,clpn_hs[m]
,,M01486_r,HC02042[c]
,,M01474_r,HC02048[c]
,,M01502_r,HC02054[c]
,,M01492_r,HC02050[c]
,,M01463_r,HC02056[c]
,,M01458_r,HC02051[c]
,,M01484_r,HC02057[c]
,,M01481_r,HC02060[c]
,,M01469_r,M02686[c]
,,M01494_r,M02758[c]
,,M01491_r,HC02070[c]
,,M01462_r,HC02076[c]
,,M01457_r,galgluside_hs[r]
,,M01509_r,galgbside_hs[c]
,,M01508_r,M02197[c]
,,M01465_r,M02491[c]
,,M01496_r,M03131[c]
,,M01497_r,gm1b_hs[c]
,,M01473_r,gm3_hs[c]
,,M01480_r,M02012[l]
,,M01468_r,M02013[l]
,,M01475_r,gd2_hs[c]
,,M01482_r,acglcgalgluside_hs[c]
,,M01471_r,galacglcgalgluside_hs[c]
,,M01466_r,M02195[c]
,,M01455_r,acgalfucgalacglcgalgluside_hs[c]
,,M01460_r,galfucgalacglcgalgluside_hs[c]
,,M01490_r,M02683[c]
,,M01476_r,acngal14acglcgalgluside_hs[c]
,,M01483_r,acglcgal14acglcgalgluside_hs[c]
,,M01472_r,galacglcgal14acglcgalgluside_hs[c]
,,M01467_r,acglcgalacglcgal14acglcgalgluside_hs[c]
,,M01456_r,M02186[c]
,,M01461_r,M02490[c]
,,amp_n,M01881[c]
,,HC01609_c,C01747[c]
,,M00245_c,5HPET[m]
,,dhlam_c,CE6246[c]
,,pail5p_hs_g,arachd[n]
,,pail_hs_g,12HPET[r]
,,retinol_r,gthox[r]
,,coucoa_c,M01111[e]
,,4hbzcoa_c,HC02217[r]
,,M00658_m,HC02180[r]
,,M01165_m,CE6232[c]
,,M00770_m,Ssq23epx[c]
,,peplys_c,44mzym[c]
,,M00213_c,M00961[c]
,,Ndmelys_c,M00957[c]
,,Ntmelys_c,4mzym_int1[c]
,,M01871_g,4mzym_int2[c]
,,M01872_g,HC02110[c]
,,M01872_e,M00963[c]
,,doldp__L_c,M00959[c]
,,M01869_g,M00955[c]
,,M01870_g,M01067[c]
,,M01870_e,zymst[c]
,,M00673_c,chlstol[c]
,,M01389_c,M00940[c]
,,ditp_e,M00938[c]
,,HC01361_c,M00942[c]
,,HC02057_r,M00962[c]
,,M02446_c,M00958[c]
,,M02446_e,M00954[c]
,,M02447_c,M00966[c]
,,M02447_e,M00967[c]
,,M02449_c,M00964[c]
,,M02449_e,M00960[c]
,,M02451_c,M00956[c]
,,M02451_e,M01068[c]
,,M01966_c,cholcoar[c]
,,adpman_e,cholcoas[m]
,,rbl__D_e,HC01459[m]
,,M01966_e,cholcoaone[m]
,,M02155_e,M00978[c]
,,M02035_c,M00976[c]
,,M02035_e,M01081[c]
,,M02467_c,M01083[c]
,,M02467_e,M01077[c]
,,M01881_e,M01080[c]
,,M03131_e,M01077[m]
,,n5m2masn_c,M01080[m]
,,n5m2masn_e,M01076[m]
,,dolichol__L_e,M01079[m]
,,M03168_m,M00746[m]
,,12dhchol_c,M00753[m]
,,12dhchol_e,M02977[m]
,,3dhchol_c,M00742[m]
,,3dhcdchol_c,M02977[c]
,,3dhcdchol_e,M00742[c]
,,3dhchol_e,M00615[c]
,,3dhdchol_c,M00743[c]
,,3dhdchol_e,M00615[x]
,,3dhlchol_c,M00743[x]
,,3dhlchol_e,M00625[m]
,,7dhcdchol_c,M00625[c]
,,7dhcdchol_e,M00979[c]
,,7dhchol_c,M00977[c]
,,7dhchol_e,M01082[c]
,,ca24g_c,M01084[c]
,,ca24g_e,20ahchsterol[r]
,,ca3s_c,M01989[c]
,,ca3s_e,M02155[c]
,,cdca24g_c,M00606[m]
,,cdca24g_e,M00579[m]
,,cdca3g_c,M00605[c]
,,cdca3g_e,M00406[c]
,,hyochol_c,M01075[c]
,,coprost_c,M01075[r]
,,coprost_e,M02760[c]
,,dca24g_c,M02761[c]
,,dca24g_r,M00603[c]
,,dca24g_e,M00285[c]
,,dca3g_c,M00429[m]
,,dca3g_r,hestratriol[l]
,,dca3g_e,CE5253[c]
,,dca3s_c,CE5253[l]
,,dca3s_e,3ohxccoa[c]
,,gca3s_c,M00783[c]
,,gcdca3s_c,M00049[c]
,,gdca3s_c,M00887[c]
,,gudca3s_c,M00790[c]
,,hca24g_c,M00054[c]
,,hca6g_c,M00873[c]
,,hdca24g_c,M00778[c]
,,hdca6g_c,M00044[c]
,,icdchol_c,M00907[c]
,,isochol_c,M00802[c]
,,lca24g_c,M00067[c]
,,lca3g_c,M00879[c]
,,lca3s_c,M00715[c]
,,tca3s_c,M03016[c]
,,tcdca3s_c,M00843[c]
,,tdca3s_c,M00702[c]
,,thyochol_c,M03014[c]
,,tudca3s_c,M00852[c]
,,uchol_c,M00707[c]
,,udca3s_c,M03018[c]
,,gca3s_e,M00839[c]
,,gcdca3s_e,M00699[c]
,,gdca3s_e,M03011[c]
,,gudca3s_e,M00871[c]
,,hca24g_e,M00704[c]
,,hca6g_e,M03017[c]
,,hdca24g_e,CE4791[c]
,,hdca6g_e,M00860[c]
,,hyochol_e,M00085[c]
,,icdchol_e,M03008[c]
,,isochol_e,M00869[c]
,,lca24g_e,M00086[c]
,,lca3g_e,M03005[c]
,,lca3s_e,M00862[c]
,,tca3s_e,M00712[c]
,,tcdca3s_e,M03006[c]
,,tdca3s_e,M01729[c]
,,thyochol_e,M01729[m]
,,tudca3s_e,M02973[c]
,,uchol_e,M02973[m]
,,udca3s_e,M00129[m]
,,2hatvacid_c,M02976[c]
,,2hatvlac_c,M02976[m]
,,2hatvacid_r,M01141[m]
,,2hatvacidgluc_r,M01191[m]
,,2hatvacidgluc_c,M02102[c]
,,2hatvacidgluc_e,M02102[m]
,,2hatvacid_e,M00004[m]
,,2hatvlac_r,M02103[c]
,,2hatvlacgluc_r,M02103[m]
,,2hatvlacgluc_c,M01237[m]
,,2hatvlacgluc_e,M00020[m]
,,atvlac_r,vacccrn[c]
,,2hatvlac_e,vacccrn[m]
,,pvs_r,vacccoa[m]
,,35dhpvs_c,M00127[m]
,,35dhpvs_e,M02638[c]
,,smv_r,M02638[m]
,,35dsmv_r,M00116[m]
,,35dsmv_c,M02611[c]
,,35dsmv_e,M02611[m]
,,3hlvst_c,M02612[m]
,,3hlvstacid_c,M01776[c]
,,3hlvstacid_e,M01776[m]
,,3hpvscoa_m,M00018[m]
,,3hpvstetcoa_m,M01777[c]
,,3hpvscoa_x,M01777[m]
,,3hpvstetcoa_x,CE5151[m]
,,3hpvstet_c,M01775[c]
,,3hpvstet_e,M01775[m]
,,3hpvs_r,M01236[m]
,,3hpvs_c,M00122[c]
,,3hpvs_e,M00122[m]
,,3hsmv_c,M00123[m]
,,3hsmvacid_c,M00100[c]
,,3hsmvacid_e,M00100[m]
,,6hsmv_r,M00101[m]
,,3hsmv_r,M02051[c]
,,pvs_c,M02051[m]
,,3ispvs_c,M02052[m]
,,3ispvs_e,M01724[c]
,,3ohacmp_c,M01724[m]
,,acmp_r,docoscoa[m]
,,3ohacmp_r,M01727[c]
,,3ohacmp_e,M01727[m]
,,glz_r,CE5155[m]
,,4hatvlac_c,M01726[c]
,,4hatvacid_c,M01726[m]
,,4hatvacid_e,M00006[m]
,,4hatvlac_e,M02637[c]
,,56dhpvs_c,M02637[m]
,,56dhpvs_e,M00011[c]
,,56eppvs_c,M00011[m]
,,56eppvs_e,M00012[m]
,,5ohfvs_r,M00342[c]
,,fvs_r,M00342[m]
,,5ohfvs_c,M00343[m]
,,5ohfvs_e,M00261[c]
,,6bhglz_c,M00261[m]
,,6bhglz_e,CE4854[m]
,,6bhglz_r,M01770[c]
,,6csmv_c,M01770[m]
,,6csmvacid_c,CE4843[m]
,,6csmvacid_e,M00022[c]
,,6msmv_r,M00022[m]
,,6csmv_r,M00023[m]
,,6epvs_c,M00263[c]
,,6epvs_e,M00263[m]
,,6hlvst_c,CE4847[m]
,,6hlvstacid_c,stcrn[r]
,,6hlvst_e,odecrn[r]
,,6hmsmv_c,M01724[r]
,,6hmsmvacid_c,docoscoa[r]
,,6hmsmvacid_e,M02637[r]
,,6hmsmv_r,strdnccrn[r]
,,6hsmv_c,strdnccoa[r]
,,6hsmvacid_c,tmndnccrn[r]
,,6hsmvacid_e,lnlncgcrn[r]
,,6melvst_c,dlnlcgcrn[r]
,,6melvacid_c,ddca[r]
,,6melvacid_e,ddcacoa[r]
,,6melvst_e,M03051[r]
,,7hpvs_c,M03050[r]
,,7hpvs_e,ttdca[r]
,,allop_e,tdcoa[r]
,,allop_c,M02745[r]
,,acmp_c,M01141[r]
,,acmp_e,ttdcea[r]
,,sulpacmp_c,M00129[r]
,,oxyp_c,M00117[r]
,,csa_c,HC10784[r]
,,atvacid_e,ptdca[r]
,,atvacid_c,ptdcacoa[r]
,,atvlac_c,M01197[r]
,,atvlac_e,M01191[r]
,,crvsm1_r,hpdca[r]
,,crvsm1_c,hpdcacoa[r]
,,crvsm1_e,M00003[r]
,,crvsm23_r,M00004[r]
,,crvs_e,M01238[r]
,,crvs_c,M01237[r]
,,cvm1gluc_r,elaid[r]
,,cvm23gluc_r,M00127[r]
,,crvsm23_c,M00019[r]
,,crvsm23_e,M00020[r]
,,crvsm24_c,vacc[r]
,,crvsm24_e,vacccoa[r]
,,csa_e,lneldc[r]
,,fvs_x,lneldccoa[r]
,,deoxfvs_x,M02613[r]
,,deoxfvs_c,M02612[r]
,,deoxfvs_e,arach[r]
,,glz_c,arachcoa[r]
,,dspvs_r,CE2510[r]
,,dspvs_c,CE5151[r]
,,dspvs_e,M00017[r]
,,fvs_e,M00018[r]
,,glz_e,M01235[r]
,,ibup__R_e,M01236[r]
,,ibup__S_e,M01207[r]
,,isolvstacid_e,M00123[r]
,,lstn_e,M02457[r]
,,lvst_e,M00101[r]
,,mdz_e,M02053[r]
,,ndersv_e,M02052[r]
,,oxyp_e,doco13ac[r]
,,profvs_e,CE5155[r]
,,ptvst_e,M01582[r]
,,ptvstlac_e,M00006[r]
,,ptvstm3_e,M03045[r]
,,pvs_e,M03047[r]
,,pvsgluc_e,lgnc[r]
,,rsv_e,ttccoa[r]
,,rsvlac_e,nrvnc[r]
,,smv_e,nrvnccoa[r]
,,smvacid_e,hexc[r]
,,sulpacmp_e,hexccoa[r]
,,tacr_e,M03153[r]
,,tmd_e,M02112[r]
,,tripvs_e,eicostet[r]
,,fvs_c,eicostetcoa[r]
,,ibup__R_c,clpnd[r]
,,ibupcoa__R_c,clpndcoa[r]
,,ibupcoa__S_c,tetpent3[r]
,,ibup__S_c,tetpent3coa[r]
,,isolvstacid_c,crvnc[r]
,,lstn_c,c226coa[r]
,,lvstacid_c,M00010[r]
,,lvst_c,M00012[r]
,,lvstacid_e,M00341[r]
,,lvst_r,M00343[r]
,,3hlvst_r,adrn[r]
,,mdz_c,adrncoa[r]
,,rsv_r,tettet6[r]
,,ndersv_r,tettet6coa[r]
,,ndersv_c,dcsptn1[r]
,,fvscoa_x,dcsptn1coa[r]
,,profvscoa_x,M00008[r]
,,profvscoa_c,CE4843[r]
,,profvs_c,M00021[r]
,,ptvst_c,M00023[r]
,,ptvst_r,M03047[x]
,,ptvstlac_r,CE4855[x]
,,ptvstlac_c,M02112[x]
,,ptvstm3_c,M00049[x]
,,ptvstm3_r,M00783[x]
,,pvsgluc_c,CE2245[x]
,,rsv_c,CE2249[x]
,,rsvgluc_r,CE2253[x]
,,rsvlac_r,CE2242[x]
,,rsvlac_c,CE2246[x]
,,smvacid_c,CE2250[x]
,,simvgluc_r,CE2243[x]
,,smvacid_r,CE2247[x]
,,smv_c,CE2251[x]
,,tacr_c,od2coa[x]
,,tmd_c,CE2248[x]
,,tripvs_c,HC01415[x]
,,3hpvscoa_c,HC01405[x]
,,3hpvstetcoa_c,HC01406[x]
,,fvscoa_c,HC01407[x]
,,protein_c,HC01408[x]
,,h_i,CE2242[m]
,,focytb5_c,CE2246[m]
,,cmpglna_c,CE2250[m]
,,ficytb5_c,CE2243[m]
,,HC01115_c,CE2247[m]
,,,CE2251[m]
,,,CE2248[m]
,,,3ohodcoa[m]
,,,M00044[m]
,,,M00778[m]
,,,M00873[m]
,,,M00054[m]
,,,M00790[m]
,,,M00887[m]
,,,M00046[m]
,,,M00780[m]
,,,M00875[m]
,,,M00061[m]
,,,M00795[m]
,,,M00897[m]
,,,M03050[m]
,,,M00069[m]
,,,M00804[m]
,,,M00909[m]
,,,M00071[m]
,,,M00806[m]
,,,M00911[m]
,,,M00056[m]
,,,M00792[m]
,,,M00889[m]
,,,M00048[m]
,,,M00782[m]
,,,M00877[m]
,,,M00063[m]
,,,M00797[m]
,,,M00899[m]
,,,CE5154[m]
,,,CE5153[m]
,,,CE5152[m]
,,,CE5150[m]
,,,CE5148[m]
,,,CE5144[m]
,,,M03019[m]
,,,M00172[m]
,,,M00849[m]
,,,M03022[m]
,,,M01573[m]
,,,M00885[m]
,,,M03014[m]
,,,M00702[m]
,,,M00843[m]
,,,M03024[m]
,,,M00170[m]
,,,M00841[m]
,,,M03016[x]
,,,M00715[x]
,,,M00879[x]
,,,CE5158[x]
,,,CE5157[x]
,,,CE5156[x]
,,,CE5155[x]
,,,CE5154[x]
,,,CE5153[x]
,,,CE5152[x]
,,,CE5151[x]
,,,CE5150[x]
,,,CE5148[x]
,,,CE5144[x]
,,,HC10856[x]
,,,HC10857[x]
,,,HC10858[x]
,,,M01191[x]
,,,M03019[x]
,,,M00172[x]
,,,M00849[x]
,,,M01141[x]
,,,M03022[x]
,,,M01573[x]
,,,M00885[x]
,,,CE5116[m]
,,,CE5114[m]
,,,CE4791[m]
,,,CE4793[m]
,,,CE2437[m]
,,,CE2438[m]
,,,CE2439[m]
,,,CE2440[m]
,,,CE2441[m]
,,,ac[x]
,,,M01498[r]
,,,M01510[r]
,,,M01501[r]
,,,M01487[r]
,,,M01479[r]
,,,M01470[r]
,,,M01506[r]
,,,M01477[r]
,,,M01495[r]
,,,M01454[r]
,,,M01485[r]
,,,M01464[r]
,,,M01489[r]
,,,M01486[r]
,,,M01474[r]
,,,M01502[r]
,,,M01492[r]
,,,M01463[r]
,,,M01458[r]
,,,M01484[r]
,,,M01481[r]
,,,M01469[r]
,,,M01494[r]
,,,M01491[r]
,,,M01462[r]
,,,M01457[r]
,,,M01509[r]
,,,M01508[r]
,,,M01465[r]
,,,M01496[r]
,,,M01497[r]
,,,M01473[r]
,,,M01480[r]
,,,M01468[r]
,,,M01475[r]
,,,M01482[r]
,,,M01471[r]
,,,M01466[r]
,,,M01455[r]
,,,M01460[r]
,,,M01490[r]
,,,M01476[r]
,,,M01483[r]
,,,M01472[r]
,,,M01467[r]
,,,M01456[r]
,,,M01461[r]
,,,amp[n]
,,,nadh[e]
,,,h2co3[e]
,,,dhlam[c]
,,,pail5p_hs[g]
,,,pail_hs[g]
,,,retinol[r]
,,,M00658[m]
,,,M01165[m]
,,,M00770[m]
,,,peplys[c]
,,,M00213[c]
,,,Ndmelys[c]
,,,Ntmelys[c]
,,,M01871[g]
,,,M01872[g]
,,,M01872[e]
,,,doldp__L[c]
,,,M01869[g]
,,,M01870[g]
,,,M01870[e]
,,,M00673[c]
,,,M01389[c]
,,,ditp[e]
,,,HC01361[c]
,,,hnifedipine[e]
,,,HC02057[r]
,,,M02446[c]
,,,M02446[e]
,,,M02447[c]
,,,M02447[e]
,,,M02449[c]
,,,M02449[e]
,,,M02451[c]
,,,M02451[e]
,,,itacon[e]
,,,adpman[e]
,,,rbl__D[e]
,,,M01966[e]
,,,M02155[e]
,,,M01989[e]
,,,M02837[e]
,,,M02035[c]
,,,M02035[e]
,,,M02467[c]
,,,M02467[e]
,,,m3gacpail_prot_hs[c]
,,,gpi_sig[e]
,,,M01881[e]
,,,M03131[e]
,,,n5m2masn[c]
,,,n5m2masn[e]
,,,hretn[e]
,,,kdn[e]
,,,m3gacpail_prot_hs[e]
,,,mem2emgacpail_prot_hs[e]
,,,dolichol__L[e]
,,,M03167[c]
,,,M03168[m]
,,,12dhchol[c]
,,,12dhchol[e]
,,,3dhchol[c]
,,,3dhcdchol[c]
,,,3dhcdchol[e]
,,,3dhchol[e]
,,,3dhdchol[c]
,,,3dhdchol[e]
,,,3dhlchol[c]
,,,3dhlchol[e]
,,,7dhcdchol[c]
,,,7dhcdchol[e]
,,,7dhchol[c]
,,,7dhchol[e]
,,,ca24g[c]
,,,ca24g[r]
,,,ca24g[e]
,,,ca3s[c]
,,,ca3s[e]
,,,cdca24g[c]
,,,cdca24g[r]
,,,cdca24g[e]
,,,cdca3g[c]
,,,cdca3g[r]
,,,cdca3g[e]
,,,hyochol[c]
,,,coprost[c]
,,,coprost[e]
,,,dca24g[c]
,,,dca24g[r]
,,,dca24g[e]
,,,dca3g[c]
,,,dca3g[r]
,,,dca3g[e]
,,,dca3s[c]
,,,dca3s[e]
,,,gca3s[c]
,,,gcdca3s[c]
,,,gdca3s[c]
,,,gudca3s[c]
,,,hca24g[c]
,,,hca6g[c]
,,,hdca24g[c]
,,,hdca6g[c]
,,,icdchol[c]
,,,isochol[c]
,,,lca24g[c]
,,,lca3g[c]
,,,lca3s[c]
,,,tca3s[c]
,,,tcdca3s[c]
,,,tdca3s[c]
,,,thyochol[c]
,,,tudca3s[c]
,,,uchol[c]
,,,udca3s[c]
,,,gca3s[e]
,,,gcdca3s[e]
,,,gdca3s[e]
,,,gudca3s[e]
,,,hca24g[e]
,,,hca6g[e]
,,,hdca24g[e]
,,,hdca6g[e]
,,,hyochol[e]
,,,icdchol[e]
,,,isochol[e]
,,,lca24g[e]
,,,lca3g[e]
,,,lca3s[e]
,,,tca3s[e]
,,,tcdca3s[e]
,,,tdca3s[e]
,,,thyochol[e]
,,,tudca3s[e]
,,,uchol[e]
,,,udca3s[e]
,,,hyochol[r]
,,,hca24g[r]
,,,hca6g[r]
,,,M02155[r]
,,,hdca24g[r]
,,,hdca6g[r]
,,,lca24g[r]
,,,lca3g[r]
,,,tacr[r]
,,,12htacr[r]
,,,12htacr[c]
,,,12htacr[e]
,,,1331tacr[e]
,,,13dmt[e]
,,,4ohmdz[r]
,,,14hmdz[r]
,,,1ohmdz[r]
,,,14hmdz[c]
,,,14hmdz[e]
,,,1513tacr[e]
,,,1531tacr[e]
,,,15dmt[e]
,,,1hibupglu__S[c]
,,,1hibupglu__S[e]
,,,1hibup__S[r]
,,,1hibupglu__S[r]
,,,1hibup__S[e]
,,,1hmdgluc[r]
,,,1hmdgluc[e]
,,,1hmdgluc[c]
,,,mdz[r]
,,,1ohmdz[e]
,,,2hatvacid[c]
,,,2hatvlac[c]
,,,2hatvacid[r]
,,,2hatvacidgluc[r]
,,,2hatvacidgluc[c]
,,,2hatvacidgluc[e]
,,,atvacid[r]
,,,2hatvacid[e]
,,,2hatvlac[r]
,,,2hatvlacgluc[r]
,,,2hatvlacgluc[c]
,,,2hatvlacgluc[e]
,,,atvlac[r]
,,,2hatvlac[e]
,,,2hibupglu__S[c]
,,,2hibupglu__S[e]
,,,2hibup__R[c]
,,,2hibup__R[e]
,,,2hibup__S[r]
,,,2hibupglu__S[r]
,,,2hibup__S[e]
,,,31dmt[e]
,,,pvs[r]
,,,35dhpvs[r]
,,,35dhpvs[c]
,,,35dhpvs[e]
,,,smv[r]
,,,35dsmv[r]
,,,35dsmv[c]
,,,35dsmv[e]
,,,3hibupglu__S[c]
,,,3hibupglu__S[e]
,,,3hibup__R[c]
,,,3hibup__R[e]
,,,3hibup__S[r]
,,,3hibupglu__S[r]
,,,3hibup__S[c]
,,,3hibup__S[e]
,,,3hlvst[c]
,,,3hlvstacid[c]
,,,3hlvstacid[e]
,,,3hpvscoa[x]
,,,3hpvstetcoa[x]
,,,3hpvstet[c]
,,,3hpvstet[e]
,,,3hpvs[r]
,,,3hpvs[c]
,,,3hpvs[e]
,,,3hsmv[c]
,,,3hsmvacid[c]
,,,3hsmvacid[e]
,,,6hsmv[r]
,,,3hsmv[r]
,,,pvs[c]
,,,3ispvs[c]
,,,3ispvs[e]
,,,3ohacmp[c]
,,,3meacmp[c]
,,,acmp[r]
,,,3ohacmp[r]
,,,3ohacmp[e]
,,,4bhglz[e]
,,,glz[r]
,,,4hatvacid[r]
,,,4hatvlac[c]
,,,4hatvacid[c]
,,,4hatvacid[e]
,,,4hatvlac[r]
,,,4hatvlac[e]
,,,4hmdgluc[c]
,,,4hmdgluc[e]
,,,4hmdgluc[r]
,,,4ohmdz[e]
,,,tripvs[r]
,,,56dhpvs[r]
,,,56dhpvs[c]
,,,56dhpvs[e]
,,,3ispvs[r]
,,,56eppvs[r]
,,,56eppvs[c]
,,,56eppvs[e]
,,,5ohfvs[r]
,,,5ohfvsglu[r]
,,,5ohfvsglu[c]
,,,5ohfvsglu[e]
,,,fvs[r]
,,,5ohfvs[e]
,,,6ahglz[e]
,,,6bhglz[c]
,,,6bhglz[e]
,,,6bhglzglc[e]
,,,6bhglz[r]
,,,6csmv[c]
,,,6csmvacid[c]
,,,6csmvacid[e]
,,,6msmv[r]
,,,6csmv[r]
,,,6epvs[c]
,,,6epvs[e]
,,,6hlvst[c]
,,,6hlvstacid[c]
,,,6hlvst[e]
,,,6hmsmv[c]
,,,6hmsmvacid[c]
,,,6hmsmvacid[e]
,,,6hmsmv[r]
,,,6hsmv[c]
,,,6hsmvacid[c]
,,,6hsmvacid[e]
,,,6melvst[c]
,,,6melvacid[c]
,,,6melvacid[e]
,,,6melvst[e]
,,,6ohfvsglu[e]
,,,6ohfvs[r]
,,,6ohfvs[c]
,,,6ohfvs[e]
,,,7ahglz[e]
,,,7bhglz[c]
,,,7bhglz[e]
,,,7bhglzglc[e]
,,,7bhglz[r]
,,,7hpvs[r]
,,,7hpvs[c]
,,,7hpvs[e]
,,,allop[e]
,,,allop[c]
,,,acmp[c]
,,,acmp[e]
,,,acmpglu[r]
,,,acmpglut[e]
,,,acmpglut[c]
,,,acmpglu[c]
,,,acmpglu[e]
,,,sulpacmp[c]
,,,oxyp[c]
,,,am1csa[r]
,,,am19cs[r]
,,,am9csa[r]
,,,am19cs[c]
,,,am19cs[e]
,,,am1a4ncs[e]
,,,am1accs[e]
,,,am1acs[e]
,,,am1alcs[e]
,,,am1c4n9cs[e]
,,,am1c9cs[e]
,,,csa[r]
,,,am1ccs[e]
,,,am1cglc[e]
,,,am1csa[e]
,,,am4n9cs[e]
,,,csa[c]
,,,am4ncs[e]
,,,am9csa[e]
,,,atvacid[e]
,,,atvacid[c]
,,,atvlac[c]
,,,atvethgluc[r]
,,,atvacylgluc[r]
,,,atvlacgluc[r]
,,,atvlac[e]
,,,caribupglu__S[c]
,,,caribupglu__S[e]
,,,caribup__R[c]
,,,caribup__R[e]
,,,caribup_s[r]
,,,caribupglu__S[r]
,,,caribup_s[c]
,,,caribup_s[e]
,,,crglz[e]
,,,mhglz[r]
,,,crvsm1[r]
,,,crvsm24[r]
,,,crvsm1[c]
,,,crvsm1[e]
,,,crvsm23[r]
,,,crvs[e]
,,,crvs[c]
,,,crvs[r]
,,,cvm1gluc[r]
,,,cvm23gluc[r]
,,,crvsm23[c]
,,,crvsm23[e]
,,,crvsm24[c]
,,,crvsm24[e]
,,,csasulp[e]
,,,csa[e]
,,,meracmp[c]
,,,cysacmp[e]
,,,fvs[x]
,,,deoxfvs[x]
,,,deoxfvs[c]
,,,deoxfvs[e]
,,,desfvs[r]
,,,desfvs[c]
,,,desfvs[e]
,,,dhglz[e]
,,,glz[c]
,,,dspvs[r]
,,,dspvs[c]
,,,dspvs[e]
,,,epoxtac[e]
,,,fvs[e]
,,,fvstet[e]
,,,fvstetglu[e]
,,,glc3meacp[e]
,,,glz[e]
,,,gtacmp[e]
,,,ibup__R[e]
,,,ibup__S[e]
,,,ibupgluc[e]
,,,isolvstacid[e]
,,,lst4exp[e]
,,,lstn[e]
,,,lstn1gluc[e]
,,,lstnm1[e]
,,,lstnm2[e]
,,,lstnm4[e]
,,,lstnm5[e]
,,,lstnm7[e]
,,,lvst[e]
,,,mdz[e]
,,,mdzglc[e]
,,,meracmp[e]
,,,mhglz[e]
,,,ndersv[e]
,,,nfd[e]
,,,nfdac[e]
,,,nfdlac[e]
,,,nfdnpy[e]
,,,nfdoh[e]
,,,oxyp[e]
,,,oxy1rb[e]
,,,oxy7rb[e]
,,,profvs[e]
,,,ptvst[e]
,,,ptvstlac[e]
,,,ptvstm3[e]
,,,pvs[e]
,,,pvsgluc[e]
,,,rsv[e]
,,,rsvlac[e]
,,,s3meacmp[e]
,,,smv[e]
,,,smvacid[e]
,,,stacmp[e]
,,,sulpacmp[e]
,,,tacr[e]
,,,tauribup__S[e]
,,,thrfvs[e]
,,,tlacfvs[e]
,,,tmd[e]
,,,tmdm1[e]
,,,tmdm3[e]
,,,tmdm5[e]
,,,tripvs[e]
,,,tsacmgluc[e]
,,,tsacmsul[e]
,,,fvs[c]
,,,3meacmp[r]
,,,glc3meacp[r]
,,,glc3meacp[c]
,,,ibupgluc[c]
,,,ibup__S[r]
,,,ibupgluc[r]
,,,ibup__R[c]
,,,ibupcoa__R[c]
,,,ibup__R[r]
,,,2hibup__R[r]
,,,3hibup__R[r]
,,,ibupcoa__S[c]
,,,ibup__S[c]
,,,isolvstacid[c]
,,,lst4exp[c]
,,,lstn[r]
,,,lst4exp[r]
,,,lstn1gluc[r]
,,,lstn1gluc[c]
,,,lstn[c]
,,,lstnm1[r]
,,,lstnm1[c]
,,,lstnm2[r]
,,,lstnm2[c]
,,,lstnm5[r]
,,,lstnm5[c]
,,,lstnm7[c]
,,,lstnm7[r]
,,,lvstacid[c]
,,,lvst[c]
,,,lvstacid[e]
,,,lvstacid[r]
,,,6hlvstacid[r]
,,,6melvacid[r]
,,,lvst[r]
,,,3hlvst[r]
,,,6hlvst[r]
,,,6melvst[r]
,,,mdz[c]
,,,mhglz[c]
,,,rsv[r]
,,,ndersv[r]
,,,ndersv[c]
,,,nfdac[r]
,,,nfdoh[r]
,,,nfdac[c]
,,,nfdoh[c]
,,,fvscoa[x]
,,,profvscoa[x]
,,,profvscoa[c]
,,,profvs[c]
,,,ptvst[c]
,,,ptvst[r]
,,,ptvstgluc[r]
,,,ptvstlac[r]
,,,ptvstm13[r]
,,,ptvstm3[c]
,,,ptvstm3[r]
,,,pvsgluc[c]
,,,rsv[c]
,,,rsvgluc[r]
,,,rsvlac[r]
,,,rsvlac[c]
,,,smvacid[c]
,,,simvgluc[r]
,,,smvacid[r]
,,,smv[c]
,,,tacr[c]
,,,tmd[r]
,,,tmdm1[r]
,,,tmdm5[c]
,,,tmdm5[r]
,,,tmd[c]
,,,tripvs[c]
,,,3hpvscoa[c]
,,,3hpvstetcoa[c]
,,,fvscoa[c]
,,,ptvstm13[c]
,,,ptvstm13[e]
,,,1a25dhvitd2[e]
,,,protein[c]
,,,h[i]
,,,focytb5[c]
,,,cmpglna[c]
,,,ficytb5[c]
,,,HC01115[c]