mets,genes,rxns,,"# we removed the transcript ids such as .1, .2 …etc and removed duplicates to maitain the unique genes "
10fthf5glu[c],8639,10FTHF5GLUtl,,
10fthf5glu[l],26,10FTHF5GLUtm,,
10fthf5glu[m],314,10FTHF6GLUtl,,
10fthf6glu[c],1591,10FTHF6GLUtm,,
10fthf6glu[l],1594,10FTHF7GLUtl,,
10fthf6glu[m],10993,10FTHF7GLUtm,,
10fthf7glu[c],6818,10FTHFtl,,
10fthf7glu[l],89874,10FTHFtm,,
10fthf7glu[m],92483,11DOCRTSLtm,,
10fthf[c],3948,11DOCRTSLtr,,
10fthf[l],55293,11DOCRTSTRNtm,,
10fthf[m],3945,11DOCRTSTRNtr,,
11docrtsl[c],3939,13DAMPPOX,,
11docrtsl[m],160287,1a_24_25VITD2Hm,,
11docrtsl[r],9123,1a_24_25VITD3Hm,,
11docrtstrn[c],9194,1a_25VITD2Hm,,
11docrtstrn[m],6566,1a_25VITD3Hm,,
11docrtstrn[r],57835,1MNCAMti,,
13dampp[c],8671,1PPDCRp,,
h2o[c],4967,24_25DHVITD2t,,
o2[c],1738,24_25DHVITD2tm,,
bamppald[c],8050,24_25DHVITD3t,,
h2o2[c],1743,24_25DHVITD3tm,,
nh4[c],130,24_25VITD2Hm,,
h2o[m],127,24_25VITD3Hm,,
o2[m],125,24NPHte,,
2425dhvitd2[m],124,25HVITD2t,,
h[m],131,25HVITD2tin,,
nadph[m],126,25HVITD2tin_m,,
1a2425thvitd2[m],128,25HVITD2tm,,
nadp[m],137872,25HVITD3t,,
2425dhvitd3[m],1312,25HVITD3tin_m,,
1a2425thvitd3[m],117247,25HVITD3tm,,
1a25dhvitd2[m],218,25VITD2Hm,,
1a25dhvitd3[m],222,25VITD3Hm,,
h[c],220,2AMACHYD,,
1mncam[c],221,2AMACSULT,,
1mncam[e],3242,2AMADPTm,,
atp[c],18,2DR1PP,,
adp[c],2531,2HBO,,
pi[c],23498,2HBt2,,
h[x],55268,2HCO3_NAt,,
1pipdn2c[x],51166,2MCITt,,
nadh[x],883,2OXOADOXm,,
Lpipecol[x],1644,2OXOADPTm,,
nad[x],26275,34DHOXPEGOX,,
2425dhvitd2[c],4128,34DHOXPEGt,,
2425dhvitd2[e],4129,34DHPHAMT,,
2425dhvitd3[c],53,34DHPHEt,,
2425dhvitd3[e],55,34DHPLACOX,,
25hvitd2[m],51205,34DHPLACOX_NADP_,,
25hvitd3[m],54,34DHXMANDACOX,,
24nph[e],10165,34DHXMANDACOX_NADP_,,
24nph[c],8604,34HPLFM,,
25hvitd2[c],51380,34HPPOR,,
25hvitd2[e],2571,35CGMPtn,,
25hvitd3[c],2572,3AIBTm,,
25hvitd3[e],2805,3AIBtmi,,
2amac[c],2806,3DPHBH1,,
pyr[c],8659,3DPHBH2,,
nadph[c],6799,3DSPHR,,
nadp[c],6817,3HAO,,
paps[c],4363,3HBCDm,,
Lcyst[c],6822,3HBCOAHLm,,
pap[c],6573,3HKYNAKGAT,,
L2aadp[c],316,3HLYTCL,,
L2aadp[m],219,3HPCOAHYD,,
akg[m],217,3HPPD,,
akg[c],3620,3HXKYNDCL,,
2dr1p[c],6570,3HXKYNOXDA,,
drib[c],6571,3M4HDXPAC,,
nadh[c],2348,3MLDAt,,
nad[c],2352,3MOBt2im,,
2hb[c],4123,3MOPt2im,,
2obut[c],4125,3MOX4HOXPGALDOX,,
h[e],53947,3MOX4HOXPGALDOX_NADP_,,
2hb[e],51146,3MOXTYROX,,
hco3[e],28,3NTD7l,,
hco3[c],206358,3SALAASPm,,
na1[e],6529,3SALACBOXL,,
na1[c],6538,3SALAOX,,
2mcit[c],6540,3SALATAi,,
2mcit[e],6539,3SALATAim,,
nadh[m],38,3SPYRSP,,
nad[m],3032,3SPYRSPm,,
2oxoadp[m],10449,41R1H2MAE12BOOX,,
coa[m],3030,41R2A1H12BOOX,,
co2[m],39,42A12BOOX,,
glutcoa[m],30,4ABUTtm,,
2oxoadp[c],32,4HBZCOAFm,,
34dhmald[c],9197,4HBZFm,,
34dhoxpeg[c],84532,4HDEBRISOQUINEte,,
34dhoxpeg[e],79611,4HGLSDm,,
34dhpha[c],64841,4HOXPACDOX_NADP_,,
amet[c],55577,4MOPt2im,,
ahcys[c],5238,4MPTNLte,,
homoval[c],9487,4MPTNLtm,,
34dhphe[e],162417,4MPTNLtr,,
34dhphe[c],43,4MTOLBUTAMIDEte,,
34dhpac[c],6572,4NPHSFte,,
34dhoxmand[c],47,4NPHSULT,,
34hpp[m],54187,4NPHte,,
34hpl[m],26503,4PYRDX,,
co2[c],140838,5ADTSTSTERONEGLCte,,
34hpp[c],36,5ADTSTSTERONEGLCtr,,
hgentis[c],34,5ADTSTSTERONESte,,
35cgmp[c],80724,5ADTSTSTERONESULT,,
35cgmp[n],35,5ADTSTSTERONEte,,
3aib[m],84129,5ADTSTSTERONEtr,,
2mop[m],27034,5AOPtm,,
glu_L[m],28976,5DHFtl,,
3aib[c],3712,5FTHFt2,,
3dphb[m],134526,5HLTDL,,
3dpdhb[m],51,5HOMEPRAZOLEte,,
3dsphgn[c],95,5HOXINDACTO2OX,,
sphgn[c],50,5HOXINDACTOXm,,
3hanthrn[c],48,5HOXINOXDA,,
cmusa[c],8309,5HTRPDOX,,
b2coa[m],52,5HTRPVESSEC,,
3hbcoa_R[m],788,5HXKYNDCL,,
3hibutcoa[m],55902,5HXKYNOXDA,,
3hmp[m],65985,5MTHFt,,
glu_L[c],438,5MTHFt2,,
hLkynr[c],1571,5THFtl,,
42A3HP24DB[c],100,5THFtm,,
dopa[c],3177,6DHFtl,,
coa[c],55315,6DHFtm,,
3hpcoa[c],205,6HTSTSTERONEte,,
3hpp[c],204,6HTSTSTERONEtr,,
msa[c],26289,6THFtl,,
3hxkynam[c],50808,6THFtm,,
48dhoxquin[c],262,7DHCHSTEROLtr,,
3mox4hpac[c],112,7DHFtl,,
3mlda[c],55811,7DHFtm,,
3mlda[e],109,7THFtl,,
3mob[c],114,7THFtm,,
3mob[m],108,A_MANASE,,
3mop[c],113,A_MANASEly,,
3mop[m],107,A4GALTc,,
3m4hpga[c],196883,A4GALTg,,
3mox4hoxm[c],115,A4GNT1g,,
3moxtyr[c],111,A4GNT2g,,
h2o[l],2030,AACTOOR,,
pi[l],9154,AACTtm,,
3amp[l],64078,AASAD3m,,
adn[l],9153,AATAi,,
3sala[m],11164,ABO1g,,
3sala[c],53343,ABO2g,,
asp_L[c],952,ABO3g,,
asp_L[m],1375,ABO4g,,
hyptaur[c],126129,ABO5g,,
3snpyr[c],1374,ABO6g,,
3snpyr[m],1376,ABO7g,,
so3[c],9061,ABO8g,,
pyr[m],9060,ABO9g,,
so3[m],158,ABTArm,,
adrnl[c],79369,ABTD,,
mma[c],10678,ABTti,,
nrpphr[c],11041,ABUTt2rL,,
4abut[c],146712,ABUTt4_2_r,,
4abut[m],374907,ACACT10m,,
coucoa[m],93010,ACACT1rm,,
4hbzcoa[m],10331,ACACT1x,,
accoa[m],79814,ACACt2m,,
4hbz[m],10555,ACACT4p,,
4hdebrisoquine[e],137964,ACACT5p,,
4hdebrisoquine[c],56895,ACACT6p,,
4hglusa[m],56894,ACACT7p,,
e4hglu[m],55326,ACACT8p,,
4hoxpacd[c],10554,ACACT9p,,
4hphac[c],129642,ACACtx,,
4mop[c],5832,ACALDtm,,
4mop[m],8540,ACALDtr,,
4mptnl[c],64902,ACALDtx,,
4mptnl[e],64850,ACCOACm,,
4mptnl[m],189,ACCOAgt,,
4mptnl[r],3073,ACCOALm,,
4mtolbutamide[e],3074,ACCOAtn,,
4mtolbutamide[c],10606,ACCOAtr,,
4nphsf[e],8402,ACETONEt2,,
4nphsf[c],1468,ACETONEt2m,,
4nph[c],64849,ACGAGBSIDEtg,,
4nph[e],1645,ACGAGBSIDEtl,,
4pyrdx[c],1109,ACGALFUCGALACGALFUC12GAL14ACGLCGALGLUSIDEte,,
4pyrdx[e],6718,ACGALFUCGALACGALFUC12GAL14ACGLCGALGLUSIDEtg,,
5adtststeroneglc[c],6510,ACGALFUCGALACGALFUCGALACGLCGAL14ACGLCGALGLUSIDEte,,
5adtststeroneglc[e],6509,ACGALFUCGALACGALFUCGALACGLCGAL14ACGLCGALGLUSIDEtg,,
5adtststeroneglc[r],56301,ACGALK,,
5adtststerones[c],6520,ACGALK2,,
5adtststerones[e],212,ACGALtlg,,
5adtststerone[c],23464,ACGALtly,,
5adtststerone[e],211,ACGAM6PSi,,
5adtststerone[r],54407,ACGAMK,,
5aop[c],6542,ACGAMPM,,
5aop[m],11254,ACGAMtly,,
5dhf[c],6541,ACGBGBSIDEtg,,
5dhf[l],81539,ACGBGBSIDEtl,,
h2o[e],55089,ACGPID,,
5fthf[e],84889,ACGSm,,
5fthf[c],340024,ACHEe,,
5htrp[c],57393,ACHtn,,
srtn[c],59272,ACHVESSEC,,
5homeprazole[e],2875,ACITL,,
5homeprazole[c],84706,ACN13ACNGALGBSIDEte,,
5hoxindact[c],92745,ACN13ACNGALGBSIDEtg,,
5hoxindoa[c],10991,ACN23ACNGALGBSIDEte,,
5hoxindact[m],284273,ACN23ACNGALGBSIDEtg,,
5hoxindoa[m],10327,ACNACNGAL14ACGLCGALGLUSIDEte,,
5hoxnfkyn[c],216,ACNACNGAL14ACGLCGALGLUSIDEtg,,
5htrp[e],8854,ACNACNGALGBSIDEte,,
5hxkyn[c],501,ACNACNGALGBSIDEtg,,
5hxkynam[c],223,ACNAM9PL,,
46dhoxquin[c],224,ACNAM9PL2,,
5mthf[e],248,ACNAMlt,,
5mthf[c],251,ACNAMPH,,
5thf[c],249,ACNAMtn,,
5thf[l],250,ACNGALACGLCGAL14ACGLCGALGLUSIDEte,,
5thf[m],239,ACNGALACGLCGAL14ACGLCGALGLUSIDEtg,,
6dhf[c],242,ACNMLr,,
6dhf[l],247,ACOAD10m,,
6dhf[m],246,ACOAD1fm,,
6htststerone[c],240,ACOAD8m,,
6htststerone[e],8574,ACOAD9m,,
6htststerone[r],231,ACOAHi,,
6thf[c],23600,ACOAO7p,,
6thf[l],115286,ACODA,,
6thf[m],271,ACONTm,,
7dhchsterol[r],270,ACOX22x,,
7dhchsterol[c],272,ACOX2x,,
7dhf[c],290,ACP1_FMN_,,
7dhf[l],280,ACRNtm,,
7dhf[m],278,ACS2,,
7thf[c],276,ACSm,,
7thf[l],277,ACSOMT,,
7thf[m],6519,ACSRTNMT,,
m2mn[c],11136,ACt2m,,
man[c],279,ACt2r,,
mn[c],318,ACtg,,
m2mn[l],10998,ACTLMO,,
man[l],113451,ACTNMO,,
mn[l],9057,ADA,,
galgluside_hs[c],384,ADAe,,
udpgal[c],445,ADCim,,
thcrm_hs[c],83884,ADEt,,
udp[c],10166,ADEtl,,
h[g],410,ADHAPtx,,
galgluside_hs[g],427,ADK1m,,
udpgal[g],9962,ADK3,,
thcrm_hs[g],9963,ADK3m,,
udp[g],80150,ADKd,,
T_antigen[g],440,ADMDC,,
uacgam[g],790,ADNCYC,,
gncore1[g],6511,ADNK1m,,
core2[g],6505,ADNt,,
gncore2[g],6507,ADNt4,,
aact[c],6506,ADNtl,,
mthgxl[c],6512,ADNtm,,
aact[m],50617,ADPGLC,,
L2aadp6sa[m],533,ADPMAN,,
fucgalacglcgalgluside_hs[g],527,ADPRDPm,,
udpacgal[g],8992,ADPRIBt,,
acgalfucgalacglcgalgluside_hs[g],245972,ADPtx,,
galfucgalacglcgalgluside_hs[g],9114,ADRNCOAtx,,
fuc12gal14acglcgalgluside_hs[g],535,ADRNCPT1,,
galfuc12gal14acglcgalgluside_hs[g],10312,ADRNCPT2,,
acgalfuc12gal14acglcgalgluside_hs[g],23545,ADRNCRNt,,
fucgalacgalfuc12gal14acglcgalgluside_hs[g],51382,ADRNLPVESSEC,,
acgalfucgalacgalfuc12gal14acglcgalgluside_hs[g],9296,ADRNt,,
fucgalacglcgal14acglcgalgluside_hs[g],529,ADSELK,,
acgalfucgalacglcgal14acglcgalgluside_hs[g],245973,ADSK,,
fucgalacgalfucgalacglcgal14acglcgalgluside_hs[g],523,ADSL1,,
acgalfucgalacgalfucgalacglcgal14acglcgalgluside_hs[g],51606,ADSL2,,
galfucgalacglcgal14acglcgalgluside_hs[g],9550,AFLATOXINte,,
fucfucgalacglcgalacglcgal14acglcgalgluside_hs[g],526,AG13T10g,,
galgalfucfucgalacglcgalacglcgal14acglcgalgluside_hs[g],127124,AG13T11g,,
sucsal[m],525,AG13T12g,,
abt[c],90423,AG13T13g,,
xylu_L[c],534,AG13T14g,,
abt[e],528,AG13T15g,,
h[l],954,AG13T16g,,
4abut[l],953,AG13T17g,,
4abut[e],956,AG13T18g,,
2maacoa[m],955,AG13T1g,,
ppcoa[m],957,AG13T2g,,
aacoa[m],377841,AG13T3g,,
coa[x],291,AG13T4g,,
accoa[x],293,AG13T5g,,
aacoa[x],292,AG13T6g,,
acac[c],4126,AG13T7g,,
acac[m],8706,AG13T8g,,
3odcoa[x],8705,AG13T9g,,
occoa[x],10317,AGLPC,,
3oddcoa[x],84002,AGLPED,,
dcacoa[x],570,AGLPET,,
3otdcoa[x],3141,AGLPH,,
ddcacoa[x],140679,AGLPR,,
3ohdcoa[x],8424,AGLPT,,
tdcoa[x],53630,AGMTm,,
3ohodcoa[x],57733,AGPAT1,,
pmtcoa[x],622,AGPex,,
3ohxccoa[x],56052,AGPRim,,
ttccoa[x],23743,AGPSx,,
acac[x],635,AGTim,,
acald[m],10599,AGTix,,
acald[c],1244,AHANDROSTANGLCte,,
acald[r],8714,AHANDROSTANGLCtr,,
acald[x],28234,AHCYStn,,
atp[m],645,AHCYStr,,
adp[m],644,AHEXASE2ly,,
pi[m],9488,AHEXASEly,,
hco3[m],10380,AIRCr,,
malcoa[m],686,AKGDm,,
accoa[c],8884,AKGMALtm,,
accoa[g],80704,AKGt4_3,,
amp[m],51733,AKGtp,,
ppi[m],7108,AKR1C1,,
ppa[m],549,AKR1C41,,
accoa[n],1891,AKR1C42,,
accoa[r],1962,AKR1D,,
acetone[e],50814,AKR1D2,,
acetone[c],3295,ALAASNNaEx,,
acetone[m],6307,ALACYSNaEx,,
acgagbside_hs[c],492,ALADGLNexR,,
acgagbside_hs[g],491,ALADGLYexR,,
acgagbside_hs[l],490,ALAGLNexR,,
acgalfucgalacgalfuc12gal14acglcgalgluside_hs[e],493,ALAGLNNaEx,,
acgalfucgalacgalfuc12gal14acglcgalgluside_hs[c],847,ALAGLYexR,,
acgalfucgalacgalfucgalacglcgal14acglcgalgluside_hs[e],6547,ALASERNaEx,,
acgalfucgalacgalfucgalacglcgal14acglcgalgluside_hs[c],6546,ALASm,,
acgal[c],6543,ALAt2rL,,
acgal1p[c],166785,ALAt4,,
itp[c],2538,ALATA_L,,
idp[c],57818,ALATHRNaEx,,
acgal[g],92579,ALAtN1,,
acgal[l],1373,ALCD21_D,,
gam6p[c],873,ALCD21_L,,
acgam6p[c],10423,ALCD22_D,,
acgam[c],1040,ALCD22_L,,
acgam1p[c],8760,ALCD2if,,
acgam[l],10390,ALCD2yf,,
acgbgbside_hs[c],56994,ALDD20x,,
acgbgbside_hs[g],64781,ALDD20xm,,
acgbgbside_hs[l],10087,ALDD21,,
acgpail_hs[c],6565,ALDD2xm,,
ac[c],9023,ALDD2y,,
gpail_hs[c],1103,ALDSTRNte,,
acglu[m],162466,ALDSTRNtm,,
ac[e],5130,ALKP,,
ach[e],9468,ALOX12,,
chol[e],6579,ALOX12R,,
ach[n],6554,ALOX15,,
ach[c],6555,ALOX5,,
cit[c],8647,ALOX52,,
oaa[c],55349,ALR2,,
acn13acngalgbside_hs[c],1120,ALR3,,
acn13acngalgbside_hs[e],1119,AMACR2p,,
acn13acngalgbside_hs[g],60482,AMACR2r,,
acn23acngalgbside_hs[c],6582,AMACRp,,
acn23acngalgbside_hs[e],6584,AMACRr,,
acn23acngalgbside_hs[g],6820,AMCOXO,,
acnacngal14acglcgalgluside_hs[e],10948,AMETr,,
acnacngal14acglcgalgluside_hs[c],19,AMETt2m,,
acnacngal14acglcgalgluside_hs[g],27159,AMETtn,,
acnacngalgbside_hs[c],54682,AMPDA,,
acnacngalgbside_hs[e],1118,AMPTASECGe,,
acnacngalgbside_hs[g],9058,AMPtp,,
acmanap[c],6576,AMPtr,,
pep[c],1159,AMY1e,,
acnamp[c],1160,AMY2e,,
man6p[c],548596,ANDRSTRNGLCte,,
kdnp[c],1152,ANDRSTRNGLCtr,,
acnam[c],1158,ANDRSTRNte,,
acnam[l],5172,ANDRSTRNtr,,
acnam[n],65010,ANTIPYRENEte,,
acngalacglcgal14acglcgalgluside_hs[e],54675,AOBUTDsm,,
acngalacglcgal14acglcgalgluside_hs[c],10559,AP4AH1,,
acngalacglcgal14acglcgalgluside_hs[g],55907,APAT2rm,,
acmana[c],8034,APNNOXte,,
2mbcoa[m],8824,APOCF,,
fad[m],51805,APOCFm,,
2mb2coa[m],51004,APOC_LYS_BTNP,,
fadh2[m],10229,APOC_LYS_BTNPm,,
btcoa[m],9245,APPNNte,,
ivcoa[m],2650,APRTO2,,
3mb2coa[m],51301,AQCOBALt,,
ibcoa[m],192134,ARAB_Lt,,
2mp2coa[m],6535,ARABR,,
o2[x],386757,ARACHCOAtx,,
h2o2[x],1384,ARACHCPT1,,
hdd2coa[x],6583,ARACHCPT2,,
acorn[c],1431,ARACHCRNt,,
orn[c],54677,ARACHDCOAtx,,
cit[m],8140,ARACHDt2,,
icit[m],23428,ARACHDtr,,
fad[x],1036,ARACHt,,
fadh2[x],124935,ARGDCm,,
dhcholoylcoa[x],23657,ARGLYSex,,
thcholoylcoa[x],978,ARGNm,,
h2o[x],57379,ARGSS,,
cholcoas[x],7371,ARGt4,,
cholcoads[x],83549,ARGtm,,
fmn[c],51727,ARSA,,
ribflv[c],129607,ARTCOAL1,,
acrn[c],9162,ARTCOAL2,,
acrn[m],1607,ARTCOAL3,,
amp[c],8525,R_group_phosphotase_1,,
ppi[c],160851,R_group_phosphotase_2,,
ppcoa[c],1608,R_group_phosphotase_3,,
ppa[c],8527,ARTFR11,,
ac[m],1606,ARTFR12,,
5moxact[c],8526,ARTFR13,,
Nacsertn[c],1609,ARTFR202,,
melatn[c],1610,ARTFR203,,
ac[g],2745,ARTFR204,,
acetol[c],51022,ARTFR205,,
adn[c],8528,ARTFR206,,
ins[c],1632,ARTFR207,,
nh4[e],10455,ARTFR208,,
adn[e],1633,ARTFR209,,
ins[e],1638,ARTFR210,,
ade[e],6319,ARTFR211,,
ade[c],9415,ARTFR212,,
ade[l],3992,ARTFR213,,
adhap_hs[c],8694,ARTFR31,,
adhap_hs[x],84649,ARTFR32,,
gtp[c],1716,ARTFR33,,
gdp[c],6515,ARTFR34,,
gtp[m],6513,ARTFR41,,
gdp[m],6517,ARTFR42,,
damp[c],8443,ARTFR43,,
datp[c],1718,ARTFR44,,
dadp[c],1581,ARTFR45,,
ametam[c],1717,ARTFR46,,
camp[c],8560,ARTFR51,,
adn[m],123099,ARTFR52,,
adpglc[c],11309,ARTFR53,,
g1p[c],6783,ARTFR54,,
adpman[c],1723,ARTFR55,,
man1p[c],1807,ARTFR56,,
adprib[m],1809,ARTFR57,,
r5p[m],1808,ARTFR61,,
adprib[e],23539,ARTPLM1,,
adprib[c],2224,ARTPLM1m,,
adp[x],29958,ARTPLM2,,
adrncoa[c],1787,ARTPLM2m,,
adrncoa[x],1788,ARTPLM3,,
crn[c],1786,ARTPLM3m,,
adrncrn[c],1789,ASAH1,,
adrncoa[m],60386,ASCBOX,,
crn[m],6185,ASCBt,,
adrncrn[m],1650,ASCBt4,,
adrnl[e],6184,ASNALANaEx,,
adrn[e],1603,ASNCYSNaEx,,
adrn[c],57171,ASNGLNNaEx,,
adsel[c],29929,ASNNm,,
3padsel[c],79053,ASNS1,,
aps[c],84920,ASNSERNaEx,,
dcamp[c],54344,ASNt4,,
fum[c],8818,ASNTHRNaEx,,
25aics[c],8813,ASNtm,,
aicar[c],10195,ASNtN1,,
aflatoxin[e],79087,Asn_X_Ser_Thrtr,,
aflatoxin[c],26002,ASPCTr,,
ksi_pre18[g],1621,ASPDt6,,
ksi_pre19[g],7299,ASPDxt,,
ksi_pre21[g],6530,ASPGLUm,,
ksi_pre22[g],6531,ASPNATm,,
ksi_pre24[g],6581,ASPt6,,
ksi_pre25[g],669,ASPTAm,,
ksi_pre27[g],5223,ATP1ter,,
ksi_pre28[g],5224,ATP2ter,,
ksi_pre30[g],4597,ATPasel,,
ksi_pre31[g],51071,ATPH1e,,
ksi_pre33[g],1806,ATPH2e,,
ksi_pre34[g],7083,ATPtm,,
ksii_core4_pre2[g],7084,ATPtn,,
ksii_core4_pre3[g],1854,ATPtx,,
ksii_core4_pre4[g],3704,AVITE2t,,
ksii_core4_pre5[g],10682,B_MANNASEly,,
ksii_core4_pre7[g],1892,B3GALT3g,,
ksii_core4_pre8[g],13,B3GALT41g,,
ksii_core2_pre2[g],11001,B3GALT42g,,
ksii_core2_pre3[g],64772,B3GALT43g,,
ksii_core2_pre4[g],5833,B3GALT44g,,
ksii_core2_pre5[g],28231,B3GALT5g,,
ksii_core2_pre7[g],53919,B3GALTg,,
ksii_core2_pre8[g],10257,B3GNT11g,,
ksi_pre1[g],28232,B3GNT12g,,
ksi_pre2[g],2109,B3GNT310g,,
ksi_pre3[g],2108,B3GNT311g,,
ksi_pre4[g],2110,B3GNT312g,,
ksi_pre6[g],55500,B3GNT313g,,
ksi_pre7[g],55224,B3GNT314g,,
ksi_pre9[g],8790,B3GNT315g,,
ksi_pre10[g],51086,B3GNT31g,,
ksi_pre12[g],2530,B3GNT32g,,
ksi_pre13[g],55301,B3GNT33g,,
ksi_pre15[g],2194,B3GNT34g,,
ksi_pre16[g],2181,B3GNT35g,,
ak2g_hs[c],2182,B3GNT36g,,
cdpchol[c],2180,B3GNT37g,,
ak2gchol_hs[c],51703,B3GNT39g,,
cmp[c],81616,B3GNT51g,,
ak2gpe_hs[c],23305,BAAT1x,,
dak2gpe_hs[c],116285,BAAT2x,,
cdpea[c],5167,BAAT3x,,
ak2gp_hs[c],5169,BAAT4x,,
akdhap_hs[c],6785,BACCL,,
akgp_hs[c],79071,BACCLm,,
Rtotal2[c],60481,BALAtmr,,
agm[m],54898,BALAVECSEC,,
ptrc[m],1579,BAMPPALDOX,,
urea[m],376497,BAMPPALDOXm,,
Rtotal2coa[c],10999,BBHOX,,
alpa_hs[c],11000,BCDO,,
pa_hs[c],226,BDG2HCGHD,,
akdhap_hs[x],229,BDHm,,
acg5p[m],230,BDMT_L,,
acg5sa[m],2203,BDMT_U,,
alkylR1oh[x],5210,BETALDHxm,,
Rtotal[x],5207,BHBt,,
ala_L[m],5209,BHBtm,,
glx[m],5208,BHMT,,
gly[m],8789,BILDGLCURt,,
pyr[x],2235,BILDGLCURte,,
ala_L[x],10840,BILDGLCURtr,,
glx[x],79901,BILGLCURt,,
gly[x],197258,BILGLCURte,,
ahandrostanglc[c],125061,BILGLCURtr,,
ahandrostanglc[e],1719,BILIRED,,
ahandrostanglc[r],2356,BILIRUBt2,,
ahcys[n],29988,BILIRUBtr,,
ahcys[r],6514,BIOCYTtn,,
n2m2nmn[l],155184,BMTer_L,,
n2m2mn[l],6518,BMTer_U,,
air[c],66035,BPNT2,,
5aizc[c],160428,BTND1,,
succoa[m],25902,BTND1n,,
mal_L[c],4522,BTNDe,,
mal_L[m],2519,BTNDm,,
akg[e],2517,BTNPL,,
akg[x],2184,BTNPLm,,
prgstrn[c],2271,BTNt2,,
aprgstrn[c],2523,BTNt2m,,
xol7ah[c],2525,BTNt3i,,
xol7ah2[c],10690,BTNt4i,,
xoldioloneh[c],85365,BTNtn,,
xoltriol[c],9334,BUP2,,
xol7aone[c],2683,BUTt2m,,
xoldiolone[c],8703,BVITEt,,
ala_L[e],8704,BZt,,
ala_L[c],2820,BZtr,,
asn_L[c],9563,C14STRr,,
asn_L[e],2539,C160CPT1,,
cys_L[c],2542,C160CPT2,,
cys_L[e],2593,C160CRNt,,
ala_D[e],9514,C161CPT1,,
ala_D[c],5476,C161CPT12,,
gln_L[c],2720,C161CPT2,,
gln_L[e],2588,C161CPT22,,
gly[c],4758,C161CRN2t,,
gly[e],2581,C161CRNt,,
ser_L[c],2583,C180CPT1,,
ser_L[e],55790,C180CPT2,,
ala_L[l],55454,C180CRNt,,
thr_L[c],79586,C181CPT1,,
thr_L[e],22856,C181CPT2,,
12ppd_R[c],337876,C181CRNt,,
lald_D[c],26290,C204CPT1,,
12ppd_S[c],79695,C204CPT2,,
lald_L[c],2589,C204CRNt,,
etoh[c],50614,C226COAtx,,
id3acald[c],8693,C226CPT1,,
ind3ac[c],55568,C226CPT2,,
id3acald[m],114805,C226CRNt,,
ind3ac[m],11226,C2M26DCOAHLm,,
pristanal[c],117248,C2M26DCOAHLx,,
prist[c],11227,C3STDH1Pr,,
aldstrn[c],2590,C3STDH1r,,
aldstrn[e],51809,C3STKR2r,,
aldstrn[m],79623,C4STMO1r,,
dhap[c],63917,C4STMO2Pr,,
dha[c],2591,C4STMO2r,,
arachd[c],81031,CAATPS,,
12HPET[c],126792,CAROtr,,
12RHPET[c],11285,CARVEOLte,,
15HPET[c],8972,CAT2p,,
5HPET[c],2618,CAt7r,,
leuktrA4[c],175,CATm,,
dhcholestancoa[x],2629,CATp,,
h2o[r],26301,CBL2OR,,
o2[r],4329,CBL2tm,,
dhcholoylcoa[r],7915,CBLATm,,
dhcholestancoa[r],275,CBPPer,,
cholcoar[x],2731,CBPSam,,
cholcoas[r],2653,CBPter,,
cholcoar[r],2651,CBR1,,
amuco[c],55343,CBR2,,
amet[r],7264,CCA_D3t,,
amet[m],8836,CCA_D3tm,,
ahcys[m],79017,CDIPTr,,
amet[n],8908,CDPDAGtm,,
imp[c],2998,CDS,,
cgly[e],2992,CDSm,,
amp[x],2997,CEPTC,,
amp[r],2687,CEPTE,,
strch1[e],6472,CERK,,
glc_D[e],6470,CERT1gt,,
strch2[e],2987,CERT1rt,,
glygn2[e],2717,CERT2gt,,
glygn4[e],2632,CERT2rt,,
andrstrnglc[c],2990,CGLYt3_2_,,
andrstrnglc[e],8372,CH25H,,
andrstrnglc[r],26035,CHAT,,
andrstrn[e],54480,CHATn,,
andrstrn[c],2131,CHLP,,
andrstrn[r],2132,CHLPCTD,,
antipyrene[e],27087,CHLtm,,
antipyrene[c],135152,CHOLATEt,,
2aobut[m],26229,CHOLATEt2,,
ap4a[c],4669,CHOLATEt3,,
msa[m],64579,CHOLD2m,,
ala_B[m],3340,CHOLK,,
apnnox[e],9348,CHOLPtg,,
apnnox[c],8509,CHOLPtl,,
apoC[c],1798,CHOLt4,,
lys_L[c],2137,CHOLtg,,
apoC_Lys[c],2135,CHOLtn,,
apoC[m],2134,CHOLtr,,
lys_L[m],56606,CHOLtu,,
apoC_Lys[m],154091,CHSTEROLSULT,,
apoC_Lys_btn[c],11182,CHSTEROLt1,,
biocyt[c],144195,CHSTEROLt2,,
apoC_Lys_btn[m],6523,CHSTEROLt3,,
biocyt[m],178,CHSTEROLtg,,
appnn[e],5834,CHTNASE,,
appnn[c],5837,CHTNASEe,,
aprut[c],5836,CITMCOAHm,,
n4abutn[c],2729,CITMCOALm,,
aqcobal[e],2730,CITRtm,,
aqcobal[c],2747,CITt4_2,,
arab_L[e],2746,CITtam,,
arab_L[c],10841,CITtbm,,
arachcoa[c],2744,CK,,
arachcoa[x],27165,CKc,,
arachcrn[c],83733,CLFORtex,,
arachcoa[m],79751,CLHCO3tex2,,
arachcrn[m],2639,CLI2tex,,
arachdcoa[c],57084,CLOHtex2,,
arachdcoa[x],246213,CLOXAtex2,,
arachd[e],57030,CLPNDCOAtx,,
arachd[r],54363,CLPNDCPT1,,
arach[e],51179,CLPNDCPT2,,
arach[c],2628,CLPNDCRNt,,
arg_L[m],9380,CLPNDt,,
lys_L[e],2710,CLS_hs,,
arg_L[e],2712,CMPACNAtg,,
arg_L[c],2713,CMPACNAtn,,
orn[m],3029,CMPSAS,,
argsuc[c],6536,CMPSASn,,
citr_L[c],5226,CO2ter,,
sgalside_hs[l],27232,CO2tg,,
galside_hs[l],57678,CO2tm,,
so4[l],84803,CO2tn,,
Rtotal[c],150763,CO2tp,,
Rtotalcoa[c],284098,COAtg,,
Rtotal3coa[c],80055,COAtl,,
Rtotal3[c],93183,COAtm,,
pmtcoa[c],54965,COAtn,,
R1coa_hs[c],2936,COAtp,,
hdcoa[c],7001,COAtr,,
tdcoa[c],5052,COKECBESr,,
lnlncacoa[c],2877,COQ3m,,
R2coa_hs[c],2876,COQ5m,,
lnlncgcoa[c],2879,COQ6m,,
strdnccoa[c],2878,COQ7m,,
dlnlcgcoa[c],257202,CORE2GTg,,
tmndnccoa[c],2882,CORE3GTg,,
lnlccoa[c],10935,CORE4GTg,,
clpndcoa[c],2937,CORE5GTg,,
dcsptn1coa[c],2679,CORE6GTg,,
c226coa[c],2678,CORE7GTg,,
stcoa[c],2643,CORE8GTg,,
R3coa_hs[c],2977,COt,,
odecoa[c],2983,COUCOAFm,,
octd11ecoa[c],4882,COUMARINte,,
lneldccoa[c],2982,CPCTDTX,,
R4coa_hs[c],2974,CREATt4_2_r,,
nrvnccoa[c],2986,CREATtmdiffir,,
od2coa[c],2984,CRMPte,,
ttccoa[c],4881,CRNCAR3tp,,
R5coa_hs[c],3000,CRNCARtp,,
hexccoa[c],9615,CRNt,,
eicostetcoa[c],763,CRNtHa,,
tetpent6coa[c],11238,CRNtim,,
tetpent3coa[c],23556,CRNtuNa,,
tettet6coa[c],55650,CRNtx,,
tethex3coa[c],53905,CRTNsyn,,
hdd2coa[c],50506,CRTSLt,,
R6coa_hs[c],343,CRTSLtm,,
pmtcoa[m],84720,CRTSLtr,,
Rtotalcoa[m],5281,CRTSTRNt,,
Rtotal2coa[m],54872,CRTSTRNtm,,
Rtotal3coa[m],80235,CRTSTRNtr,,
Rtotal[l],10026,CRVNCtr,,
crm_hs[l],8733,CSAPASEly,,
sphings[l],128869,CSBPASEly,,
ascb_L[c],94005,CSCPASEly,,
o2s[c],51604,CSDPASEly,,
dhdascb[c],3028,CSEPASEly,,
ascb_L[e],3033,CSm,,
nh4[m],3038,CSNAT2m,,
asn_L[m],3036,CSNAT2x,,
Asn_X_Ser_Thr[r],3037,CSNAT3x,,
Asn_X_Ser_Thr[l],27235,CSNATer,,
cbp[c],6522,CSNATm,,
cbasp[c],83697,CSNATp,,
asp_D[e],6521,CSNATr,,
asp_D[c],6508,CSNt,,
k[c],2645,CSPG_At,,
k[e],3099,CSPG_Atly,,
asp_D[x],3098,CSPG_Bt,,
Nacasp[m],80201,CSPG_Btly,,
asp_L[e],3101,CSPG_Ct,,
oaa[m],3081,CSPG_Ctly,,
atp[r],11112,CSPG_Dt,,
adp[r],3067,CSPG_Dtly,,
atp[e],495,CSPG_Et,,
pi[e],496,CSPG_Etly,,
amp[e],8942,CTPtn,,
adp[e],3156,CYANt,,
atp[n],3157,CYANtm,,
atp[x],3158,CYSALANaEx,,
avite2[e],3155,CYSASNNaEx,,
avite2[c],54511,CYSGLNNaEx,,
gbside_hs[g],3162,CYSGLTH,,
ga2_hs[g],3163,CYSGLUexR,,
ga1_hs[g],26062,CYSGLYexR,,
gm2_hs[g],197257,CYSLYSL,,
gm1_hs[g],6448,CYSO,,
gd2_hs[g],3290,CYSSERNaEx,,
gd1b_hs[g],3291,CYSt4,,
gt2_hs[g],3292,CYSTA,,
gt1c_hs[g],7923,CYSTAm,,
galgbside_hs[g],3294,CYStec,,
acglcgalgluside_hs[g],51478,CYSTGLUex,,
galacglcgalgluside_hs[g],3283,CYSTHRNaEx,,
gal14acglcgalgluside_hs[g],3284,CYSTSERex,,
acglcgal14acglcgalgluside_hs[g],80270,CYTD,,
galacglcgal14acglcgalgluside_hs[g],57026,CYTDK1,,
acglc13galacglcgal14acglcgalgluside_hs[g],3421,CYTDK2m,,
galacgalfuc12gal14acglcgalgluside_hs[g],3420,CYTDn,,
galacgalfucgalacglcgal14acglcgalgluside_hs[g],3419,CYTDt,,
acglcgalacglcgal14acglcgalgluside_hs[g],3417,CYTDt4,,
galacglcgalacglcgal14acglcgalgluside_hs[g],3418,CYTDtl,,
galacglc13galacglcgal14acglcgalgluside_hs[g],7173,CYTDtm,,
galthcrm_hs[g],3425,CYTDtn,,
galgalthcrm_hs[g],587,CYTK10,,
galgalgalthcrm_hs[g],8501,CYTK10n,,
acglcgalgbside_hs[g],55586,CYTK11,,
galacglcgalgbside_hs[g],114134,CYTK11n,,
h2o[g],6526,CYTK12,,
gm2a_hs[g],3422,CYTK12n,,
gm1a_hs[g],91734,CYTK13,,
gluside_hs[g],160728,CYTK13n,,
cholcoa[x],8802,CYTK14,,
gchola[x],8801,CYTK14n,,
taur[x],8803,CYTK1m,,
tchola[x],6560,CYTK1n,,
dgcholcoa[x],10723,CYTK2n,,
dgchol[x],9990,CYTK3,,
dcholcoa[x],57468,CYTK3n,,
btn[c],3795,CYTK4,,
btamp[c],84679,CYTK4n,,
btn[m],23315,CYTK5,,
btamp[m],8564,CYTK5n,,
ala_B[c],3938,CYTK6,,
ala_B[e],3931,CYTK6n,,
bamppald[m],387775,CYTK7,,
4tmeabutn[c],124637,CYTK7n,,
succ[c],366,CYTK8,,
caro[c],11283,CYTK8n,,
retinal[c],4047,CYTK9,,
glc_D[c],5321,CYTK9n,,
bdg2hc[c],1178,D_3AIBt,,
2coum[c],29124,D3AIBTm,,
bhb[m],51268,DADA,,
chito2pdol_L[c],4023,DADAe,,
gdpmann[c],3990,DADNK,,
mpdol_L[c],1056,DADNt4,,
chito2pdol_U[c],80339,DAG_HSter,,
mpdol_U[c],11343,DAGK_hs,,
betald[m],50487,DAGKn_hs,,
glyb[m],9388,DAGt,,
bhb[e],5407,DALAOXx,,
bhb[c],8513,DALAt2r,,
hcys_L[c],5408,DALAt2rL,,
glyb[c],5406,DALAxt,,
dmgly[c],9227,DARGOp,,
met_L[c],6309,DASCBH,,
bildglcur[e],4048,DASCBR,,
bildglcur[c],4056,DASPO1p,,
bildglcur[r],4259,DATPtn,,
bilglcur[e],4258,DCIm,,
bilglcur[c],80854,DCK1m,,
bilglcur[r],58508,DCK1n,,
biliverd[c],79723,DCK2n,,
bilirub[c],10919,DCSPTN1COAtx,,
bilirub[e],9869,DCSPTN1CPT1,,
bilirub[r],84444,DCSPTN1CPT2,,
biocyt[n],83852,DCSPTN1CRNt,,
h[r],6839,DCSPTN1t,,
dolmanp_L[r],79813,DCT,,
memgacpail_hs[r],387893,DCTPtn,,
dolp_L[r],4124,DCYTD,,
m2emgacpail_hs[r],4122,DCYTDn,,
dolmanp_U[r],4245,DCYTt,,
dolp_U[r],11320,DDPGAm,,
h2o[n],11282,DEBRISOQUINEt,,
lys_L[n],4248,DECDPtm,,
btn[n],4249,DEDOLP1_L,,
biocyt[e],4247,DEDOLP1_U,,
btn[e],2954,DEDOLP2_L,,
3uib[c],2548,DEDOLP2_U,,
3aib_D[c],11253,DEDOLR_L,,
but[c],56922,DEDOLR_U,,
but[m],64087,DESAT16_2,,
bvite[e],23417,DESAT18_10,,
bvite[c],27349,DESAT18_3,,
bz[e],4357,DESAT18_4,,
bz[c],4191,DESAT18_5,,
bz[r],4190,DESAT18_6,,
nadph[r],4200,DESAT18_7,,
nadp[r],4199,DESAT18_8,,
44mctr[r],10873,DESAT18_9,,
44mzym[r],1557,DESAT20_1,,
pmtcrn[c],1543,DESAT20_2,,
pmtcrn[m],1545,DESAT22_1p,,
hdcecrn[c],1544,DESAT22_2p,,
hdd2crn[c],4143,DESAT24_1,,
hdcoa[m],27430,DGAT,,
hdcecrn[m],4144,DGCHOLte,,
hdd2coa[m],4548,DGCHOLtx,,
hdd2crn[m],4598,DGK2m,,
stcrn[c],7841,DGNSKm,,
stcoa[m],253430,DGSNt,,
stcrn[m],3635,DGSNtm,,
odecrn[c],8867,DGTPtn,,
odecoa[m],3636,DGULND,,
odecrn[m],27124,DHAAt1r,,
arachdcrn[c],3633,DHAPA,,
arachdcoa[m],56623,DHAPAx,,
arachdcrn[m],3632,DHCHOLESTANATEtm,,
c226coa[x],3628,DHCR241r,,
c226crn[c],3706,DHCR242r,,
c226coa[m],80271,DHCR243r,,
c226crn[m],3707,DHCR71r,,
c2m26dcoa[m],51477,DHCR72r,,
3h26dm5coa[m],3631,DHCRD1,,
c2m26dcoa[x],8821,DHCRD2,,
3h26dm5coa[x],2595,DHDPBMTm,,
co2[r],4121,DHEASt,,
4mzym_int1[r],57134,DHEAStr,,
4mzym_int2[r],10905,DHEASULT,,
nadh[r],84693,DHEAtr,,
nad[r],4594,DHFtl,,
zym_int2[r],116255,DHFtm,,
zymst[r],80168,DHORD9,,
ca2[c],4507,DHPM1,,
ca2[e],10797,DHPM2,,
caro[e],56913,DHPR2,,
carveol[e],443,DIDPtn,,
carveol[c],91703,DIGALSGALSIDEtg,,
etoh[x],4668,DIGALSIDEtg,,
h2o2[m],9498,DIGALSIDEtl,,
cbl2[c],57282,DINt,,
cbl2[m],6528,DITPtn,,
cbl1[m],481,DKMPPD,,
adocbl[m],478,D_LACt2,,
pppi[m],477,D_LACtm,,
nh4[r],23439,DLNLCGCPT1,,
glc_D[r],483,DLNLCGCPT2,,
cbp[r],476,DLNLCGCRNt,,
g6p[r],480,DLNLCGt,,
cbp[m],482,DM_13_cis_oretn_n_,,
pi[r],6548,DM_13_cis_retn_n_,,
ppi[r],6550,DM_Asn_X_Ser_Thr_ly_,,
prostg1[c],6549,DM_avite2_c_,,
prostge1[c],84735,DM_bvite_c_,,
prostge2[c],55748,DM_core5_g_,,
prostgf2[c],6559,DM_core7_g_,,
cca_d3[c],123041,DM_core8_g_,,
cca_d3[e],57419,DM_datp_m_,,
cca_d3[m],9187,DM_datp_n_,,
cdpdag_hs[c],25769,DM_dctp_m_,,
inost[c],124583,DM_dctp_n_,,
pail_hs[c],79077,DM_dem2emgacpail_prot_hs_r_,,
cdpdag_hs[m],9583,DM_dgpi_prot_hs_r_,,
ctp[c],1841,DM_dgtp_m_,,
pa_hs[m],4832,DM_dgtp_n_,,
ctp[m],4831,DM_dsT_antigen_g_,,
dag_hs[c],4830,DM_dttp_m_,,
pchol_hs[c],10201,DM_dttp_n_,,
pe_hs[c],29922,DM_ethamp_r_,,
crm_hs[c],4833,DM_gncore2_g_,,
crmp_hs[c],57127,DM_gpi_sig_er_,,
crm_hs[g],6005,DM_hretn_n_,,
crm_hs[r],6557,DM_kdn_c_,,
gluside_hs[c],6558,DM_m_em_3gacpail_prot_hs_r_,,
gluside_hs[r],349565,DM_melanin_c_,,
cgly[c],64802,DM_mem2emgacpail_prot_hs_r_,,
chsterol[r],23057,DM_n5m2masn_g_,,
xol25oh[r],10135,DM_oretn_n_,,
chol[c],4837,DM_Ser_Thr_ly_,,
coa[n],5409,DM_Ser_Gly_Ala_X_Gly_ly_,,
chol[n],4846,DM_sprm_c_,,
cholp[c],201288,DM_sTn_antigen_g_,,
chol[m],4842,DM_T_antigen_g_,,
cholate[e],4843,DM_yvite_c_,,
cholate[c],645740,DMANTIPYRINEte,,
cholp[g],4860,DMATTx,,
cholp[l],6580,DMGDHm,,
chol[g],55808,DMGtm,,
chol[r],30833,DMHPTCRNCPT1,,
chsterol[c],5251,DMHPTCRNCPT2,,
chsterols[c],56953,DMHPTCRNt,,
chsterol[l],4907,DMHPTCRNte,,
chsterol[m],6476,DMNONCOACRNCPT1,,
chsterol[g],5009,DMNONCRNCPT2,,
chtn[c],5019,DMNONCRNt,,
acgam[e],64064,DNADtn,,
chtn[e],1629,DNAMTn,,
itaccoa[m],594,DNAMTSEn,,
citmcoa_L[m],593,DNDPt10m,,
citr_L[m],26873,DNDPt11m,,
cit[e],4942,DNDPt12m,,
pep[m],7372,DNDPt13m,,
creat[m],1836,DNDPt14m,,
pcreat[m],10861,DNDPt15m,,
creat[c],1811,DNDPt16m,,
pcreat[c],1583,DNDPt17m,,
cl[e],1584,DNDPt18m,,
cl[c],1585,DNDPt19m,,
for[c],1586,DNDPt1m,,
for[e],1588,DNDPt20m,,
i[c],1576,DNDPt21m,,
i[e],1589,DNDPt22m,,
oxa[c],1593,DNDPt23m,,
oxa[e],1553,DNDPt24m,,
clpndcoa[x],1548,DNDPt25m,,
clpndcrn[c],1562,DNDPt26m,,
clpndcoa[m],1558,DNDPt27m,,
clpndcrn[m],1559,DNDPt28m,,
clpnd[e],1565,DNDPt29m,,
clpnd[c],1572,DNDPt2m,,
pglyc_hs[c],51302,DNDPt30m,,
clpn_hs[c],64816,DNDPt31m,,
cmp[g],1577,DNDPt32m,,
cmpacna[c],1551,DNDPt33m,,
cmpacna[g],10858,DNDPt34m,,
cmpacna[n],66002,DNDPt35m,,
ppi[n],4051,DNDPt36m,,
ctp[n],8529,DNDPt37m,,
co2[g],9420,DNDPt38m,,
co2[n],1582,DNDPt39m,,
co2[x],5831,DNDPt3m,,
coa[g],5051,DNDPt40m,,
coa[l],5049,DNDPt41m,,
coa[r],5050,DNDPt42m,,
coke[r],5048,DNDPt43m,,
egme[r],7941,DNDPt44m,,
2dpmhobq[m],347734,DNDPt45m,,
q10[m],57194,DNDPt46m,,
2dp6mobq[m],5338,DNDPt47m,,
2dp6mobq_me[m],5337,DNDPt48m,,
2dp6mep[m],130013,DNDPt49m,,
Tn_antigen[g],5352,DNDPt4m,,
core3[g],5351,DNDPt50m,,
core4[g],8985,DNDPt51m,,
core5[g],5091,DNDPt52m,,
core6[g],5244,DNDPt53m,,
core7[g],5139,DNDPt54m,,
core8[g],5142,DNDPt55m,,
co[c],5151,DNDPt56m,,
co[e],5153,DNDPt57m,,
T4hcinnm[m],5150,DNDPt58m,,
coumarin[e],5143,DNDPt59m,,
coumarin[c],5137,DNDPt5m,,
ntm2amep[c],5144,DNDPt60m,,
cmpntm2amep[c],5136,DNDPt61m,,
creat[e],5140,DNDPt62m,,
crmp_hs[e],10846,DNDPt63m,,
crn[x],5141,DNDPt6m,,
pcrn[x],5138,DNDPt7m,,
pcrn[c],27115,DNDPt8m,,
acrn[x],50940,DNDPt9m,,
crn[e],8622,DOGULND1,,
dmnoncrn[x],5146,DOGULND2,,
dmnoncrn[m],51527,DOGULNO1,,
crtn[c],5152,DOGULNO2,,
crtsl[e],51521,DOLASNT_Ler,,
crtsl[c],8654,DOLASNT_Uer,,
crtsl[m],5145,DOLDPP_Ler,,
crtsl[r],5158,DOLDPP_Uer,,
crtstrn[e],5149,DOLGLCP_Lter,,
crtstrn[c],51522,DOLGLCP_Uter,,
crtstrn[m],51525,DOLGPP_Ler,,
crtstrn[r],51529,DOLGPP_Uer,,
crvnc[e],51526,DOLICHOL_Lter,,
crvnc[c],51524,DOLICHOL_Uter,,
cspg_a[l],51523,DOLK_L,,
Ser_Gly_Ala_X_Gly[l],51528,DOLK_U,,
cs_a[l],5147,DOLMANP_Lter,,
cspg_b[l],5148,DOLMANP_Uter,,
cs_b[l],5161,DOLP_Lter,,
cspg_c[l],5162,DOLP_Uter,,
cs_c[l],1737,DOLPGT1_Ler,,
cspg_d[l],5160,DOLPGT1_Uer,,
cs_d[l],55163,DOLPGT2_Ler,,
cspg_e[l],10396,DOLPGT2_Uer,,
cs_e[l],5105,DOLPGT3_Ler,,
pcrn[m],5106,DOLPGT3_Uer,,
dmnoncoa[x],8310,DOLPH_Ler,,
ppcoa[x],10400,DOLPH_Uer,,
acrn[r],26227,DOLPMT_L,,
crn[r],5730,DOLPMT_U,,
csn[e],27306,DOLPMT1_Ler,,
csn[c],80142,DOLPMT1_Uer,,
cspg_a[g],9536,DOLPMT2_Ler,,
cspg_a[e],5740,DOLPMT2_Uer,,
cspg_b[g],114971,DOLPMT3_Ler,,
cspg_b[e],9489,DOLPMT3_Uer,,
cspg_c[g],5743,DOLPMT4_Ler,,
cspg_c[e],5742,DOLPMT4_Uer,,
cspg_d[g],6898,DOPABMO,,
cspg_d[e],5053,DOPACHRMISO,,
cspg_e[g],5264,DOPAMT,,
cspg_e[e],5728,DOPAQNISO1,,
cyan[e],8871,DOPASFt,,
cyan[c],8394,DOPASULT,,
cyan[m],23396,DOPAt4_2_r,,
focytC[m],8395,DOPAtu,,
ficytC[m],55361,DOPAVESSEC,,
q10h2[m],5297,DORNOp,,
Lcystin[c],5298,DPCOAtl,,
gthrd[c],5291,DPGase,,
gthox[c],5295,DPGM,,
thcys[c],5293,DPHMBDCm,,
mercppyr[c],8503,DPMVDx,,
cys_L[m],5296,DPPS,,
mercppyr[m],5290,DPROOp,,
glu_L[e],10870,DRIBt,,
Lcystin[e],5294,DRPA,,
cytd[c],23533,DSAT,,
uri[c],4952,DTDPtn,,
cmp[m],23236,DTTPtn,,
cytd[m],5336,DUDPtn,,
nh4[n],9651,DUMPtn,,
h[n],113026,DURAD,,
cytd[n],89869,DURAD2,,
uri[n],84812,DURIK1,,
cytd[e],5330,DURIK1m,,
cytd[l],5335,DURIt,,
cdp[c],51196,DURItn,,
dgtp[c],5333,DUTPDPm,,
dgdp[c],5332,DUTPDPn,,
cmp[n],5331,EAFLATOXINte,,
cdp[n],5334,EBASTINEOHte,,
dgtp[n],257068,EBASTINEOHtr,,
dgdp[n],23007,EBASTINEte,,
dcmp[c],5287,EBASTINEtr,,
dcdp[c],5286,EBP1r,,
dcmp[n],5288,EBP2r,,
dcdp[n],200576,ECGISOr,,
dctp[c],8396,ECOAH12m,,
dctp[n],79837,ECOAH1m,,
datp[n],5305,ECOAH1x,,
dadp[n],5289,ECOAH9m,,
utp[c],5279,EGMESTr,,
udp[n],51227,EHGLAT2m,,
utp[n],5283,EHGLATm,,
cdp[m],5277,EICOSTETCPT1,,
adp[n],9091,EICOSTETCPT2,,
gtp[n],8398,EICOSTETCRNt,,
gdp[n],5320,EICOSTETt,,
3aib_D[e],81579,ELAIDCPT1,,
3aib_D[m],5322,ELAIDCPT2,,
dad_2[c],64600,ELAIDCRNt,,
din[c],100137049,ELAIDt,,
dad_2[e],123745,ENGASE,,
din[e],5319,ENGASE2,,
dag_hs[r],26279,ENGASE2ly,,
pa_hs[n],8399,ENGASE3ly,,
dag_hs[n],30814,ENGASEly,,
dag_hs[e],60559,ENMAN1g,,
nh4[x],28972,ENMAN2g,,
ala_D[x],90701,ENMAN3g,,
ala_D[l],9789,ENMAN4g,,
arg_D[x],23478,ENMAN5g,,
5g2oxpt[x],10654,ENMAN6g,,
23doguln[c],117283,EPCTX,,
oaa[x],9807,ESTRADIOLGLCt,,
dd2coa[m],51447,ESTRADIOLGLCt2,,
dd3coa[m],8876,ESTRADIOLGLCtr,,
dcmp[m],8875,ESTRADIOLt,,
dcyt[m],55350,ESTRADIOLtr,,
dcyt[n],80025,ESTRIOLGLCte,,
dcsptn1coa[x],27068,ESTRIOLGLCtr,,
dcsptn1crn[c],8612,ESTRIOLtr,,
dcsptn1coa[m],8611,ESTRONEGLCt,,
dcsptn1crn[m],8613,ESTRONEGLCtr,,
dcsptn1[e],5096,ESTRONESt,,
dcsptn1[c],5095,ESTRONESt2,,
L_dpchrm[c],5498,ESTRONEtr,,
56dihindlcrbxlt[c],8288,ESTSULT,,
dcyt[c],9588,ETF,,
duri[c],4353,ETFQO,,
duri[n],5625,ETHAK,,
dcyt[e],5033,ETHP,,
4h2oglt[m],5034,ETOHMO,,
debrisoquine[e],8974,ETOHtx,,
debrisoquine[c],6578,EX_10fthf[e],,
decdp[c],23761,EX_10fthf5glu[e],,
decdp[m],9791,EX_10fthf6glu[e],,
dedoldp_L[c],81490,EX_10fthf7glu[e],,
dedolp_L[c],10965,EX_11_cis_retfa[e],,
dedoldp_U[c],10005,EX_13_cis_retnglc[e],,
dedolp_U[c],122970,EX_1glyc_hs[e],,
dedol_L[c],5805,EX_2425dhvitd2[e],,
dedol_U[c],6303,EX_2425dhvitd3[e],,
dolichol_L[c],112483,EX_24nph[e],,
dolichol_U[c],8566,EX_25hvitd2[e],,
tag_hs[c],7378,EX_25hvitd3[e],,
dgchol[e],151531,EX_2hb[e],,
dgchol[c],2944,EX_2mcit[e],,
datp[m],64080,EX_34dhoxpeg[e],,
dadp[m],5959,EX_34dhphe[e],,
dgdp[m],8608,EX_35cgmp[e],,
dgmp[m],157506,EX_3aib[e],,
dgsn[m],112724,EX_3aib_D[e],,
dgsn[e],145226,EX_3mlda[e],,
dgsn[c],51109,EX_4hdebrisoquine[e],,
3dhguln[c],195814,EX_4hphac[e],,
dhdascb[e],57665,EX_4mptnl[e],,
dhap[x],50700,EX_4mtolbutamide[e],,
Rtotalcoa[x],8228,EX_4nph[e],,
dhcholestanate[m],113278,EX_4nphsf[e],,
dhcholestanate[x],54981,EX_4pyrdx[e],,
fad[r],6484,EX_5adtststerone[e],,
fadh2[r],6482,EX_5adtststeroneglc[e],,
zymstnl[r],6483,EX_5adtststerones[e],,
chlstol[r],6487,EX_5dhf[e],,
lthstrl[r],64871,EX_5fthf[e],,
dsmsterol[r],6480,EX_5homeprazole[e],,
ddsmsterol[r],10090,EX_5htrp[e],,
dhcrm_hs[c],9653,EX_5mthf[e],,
fad[c],3423,EX_5thf[e],,
fadh2[c],9957,EX_6dhf[e],,
3dpdhb_me[m],9951,EX_6htststerone[e],,
dheas[e],222537,EX_6thf[e],,
dheas[c],9956,EX_7dhf[e],,
dheas[r],9955,EX_7thf[e],,
dhea[c],9953,EX_9_cis_retfa[e],,
dhea[r],64711,EX_abt[e],,
dhf[c],113189,EX_acetone[e],,
dhf[l],50515,EX_acgalfucgalacgalfuc12gal14acglcgalgluside_hs[e],,
dhf[m],166012,EX_acgalfucgalacgalfucgalacglcgal14acglcgalgluside_hs[e],,
dhor_S[c],55501,EX_ach[e],,
orot[c],411,EX_acn13acngalgbside_hs[e],,
56dura[c],23563,EX_acn23acngalgbside_hs[e],,
cala[c],9435,EX_acnacngal14acglcgalgluside_hs[e],,
56dthm[c],10164,EX_acnacngalgbside_hs[e],,
dhbpt[c],4166,EX_acngalacglcgal14acglcgalgluside_hs[e],,
thbpt[c],8534,EX_adp[e],,
mlthf[c],9469,EX_adprbp[e],,
didp[c],56548,EX_adrn[e],,
didp[n],266722,EX_adrnl[e],,
digalsgalside_hs[c],9394,EX_aflatoxin[e],,
digalsgalside_hs[g],90161,EX_ahandrostanglc[e],,
digalside_hs[c],2799,EX_ak2lgchol_hs[e],,
digalside_hs[g],10157,EX_ala_B[e],,
digalside_hs[l],118881,EX_ala_D[e],,
ditp[c],3176,EX_aldstrn[e],,
ditp[n],1757,EX_amp[e],,
dkmpp[c],81537,EX_andrstrn[e],,
2kmb[c],6652,EX_andrstrnglc[e],,
lac_D[e],6342,EX_antipyrene[e],,
lac_D[c],23382,EX_apnnox[e],,
lac_D[m],191,EX_appnn[e],,
dlnlcgcrn[c],10768,EX_aprgstrn[e],,
dlnlcgcoa[m],51540,EX_aqcobal[e],,
dlnlcgcrn[m],1491,EX_arach[e],,
dlnlcg[e],875,EX_arachd[e],,
dlnlcg[c],22929,EX_ascb_L[e],,
13_cis_oretn[n],22928,EX_asp_D[e],,
13_cis_retn[n],6561,EX_atp[e],,
dctp[m],9056,EX_avite1[e],,
dem2emgacpail_prot_hs[r],10558,EX_avite2[e],,
dgpi_prot_hs[r],9517,EX_bhb[e],,
dgtp[m],55304,EX_bildglcur[e],,
dsT_antigen[g],2098,EX_bilglcur[e],,
dttp[m],8879,EX_bilirub[e],,
dttp[n],4759,EX_biocyt[e],,
ethamp[r],129807,EX_bvite[e],,
gpi_sig[r],8869,EX_camp[e],,
hretn[n],56848,EX_caro[e],,
kdn[c],8877,EX_carveol[e],,
m3gacpail_prot_hs[r],130752,EX_cca_d3[e],,
melanin[c],55512,EX_chol[e],,
mem2emgacpail_prot_hs[r],339221,EX_cholate[e],,
n5m2masn[g],55627,EX_chsterol[e],,
oretn[n],6609,EX_chtn[e],,
Ser_Thr[l],6610,EX_clpnd[e],,
sprm[c],259230,EX_cmp[e],,
sTn_antigen[g],115111,EX_co[e],,
yvite[c],115019,EX_coumarin[e],,
dmantipyrine[e],116369,EX_creat[e],,
dmantipyrine[c],284129,EX_crmp_hs[e],,
ppi[x],26266,EX_crn[e],,
dmpp[x],6646,EX_crtsl[e],,
ipdp[x],6649,EX_crtstrn[e],,
grdp[x],6648,EX_crvnc[e],,
fald[m],6647,EX_cspg_a[e],,
dmgly[m],6697,EX_cspg_b[e],,
sarcs[m],6611,EX_cspg_c[e],,
dmhptcoa[c],6723,EX_cspg_d[e],,
dmhptcrn[c],6713,EX_cspg_e[e],,
dmhptcoa[m],2222,EX_cyan[e],,
dmhptcrn[m],6715,EX_dag_hs[e],,
dmhptcrn[e],6716,EX_dcsptn1[e],,
dmnoncrn[c],15,EX_debrisoquine[e],,
dmnoncoa[c],11185,EX_dgchol[e],,
dmnoncoa[m],6532,EX_dhdascb[e],,
dnad[c],10402,EX_dheas[e],,
dnad[n],10610,EX_dhf[e],,
dna[n],256435,EX_digalsgalside_hs[e],,
dna5mtc[n],30815,EX_dlnlcg[e],,
seasmet[n],81849,EX_dmantipyrine[e],,
seahcys[n],6489,EX_dmhptcrn[e],,
dcdp[m],29906,EX_dopa[e],,
dtdp[m],412,EX_dopasf[e],,
dtdp[c],6389,EX_eaflatoxin[e],,
dudp[c],6392,EX_ebastine[e],,
dudp[m],6391,EX_ebastineoh[e],,
dutp[c],6390,EX_eicostet[e],,
dutp[m],6821,EX_elaid[e],,
dttp[c],6533,EX_estradiol[e],,
lyxnt[c],5092,EX_estradiolglc[e],,
xylnt[c],23530,EX_estriolglc[e],,
thrnt[c],79178,EX_estroneglc[e],,
eryth[c],6567,EX_estrones[e],,
g3m8mpdol_L[r],1890,EX_fuc13galacglcgal14acglcgalgluside_hs[e],,
doldp_L[r],55217,EX_fuc14galacglcgalgluside_hs[e],,
g3m8masn[r],7296,EX_fucacgalfucgalacglcgalgluside_hs[e],,
g3m8mpdol_U[r],114112,EX_fucacngal14acglcgalgluside_hs[e],,
doldp_U[r],10587,EX_fucacngalacglcgalgluside_hs[e],,
dolglcp_L[c],80162,EX_fucfuc12gal14acglcgalgluside_hs[e],,
dolglcp_L[r],11181,EX_fucfuc132galacglcgal14acglcgalgluside_hs[e],,
dolglcp_U[c],7166,EX_fucfucfucgalacglc13galacglcgal14acglcgalgluside_hs[e],,
dolglcp_U[r],121278,EX_fucfucfucgalacglcgal14acglcgalgluside_hs[e],,
dolichol_L[r],6999,EX_fucfucgalacglcgalgluside_hs[e],,
dolichol_U[r],169355,EX_fucgal14acglcgalgluside_hs[e],,
dolp_L[c],6916,EX_fucgalfucgalacglcgalgluside_hs[e],,
dolp_U[c],7054,EX_fucgalgbside_hs[e],,
dolmanp_L[c],7306,EX_fuc_L[e],,
dolmanp_U[c],10020,EX_galacglcgalgbside_hs[e],,
m8mpdol_L[r],29880,EX_galfuc12gal14acglcgalgluside_hs[e],,
g1m8mpdol_L[r],7355,EX_galfucgalacglcgal14acglcgalgluside_hs[e],,
m8mpdol_U[r],7358,EX_galgalfucfucgalacglcgalacglcgal14acglcgalgluside_hs[e],,
g1m8mpdol_U[r],23169,EX_galgalgalthcrm_hs[e],,
g2m8mpdol_L[r],23443,EX_gbside_hs[e],,
g2m8mpdol_U[r],84912,EX_gchola[e],,
m4mpdol_L[r],11046,EX_gd1b2_hs[e],,
m5mpdol_L[r],80146,EX_gd1c_hs[e],,
m4mpdol_U[r],5168,EX_gdp[e],,
m5mpdol_U[r],3906,EX_gluala[e],,
m6mpdol_L[r],7357,EX_glyc_S[e],,
m6mpdol_U[r],54576,EX_glygn2[e],,
m7mpdol_L[r],54575,EX_glygn4[e],,
m7mpdol_U[r],54578,EX_glygn5[e],,
2c23dh56dhoxin[c],54579,EX_gmp[e],,
dopaqn[c],54600,EX_gp1c_hs[e],,
dopasf[c],54658,EX_gp1calpha_hs[e],,
dopasf[e],54659,EX_gq1b_hs[e],,
dopa[e],54577,EX_gq1balpha_hs[e],,
orn_D[x],54657,EX_gsn[e],,
5a2opntn[x],7364,EX_gt1a_hs[e],,
dpcoa[l],54490,EX_gthox[e],,
dpcoa[c],7367,EX_gthrd[e],,
3pg[c],10720,EX_gtp[e],,
23dpg[c],7363,EX_h2o2[e],,
13dpg[c],7365,EX_ha[e],,
pi[x],7366,EX_ha_pre1[e],,
5dpmev[x],54963,EX_hco3[e],,
ipdp[c],7498,EX_hcoumarin[e],,
frdp[c],9942,EX_hdca[e],,
pro_D[x],64131,EX_hdcea[e],,
1p2cbxl[x],64132,EX_hestratriol[e],,
drib[e],51181,EX_hexc[e],,
2dr5p[c],64077,EX_hista[e],,
g3p[c],5464,EX_hom_L[e],,
dtdp[n],10724,EX_hpdca[e],,
dudp[n],1356,EX_hspg[e],,
dump[c],2512,EX_htaxol[e],,
dump[n],2495,EX_i[e],,
ura[c],94033,EX_idp[e],,
thym[c],1727,EX_imp[e],,
dump[m],51706,EX_inost[e],,
duri[m],51700,EX_ksi[e],,
duri[e],80347,EX_ksi_deg1[e],,
dutp[n],22978,EX_ksii_core2[e],,
eaflatoxin[e],84618,EX_ksii_core4[e],,
eaflatoxin[c],51251,EX_lac_D[e],,
ebastineoh[e],93034,EX_Lcystin[e],,
ebastineoh[c],100526794,EX_leuktrA4[e],,
ebastineoh[r],3251,EX_leuktrB4[e],,
ebastine[e],353,EX_leuktrC4[e],,
ebastine[c],56954,EX_leuktrD4[e],,
ebastine[r],5313,EX_leuktrE4[e],,
ecgon[r],92086,EX_leuktrF4[e],,
pecgon[r],728441,EX_lgnc[e],,
3hbcoa[m],102724197,EX_limnen[e],,
b2coa[x],2686,EX_lipoate[e],,
3hbcoa[x],124975,EX_lneldc[e],,
3hmbcoa[m],91227,EX_lnlc[e],,
meoh[r],5211,EX_lnlnca[e],,
eicostetcrn[c],2819,EX_lnlncg[e],,
eicostetcoa[m],29926,EX_lpchol_hs[e],,
eicostetcrn[m],29925,EX_mag_hs[e],,
eicostet[e],102724560,EX_meoh[e],,
eicostet[c],22934,EX_mercplaccys[e],,
elaidcrn[c],8418,EX_mthgxl[e],,
od2coa[m],51292,EX_n2m2nmasn[e],,
elaidcrn[m],2766,EX_nad[e],,
elaid[e],57571,EX_nadp[e],,
elaid[c],8833,EX_ncam[e],,
s2l2n2m2m[c],11332,EX_nifedipine[e],,
s2l2n2m2mn[c],5538,EX_no[e],,
n2m2nmn[c],641371,EX_npthl[e],,
n2m2nm[c],9374,EX_nrpphr[e],,
n2m2nm[l],55825,EX_nrpphrsf[e],,
ksi_deg2[l],51102,EX_nrvnc[e],,
ksi_deg3[l],37,EX_o2s[e],,
s2l2n2m2m[l],33,EX_oagd3_hs[e],,
s2l2n2m2mn[l],132158,EX_oagt3_hs[e],,
g1m8masn[g],60496,EX_ocdca[e],,
glc1man[g],641649,EX_ocdcea[e],,
m7masnA[g],93100,EX_octa[e],,
g2m8masn[g],23475,EX_omeprazole[e],,
glc2man[g],50484,EX_onpthl[e],,
g3m8masn[g],6240,EX_oxa[e],,
glc3man[g],6241,EX_paf_hs[e],,
g1m7masnC[g],79966,EX_pchol_hs[e],,
m6masnC[g],10588,EX_pe_hs[e],,
g1m7masnB[g],84890,EX_peplys[e],,
m6masnB2[g],79646,EX_perillyl[e],,
g1m6masnB1[g],53354,EX_pglyc_hs[e],,
m5masnB1[g],55229,EX_pheacgln[e],,
2ameph[c],83594,EX_phyQ[e],,
cmp2amep[c],7263,EX_phyt[e],,
estradiolglc[e],60490,EX_prgstrn[e],,
estradiolglc[c],29920,EX_pro_D[e],,
estradiolglc[r],7389,EX_prostgd2[e],,
estradiol[e],1595,EX_prostge1[e],,
estradiol[c],130367,EX_prostge2[e],,
estradiol[r],10478,EX_prostgf2[e],,
estriolglc[c],64240,EX_ps_hs[e],,
estriolglc[e],64241,EX_ptdca[e],,
estriolglc[r],284111,EX_rbt[e],,
estriol[r],213,EX_retfa[e],,
estriol[c],12,EX_retinol[e],,
estroneglc[c],5265,EX_retinol_9_cis[e],,
estroneglc[e],338,EX_retinol_cis_11[e],,
estroneglc[r],4706,EX_retn[e],,
estrones[e],341,EX_retnglc[e],,
estrones[c],344,EX_Rtotal[e],,
estrone[r],345,EX_Rtotal2[e],,
estrone[c],2243,EX_Rtotal3[e],,
etfox[m],5340,EX_s2l2fn2m2masn[e],,
etfrd[m],2147,EX_s2l2n2m2masn[e],,
ethamp[c],7037,EX_sarcs[e],,
etha[c],348,EX_sel[e],,
10fthf[e],335,EX_ser_D[e],,
10fthf5glu[e],8435,EX_sl_L[e],,
10fthf6glu[e],3988,EX_spc_hs[e],,
10fthf7glu[e],7295,EX_sph1p[e],,
11_cis_retfa[e],25828,EX_sphs1p[e],,
13_cis_retnglc[e],54995,EX_srtn[e],,
1glyc_hs[e],771,EX_strch1[e],,
35cgmp[e],760,EX_strch2[e],,
3aib[e],768,EX_strdnc[e],,
4hphac[e],23632,EX_tag_hs[e],,
5dhf[e],765,EX_tagat_D[e],,
5thf[e],759,EX_taxol[e],,
6dhf[e],762,EX_tchola[e],,
6thf[e],766,EX_tcynt[e],,
7dhf[e],767,EX_tdchola[e],,
7thf[e],377677,EX_tethex3[e],,
9_cis_retfa[e],10057,EX_tetpent3[e],,
adprbp[e],6556,EX_tetpent6[e],,
ak2lgchol_hs[e],6568,EX_tettet6[e],,
aprgstrn[e],7779,EX_thf[e],,
avite1[e],54020,EX_thmmp[e],,
camp[e],215,EX_thmtp[e],,
chsterol[e],5825,EX_thym[e],,
cmp[e],641372,EX_thyox_L[e],,
dhf[e],9045,EX_tmndnc[e],,
digalsgalside_hs[e],4017,EX_tolbutamide[e],,
fuc13galacglcgal14acglcgalgluside_hs[e],51550,EX_triodthy[e],,
fuc14galacglcgalgluside_hs[e],8479,EX_triodthysuf[e],,
fucacgalfucgalacglcgalgluside_hs[e],64834,EX_tststerone[e],,
fucacngal14acglcgalgluside_hs[e],4025,EX_tststeroneglc[e],,
fucacngalacglcgalgluside_hs[e],84105,EX_tststerones[e],,
fucfuc12gal14acglcgalgluside_hs[e],25830,EX_tsul[e],,
fucfuc132galacglcgal14acglcgalgluside_hs[e],84569,EX_ttdca[e],,
fucfucfucgalacglc13galacglcgal14acglcgalgluside_hs[e],57486,EX_txa2[e],,
fucfucfucgalacglcgal14acglcgalgluside_hs[e],56267,EX_tymsf[e],,
fucfucgalacglcgalgluside_hs[e],93492,EX_Tyr_ggn[e],,
fucgal14acglcgalgluside_hs[e],196743,EX_udp[e],,
fucgalfucgalacglcgalgluside_hs[e],4257,EX_ump[e],,
fucgalgbside_hs[e],373156,EX_urate[e],,
fuc_L[e],874,EX_utp[e],,
galacglcgalgbside_hs[e],10901,EX_vacc[e],,
galfuc12gal14acglcgalgluside_hs[e],1267,EX_vitd2[e],,
galfucgalacglcgal14acglcgalgluside_hs[e],1592,EX_vitd3[e],,
galgalfucfucgalacglcgalacglcgal14acglcgalgluside_hs[e],56603,EX_whddca[e],,
galgalgalthcrm_hs[e],2053,EX_whhdca[e],,
gbside_hs[e],2052,EX_whtststerone[e],,
gchola[e],10249,EX_whttdca[e],,
gd1b2_hs[e],1580,EX_xolest_hs[e],,
gd1c_hs[e],1555,EX_xolest2_hs[e],,
gdp[e],1549,EX_xoltri24[e],,
gluala[e],1573,EX_xoltri25[e],,
glyc_S[e],199974,EX_xoltri27[e],,
glygn5[e],260293,EX_xylt[e],,
gmp[e],29785,EX_yvite[e],,
gp1c_hs[e],57834,F1Atg,,
gp1calpha_hs[e],1215,F1PGT,,
gq1b_hs[e],1357,F6Tg,,
gq1balpha_hs[e],1358,FA120ACPH,,
gsn[e],57094,FA140ACPH,,
gt1a_hs[e],93979,FA141ACPH,,
gthox[e],1200,FA160ACPH,,
gthrd[e],7177,FA161ACPH,,
gtp[e],64499,FA180ACPH,,
h2o2[e],23430,FA181ACPH,,
ha[e],29953,FA1821ACPH,,
ha_pre1[e],8260,FA1822ACPH,,
hcoumarin[e],126410,FA182ACPH,,
hdca[e],1636,FACOAL140i,,
hdcea[e],9365,FACOAL150,,
hestratriol[e],9331,FACOAL160i,,
hexc[e],7368,FACOAL170,,
hista[e],5315,FACOAL180i,,
hom_L[e],26063,FACOAL1812,,
hpdca[e],1666,FACOAL1813,,
hspg[e],26061,FACOAL181i,,
htaxol[e],85465,FACOAL1821,,
idp[e],8897,FACOAL1822,,
imp[e],8898,FACOAL1831,,
inost[e],10728,FACOAL1832,,
ksi[e],2880,FACOAL184,,
ksi_deg1[e],2329,FACOAL191,,
ksii_core2[e],2328,FACOAL200,,
ksii_core4[e],2330,FACOAL203,,
leuktrA4[e],2326,FACOAL204,,
leuktrB4[e],2327,FACOAL2042,,
leuktrC4[e],9152,FACOAL205,,
leuktrD4[e],9497,FACOAL206,,
leuktrE4[e],115584,FACOAL224,,
leuktrF4[e],6574,FACOAL2251,,
lgnc[e],6575,FACOAL2252,,
limnen[e],142680,FACOAL226,,
lipoate[e],6534,FACOAL240,,
lneldc[e],3293,FACOAL241,,
lnlc[e],1622,FACOAL244_1,,
lnlnca[e],225,FACOAL245_1,,
lnlncg[e],28965,FACOAL245_2,,
lpchol_hs[e],23205,FACOAL246_1,,
mag_hs[e],54716,FACOAL260,,
meoh[e],6564,FACOAL40im,,
mercplaccys[e],51296,FACOAL80i,,
mthgxl[e],121260,FADDP,,
n2m2nmasn[e],2694,FADH2tru,,
nad[e],8029,FADH2tx,,
nadp[e],81693,FADtru,,
ncam[e],113235,FADtx,,
nifedipine[e],2168,FAEL183,,
no[e],51056,FAEL184,,
npthl[e],9390,FAEL204,,
nrpphr[e],5184,FAEL205,,
nrpphrsf[e],4891,FAH1,,
nrvnc[e],30061,FAH2,,
o2s[e],4524,FAH3,,
oagd3_hs[e],65263,FALDH,,
oagt3_hs[e],25796,FALDtly,,
ocdca[e],28982,FALDtm,,
ocdcea[e],6120,FAOXC11,,
octa[e],10864,FAOXC140,,
omeprazole[e],9356,FAOXC150m,,
onpthl[e],9376,FAOXC160,,
paf_hs[e],348932,FAOXC16080m,,
pchol_hs[e],120103,FAOXC16080x,,
pe_hs[e],1080,FAOXC161802m,,
peplys[e],85413,FAOXC16180m,,
perillyl[e],85320,FAOXC170m,,
pglyc_hs[e],222962,FAOXC180,,
pheacgln[e],10351,FAOXC180x,,
phyQ[e],9429,FAOXC1811601m,,
phyt[e],55867,FAOXC1811602m,,
prgstrn[e],360,FAOXC1811603m,,
pro_D[e],364,FAOXC182806m,,
prostgd2[e],89872,FAOXC18280m,,
prostge1[e],21,FAOXC183803m,,
prostge2[e],24,FAOXC183806m,,
prostgf2[e],125206,FAOXC183806x,,
ps_hs[e],200010,FAOXC18480m,,
ptdca[e],6524,FAOXC18480x,,
rbt[e],159963,FAOXC200180m,,
retfa[e],4035,FAOXC200180x,,
retinol[e],79581,FAOXC2031836m,,
retinol_9_cis[e],55065,FAOXC204,,
retinol_cis_11[e],948,FAOXC204184m,,
retn[e],3764,FAOXC2051843m,,
retnglc[e],6833,FAOXC2051843x,,
Rtotal[e],10060,FAOXC2242046m,,
Rtotal2[e],3767,FAOXC2242046x,,
Rtotal3[e],5950,FAOXC2251836m,,
s2l2fn2m2masn[e],64220,FAOXC2251836x,,
s2l2n2m2masn[e],5947,FAOXC2252053m,,
sarcs[e],5948,FAOXC2252053x,,
sel[e],2638,FAOXC226,,
ser_D[e],4036,FAOXC226205m,,
sl_L[e],949,FAOXC226205x,,
spc_hs[e],29881,FAOXC240200x,,
sph1p[e],2350,FAOXC241181x,,
sphs1p[e],3248,FAOXC2442246x,,
srtn[e],166929,FAOXC2452253x,,
strdnc[e],56261,FAOXC2452256x,,
tag_hs[e],3658,FAOXC246226x,,
tagat_D[e],122481,FAOXC260240x,,
taxol[e],203,FAOXC80,,
tchola[e],159,FAS100COA,,
tcynt[e],122622,FAS120COA,,
tdchola[e],11212,FAS140COA,,
tethex3[e],383,FAS160COA,,
tetpent3[e],1371,FAS180COA,,
tetpent6[e],1503,FAS80COA_L,,
tettet6[e],56474,FATP1t,,
thf[e],5860,FATP2t,,
thmmp[e],9453,FATP3t,,
thmtp[e],2023,FATP4t,,
thym[e],2027,FATP5t,,
thyox_L[e],2026,FATP6t,,
tmndnc[e],9843,FATP7t,,
tolbutamide[e],80308,FATP8t,,
triodthy[e],7360,FATP9t,,
triodthysuf[e],2597,FBA4,,
tststerone[e],26330,FBA5,,
tststeroneglc[e],2673,FBP26,,
tststerones[e],9945,FCLTm,,
tsul[e],2752,FCOAH,,
ttdca[e],51557,FDH,,
txa2[e],1800,FE2t,,
tymsf[e],2762,FE2tm,,
Tyr_ggn[e],761,FE3R2e,,
udp[e],358,FK,,
ump[e],361,FKYNH,,
urate[e],4284,FOLR2,,
utp[e],359,FOLt2,,
vacc[e],362,FORMCOAtx,,
vitd2[e],3145,FORt2m,,
vitd3[e],586,FORtr,,
whddca[e],3614,FORtrn,,
whhdca[e],3615,FPGS2,,
whtststerone[e],682,FPGS2m,,
whttdca[e],4351,FPGS3,,
xolest_hs[e],100287639,FPGS3m,,
xolest2_hs[e],441024,FPGS4,,
xoltri24[e],65220,FPGS4m,,
xoltri25[e],389015,FPGS5,,
xoltri27[e],6553,FPGS5m,,
xylt[e],2821,FPGS6,,
yvite[e],5230,FPGS6m,,
f1a[g],375056,FPGS7m,,
f1a[l],5232,FPGS8,,
fuc1p_L[c],5236,FPGS8m,,
gdpfuc[c],55276,FPGS9,,
gdp[g],5372,FPGS9m,,
gdpfuc[g],5373,FPGSm,,
n2m2masn[g],210,FRDPtc,,
fn2m2masn[g],79717,FRDPtr,,
ACP[c],58510,FRUt1r,,
ddcaACP[c],153201,FTHFDH,,
ddca[c],221823,FTHFLm,,
ttdca[c],5631,FUC13GALACGLCGAL14ACGLCGALGLUSIDEte,,
myrsACP[c],5634,FUC13GALACGLCGAL14ACGLCGALGLUSIDEtg,,
tdeACP[c],29968,FUC14GALACGLCGALGLUSIDEte,,
ttdcea[c],8781,FUC14GALACGLCGALGLUSIDEtg,,
hdca[c],5723,FUCACGALFUCGALACGLCGALGLUSIDEte,,
palmACP[c],55312,FUCACGALFUCGALACGLCGALGLUSIDEtg,,
hdcea[c],6888,FUCACNGAL14ACGLCGALGLUSIDEte,,
hdeACP[c],79896,FUCACNGAL14ACGLCGALGLUSIDEtg,,
ocdca[c],7086,FUCACNGALACGLCGALGLUSIDEte,,
ocdcaACP[c],84076,FUCACNGALACGLCGALGLUSIDEtg,,
ocdcea[c],8277,FUCASE2e,,
octeACP[c],27010,FUCASE2ly,,
lnlc[c],7167,FUCASEe,,
lnlcACP[c],286016,FUCASEly,,
lneldc[c],2582,FUCFUC12GAL14ACGLCGALGLUSIDEte,,
lneldcACP[c],6675,FUCFUC12GAL14ACGLCGALGLUSIDEtg,,
ocdcyaACP[c],91373,FUCFUC132GALACGLCGAL14ACGLCGALGLUSIDEte,,
ocdcya[c],7390,FUCFUC132GALACGLCGAL14ACGLCGALGLUSIDEtg,,
ptdca[c],6563,FUCFUCFUCGALACGLC13GALACGLCGAL14ACGLCGALGLUSIDEte,,
ptdcacoa[c],8170,FUCFUCFUCGALACGLC13GALACGLCGAL14ACGLCGALGLUSIDEtg,,
hpdca[c],374569,FUCFUCFUCGALACGLCGAL14ACGLCGALGLUSIDEte,,
hpdcacoa[c],100507855,FUCFUCFUCGALACGLCGAL14ACGLCGALGLUSIDEtg,,
vacc[c],31,FUCFUCGALACGLCGALGLUSIDEte,,
lnlncg[c],55191,FUCFUCGALACGLCGALGLUSIDEtg,,
lnlnca[c],132,FUCGAL14ACGLCGALGLUSIDEte,,
strdnc[c],112611,FUCGAL14ACGLCGALGLUSIDEtg,,
pristcoa[c],98,FUCGALFUCGALACGLCGALGLUSIDEte,,
tmndnc[c],97,FUCGALFUCGALACGLCGALGLUSIDEtg,,
phyt[c],51005,FUCGALGBSIDEte,,
phytcoa[c],471,FUCGALGBSIDEtg,,
lgnc[c],435,FUCtly,,
nrvnc[c],171425,FUMAC,,
tettet6[c],132789,FUMm,,
tetpent6[c],10007,FUMSO3tm,,
tetpent3[c],2584,FUMSO4tm,,
tethex3[c],2585,FUMtm,,
hexc[c],2592,FUMTSULtm,,
occoa[c],5471,FUT11g,,
octa[c],84264,FUT12g,,
malcoa[c],3034,FUT14g,,
whddca[c],144193,FUT15g,,
whttdca[c],2739,FUT16g,,
whhdca[c],3612,FUT17g,,
fald[c],3613,FUT18g,,
Sfglutth[c],8776,FUT31g,,
fald[l],2978,FUT32g,,
tdcoa[m],4953,FUT33g,,
ptdcacoa[m],5214,FUT34g,,
occoa[m],5213,FUT35g,,
hpdcacoa[m],283871,FUT910g,,
stcoa[x],10050,FUT911g,,
octd11ecoa[m],10786,FUT91g,,
lnlccoa[m],10246,FUT92g,,
lneldccoa[m],6569,FUT93g,,
lnlncacoa[m],10568,FUT94g,,
lnlncgcoa[m],5198,FUT95g,,
lnlncgcoa[x],23483,FUT96g,,
strdnccoa[m],113675,FUT97g,,
strdnccoa[x],7298,FUT98g,,
tmndnccoa[m],131669,FUT99g,,
tmndnccoa[x],5973,G12MT1_L,,
odecoa[x],1635,G12MT1_U,,
nrvnccoa[x],286297,G12MT2_L,,
tettet6coa[x],10560,G12MT2_U,,
tetpent3coa[x],51660,G13MT_L,,
tetpent6coa[x],25874,G13MT_U,,
tethex3coa[x],5205,G14T10g,,
hexccoa[x],57198,G14T11g,,
dcacoa[c],23250,G14T12g,,
ddcacoa[c],286410,G14T13g,,
xu1p_D[c],5243,G14T14g,,
gcald[c],55856,G14T15g,,
glyald[c],7350,G14T16g,,
tag1p_D[c],26027,G14T17g,,
f6p[c],10058,G14T18g,,
f26bp[c],51458,G14T19g,,
fe2[m],10928,G14T20g,,
pheme[m],1728,G14T21g,,
ppp9[m],2946,G14T2g,,
formcoa[c],125981,G14T3g,,
fe2[e],55331,G14T4g,,
fe2[c],340485,G14T5g,,
fe3[e],5660,G14T6g,,
fuc_L[c],2760,G14T7g,,
Lfmkynr[c],57704,G14T8g,,
Lkynr[c],10825,G14T9g,,
fol[c],7903,G14Tg,,
fol[e],26090,G16MT_L,,
formcoa[x],6382,G16MT_U,,
for[m],3339,G1M6MASNB1terg,,
for[r],57406,G1M7MASNBterg,,
for[n],338328,G1M7MASNCterg,,
5dhf[m],3991,G1M8MASNterg,,
thf[m],747,G2M8MASNterg,,
frdp[x],221955,G3M8MASNterg,,
frdp[r],57104,G3PD2m,,
fru[e],119548,G5SADrm,,
fru[c],1387,G5SDym,,
thf[c],6095,G6PDH1rer,,
fuc13galacglcgal14acglcgalgluside_hs[c],6604,G6PDH2rer,,
fuc13galacglcgal14acglcgalgluside_hs[g],8648,G6PPer,,
fuc14galacglcgalgluside_hs[c],6907,G6Pter,,
fuc14galacglcgalgluside_hs[g],2274,GABAVESSEC,,
fucacgalfucgalacglcgalgluside_hs[c],8202,GACMTRc,,
fucacgalfucgalacglcgalgluside_hs[g],5469,GACPAILter,,
fucacngal14acglcgalgluside_hs[c],9572,GAL3ST11,,
fucacngal14acglcgalgluside_hs[g],23309,GAL3ST12,,
fucacngalacglcgalgluside_hs[c],85441,GALACGLCGALGBSIDEte,,
fucacngalacglcgalgluside_hs[g],29841,GALACGLCGALGBSIDEtg,,
fuc_L[l],96764,GALASE10ly,,
ksi[l],10499,GALASE11ly,,
ksi_deg1[l],9611,GALASE12ly,,
s2l2fn2m2masn[l],10498,GALASE13ly,,
s2l2n2m2masn[l],27063,GALASE14ly,,
fucfuc12gal14acglcgalgluside_hs[c],25942,GALASE15ly,,
fucfuc12gal14acglcgalgluside_hs[g],8841,GALASE16ly,,
fucfuc132galacglcgal14acglcgalgluside_hs[c],80205,GALASE17ly,,
fucfuc132galacglcgal14acglcgalgluside_hs[g],79718,GALASE18ly,,
fucfucfucgalacglc13galacglcgal14acglcgalgluside_hs[c],6256,GALASE19ly,,
fucfucfucgalacglc13galacglcgal14acglcgalgluside_hs[g],5465,GALASE1ly,,
fucfucfucgalacglcgal14acglcgalgluside_hs[c],9612,GALASE20ly,,
fucfucfucgalacglcgal14acglcgalgluside_hs[g],23054,GALASE3ly,,
fucfucgalacglcgalgluside_hs[c],57761,GALASE4ly,,
fucfucgalacglcgalgluside_hs[g],50486,GALASE5ly,,
fucgal14acglcgalgluside_hs[c],11010,GALASE6ly,,
fucgal14acglcgalgluside_hs[g],23179,GALASE7ly,,
fucgalfucgalacglcgalgluside_hs[c],27242,GALASE8ly,,
fucgalfucgalacglcgalgluside_hs[g],26230,GALASE9ly,,
fucgalgbside_hs[c],123,GALC,,
fucgalgbside_hs[g],4862,GALFUC12GAL14ACGLCGALGLUSIDEte,,
4fumacac[c],8800,GALFUC12GAL14ACGLCGALGLUSIDEtg,,
fum[m],116519,GALFUCGALACGLCGAL14ACGLCGALGLUSIDEte,,
so4[m],1490,GALFUCGALACGLCGAL14ACGLCGALGLUSIDEtg,,
so4[c],183,GALGALFUCFUCGALACGLCGALACGLCGAL14ACGLCGALGLUSIDEte,,
tsul[m],336,GALGALFUCFUCGALACGLCGALACGLCGAL14ACGLCGALGLUSIDEtg,,
tsul[c],51129,GALGALGALTHCRMte,,
acngalacglcgalgluside_hs[g],5166,GALGALGALTHCRMtg,,
fucgalacglc13galacglcgal14acglcgalgluside_hs[g],355,GALGLUSIDEtg,,
fucfucgalacglc13galacglcgal14acglcgalgluside_hs[g],6720,GALGLUSIDEtl,,
acngal14acglcgalgluside_hs[g],5360,GALGT1,,
fucfucgalacglcgal14acglcgalgluside_hs[g],10951,GALGT2,,
fuc132galacglcgal14acglcgalgluside_hs[g],4547,GALGT3,,
m2mpdol_L[c],5346,GALGT4,,
m3mpdol_L[c],1149,GALNACT1g,,
m2mpdol_U[c],64714,GALNACT2g,,
m3mpdol_U[c],2170,GALNACT3g,,
m4mpdol_L[c],2169,GALNACT4g,,
m4mpdol_U[c],2173,GALNACT5g,,
m1mpdol_L[c],2171,GALNTg,,
m1mpdol_U[c],2172,GALOR,,
ksi_pre14[g],2167,GALSIDEtg,,
ksi_pre17[g],646486,GALSIDEtl,,
ksi_pre20[g],646480,GALt1r,,
ksi_pre23[g],6296,GALT2g,,
ksi_pre26[g],348158,GALTg,,
ksi_pre29[g],54988,GALtly,,
ksi_pre32[g],123876,GAMt1r,,
ksi_pre35[g],341392,GAMYe,,
ksi_pre36[g],344967,GAO1,,
ksii_core4_pre1[g],8605,GAO1g,,
ksii_core4_pre6[g],84647,GAO2,,
ksii_core4_pre9[g],283748,GAO2g,,
ksii_core4_pre10[g],151056,GARFT,,
ksii_core2_pre1[g],255189,GASNASE2ly,,
ksii_core2_pre6[g],8681,GASNASE3ly,,
ksii_core2_pre9[g],11145,GASNASEly,,
ksii_core2_pre10[g],391013,GBA,,
ksi_pre5[g],51099,GBAl,,
ksi_pre8[g],154141,GBGT1,,
ksi_pre11[g],253558,GBSIDEte,,
l2fn2m2masn[g],9663,GBSIDEtl,,
g1m6masnB1[r],64748,GCALDDm,,
g1m7masnB[r],9890,GCC2am,,
g1m7masnC[r],79948,GCC2bim,,
g1m8masn[r],64900,GCC2cm,,
g2m8masn[r],23175,GCCam,,
glyc3p[c],84513,GCCbim,,
glu5sa[m],196051,GCCcm,,
1pyr5c[m],346606,GCHOLAt,,
glu5p[m],23646,GCHOLAt2,,
6pgl[r],122618,GCHOLAte,,
g6p[c],201164,GCHOLAtx,,
gudac[c],54947,GCNTg,,
gacpail_hs[c],10162,GD1B2te,,
gacpail_hs[r],79888,GD1B2tg,,
paps[g],254531,GD1Cte,,
pap[g],11313,GD1Ctg,,
sgalside_hs[g],10908,GDPFUCtg,,
galside_hs[g],23659,GDPtg,,
galacglcgalgbside_hs[c],10434,GFUCS,,
gal[l],375775,GGH_10FTHF5GLUe,,
ksi_deg26[l],50640,GGH_10FTHF5GLUl,,
ksi_deg27[l],23529,GGH_10FTHF6GLUe,,
ksi_deg29[l],590,GGH_10FTHF6GLUl,,
ksi_deg30[l],23228,GGH_10FTHF7GLUe,,
ksi_deg32[l],55750,GGH_10FTHF7GLUl,,
ksi_deg33[l],55711,GGH_5DHFe,,
ksi_deg35[l],84188,GGH_5DHFl,,
ksi_deg36[l],56624,GGH_5THFe,,
ksi_deg38[l],79944,GGH_5THFl,,
ksi_deg39[l],79603,GGH_6DHFe,,
ksi_deg40[l],91012,GGH_6DHFl,,
ksi_deg41[l],29956,GGH_6THFe,,
ksii_core2_deg2[l],204219,GGH_6THFl,,
ksii_core2_deg3[l],253782,GGH_7DHFe,,
ksii_core2_deg5[l],10715,GGH_7DHFl,,
ksii_core2_deg6[l],55830,GGH_7THFe,,
ksii_core2_deg8[l],55624,GGH_7THFl,,
ksii_core2_deg9[l],55757,GGLUCT,,
core6[l],168391,GGNG,,
l2n2m2mn[l],83468,GGT_L,,
ksii_core4_deg2[l],8702,GGT_U,,
ksii_core4_deg3[l],140687,GGT5r,,
ksi_deg5[l],3703,GGT6,,
ksi_deg6[l],56886,GHMT2rm,,
ksi_deg8[l],283358,GHMT3,,
ksi_deg9[l],8473,GHMT3m,,
ksi_deg11[l],8707,GK1m,,
ksi_deg12[l],148789,GLACO,,
ksi_deg14[l],56983,GLACOm,,
ksi_deg15[l],201595,GLACter,,
ksi_deg17[l],124872,GLAl,,
ksi_deg18[l],146664,GLB1,,
ksi_deg20[l],8708,GLBRAN,,
ksi_deg21[l],84750,GLCAASE1ly,,
ksi_deg23[l],2529,GLCAASE4ly,,
ksi_deg24[l],338707,GLCAASE5ly,,
galfuc12gal14acglcgalgluside_hs[c],145173,GLCAASE6ly,,
galfucgalacglcgal14acglcgalgluside_hs[c],200810,GLCAASE7ly,,
galgalfucfucgalacglcgalacglcgal14acglcgalgluside_hs[c],2526,GLCAASE8ly,,
galgalgalthcrm_hs[c],170384,GLCAASE9ly,,
galgluside_hs[l],360203,GLCAE1g,,
gm3_hs[g],152586,GLCAE2g,,
gd3_hs[g],644378,GLCAT2g,,
gt3_hs[g],84752,GLCAT3g,,
cs_hs_linkage[g],644974,GLCAT4g,,
cs_pre[g],51228,GLCAT5g,,
cs_a_b_pre2[g],284004,GLCAT6g,,
cs_a_b_pre3[g],2524,GLCAT7g,,
cs_c_pre2[g],79411,GLCAT8g,,
cs_c_pre3[g],27090,GLCAT9g,,
cs_d_pre3[g],90381,GLCATg,,
cs_d_pre4[g],2527,GLCMter,,
cs_e_pre3[g],2528,GLCNACASE1ly,,
cs_e_pre4[g],113612,GLCNACASE2ly,,
Ser_Thr[g],493869,GLCNACASE3ly,,
gal[c],132949,GLCNACASE4ly,,
galt[c],80221,GLCNACASE5ly,,
galside_hs[c],197322,GLCNACDASg,,
gal[e],22949,GLCNACPT_L,,
lxser[g],51144,GLCNACPT_U,,
l2xser[g],253017,GLCNACT_L,,
xser[g],2166,GLCNACT_U,,
gam[e],64180,GLCNACT1g,,
gam[c],64174,GLCNACT2g,,
malt[e],11102,GLCNACT3g,,
oagd3_hs[c],91179,GLCNACT4g,,
gd3_hs[c],8644,GLCNACT5g,,
oagd3_hs[g],10826,GLCt1r,,
oagt3_hs[c],266740,GLCt2_2,,
gt3_hs[c],3930,GLCter,,
oagt3_hs[g],4645,GLCtg,,
gar[c],3069,GLCtly,,
fgam[c],4864,GLCURter,,
n2m2nmasn[l],285440,GLCURtly,,
glc_D[l],57016,GLDBRAN,,
gluside_hs[l],79644,GLGNS1,,
gbside_hs[c],1646,GLNALANaEx,,
gbside_hs[l],8630,GLNASNNaEx,,
gcald[m],158160,GLNCYSNaEx,,
glyclt[m],51170,GLNLASEer,,
lpam[m],8061,GLNSERNaEx,,
alpam[m],83401,GLNTHRNaEx,,
mlthf[m],79993,GLNtm,,
dhlam[m],51495,GLNtN1,,
lpro[m],192286,GLPASE1,,
alpro[m],9200,GLPASE2,,
dhlpro[m],401494,GLRASE,,
gchola[c],201562,GLU5Km,,
gd1b2_hs[c],9524,GLUCYS,,
gd1b2_hs[g],283985,GLUDC,,
gd1c_hs[c],3995,GLUDxm,,
gd1c_hs[g],1155,GLUDym,,
gmp[g],114571,GluForTx,,
gmp[c],123096,GLUNm,,
gdpddman[c],57595,GLUt2m,,
glu_L[l],139728,GLUt6,,
thf[l],1852,GLUt7l,,
5oxpro[c],6748,GLUTCOADHm,,
Tyr_ggn[c],26576,GLUtr,,
udpg[c],10134,GLUVESSEC,,
ggn[c],5365,GLXO2p,,
ttc_ggdp[c],3897,GLXtm,,
glu_L[r],29947,GLXtp,,
leuktrC4[r],9917,GLYAMDTRc,,
leuktrD4[r],79672,GLYATm,,
leuktrE4[c],79707,GLYBt4_2_r,,
leuktrF4[c],64122,GLYBtm,,
ser_L[m],55277,GLYC3Ptm,,
3htmelys[c],55904,GLYCK2,,
4tmeabut[c],9739,GLYCLTDy,,
3htmelys[m],9757,GLYCLTDym,,
4tmeabut[m],2146,GLYCLTtp,,
gmp[m],2145,GLYC_St,,
glac[c],7468,GLYCtm,,
glcr[c],51111,GLYCTO1p,,
glac[m],55870,GLYKm,,
glcr[m],4297,GLYOp,,
glac[r],84787,GLYOXm,,
glygn2[c],23067,GLYt2rL,,
glygn1[c],54904,GLYt4,,
hs_deg9[l],64324,GLYt7_211_r,,
glcur[l],8085,GLYtm,,
hs_deg10[l],6419,GLYtp,,
cs_a_deg2[l],29072,GLYVESSEC,,
cs_a_deg3[l],64754,GMPtg,,
cs_c_deg2[l],93650,GMPtn,,
cs_c_deg3[l],92370,GNDer,,
cs_d_deg3[l],390928,GNMT,,
cs_d_deg4[l],372,GP1CALPHAte,,
cs_e_deg3[l],11316,GP1CALPHAtg,,
cs_e_deg4[l],1314,GP1Cte,,
ha[l],1315,GP1Ctg,,
ha_deg1[l],26958,GPAM_hs,,
ha_pre1[l],22820,GPAMm_hs,,
cs_b_pre4[g],9276,GPIAT,,
hs_pre10[g],139596,GPIDA2er,,
hs_pre11[g],81888,GPIDAer,,
cs_a_b_e_pre1[g],9486,GPIMTer_L,,
udpglcur[g],64377,GPIMTer_U,,
cs_c_d_e_pre1[g],83539,GQ1BALPHAte,,
cs_d_pre2[g],64090,GQ1BALPHAtg,,
cs_e_pre2[g],27284,GQ1Bte,,
hs_pre1[g],89792,GQ1Btg,,
hs_pre2[g],79690,GRTTx,,
hs_pre3[g],27233,GSNKm,,
hs_pre4[g],6819,GSNt,,
hs_pre5[g],27294,GSNt4,,
hs_pre6[g],55066,GSNtl,,
hs_pre7[g],3052,GSNtm,,
hs_pre8[g],283208,GT1Ate,,
hs_deg3[l],8041,GT1Atg,,
hs_deg4[l],8565,GTHDH,,
hs_deg8[l],51067,GTHO,,
hs_deg14[l],16,GTHOm,,
hs_deg15[l],57505,GTHP,,
hs_deg20[l],5917,GTHPe,,
hs_deg21[l],57038,GTHPm,,
hs_deg24[l],4677,GTHRDt,,
hs_deg25[l],79731,GTHRDtr,,
hs_pre9[g],1615,GTHS,,
uacgam[c],55157,GTMLTe,,
ump[c],833,GTPCIn,,
naglc2p_L[c],79587,GTPtn,,
naglc2p_U[c],5859,GUACYC,,
glc_D[g],124454,GUAD,,
glcur[c],2058,GULLACter,,
glcur[r],2617,GULN3D,,
dxtrn[c],23438,GULNDer,,
glygn3[c],3035,GULNter,,
guln[r],55699,GUR1PP,,
gullac[r],3376,H2CO3Dm,,
gln_L[m],23395,H2ETer,,
gullac[c],51520,H2MTer_L,,
glucys[c],3735,H2MTer_U,,
5forthf[c],4141,H2O2syn,,
forglu[c],92935,H2O2t,,
oxa[x],123263,H2O2tly,,
glx[c],10056,H2O2tm,,
glyb[e],10667,H2O2tn,,
glyc3p[m],2193,H2O2tp,,
2pg[c],25973,H2Oter,,
glyc_R[c],6301,H2Otg,,
glyclt[c],54938,H2Otly,,
glyclt[x],6897,H2Otm,,
glyc_S[c],80222,H2Otn,,
glyc[c],123283,H2Otp,,
glyc[m],10352,H3ETer,,
gthrd[m],7453,H3MTer_L,,
lgt_S[m],57176,H3MTer_U,,
gly[l],7407,H4ET3er,,
gmp[n],3949,H4ETer,,
6pgc[r],1511,H5MTer_L,,
ru5p_D[r],5641,H5MTer_U,,
sarcs[c],1522,H6_ET2er,,
gp1calpha_hs[c],1512,H6ET3er,,
gp1calpha_hs[g],1075,H6_ETer,,
gp1c_hs[c],1509,H6MTer_L,,
gp1c_hs[g],9476,H6MTer_U,,
alpa_hs[m],1514,H7ET2er,,
hdca[r],1515,H7_ETer,,
em2emgacpail_prot_hs[r],1513,H7MTer_L,,
gpi_prot_hs[r],1520,H7MTer_U,,
mgacpail_hs[r],1508,H7_TAer,,
gq1balpha_hs[c],1521,H8MTer_L,,
gq1balpha_hs[g],8722,H8MTer_U,,
gq1b_hs[c],1510,H8TAer,,
gq1b_hs[g],1519,HACD1m,,
gsn[m],22933,HACD1x,,
gsn[c],51548,HACD9m,,
gsn[l],23411,HAS1,,
gt1a_hs[c],23408,HAS2,,
gt1a_hs[g],221443,HAtly,,
gthox[m],28992,HBZOPT10m,,
gthrd[r],27163,HCO3_CLt,,
ahdt[n],23410,HCOUMARINte,,
gua[c],55093,HDCAter,,
xan[c],123803,HDCAtr,,
guln[c],140733,HDCEAtr,,
glcur1p[c],51547,HDD2COAtx,,
pe_hs[r],58478,HESTRATRIOLte,,
emgacpail_hs[r],55256,HESTRATRIOLtr,,
m2gacpail_hs[r],259307,HEX10,,
h2o2[l],51312,HEX4,,
h2o2[n],81894,HEXCCOAtx,,
m3gacpail_hs[r],51601,HEXCCPT1,,
em3gacpail_hs[r],11019,HEXCCPT2,,
emem2gacpail_hs[r],387787,HEXCCRNt,,
em2emgacpail_hs[r],9108,HEXCt,,
m3emgacpail_hs[r],29085,HGNTOR,,
gpi_hs[r],55613,HIBDm,,
mem2emgacpail_hs[r],23371,HISDC,,
pre_prot[r],51559,HISt4,,
m_em_3gacpail[r],9896,HISTASE,,
HC01335[r],163404,HISTAtu,,
udpglcur[c],51496,HISTAVESSEC,,
hcoumarin[c],374462,HIStiDF,,
hestratriol[c],9107,HIStN1,,
hestratriol[r],8446,HKt,,
hexccrn[c],138639,HKYNH,,
hexccoa[m],84814,HMGCOARr,,
hexccrn[m],64419,HMGCOASi,,
4mlacac[c],23203,HMGCOASim,,
his_L[c],22876,HMGCOAtm,,
hista[c],403313,HMGCOAtx,,
his_L[e],22908,HMGLm,,
im4act[c],145553,HMGLx,,
hmgcoa[r],9562,HOMt4,,
mev_R[r],3705,HOXG,,
aacoa[c],138429,HPACtr,,
hmgcoa[c],55821,HPCLx,,
hmgcoa[m],10170,HPDCACRNCPT1,,
hmgcoa[x],9249,HPDCACRNCPT2,,
hom_L[c],158835,HPDCACRNt,,
pheme[c],158833,HPDCAt,,
pristanal[x],221223,HPYRDC,,
phyt2ohcoa[x],23491,HPYRDCm,,
hpdcacrn[c],1066,HPYRR2x,,
hpdcacrn[m],6121,HPYRRy,,
hpyr[c],79799,HPYRtp,,
hpyr[m],133688,HRETNtn,,
hpyr[x],167127,HS1ly,,
hretn[c],10941,HS2ly,,
hs_deg1[l],4282,HS3ly,,
hs_deg2[l],220074,HS4ly,,
hs_deg6[l],1735,HSAT1ly,,
hs_deg7[l],1734,HSAT2ly,,
hs_deg12[l],1733,HSAT3ly,,
hs_deg13[l],84274,HSAT4ly,,
hs_deg18[l],51148,HSD11B1r,,
hs_deg19[l],79709,HSD11B2r,,
cortsn[r],23127,HSD17B1,,
tststerone[r],119391,HSD17B2r,,
andrstndn[r],2950,HSD17B42x,,
nadph[x],2953,HSD17B4x,,
nadp[x],2949,HSD17B7r,,
cholcoaone[x],2947,HSD17B8r,,
eandrstrn[r],9446,HSD17B9r,,
andrstandn[r],2948,HSD3A1r,,
prgnlone[c],2941,HSD3A2r,,
prgstrn[r],2940,HSD3B11,,
prgnlone[r],221357,HSD3B11r,,
17ahprgnlone[c],2952,HSD3B12r,,
17ahprgstrn[c],2938,HSD3B13,,
17ahprgnlone[r],2939,HSD3B13r,,
17ahprgstrn[r],22977,HSD3B2r,,
xol7aone[r],4337,HSD3B3r,,
xol7a[r],4338,HSD3B7P,,
hspg[l],10243,HSPASEly,,
hs[l],5980,HSPGt,,
hspg[g],23649,HSPGtly,,
htaxol[c],10721,HTAXOLte,,
hxan[l],5424,Htg,,
hxan[c],5423,Htr,,
hxan[x],10714,Htx,,
pydam[c],5427,HXANtl,,
pyam5p[c],11201,HXANtx,,
taur[c],5422,HYPOE,,
icit[c],5425,HYPTROX,,
icit[x],5985,ICDHxm,,
3ityr_L[c],11044,ICDHy,,
iodine[c],56655,ICDHyp,,
35diotyr[c],51426,ICDHyrm,,
triodthy[c],27434,IDHPOXOX2b,,
thyox_L[c],353497,IDHPOXOX3,,
tyr_L[c],10514,IDHPOXOX4,,
hs_deg5[l],5428,IDHPOXOXb,,
idour[l],54107,IDOAASE1ly,,
hs_deg16[l],27343,IDOAASE2ly,,
hs_deg17[l],5429,IDOAASE3ly,,
hs_deg22[l],57804,IDOAASE4ly,,
hs_deg23[l],5426,IDOURtly,,
cs_b_deg3[l],11232,IDPtn,,
idour[c],5439,ILEt4,,
idp[n],55703,ILEt5m,,
ile_L[e],79567,ILETAm,,
ile_L[c],5431,ILEtec,,
ile_L[m],55718,IMACTD_m,,
im4act[m],30834,INOSTO,,
im4ac[m],25885,INSKm,,
ins[m],79670,INSt,,
imp[m],10914,INSt4,,
ins[l],5434,INStl,,
ipdp[r],5442,INStm,,
itacon[m],5435,INSTt2r,,
itp[n],5432,INSTt4,,
f1p[c],5438,IPDDIx,,
xylu_D[c],55149,IPDPtr,,
tagat_D[c],10622,IPDPtx,,
ksii_core2[g],64895,It,,
ksii_core2[l],84265,ITCOAL1m,,
ksii_core4[g],84172,ITCOALm,,
ksii_core4[l],10621,ITPtn,,
ksi[g],23318,KAS8,,
k[g],64425,KCC2t,,
anth[c],5433,KCCt,,
4aphdob[c],5440,KDNH,,
kynate[c],11128,KHK,,
lcts[e],64852,KHK2,,
lcts[l],51728,KHK3,,
lgt_S[c],5437,KSII_CORE2t,,
lald_D[m],167153,KSII_CORE2tly,,
lald_L[m],5436,KSII_CORE4t,,
lac_L[m],661,KSII_CORE4tly,,
lcts[g],9533,KSIt,,
lcts[c],5068,KSItly,,
3spyr[c],5441,Kt3g,,
Lcyst[m],5430,KYN,,
3spyr[m],10623,KYN3OX,,
leuktrA4[r],51082,KYNAKGAT,,
leuktrB4[c],56903,KYNATESYN,,
leuktrB4[r],87178,LACZe,,
leuktrC4[c],5810,LACZly,,
leuktrD4[c],5883,LALDO,,
leu_L[e],11219,LALDO2x,,
leu_L[c],11277,LAPCOAl,,
leu_L[m],100529261,LCADi_D,,
nformanth[c],2339,LCADi_Dm,,
lgnccrn[c],2342,LCADim,,
ttccoa[m],23463,LCAT1e,,
lgnccrn[m],51449,LCTStg,,
limnen[c],100996939,LCTStl,,
xyl_D[l],84992,LCYSTAT,,
cs_a_deg5[l],2822,LCYSTATm,,
cs_c_deg5[l],79868,LCYSTCBOXL,,
cs_e_deg7[l],199857,LDH_Lm,,
lipoate[c],440138,LEUKTRA4t,,
lac_L[c],79796,LEUKTRA4tr,,
lneldccrn[c],25834,LEUKTRB4t,,
lneldccrn[m],133121,LEUKTRB4tr,,
lnlccrn[c],2268,LEUKTRC4t,,
lnlccrn[m],4145,LEUKTRD4t,,
lnlncacrn[c],8798,LEUKTRD4tr,,
lnlncacrn[m],695,LEUKTRE4t,,
lnlncgcrn[c],2534,LEUKTRF4t,,
lnlncgcrn[m],1195,LEUt4,,
44mctr[c],3645,LEUt5m,,
lanost[c],4593,LEUTAm,,
lanost[r],5606,LEUtec,,
Ssq23epx[r],2324,LFORKYNHYD,,
lpchol_hs[c],2042,LGNCCOAtx,,
g3pc[c],6098,LGNCCPT1,,
thp2c[x],55359,LGNCCPT2,,
mag_hs[c],10188,LGNCCRNt,,
glyc[e],4058,LGNCt,,
retfa[c],2065,LIMNENte,,
retinol[c],6416,LINKDEG1ly,,
11_cis_retfa[c],7075,LINKDEG2ly,,
retinol_cis_11[c],2263,LINKDEG3ly,,
9_cis_retfa[c],2261,LINKDEG4ly,,
retinol_9_cis[c],10420,LIPOti,,
pd3[c],2046,L_LACDcm,,
lum3[c],7294,L_LACtcm,,
trp_L[c],5609,L_LACtm,,
trypta[c],2260,LNELDCCPT1,,
peplys[n],285220,LNELDCCPT2,,
Nmelys[n],7301,LNELDCCRNt,,
Ndmelys[n],3717,LNELDCt,,
Ntmelys[n],25,LNLCCPT1,,
lys_L[x],5753,LNLCCPT2,,
6a2ohxnt[x],3055,LNLCCRNt,,
man[g],660,LNLCt,,
nm4masn[g],2321,LNLNCACPT1,,
nm2masn[g],1445,LNLNCACPT2,,
m4masn[g],9149,LNLNCACRNt,,
n3m2masn[g],7297,LNLNCAt,,
n2m2nmasn[g],3718,LNLNCGCPT1,,
n4m2masn[g],4233,LNLNCGCPT2,,
m_em_3gacpail_hs[r],2051,LNLNCGCRNt,,
m_em_3gacpail_prot_hs[r],7016,LNLNCGt,,
m7masnB[r],5608,LNS14DM,,
m7masnB[g],2444,LNSTLSr,,
m8masn[r],5754,LPASE,,
m8masn[g],7272,LPCHOLt,,
3mldz[c],57396,LPCOXp,,
malt[l],3702,LPS,,
malt[c],5159,LPS2,,
man[r],7535,LPS2e,,
man[e],2043,LPS3,,
normete_L[c],7010,LPS3e,,
3mgcoa[m],2185,LPS4e,,
malcoa[x],2322,LPSe,,
mercplaccys[c],6725,LRAT,,
mercplac[c],5605,LRAT1,,
ACP[m],8445,LRAT2,,
malACP[m],3791,LS3,,
tcynt[c],2048,LSTO1r,,
5mdru1p[c],5156,LSTO2r,,
mescon[m],2045,LTA4H,,
mescoa[m],7006,LTC4CP,,
fna5moxam[c],640,LTC4Sr,,
6hoxmelatn[c],5607,LTD4DP,,
meoh[c],3480,LTDCL,,
meoh[l],4916,LYSMTF1n,,
mepi[c],2064,LYSMTF2n,,
mepi[e],114783,LYSMTF3n,,
met_L[e],1969,LYSOXp,,
mev_R[x],27,LYSt4,,
5pmev[x],8444,LYStiDF,,
mhista[c],2044,LYStip,,
mi13456p[c],1956,LYStm,,
minohp[c],2041,LYStn,,
mi13456p[n],4915,M1316Mg,,
mi1345p[n],2241,M13N2Tg,,
mi1345p[c],10461,M13N4Tg,,
mi134p[c],2047,M14NTg,,
mi1346p[n],3815,M16N4Tg,,
mi1346p[c],1859,M16N6Tg,,
mi13p[c],2264,M16NTg,,
mi34p[c],3716,M4ATAer,,
mi1p_D[c],4921,M4BET2er,,
mi1456p[n],6259,M4BTAer,,
mi145p[n],4486,M4CET3er,,
mi145p[c],22853,M4MPDOL_Lter,,
mi14p[c],6850,M4MPDOL_Uter,,
mi4p_D[c],5979,M7MASNBterg,,
mi14p[n],558,M8MASNterg,,
mi1p_D[n],84926,MACACI,,
mi3456p[c],55872,MACOXO,,
mi3p_D[c],5604,MAGt,,
minohp[n],4920,MALSO3tm,,
malttr[c],5747,MALSO4tm,,
malttr[e],238,MALTe,,
malttr[l],3643,MALTly,,
m5masnC[g],79834,MALtm,,
m5masnB2[g],8711,MALTSULtm,,
m6masnA[g],7525,MALTt1r,,
m6masnB1[g],1196,MAN1_6B1er,,
m7masnC[g],2066,MAN1_7Ber,,
mmcoa_S[c],1198,MAN2_6B1er,,
mmcoa_S[m],157285,MAN2_7Cer,,
mmcoa_S[x],2242,MANt1r,,
mmcoa_R[m],1436,MANter,,
5mta[c],2049,MANtg,,
5mdr1p[c],3932,MANtly,,
methf[m],284656,MAOLNOR,,
4aabutn[c],4919,MAOX,,
n4abutn[m],2050,MCCCrm,,
4aabutn[m],6714,MCD,,
Nacasp[c],4914,MCDm,,
ksi_deg7[l],780,MCDp,,
ksi_deg10[l],3640,MCITS,,
ksi_deg13[l],4067,MCLACCYSR,,
ksi_deg16[l],5798,MCLOR,,
ksi_deg19[l],10076,MCOATAm,,
ksi_deg22[l],2139,MCPST,,
ksi_deg25[l],5774,MDHm,,
ksi_deg28[l],11099,MDRPD,,
ksi_deg31[l],26469,ME1m,,
ksi_deg34[l],25930,ME2,,
cs_a_deg1[l],8556,ME2m,,
ksi_deg37[l],51207,MECOALm,,
ksii_core2_deg4[l],5794,MECOAS1m,,
ksii_core2_deg7[l],5788,MELATN23DOX,,
ksii_core4_deg4[l],8555,MELATNOX,,
cs_a_deg4[l],11266,MEOHt2,,
cs_b_deg1[l],54434,MEOHtly,,
cs_b_deg2[l],5775,MEOHtr,,
cs_c_deg1[l],1033,MEPIVESSte,,
cs_c_deg4[l],994,MERCPLACCYSt,,
cs_d_deg1[l],2138,MESCOALm,,
cs_d_deg2[l],5802,METAT,,
cs_d_deg5[l],5803,METLEUex,,
cs_d_deg6[l],1845,METS,,
cs_e_deg2[l],84867,METt4,,
cs_e_deg6[l],80824,METtec,,
nac[e],5777,MEVK1x,,
nac[c],7803,MG1er,,
adprbp[c],2070,MG2er,,
ncam[c],7957,MG3er,,
nad[n],56940,MGACONm,,
udp[l],9829,MGCHrm,,
udpacgal[l],1843,MGSA,,
Tn_antigen[l],1846,MGSA2,,
na1[g],5787,MHISOR,,
na1[x],5782,MI13456PK,,
carn[c],51657,MI13456Ptn,,
udp[r],5791,MI1345PKn,,
ump[r],5786,MI1345PP,,
pi[g],78986,MI1346PKn,,
ump[g],26191,MI1346Ptn,,
didp[m],1847,MI134P4P,,
ditp[m],1848,MI134PK,,
udp[m],85464,MI134PP,,
utp[m],5792,MI13PP,,
itp[m],11221,MI1456PKn,,
idp[m],5778,MI145P6Kn,,
nicrns[c],5793,MI145PK,,
nicrnt[c],5795,MI145PKn,,
nicrnt[n],128853,MI145PP,,
nifedipine[c],5800,MI14P4P,,
nmn[m],5784,MI14PP,,
nmn[n],5796,MI14Ptn,,
nmn[c],5801,MI1P_Dtn,,
prpp[c],5789,MI1PS,,
nmptrc[c],5799,MI3456PK,,
1mpyr[c],1844,MI34PP,,
dnad[m],2140,MINOHPtn,,
nicrnt[m],995,MLTG1,,
nwharg[c],54935,MLTG1e,,
no[c],11072,MLTG1ly,,
r1p[c],142679,MM5ag,,
npthl[c],5783,MM5bg,,
nrpphrsf[c],993,MM5cg,,
nrvnccrn[c],1849,MM6ag,,
nrvnccoa[m],7179,MM6B1ag,,
nrvnccrn[m],150290,MM6B1bg,,
sT_antigen[g],5780,MM6B2g,,
dimp[c],143162,MM6bg,,
uri[e],54961,MM7Ag,,
uri[l],5797,MM7B1g,,
ump[l],5771,MM7B2g,,
uri[m],5781,MM7Cag,,
ump[m],8073,MM7Cbg,,
dcmp[l],11156,MM8Ag,,
dcyt[l],1850,MM8Ber,,
cmp[l],285193,MM8Cg,,
dtmp[l],338599,MMCD,,
thymd[l],63904,MMCDm,,
dtmp[m],11122,MMCDp,,
thymd[m],5770,MMEm,,
damp[l],92235,MMMm,,
dad_2[l],29082,MMSAD1m,,
amp[l],8459,MMSAD3m,,
dgmp[l],8460,MMTSADm,,
dgsn[l],11240,MOGAT,,
gmp[l],51702,MTAP,,
Ntmelys[r],29943,MTHFCm,,
xmp[c],23569,MTHFD2m,,
xtp[c],353238,MTHFDm,,
o2s[m],420,MTHGXLt,,
o2s[n],417,N2M2NMASNt,,
o2s[x],419,N2M2NMASNtly,,
o2[n],116969,N3Tg,,
succ[m],141,N4Tg,,
omeprazole[c],7837,NABTNO,,
onpthl[c],137902,NABTNOm,,
oretn[c],23262,NACASPAH,,
retn[c],9677,NACASPtm,,
13_cis_oretn[c],2232,NACHEX10ly,,
13_cis_retn[c],23633,NACHEX11ly,,
orn[e],23039,NACHEX12ly,,
orot5p[c],23214,NACHEX13ly,,
prgnlone[m],84881,NACHEX14ly,,
xoltriol[m],130589,NACHEX15ly,,
xoltetrol[m],83440,NACHEX16ly,,
thcholst[m],26007,NACHEX17ly,,
thcholstoic[m],158584,NACHEX18ly,,
xol7ah2[m],81855,NACHEX19ly,,
xol7ah3[m],29954,NACHEX1ly,,
xol7ah2al[m],10585,NACHEX20ly,,
xol27oh[m],283209,NACHEX21ly,,
taxol[c],55676,NACHEX22ly,,
tolbutamide[c],148867,NACHEX23ly,,
perillyl[c],7922,NACHEX24ly,,
xoltri24[r],55683,NACHEX25ly,,
xol24oh[r],79595,NACHEX26ly,,
hnifedipine[c],112476,NACHEX27ly,,
whtststerone[r],55209,NACHEX2ly,,
12harachd[r],8637,NACHEX3ly,,
wharachd[r],1116,NACHEX4ly,,
leuktrB4woh[r],10039,NACHEX5ly,,
18harachd[r],64761,NACHEX6ly,,
xoltri25[r],143,NACHEX7ly,,
xoltri27[r],56829,NACHEX8ly,,
xol27oh[r],80351,NACHEX9ly,,
xoldiolone[r],57097,NACHEXA10ly,,
leuktrB4wcooh[r],10038,NACHEXA11ly,,
20ahchsterol[m],56965,NACHEXA12ly,,
pro_L[m],83666,NACHEXA13ly,,
pa_hs[r],54956,NACHEXA14ly,,
pa_hs[g],142,NACHEXA15ly,,
pac[c],79668,NACHEXA16ly,,
phaccoa[c],25976,NACHEXA17ly,,
ak2lgchol_hs[c],54625,NACHEXA18ly,,
paf_hs[c],165631,NACHEXA19ly,,
pail_hs[n],8658,NACHEXA1ly,,
pail45p_hs[c],84875,NACHEXA20ly,,
pail45p_hs[n],5256,NACHEXA21ly,,
pail4p_hs[c],5255,NACHEXA22ly,,
pail4p_hs[n],5257,NACHEXA2ly,,
pan4p[c],5261,NACHEXA3ly,,
ptth[c],5260,NACHEXA4ly,,
pchol_hs[m],801,NACHEXA5ly,,
pchol_hs[r],9099,NACHEXA6ly,,
pchol_hs[g],57646,NACHEXA7ly,,
am6sa[c],57602,NACHEXA8ly,,
pcollglys[c],8975,NACHEXA9ly,,
pcollg5hlys[c],55593,NACUP,,
amp[g],23032,NADHtpu,,
camp[g],1540,NADHtru,,
35cgmp[g],55230,NADNe,,
pdx5p[c],84196,NADPHtru,,
pydx5p[c],9097,NADPHtxu,,
pydxn[c],8237,NADPN,,
pe_hs[g],9100,NADPNe,,
pe_hs[m],57478,NADPtru,,
peamn[c],84132,NADPtxu,,
pacald[c],64854,NADtn,,
pecgoncoa[r],8078,NADtpu,,
pristcoa[x],7375,NADtru,,
3php[c],8287,NAGA2ly,,
prostgd2[c],9736,NAGAlby,,
prostgh2[c],57558,NAGAly,,
prostgd2[r],85015,NAGLCAly,,
prostgh2[r],10617,NAHCO3_HCLt,,
prostge2[r],23326,NAIt,,
prostgi2[r],8239,NaKt,,
pgp_hs[c],9098,NAt,,
pheacgln[c],57663,NAt3_1g,,
1p3h5c[m],83844,NAt5,,
phe_L[e],84749,NAtx,,
phe_L[c],9924,NBAHH_ir,,
phe_L[m],9958,NCAMUP,,
phpyr[m],57695,NCCt,,
thbpt4acam[c],84101,NCKt,,
succ[x],10868,NCNt,,
phytcoa[x],57559,NDP10ex,,
phyQ[c],9101,NDP3ex,,
pail345p_hs[c],9960,NDP6,,
pi[n],27005,NDP7er,,
pail345p_hs[n],219333,NDP7ex,,
pail34p_hs[c],124739,NDP7g,,
pail34p_hs[n],29761,NDP8,,
pail3p_hs[n],10600,NDP8ex,,
pail3p_hs[c],373856,NDPK10,,
pail35p_hs[c],23358,NDPK10m,,
pail5p_hs[c],7398,NDPK10n,,
pail4p_hs[r],25862,NDPK1m,,
pail34p_hs[r],84640,NDPK1n,,
pail35p_hs[r],55031,NDPK2m,,
pail5p_hs[r],84669,NDPK2n,,
pail5p_hs[n],10869,NDPK3m,,
pail_hs[r],11274,NDPK3n,,
pail3p_hs[r],7874,NDPK4m,,
pepslys[r],377630,NDPK4n,,
tmlys[r],728386,NDPK5m,,
ppmi12346p[c],728419,NDPK5n,,
ppmi12346p[n],158880,NDPK6m,,
ppmi1346p[c],100287513,NDPK6n,,
ppmi1346p[n],391627,NDPK7m,,
pnto_R[c],23072,NDPK7n,,
cysam[c],23077,NDPK8m,,
pnto_R[m],29116,NDPK8n,,
4ppan[m],9690,NDPK9m,,
pnto_R[e],54476,NDPK9n,,
pppi[c],55148,NH4t3r,,
ppa[e],9604,NH4tn,,
prpncoa[m],23304,NH4tp,,
phpyr[c],55236,NICRNS,,
2hyoxplac[c],29128,NICRNTtn,,
pppg9[c],25897,NIFEDIPINEte,,
pppg9[m],23327,NKCC2t,,
pppi[n],4734,NKCCt,,
pram[c],55658,NMNATm,,
prgnlones[c],56852,NMNATn,,
prist[x],6596,NMNATr,,
akg[r],7321,NMNS,,
succ[r],55743,NMNtn,,
pro_L[r],23609,NMPTRCOX,,
4hpro_LT[r],29089,NNATm,,
pro_D[c],7319,NNATn,,
pro_D[l],3093,NNMT,,
prostgh2[e],83737,NORANMT,,
prostgi2[e],51619,NOS1,,
prostgi2[c],4850,NOS2,,
pro_L[l],11342,NOt,,
pro_L[c],57531,NP1,,
pro_L[e],10075,NPTHLte,,
3hpcoa[m],8315,NRPPHRSFt,,
3hpcoa[x],79594,NRPPHRSULT,,
prpncoa[x],55072,NRPPHRt4_2_r,,
ps_hs[c],25831,NRPPHRtu,,
ps_hs[r],51257,NRPPHRVESSEC,,
ps_hs[g],997,NRVNCCOAtx,,
ps_hs[m],57820,NRVNCCPT1,,
ptdcacrn[c],54941,NRVNCCPT2,,
ptdcacrn[m],57534,NRVNCCRNt,,
hdca[x],4281,NS26T2g,,
phyt[x],389898,NS26Tg,,
adrn[x],23295,NTD12,,
ahdt[c],10273,NTD1m,,
6pthp[c],7329,NTD2e,,
6pthp[n],9810,NTD2l,,
ptrc[c],8925,NTD2m,,
4abutn[c],55284,NTD3l,,
pyam5p[m],51366,NTD4e,,
pydx5p[m],79872,NTD4l,,
pydx[c],4899,NTD5l,,
pylald[c],54926,NTD5m,,
peracd[c],9148,NTD6l,,
pylald[m],27338,NTD7e,,
peracd[m],26001,NTD7l,,
quln[c],64750,NTD8l,,
retinal_cis_13[c],7323,NTD9e,,
retinal_11_cis[c],27339,NTD9l,,
retinal_cis_9[c],9354,NTMELYStner,,
retn[n],867,NTP3e,,
ru5p_D[c],9025,NTPP10,,
rbl_D[c],55819,NTPP11,,
rbt[c],7337,NTPP9,,
retinol_cis_13[c],868,O16G1e,,
retncoa[c],55120,O16G2e,,
retnglc[c],57448,O2St,,
13_cis_retnglc[c],127544,O2Stm,,
13_cis_retnglc[r],81847,O2Stn,,
retnglc[r],7320,O2Stx,,
retn[r],22954,O2ter,,
13_cis_retn[r],6045,O2tm,,
ribflv[e],27246,O2tn,,
rib_D[e],5930,O2tp,,
rib_D[c],11059,OAGD3te,,
rnam[c],79654,OAGD3tg,,
Rtotal2crn[c],10054,OAGT3te,,
Rtotal2crn[m],23352,OAGT3tg,,
Rtotal3crn[c],8924,OCBTm,,
Rtotal3crn[m],9040,OCCOAtm,,
Rtotalcrn[c],10277,OCCOAtx,,
Rtotalcrn[m],7317,OCDCAtr,,
s2l2fn2m2masn[g],7322,OCDCEAtr,,
cs_d_pre5[g],84231,OCOAT1m,,
cs_b_pre5[g],85363,OCTAt,,
hs_pre12[g],7326,ODECOAtx,,
hs_pre13[g],79589,OIVD1m,,
hs_pre14[g],23608,OIVD2m,,
hs_pre15[g],51444,OIVD3m,,
hs_deg11[l],4193,OMEPRAZOLEte,,
cs_e_pre5a[g],64844,ONPTHLte,,
cs_e_pre5b[g],255488,OPAHir,,
cs_e_deg1[l],580,ORETNF,,
cs_e_deg5[l],57520,ORETNF2,,
ksi_deg4[l],8916,ORETNtn,,
ksii_core2_deg1[l],91445,ORETNtn2,,
ksii_core4_deg1[l],92979,ORNt3m,,
saccrp_L[m],92912,ORNt4m,,
fald[x],10055,ORNTArm,,
sarcs[x],23624,ORNtiDF,,
sphgn[r],64326,ORPT,,
sph1p[r],130507,OXAHCOtex,,
sphings[r],57574,OXAtp,,
sphs1p[r],9039,P45011A1m,,
sbt_D[c],55016,P45011B11m,,
seahcys[c],10299,P45011B12m,,
selhcys[c],154214,P45011B21m,,
seasmet[c],257218,P45017A1r,,
sel[c],115426,P45017A2r,,
dtt[c],90678,P45017A3r,,
selcys[c],26091,P45017A4r,,
dttOX[c],89910,P45019A1r,,
seln[c],9781,P45019A2r,,
selcyst[c],9320,P4501B1r,,
selmeth[c],81559,P45021A1r,,
selnp[c],57630,P45021A2r,,
ser_D[c],56254,P45027A11m,,
ser_L[x],153769,P45027A12m,,
sgalside_hs[c],9246,P45027A13m,,
hxdcal[r],84676,P45027A14m,,
l2n2m2mn[c],65264,P45027A15m,,
acngalgbside_hs[g],197131,P45027A16m,,
sph1p[c],267,P45027A1m,,
sl_L[c],118424,P4502A6,,
sl_L[m],55585,P4502C18,,
sphmyln_hs[g],84447,P4502C19,,
sphmyln_hs[l],151112,P4502C8,,
sphings[c],284996,P4502C9,,
spc_hs[c],64320,P4502C92,,
sphmyln_hs[c],25898,P4502C93,,
so4[e],63891,P4502C94,,
xolest_hs[c],285671,P4502D6,,
R1coa_hs[r],143279,P4502E1,,
xolest_hs[r],220972,P4502F1,,
R2coa_hs[r],5896,P45039A1r,,
sphs1p[c],149603,P4503A4,,
spmd[c],55159,P4503A43r,,
o2[e],10477,P4503A5,,
nadph[n],7324,P4503A7r,,
nadp[n],11236,P45046A1r,,
thbpt[n],344558,P4504B1r,,
sql[r],162333,P4504F121r,,
f5hoxkyn[c],115123,P4504F122r,,
nmthsrtn[c],11065,P4504F123r,,
gm1b_hs[g],158506,P4504F81r,,
gd1a_hs[g],63893,P4507A1r,,
gt1b_hs[g],220441,P4507B11r,,
gt1alpha_hs[g],148581,P4507B12r,,
gq1c_hs[g],7334,P4508B11r,,
strdnccrn[c],7681,P4508B13r,,
strdnccrn[m],223082,P450LTB4r,,
so4[r],221687,P450SCC1m,,
estrones[r],64219,P5CDm,,
succ[e],6478,P5CRm,,
sucr[e],10193,P5CRxm,,
t2m26dcoa[m],7318,PA_HSter,,
t2m26dcoa[x],7325,PA_HStg,,
T4hcinnm[c],7267,PA_HStn,,
34dhcinm[c],441061,PACCOAL,,
taur[e],140739,PAFH,,
tchola[c],7327,PAFHe,,
tcynt[m],5071,PAFS,,
tdchola[c],7332,PAIL_HStn,,
tdchola[x],84937,PAIL45P_HStn,,
thmmp[c],7328,PAIL4P_HStn,,
thmpp[c],378884,PAN4PP,,
dtdp4d6dm[c],168433,PAPStg,,
dtdprmn[c],6477,PAPtg,,
thmmp[m],51592,PCFLOPm,,
thmpp[m],142678,PCHOL_HSter,,
tetpent3crn[c],10210,PCHOL_HStg,,
tetpent3coa[m],54708,PCHOLP_hs,,
tetpent3crn[m],11060,PCHOLPg_hs,,
tetpent6crn[c],57154,PCHOLPm_hs,,
tetpent6coa[m],51465,PCHOLPr_hs,,
tetpent6crn[m],9666,PCLAD,,
tettet6crn[c],9867,PCLYSOX,,
tettet6coa[m],6015,PCm,,
tettet6crn[m],6048,PCREATtmdiffir,,
thcholstoic[x],54492,PCRNtc,,
thymd[e],134111,PCRNtm,,
thymd[c],7844,PCt,,
thm[c],2288,PDE1,,
thm[m],8468,PDE1g,,
thmtp[c],51661,PDE4,,
thp2c[c],10450,PDE4g,,
tmlys[c],2280,PDE4n,,
tmndnccrn[c],2289,PDHm,,
tmndnccrn[m],23759,PDX5PO,,
trdrd[c],2287,PDXPP,,
trdox[c],5303,PE_HSter,,
q10[c],23770,PE_HStg,,
q10h2[c],55033,PE_HStm,,
trdrd[m],10105,PEAMNO,,
trdox[m],23398,PECGONCOATr,,
tre[c],4820,PEFLIP,,
tre[e],2281,PEFLIPm,,
triodthysuf[c],11328,PEPCK,,
trp_L[e],5300,PEPCKm,,
ts3[c],85313,PEPLYStn,,
tststeroneglc[c],51303,PERILLYLte,,
tststeroneglc[r],51645,PEROXx,,
tststerones[c],9360,PEt,,
tststerone[c],60681,PETHCT,,
ttdcrn[m],10283,PETOHMm_hs,,
ttdcrn[c],5479,PETOHMr_hs,,
txa2[c],5480,PFK26,,
txa2[r],5481,PGCD,,
tymsf[c],10465,PGDI,,
tym[c],2286,PGDIr,,
tyr_L[e],285755,PGESr,,
tyr_L[m],5478,PGISr,,
udpacgal[c],653598,PGLer,,
udpglcur[r],730262,PGLYCt,,
udpg[r],644591,PGPP_hs,,
udpg[g],53938,PGPPT,,
udpxyl[g],653505,PGS,,
udpxyl[c],4638,PGSr,,
udpxyl[r],85366,PHACCOAGLNAC,,
udpacgal[r],23363,PHCDm,,
ahandrostan[r],91807,PHCHGSm,,
ump[n],340156,PHEACGLNt,,
ura[e],7994,PHEMEtm,,
urate[c],2033,PHEt4,,
urate[x],84148,PHETA1m,,
urea[e],2648,PHEtec,,
urea[c],8850,PHETHPTOX2,,
val_L[e],9329,PHYCBOXL,,
val_L[c],8520,PHYHx,,
val_L[m],203611,PHYQt,,
vitd3[c],55140,PHYTt,,
vitd2[m],9575,PI345P3P,,
vitd2[c],11143,PI345P3Pn,,
vitd3[m],23522,PI345P5P,,
dhcholestanate[r],9085,PI345P5Pn,,
thcholstoic[r],253175,PI34P3Pn,,
whtststerone[c],10524,PI34P4Pn,,
xan[x],9426,PI34P5K,,
xol7ah2[r],7051,PI34P5Kn,,
xoldiolone[m],9333,PI3P3Pn,,
xolest2_hs[c],2162,PI3P4K,,
xoltri24[c],7053,PI3P4Kn,,
xoltri25[c],2165,PI3P5K,,
xoltri27[c],116179,PI45P3K,,
xoltriol[r],7047,PI45P3Kn,,
xser[r],343641,PI45P4P,,
xu5p_D[c],7052,PI45P5P,,
xylt[c],2272,PI45P5Pn,,
Ser_Gly_Ala_X_Gly[r],4255,PI45PLC,,
xyl_D[c],5110,PI45PLCn,,
4abutn[e],5447,PI4P3K,,
acmana[e],5550,PI4P3Ker,,
ahdt[e],131890,PI4P3Kn,,
ctp[e],6011,PI4P5K,,
dgmp[e],7172,PI4P5Kn,,
dgtp[e],150465,PI4PLC,,
dha[e],7862,PI4PLCn,,
dhap[e],254173,PI4PP,,
dtmp[e],11284,PI5P3K,,
dttp[e],8732,PI5P3Ker,,
fad[e],8731,PI5P4K,,
fald[e],23070,PI5P4Kn,,
g1p[e],56339,PIACGT,,
isomal[e],4836,PIK3,,
HC00250[e],9397,PIK3er,,
HC01104[e],23576,PIK3n,,
HC01361[e],23564,PIK4,,
HC01440[e],388714,PIK4n,,
HC01441[e],54414,PIK5,,
HC01444[e],54704,PIK5n,,
HC01446[e],57546,PIPLC,,
HC01577[e],5164,PIPLCn,,
HC01609[e],5165,PIter,,
cpppg1[e],5163,PItg,,
HC01700[e],79691,PItn,,
HC02160[e],81890,PItx,,
HC02161[e],60487,PLA2,,
itp[e],55621,PLA2_2,,
orot[e],81627,PLA2_2e,,
prpp[e],4234,PLYSPSer,,
pydx5p[e],55687,PMEVKx,,
udpg[e],51651,PMI12346PH,,
HC02119[c],3396,PMI12346PHn,,
HC00822[l],138428,PMI1346PH,,
HC00617[c],54802,PMI1346PHn,,
HC00619[c],80324,PMTCOAtx,,
dpcoa[m],57412,PNTEH,,
ppi[e],10,PNTKm,,
HC01672[c],9,PNTOt5,,
HC01434[m],157,PPA2,,
HC01434[x],156,PPA2m,,
HC00591[c],8993,PPAer,,
HC00591[m],114771,PPAm,,
uacgam[r],114770,PPAn,,
acmana[r],57115,PPAP,,
HC01651[c],55768,PPAt,,
HC01651[n],55662,PPAtm,,
cdp[e],444,PPCOACm,,
HC01435[m],10295,PPCOAOm,,
HC01118[r],54857,PPD2CSPp,,
lac_L[x],306,PPDOx,,
fdp[c],51573,PPDOy,,
HC00250[c],4835,PPItr,,
HC01496[m],79001,PPItx,,
glyc3p[x],11101,PPMI12346Ptn,,
HC01668[m],5066,PPMI1346Ptn,,
glyald[m],25797,PPOR,,
r5p[r],4482,PPPG9tm,,
HC01162[c],4015,PPPGOm,,
ptrc[e],10171,PPPItn,,
HC01408[m],8634,PRAGSr,,
arachd[x],79158,PRASCS,,
pmtcoa[r],51172,PRDX,,
HC00342[m],51611,PRDXl,,
56dthm[m],4552,PRGNLONESULT,,
thym[m],64146,PRGNLONEtm,,
3pg[m],11165,PRGNLONEtr,,
glyc_R[m],170685,PRGSTRNt,,
3hpp[m],11163,PRISTANALtx,,
HC01161[c],55190,PRISTCOAtx,,
HC00682[m],313,PRISTtx,,
HC00695[m],1208,PRO1xm,,
2mpdhl[m],84254,PROAKGOX1r,,
HC01377[m],5577,PROD2m,,
HC01115[c],9020,PRODt2r,,
HC01254[c],4293,PRODt2rL,,
e4p[c],51265,PROSTGD2t,,
HC00361[c],57787,PROSTGE1t,,
s7p[c],6792,PROSTGE1t3,,
malcoa[r],57172,PROSTGE2t,,
HC10859[r],728642,PROSTGE2t2,,
HC10859[c],8491,PROSTGE2t3,,
HC10859[m],11183,PROSTGF2t,,
HC10859[x],5583,PROSTGH2t,,
pmtcrn[r],7444,PROSTGI2t,,
pmtcrn[x],23604,PROSTGI2tr,,
lnlccoa[r],7204,PROt2rL,,
lnlccrn[r],5601,PROt4,,
lnlccoa[x],5610,PROtm,,
lnlccrn[x],5218,PRPNCOAHYDm,,
arachdcoa[r],816,PRPNCOAHYDx,,
arachdcrn[r],55781,PS_HSter,,
arachdcrn[x],5128,PS_HStg,,
hdcoa[r],65125,PSDm_hs,,
hdcecrn[r],28996,PSFLIP,,
HC01712[m],5586,PSFLIPm,,
dgmp[c],9748,PSSA1_hs,,
4abutn[m],5588,PSSA2_hs,,
HC00576[c],8621,PSt3,,
HC00718[c],5590,PTDCACRNCPT1,,
mev_R[c],6093,PTDCACRNCPT2,,
dtdp[e],375449,PTDCACRNt,,
fol[m],5597,PTDCAt,,
5fthf[m],1459,PTE2x,,
hxdcal[c],815,PTE3x,,
pac[m],9448,PTE4x,,
pacald[m],6196,PTE5x,,
betald[c],140469,PTHPS,,
HC01522[c],5566,PTHPSn,,
HC00460[c],27330,PTRCAT1,,
HC00900[m],10290,PTRCOX1,,
cholcoa[r],2011,PVD3,,
cholate[r],6793,PYAM5POr,,
pan4p[m],9175,PYAM5Ptm,,
ptth[m],9891,PYDX5Ptm,,
HC01231[c],4140,PYDXDH,,
L2aadp6sa[c],5063,PYDXK,,
HC01501[c],369,PYDXPP,,
HC00832[c],8569,PYLALDOX,,
HC01376[m],5891,PYLALDOXm,,
HC00664[c],9262,PYNP2r,,
HC01180[c],9706,PYRt2m,,
4ppcys[m],4216,PYRt2p,,
1p3h5c[c],23139,QUILSYN,,
4hpro_LT[c],27102,RADH,,
4hpro_LT[m],51701,RADH2,,
thcholst[c],6790,RADH3,,
thcholstoic[c],8550,RADH4,,
dhcholoylcoa[c],11213,RAHY,,
cholcoa[c],51776,RAI1,,
HC01415[m],54822,RAI2,,
3odcoa[m],4214,RAI3,,
c8crn[m],53904,RAI4,,
c8crn[x],6732,RAtn,,
ddcacoa[m],8317,RAtn3,,
3otdcoa[m],23031,RBK_D,,
2mop[c],2872,RBTt,,
HC00900[c],5594,RDH1,,
C02470[c],8814,RDH1a,,
HC00955[e],7443,RDH2,,
co2[e],9252,RDH2a,,
dcholcoa[r],10110,RDH3,,
C02528[r],6789,RDH3a,,
dcholcoa[c],1457,RDH4,,
C02528[c],57144,RETFA,,
HC01412[m],8780,RETFAt,,
3ohdcoa[m],11040,RETFAt1,,
3hddcoa[m],5127,RETFAt2,,
dd2coa[x],8428,RETH,,
3hddcoa[x],5595,RETH1,,
fpram[c],23678,RETH1e,,
HC01223[m],8767,RETH2,,
acACP[c],3551,RETH2e,,
malACP[c],6788,RETHe,,
HC01587[c],11184,RETI1,,
4ppcys[c],1760,RETI2,,
HC01231[m],51231,RETI3,,
HC01321[c],6795,RETNCOA,,
HC01255[c],208,RETNGLCt,,
HC01588[c],25865,RETNGLCt2,,
dhcholestanate[c],22983,RETNGLCt2r,,
xol7ah2al[c],1021,RETNGLCtr,,
HC01322[c],51422,RETNt,,
HC01596[c],3984,RETNtr,,
HC01597[c],7046,RETNtr2,,
HC01323[c],5599,RIBFLVt3,,
HC01593[c],657,RIBt,,
HC01594[c],1326,RIBt2,,
HC01326[c],6198,RNMK,,
HC01605[c],5573,RTOT_2,,
HC01606[c],5602,RTOT_3,,
HC01602[c],10114,RTOT1,,
HC01335[c],10645,RTOT2,,
HC01603[c],4117,RTOT3,,
HC01710[c],1432,RTOT4,,
HC01710[n],11329,RTOT5,,
HC01601[c],22858,RTOT6,,
HC01397[m],8899,RTOTAL2CRNCPT1,,
HC01397[x],1452,RTOTAL2CRNCPT2,,
3htdcoa[m],5576,RTOTAL2CRNt,,
3htdcoa[x],79858,RTOTAL2t,,
HC01412[x],7867,RTOTAL3CRNCPT1,,
3oddcoa[m],93,RTOTAL3CRNCPT2,,
dcacoa[m],6787,RTOTAL3CRNt,,
3hdcoa[m],90,RTOTAL3t,,
3hdcoa[x],8576,RTOTALCRNCPT1,,
dc2coa[m],23178,RTOTALCRNCPT2,,
dc2coa[x],10494,RTOTALCRNt,,
HC01405[m],23683,RTOTALt,,
HC01406[m],22848,Rtotaltl,,
hxcoa[m],4139,Rtotaltp,,
HC01407[m],10000,S23T2g,,
hx2coa[m],5129,S23T3g,,
xol7ah3[c],4751,S23T4g,,
xoltetrol[c],6195,S23Tg,,
HC01459[x],6794,S26Tg,,
34dhmald[m],6446,S2L2FN2M2MASNt,,
34dhoxmand[m],140803,S2L2FN2M2MASNtly,,
homoval[m],10783,S2L2N2M2MASNtly,,
3mox4hpac[m],91754,S2T1g,,
3m4hpga[m],84930,S2T2g,,
3mox4hoxm[m],92,S2T3g,,
HC01589[c],11113,S2T4g,,
HC01590[c],5585,S2TASE1ly,,
HC01591[c],1017,S2TASE2ly,,
HC01592[c],130399,S2TASE3ly,,
HC01595[c],83732,S2TASE4ly,,
HC01598[c],2962,S2TASE5ly,,
HC01599[c],140901,S3T1g,,
HC01600[c],65266,S3T2g,,
HC01652[c],5582,S3T3g,,
HC01652[n],9088,S3TASE1ly,,
HC02228[c],440275,S3TASE2ly,,
HC01842[c],11035,S3TASE3ly,,
HC01797[c],5589,S4T1g,,
HC00001[c],65975,S4T2g,,
HC00001[e],10298,S4T3g,,
HC00001[l],4294,S4T4g,,
HC00002[c],9113,S4T5g,,
HC00002[e],5565,S4T6g,,
HC00002[l],5894,S4TASE1ly,,
HC00003[c],5562,S4TASE2ly,,
HC00003[e],1024,S4TASE3ly,,
HC00003[l],25778,S4TASE4ly,,
HC00004[c],9201,S4TASE5ly,,
HC00004[e],1455,S6T10g,,
citr_L[e],1022,S6T11g,,
ile_L[l],3656,S6T12g,,
inost[r],8536,S6T13g,,
HC00319[c],9475,S6T14g,,
HC00319[m],10595,S6T15g,,
r5p[c],51765,S6T16g,,
atp[l],51347,S6T17g,,
adp[l],6733,S6T18g,,
cmp[r],6885,S6T19g,,
acgam[r],269,S6T1g,,
thr_L[l],1019,S6T20g,,
arachd[l],91,S6T21g,,
hdca[l],4752,S6T22g,,
spmd[e],26750,S6T23g,,
na1[r],1025,S6T24g,,
strdnc[l],9128,S6T25g,,
strdnc[r],5292,S6T2g,,
lnlc[l],8737,S6T3g,,
lnlc[r],4750,S6T4g,,
lanost[x],56924,S6T5g,,
HC01787[e],65061,S6T6g,,
HC01787[c],5593,S6T7g,,
C02528[e],658,S6T8g,,
c8crn[c],55589,S6T9g,,
dhcholoylcoa[m],8999,S6TASE10ly,,
C02470[e],94,S6TASE11ly,,
HC01852[c],7786,S6TASE12ly,,
HC01852[e],283629,S6TASE13ly,,
HC01852[l],25989,S6TASE14ly,,
HC01939[c],5170,S6TASE15ly,,
HC01939[e],50488,S6TASE16ly,,
HC01939[l],1453,S6TASE17ly,,
HC01942[c],5596,S6TASE18ly,,
HC01942[e],30811,S6TASE19ly,,
HC01942[l],207,S6TASE1ly,,
HC01943[c],10733,S6TASE20ly,,
HC01943[e],9064,S6TASE21ly,,
HC01943[l],5567,S6TASE22ly,,
arg_L[l],9641,S6TASE23ly,,
asn_L[l],84451,S6TASE24ly,,
asp_L[l],8476,S6TASE25ly,,
cys_L[l],817,S6TASE26ly,,
gln_L[l],10769,S6TASE2ly,,
his_L[l],11011,S6TASE3ly,,
leu_L[l],8573,S6TASE4ly,,
lys_L[l],6872,S6TASE5ly,,
met_L[l],85481,S6TASE6ly,,
phe_L[l],818,S6TASE7ly,,
ser_L[l],5058,S6TASE8ly,,
trp_L[l],472,S6TASE9ly,,
tyr_L[l],1111,SACCD3m,,
HC01944[c],9344,SACCD4m,,
HC01944[e],26524,SADT,,
HC01944[l],1456,SALMCOM,,
HC00005[c],140609,SALMCOM2,,
thr_L[m],127933,SAMHISTA,,
met_L[m],814,SARCOXp,,
his_L[m],55351,SARCStex,,
HC02222[m],5578,SARCStm,,
HC00006[c],79705,SARCStp,,
HC00007[c],23043,SARDHm,,
HC00008[c],23097,SBPP1er,,
HC00009[c],7273,SBPP3er,,
dtmp[c],23552,SBTD_D2,,
HC00005[r],5603,SBTR,,
HC00009[r],701,SCP21x,,
HC00004[r],23049,SCP22x,,
HC00004[l],673,SCP2x,,
HC00006[r],65018,SCPx,,
HC00007[r],5681,SEAHCYSHYD,,
HC00008[r],8997,SEAHCYStn,,
HC02110[r],29941,SEASMETtn,,
val_L[l],84446,SELADT,,
2obut[m],57551,SELCYSLY,,
cdpchol[r],23387,SELCYSLY2,,
HC02020[r],284086,SELCYSTGL,,
hdd2coa[r],8986,SELCYSTS,,
HC02021[r],5563,SELMETAT,,
stcoa[r],81629,SELNPS,,
HC02022[r],9261,SELt4_3,,
odecoa[r],204851,Ser_Thrtg,,
HC02023[r],27148,SERALANaEx,,
HC02024[r],7048,SERASNNaEx,,
lnlncgcoa[r],81788,SERCYSNaEx,,
HC02025[r],5584,SERDGLNexR,,
HC02026[r],54861,SERDGLYexR,,
HC02027[r],5580,SERGLNexR,,
HC02020[l],9263,SERGLNNaEx,,
hdcea[r],1020,SERGLYexR,,
HC02022[l],10922,SERHL,,
ocdcea[r],5568,SERLYSNaex,,
ocdcea[l],65268,SERPT,,
HC02023[l],9833,SERt4,,
HC02024[l],282974,SERTHRNaEx,,
lnlnca[r],3611,SERtN1,,
lnlncg[r],7465,SERtp,,
HC02027[l],5598,SFGTH,,
HC02029[c],5579,SGALSIDEtg,,
HC02030[c],5347,SGALSIDEtl,,
HC02031[c],51755,SGPL11r,,
HC02032[c],1613,SGPL12r,,
HC02033[c],54986,SIAASE,,
HC02036[c],5871,SIAASE2ly,,
lnlncg[l],197259,SIAASE3ly,,
hdcea[l],53944,SIAASE4ly,,
HC02097[c],202374,SIAASEly,,
HC02098[c],699,SIAT4Bg,,
HC02099[c],10746,SIAT9g,,
HC01988[c],23235,sink_citr[c],,
HC02111[c],983,sink_pre_prot[r],,
HC02111[m],166614,SLCBK1,,
HC02112[r],5581,SLDt,,
HC02112[c],55561,SLDx,,
HC02112[m],9451,SLDxm,,
HC02112[x],112858,SMPD3g,,
HC02113[r],4342,SMPD3l,,
HC02113[c],9943,SMPD4,,
HC02113[m],4296,SMS,,
HC02113[x],1263,SO4CLtex2,,
HC02114[c],9024,SO4HCOtex,,
HC02115[m],545,SO4OXAtex2,,
HC02115[c],6199,SO4t4_2,,
HC02116[c],8408,SO4tl,,
HC00005[l],6197,SOAT11,,
HC00009[l],83983,SOAT11r,,
lnlnca[l],2081,SOAT12,,
dlnlcg[l],2580,SOAT12r,,
dlnlcg[r],9212,SPC_HSt,,
HC00822[e],122011,SPH1Pte,,
HC02121[c],5062,SPH1Ptr,,
xtsn[c],389840,SPHGNtr,,
HC02136[c],225689,SPHINGStl,,
btcoa[c],9625,SPHINGStr,,
HC02223[m],3985,SPHK21c,,
dlnlcgcoa[r],57118,SPHMDAc,,
HC10856[m],54101,SPHMYLNtg,,
HC10857[m],29110,SPHMYLNtl,,
HC10858[m],11200,SPHS1Pte,,
CE0692[m],5613,SPHS1Ptr,,
HC02192[e],3654,SPMDOX,,
HC02192[c],5587,SPODMe,,
HC02193[e],8558,SPODMm,,
HC02193[c],5600,SPODMn,,
HC02195[e],5592,SPODMx,,
HC02195[c],613,SPR,,
HC02196[e],6300,SPRMS,,
HC02196[c],5575,SPRn,,
HC02220[e],388228,SPTix,,
HC02220[c],120892,SQLEr,,
HC02154[c],56164,SQLSr,,
HC02154[e],30849,SR5AR2r,,
dca[c],65267,SR5ARr,,
dca[e],1612,SRTN23OX,,
HC02199[c],341676,SRTNACT,,
HC02199[e],4217,SRTNMTX,,
HC02200[c],51135,SRTNt6_2_r,,
HC02200[e],415116,SRTNtu,,
HC02201[c],9874,ST3GAL21g,,
HC02201[e],27347,ST3GAL22g,,
zn2[e],9578,ST3GAL23g,,
zn2[c],4215,ST3GAL31g,,
pyr[e],659,ST3GAL61g,,
acac[e],8859,ST3GAL62g,,
lac_L[e],1460,ST6GALNAC21,,
but[e],344387,ST6GALNAC22,,
HC02191[e],23617,ST6GALNAC23,,
HC02191[c],23012,ST6GALNAC24,,
HC02194[e],83942,ST6GALNAC25,,
HC02194[c],1147,ST6GALNAC26,,
HC02197[e],1454,ST6GALNAC27,,
HC02197[c],494551,ST6GALNAC28,,
HC02198[e],984,ST6GALNAC31,,
HC02198[c],1018,ST6GALNAC62,,
HC02187[e],5591,ST8SIA11,,
HC02187[c],5536,ST8SIA12,,
HC02180[e],23035,ST8SIA51g,,
HC02180[c],9150,ST8SIA52g,,
wharachd[e],5523,ST8SIA53g,,
wharachd[c],5522,ST8SIA54g,,
HC02202[e],23239,ST8SIA55g,,
HC02202[c],5475,ST8SIA56g,,
HC02203[e],9647,STCOAtx,,
HC02203[c],5494,STRDNCCPT1,,
HC02204[e],5516,STRDNCCPT2,,
HC02204[c],5518,STRDNCCRNt,,
HC02205[e],5532,STRDNCt,,
HC02205[c],5515,STS1,,
HC02206[e],5496,STS1r,,
HC02206[c],5537,STS2,,
HC02207[e],5507,STS2r,,
HC02207[c],5533,SUCCt2m,,
HC02208[e],79871,SUCCt4_2,,
HC02208[c],84152,SUCCtp,,
HC02210[e],80895,SUCD1m,,
HC02210[c],5502,SUCOAS1m,,
HC02213[e],5519,SUCOASm,,
HC02213[c],5495,SUCRe,,
HC02214[e],5530,SULFOX,,
HC02214[c],58190,T2M26DCOAHLm,,
HC02216[e],10217,T2M26DCOAHLx,,
HC02216[c],5531,T4HCINNMFM,,
HC02217[e],5506,T4HCINNOX,,
HC02217[c],5470,TAGAT_Dt,,
HC00342[c],5521,TAGt,,
oxa[m],29101,TAURt4_2_r,,
c4crn[c],152926,TAURtcx,,
c4crn[m],132160,TAXOLte,,
so3[e],134510,TCHOLAt,,
sprm[e],28227,TCHOLAt2,,
C01241[c],8493,TCHOLAte,,
C04308[c],5499,TCHOLAtx,,
C01241[m],22843,TCYNTt,,
C04308[m],10106,TCYNTtm,,
C01241[r],5504,TDCHOLAte,,
C04308[r],5501,TDCHOLAtx,,
6pgc[c],5535,TDP,,
glcn[c],5500,TDPDRR,,
ocdca[m],5534,TDPm,,
ocdca[x],5520,TETHEX3COAtx,,
dtmp[n],192111,TETHEX3t,,
trdrd[n],5616,TETPENT3COAtx,,
trdox[n],360132,TETPENT3CPT1,,
CE2421[c],80024,TETPENT3CPT2,,
CE0713[c],55244,TETPENT3CRNt,,
CE2421[m],146802,TETPENT3t,,
CE0713[m],5002,TETPENT6COAtx,,
CE2421[x],254428,TETPENT6CPT1,,
CE0713[x],84102,TETPENT6CPT2,,
C10164[c],1317,TETPENT6CRNt,,
CE2251[c],345274,TETPENT6t,,
CE2247[c],116085,TETTET6COAtx,,
CE2243[c],79660,TETTET6CPT1,,
CE2250[c],23729,TETTET6CPT2,,
coa[e],123688,TETTET6CRNt,,
malcoa[e],51171,TETTET6t,,
arachcoa[e],10202,THBPT4ACAMDASE,,
CE2250[e],10553,THCHOLSTOICtm,,
CE2246[c],84869,THD1m,,
CE2242[c],1487,THFt2,,
CE2242[n],56898,THFtl,,
docoscoa[n],374875,THFtm,,
malcoa[n],121214,THMDt4,,
CE2253[n],100288072,THMMPt4,,
CE2253[c],93517,THMMPtm,,
CE2249[c],51741,THMP,,
CE2245[c],340811,THMPPtm,,
arach[m],441282,THMt2m,,
arach[x],10954,THMTP,,
docoscoa[c],10130,THMTPt,,
docosac[c],9601,THP2Ctp,,
docoscoa[m],54495,THRALANaEx,,
docosac[m],2923,THRASNNaEx,,
docoscoa[x],85007,THRCYSNaEx,,
docosac[x],10226,THRGLNexR,,
lgnc[m],161247,THRGLNNaEx,,
lgnc[x],729359,THRGLYexR,,
co2[l],26580,THRSERNaEx,,
3ohodcoa[l],128486,THRt4,,
pmtcoa[l],649,THYMDt1,,
malcoa[l],123264,THYMDtl,,
3ohodcoa[r],200931,THYMDtm,,
3ohodcoa[c],0,THYMt,,
CE2248[c],5446,THYOXt,,
CE2248[r],5250,THYOXt2,,
od2coa[n],513,THYPX,,
CE2248[n],498,TMABADH,,
stcoa[n],506,TMDK1m,,
CE1935[c],509,TMDPP,,
CE1935[e],514,TMDPPK,,
sprm[x],10632,TMLYSOX,,
CE1935[x],4905,TMLYSter,,
CE1940[c],10476,TMNDNCCOAtx,,
CE1940[e],9551,TMNDNCCPT1,,
spmd[x],522,TMNDNCCPT2,,
CE1940[x],516,TMNDNCCRNt,,
CE1943[c],521,TMNDNCt,,
CE1943[e],515,TOLBUTAMIDEte,,
CE1943[x],518,TRDR,,
CE1944[c],517,TRDR2,,
CE2011[c],539,TRDR3,,
CE2011[e],267020,TRDRm,,
tcynt[l],27109,TREH,,
CE2011[l],7384,TREHe,,
CE2011[m],7388,TRIODTHYSUFt,,
tcynt[n],4519,TRIODTHYSULT,,
CE2011[n],29796,TRIODTHYt,,
CE1936[c],10975,TRIODTHYt2,,
CE1936[e],7385,TRIOK,,
CE1936[x],7386,TRPHYDRO2,,
CE1939[c],1537,TRPO2,,
CE1939[e],27089,TRPt4,,
CE1939[x],7381,TRYPTAOX,,
CE2705[c],9016,TS3,,
thbpt4acam[n],7352,TSTSTERONEGLCte,,
CE2705[n],7351,TSTSTERONEGLCtr,,
CE1787[c],9481,TSTSTERONESte,,
CE2846[c],4715,TSTSTERONESULT,,
CE2847[c],4720,TSTSTERONEt,,
CE2848[c],4719,TSTSTERONEtr,,
CE2870[c],4700,TSULt4_3,,
CE2866[c],55967,TTDCAtr,,
so4[g],4709,TTDCPT2,,
CE2870[g],4710,TTDCRNt,,
CE2866[g],4726,TXA2te,,
CE2870[r],4718,TXA2tr,,
CE2866[r],4696,TXASr,,
maltttr[c],4694,TYMSFt,,
maltttr[e],374291,TYMSULT,,
CE2873[c],4728,TYR3MO2,,
CE2872[c],4712,TYRASE,,
CE2873[g],4717,TYRCBOX,,
CE2872[g],4705,TYRDOPO,,
CE2873[r],4725,TYRDOPO3,,
CE2872[r],4716,TYROXDAc,,
CE2875[c],4537,TYRt,,
CE2874[c],7991,TYRt4,,
CE2875[g],4722,TYRTAm,,
CE2874[g],4541,UAG2EMAi,,
CE2875[r],4539,UAGALDP,,
CE2874[r],4707,UDPACGALtl,,
CE2876[c],4701,UDPDOLPT_L,,
CE2876[r],4723,UDPDOLPT_U,,
CE2877[c],4698,UDPG1P,,
thyox_L[r],4538,UDPGALt2g,,
CE2877[r],4697,UDPGALtg,,
CE2754[c],51079,UDPGD,,
CE2878[c],4714,UDPGLCAter,,
CE2754[r],4704,UDPGLCAtg,,
CE2878[r],126328,UDPGLCter,,
CE2879[c],4711,UDPGLCtg,,
triodthy[r],4724,UDPGLDCg,,
CE2879[r],4713,UDPGNP,,
CE2880[c],4536,UDPGP,,
CE2880[r],4695,UDPtl,,
CE2881[c],4702,UDPXYLter,,
CE2885[c],4708,UDPXYLtg,,
CE2881[r],4535,UGALGTg,,
CE2885[r],4731,UGALNACter,,
CE2882[c],4729,UGALNACtg,,
CE2886[c],4540,UGCG,,
CE2882[r],54539,UGLCNACtg,,
CE2886[r],1351,UGT1A10r,,
maltpt[c],1347,UGT1A1r,,
maltpt[e],1329,UGT1A2r,,
CE2883[c],1327,UGT1A3r,,
CE2887[c],341947,UGT1A4r,,
CE2883[r],9167,UGT1A5r,,
CE2887[r],1350,UGT1A5r2,,
CE2884[c],4512,UGT1A6r,,
CE2888[c],1349,UGT1A7r,,
CE2884[r],1339,UGT1A8r,,
CE2888[r],1345,UGT1A9r,,
malthx[c],4513,UMPK2,,
malthx[e],9377,UMPK2n,,
CE2915[c],125965,UMPK3,,
CE4722[c],4514,UMPK3n,,
CE2915[e],170712,UMPK4,,
CE4722[e],1346,UMPK4n,,
CE2916[c],1340,UMPK5,,
CE4723[c],84701,UMPK5n,,
CE2916[e],1337,UMPK6,,
CE4723[e],,UMPK6n,,
CE2917[c],,UMPK7,,
CE4724[c],,UMPK7n,,
CE2917[e],,UMPKm,,
CE4724[e],,UMPKn,,
malthp[c],,UMPtr,,
malthp[e],,UNK2,,
CE2839[c],,UPPN,,
CE2838[c],,URAt,,
CE2839[e],,URATEt,,
CE2838[e],,URATEtx,,
CE1950[c],,UREAt5,,
cynt[c],,UREAtm,,
CE1950[e],,URIDK2m,,
cynt[e],,URIK1,,
so3[l],,URIt,,
CE1950[l],,URIt4,,
cynt[l],,Uritl,,
so3[n],,Uritm,,
CE1950[n],,Uritn,,
cynt[n],,UROLACer,,
C01836[c],,UTPtn,,
CE2862[c],,VACCt,,
CE2863[c],,VALt4,,
C01836[m],,VALt5m,,
CE2862[m],,VALTAm,,
CE2863[m],,VALtec,,
CE2858[c],,VD3,,
CE2751[c],,VITD2Hm,,
CE2890[c],,VITD2t,,
CE2891[c],,VITD2tm,,
CE4753[c],,VITD3Hm,,
CE4754[c],,VITD3t,,
CE0737[c],,VITD3tm,,
CE1243[c],,VITD3tm3,,
andrstndn[c],,VLCS2p,,
andrstndn[m],,VLCS2r,,
17ahprgstrn[m],,VLCSp,,
ac[r],,VLCSr,,
CE1352[c],,WHDDCAte,,
17ahprgnlone[g],,WHHDCAte,,
CE1352[g],,WHTSTSTERONEte,,
17ahprgnlone[l],,WHTTDCAte,,
CE1352[l],,XANDp,,
CE1352[r],,XANtx,,
chsterols[g],,XAO2x,,
chsterols[l],,XAOx,,
chsterols[r],,XOL27OHtm,,
dhea[m],,XOL7AH2tm,,
17ahprgnlone[m],,XOL7AH2tr,,
prgnlone[g],,XOL7AONEtr,,
prgnlones[g],,XOLDIOLONEt,,
prgnlone[l],,XOLDIOLONEtm,,
prgnlones[l],,XOLEST2te,,
prgnlones[r],,XOLESTte,,
Lkynr[m],,XOLTRI24tc,,
kynate[m],,XOLTRI24te,,
N1aspmd[c],,XOLTRI25tc,,
n8aspmd[c],,XOLTRI25te,,
CE1059[c],,XOLTRI27tc,,
N1sprm[x],,XOLTRI27te,,
N1sprm[c],,XOLTRIOLtm,,
C03413[c],,XOLTRIOLtr,,
CE2028[c],,XSERtg,,
CE2201[c],,XYLK,,
CE2201[m],,XYLTD_Dr,,
CE2202[c],,XYLTer,,
CE2202[m],,XYLtly,,
CE2203[c],,XYLTt,,
CE2203[m],,XYLUR,,
CE2204[c],,YVITEt,,
CE2204[m],,EX_4abutn[e],,
C01507[c],,EX_acmana[e],,
srb_L[c],,EX_ahdt[e],,
atp[g],,EX_ctp[e],,
adp[g],,EX_dgmp[e],,
pail_hs[g],,EX_dgtp[e],,
CE5101[g],,EX_dha[e],,
pail45p_hs[m],,EX_dhap[e],,
CE5101[m],,EX_dtmp[e],,
CE0469[c],,EX_dttp[e],,
C03693[c],,EX_fad[e],,
lnlc[m],,EX_fald[e],,
lnlc[x],,EX_g1p[e],,
CE2434[m],,EX_HC00229[e],,
CE2434[x],,EX_HC00250[e],,
CE0849[m],,EX_HC01104[e],,
CE2433[m],,EX_HC01361[e],,
CE0849[x],,EX_HC01440[e],,
CE2433[x],,EX_HC01441[e],,
CE0785[m],,EX_HC01444[e],,
CE2432[m],,EX_HC01446[e],,
CE0785[x],,EX_HC01577[e],,
CE2432[x],,EX_HC01609[e],,
dec24dicoa[x],,EX_HC01610[e],,
dece4coa[x],,EX_HC01700[e],,
C05279[m],,EX_HC02160[e],,
CE2420[m],,EX_HC02161[e],,
C05279[x],,EX_itp[e],,
CE2420[x],,EX_orot[e],,
CE2417[m],,EX_prpp[e],,
CE2417[x],,EX_pydx5p[e],,
CE2418[m],,EX_udpg[e],,
CE2418[x],,r0001,,
CE2418[c],,r0002,,
CE2422[c],,r0009,,
CE2422[m],,r0013,,
CE2422[x],,r0016,,
CE2417[c],,r0021,,
CE2424[c],,r0022,,
CE2424[m],,r0023,,
CE2424[x],,r0024,,
CE2420[c],,r0027,,
CE0693[c],,r0028,,
CE0693[m],,r0033,,
CE0693[x],,r0034,,
C05280[m],,r0047,,
C05280[x],,r0051,,
dece4coa[m],,r0055,,
CE4788[c],,r0062,,
ptrc[x],,r0068,,
N1aspmd[x],,r0074,,
CE4788[x],,r0081,,
C03413[x],,r0083,,
CE2180[c],,r0084,,
o2[l],,r0085,,
nadph[l],,r0086,,
nadp[l],,r0093,,
estrone[l],,r0097,,
CE2180[l],,r0113,,
CE2180[r],,r0119,,
C05298[c],,r0120,,
C05298[l],,r0121,,
C05298[r],,r0122,,
C05301[c],,r0129,,
CE2183[c],,r0130,,
CE2186[c],,r0139,,
CE2189[c],,r0142,,
C05299[c],,r0145,,
C05299[r],,r0149,,
CE2184[c],,r0153,,
CE5250[c],,r0156,,
CE5239[c],,r0157,,
CE5250[m],,r0160,,
CE5239[m],,r0163,,
CE5250[r],,r0165,,
CE5239[r],,r0166,,
gthrd[x],,r0170,,
CE5250[x],,r0173,,
CE5239[x],,r0178,,
CE4888[c],,r0179,,
CE5277[c],,r0181,,
CE5278[c],,r0186,,
CE5256[c],,r0191,,
CE5252[c],,r0193,,
CE5255[c],,r0196,,
CE5251[c],,r0202,,
CE5254[c],,r0205,,
CE5253[c],,r0208,,
CE5249[c],,r0210,,
CE5236[c],,r0221,,
CE5236[n],,r0224,,
CE1918[c],,r0226,,
CE1918[m],,r0236,,
xol7a[c],,r0239,,
xol7aone[m],,r0242,,
xol27oh[c],,r0245,,
CE0233[c],,r0246,,
CE1272[c],,r0249,,
CE1272[r],,r0267,,
CE1273[r],,r0268,,
CE1277[c],,r0276,,
CE1277[r],,r0280,,
CE1279[c],,r0281,,
CE1279[r],,r0283,,
CE1278[c],,r0287,,
CE1278[r],,r0301,,
CE5242[c],,r0308,,
CE5252[m],,r0309,,
CE5242[m],,r0310,,
CE5252[r],,r0311,,
CE5242[r],,r0317,,
CE5252[x],,r0319,,
CE5242[x],,r0321,,
CE5243[c],,r0330,,
CE5249[m],,r0331,,
CE5243[m],,r0340,,
CE5249[r],,r0354,,
CE5243[r],,r0355,,
CE5249[x],,r0357,,
CE5243[x],,r0358,,
CE5244[c],,r0360,,
CE5251[m],,r0361,,
CE5244[m],,r0363,,
CE5251[r],,r0364,,
CE5244[r],,r0365,,
CE5251[x],,r0366,,
CE5244[x],,r0368,,
CE4990[c],,r0377,,
CE5531[c],,r0380,,
CE4990[m],,r0381,,
CE5531[m],,r0383,,
CE4990[r],,r0384,,
CE5531[r],,r0385,,
CE4990[x],,r0386,,
CE5531[x],,r0388,,
CE4993[c],,r0389,,
CE4993[m],,r0390,,
CE4993[x],,r0391,,
CE0233[m],,r0393,,
CE1298[c],,r0394,,
CE1298[m],,r0395,,
CE1292[c],,r0399,,
CE3038[c],,r0400,,
CE1292[m],,r0402,,
CE3038[m],,r0403,,
CE2345[c],,r0407,,
CE2345[m],,r0408,,
cholcoa[m],,r0409,,
cholate[m],,r0410,,
cholate[x],,r0413,,
dcholcoa[m],,r0423,,
C02528[m],,r0424,,
C02528[x],,r0425,,
dhcholestancoa[c],,r0426,,
dhcholestancoa[m],,r0430,,
CE1589[c],,r0431,,
tdechola[c],,r0432,,
CE1589[x],,r0433,,
tdechola[x],,r0434,,
23cump[c],,r0437,,
3ump[c],,r0438,,
23cump[e],,r0440,,
3ump[e],,r0441,,
CE5586[c],,r0443,,
CE5588[c],,r0444,,
retinal_cis_9[r],,r0446,,
CE1617[r],,r0450,,
retinal_cis_13[r],,r0451,,
CE5591[c],,r0456,,
CE5591[r],,r0463,,
CE5592[c],,r0464,,
CE5592[r],,r0465,,
CE5593[c],,r0466,,
retinal[r],,r0470,,
CE5593[r],,r0472,,
CE1617[c],,r0474,,
CE5594[c],,r0475,,
CE1261[c],,r0480,,
CE5026[c],,r0483,,
dopaqn[x],,r0488,,
CE5026[x],,r0494,,
CE1262[c],,r0497,,
C09642[c],,r0502,,
CE5626[c],,r0504,,
CE5627[c],,r0509,,
CE5629[c],,r0510,,
C09640[c],,r0511,,
CE4890[c],,r0512,,
C06350[c],,r0514,,
CE1401[c],,r0517,,
CE1761[c],,r0522,,
retinol[r],,r0523,,
CE1761[r],,r0525,,
CE5653[c],,r0527,,
CE5653[r],,r0531,,
CE5654[c],,r0537,,
CE5654[r],,r0539,,
CE2957[c],,r0541,,
CE2957[r],,r0545,,
CE2566[c],,r0546,,
CE2568[c],,r0547,,
CE2566[r],,r0548,,
CE2568[r],,r0549,,
CE2566[x],,r0552,,
CE2568[x],,r0553,,
CE5661[c],,r0555,,
CE5662[c],,r0556,,
CE2569[c],,r0557,,
CE2569[r],,r0558,,
CE2569[x],,r0559,,
pail345p_hs[g],,r0560,,
pail35p_hs[g],,r0561,,
pail345p_hs[r],,r0568,,
C11695[c],,r0571,,
CE5698[c],,r0573,,
CE5272[c],,r0575,,
CE1264[c],,r0578,,
CE5274[c],,r0579,,
C02712[m],,r0580,,
CE1554[m],,r0584,,
CE1556[m],,r0587,,
C02356[c],,r0590,,
CE1661[c],,r0591,,
CE1665[c],,r0594,,
CE2566[n],,r0595,,
CE2565[n],,r0596,,
CE2565[r],,r0598,,
no2[c],,r0603,,
CE1957[c],,r0604,,
C13856[c],,r0610,,
CE5700[c],,r0611,,
C13856[r],,r0614,,
CE5700[r],,r0615,,
CE3481[c],,r0616,,
C13856[g],,r0617,,
CE3481[g],,r0618,,
CE3481[r],,r0620,,
CE5726[c],,r0625,,
CE5727[c],,r0626,,
CE4980[c],,r0627,,
CE5730[c],,r0629,,
prostge2[m],,r0630,,
HC02203[m],,r0633,,
C05957[r],,r0634,,
C05957[c],,r0636,,
CE4877[c],,r0637,,
CE2065[c],,r0638,,
CE2026[m],,r0639,,
dchac[c],,r0641,,
dchac[r],,r0642,,
CE2020[m],,r0643,,
CE2176[c],,r0644,,
C02442[c],,r0645,,
bgly[c],,r0647,,
CE2934[c],,r0648,,
CE2152[c],,r0649,,
CE2153[c],,r0650,,
CE2172[c],,r0651,,
CE2173[c],,r0652,,
CE2174[c],,r0653,,
CE2122[c],,r0655,,
CE5747[c],,r0656,,
CE5752[c],,r0660,,
CE5753[c],,r0661,,
CE5754[c],,r0666,,
CE5755[c],,r0668,,
CE2953[c],,r0669,,
CE2958[c],,r0670,,
CE2953[r],,r0672,,
CE2958[r],,r0673,,
CE2961[c],,r0678,,
CE2962[c],,r0679,,
CE2961[r],,r0680,,
CE2962[r],,r0681,,
CE5756[c],,r0682,,
CE5756[r],,r0683,,
CE5757[c],,r0686,,
CE5757[r],,r0688,,
CE1162[c],,r0691,,
CE2955[c],,r0692,,
C03681[c],,r0693,,
CE2211[c],,r0694,,
CE5072[c],,r0695,,
CE2211[r],,r0696,,
CE5072[r],,r0697,,
cyst_L[m],,r0698,,
CE5082[m],,r0701,,
CE5775[c],,r0702,,
CE5776[c],,r0706,,
CE1293[c],,r0707,,
CE1297[c],,r0708,,
CE1294[c],,r0709,,
CE1297[m],,r0712,,
CE1294[m],,r0713,,
CE1310[m],,r0714,,
C05300[c],,r0715,,
C05300[r],,r0716,,
CE2963[c],,r0717,,
CE2964[c],,r0718,,
CE5932[c],,r0719,,
CE5013[c],,r0720,,
CE5014[c],,r0721,,
CE3136[c],,r0722,,
CE5782[c],,r0723,,
CE5783[c],,r0724,,
CE5786[c],,r0726,,
CE5788[c],,r0727,,
CE5786[e],,r0728,,
CE5788[e],,r0729,,
CE5789[c],,r0730,,
CE5789[e],,r0731,,
CE5794[c],,r0732,,
CE5795[c],,r0733,,
CE5796[c],,r0734,,
CE5794[l],,r0735,,
CE5795[l],,r0737,,
CE5796[l],,r0739,,
CE5797[c],,r0741,,
CE5798[c],,r0743,,
CE5797[e],,r0744,,
CE5798[e],,r0747,,
CE5456[c],,r0750,,
CE5276[c],,r0752,,
CE5025[c],,r0753,,
CE5276[x],,r0754,,
CE5025[x],,r0755,,
CE5787[e],,r0756,,
CE5791[e],,r0757,,
C03958[c],,r0758,,
CE5820[c],,r0760,,
CE5241[c],,r0761,,
CE5241[m],,r0762,,
CE5241[r],,r0763,,
CE5241[x],,r0764,,
CE5240[c],,r0765,,
CE5240[m],,r0766,,
CE5240[r],,r0767,,
CE5240[x],,r0768,,
CE5021[c],,r0769,,
CE5022[c],,r0770,,
CE2072[c],,r0771,,
CE1941[c],,r0772,,
CE1937[c],,r0773,,
CE2576[c],,r0774,,
CE2577[c],,r0775,,
hLkynr[m],,r0776,,
C02470[m],,r0777,,
CE4936[c],,r0778,,
leuktrE4[n],,r0779,,
CE4936[n],,r0780,,
CE5835[c],,r0781,,
CE5837[c],,r0782,,
CE5838[c],,r0783,,
CE5839[c],,r0784,,
CE5840[c],,r0786,,
CE5655[c],,r0787,,
yvite[r],,r0788,,
CE5655[r],,r0789,,
CE5842[c],,r0791,,
CE5843[c],,r0795,,
CE5842[r],,r0796,,
CE5843[r],,r0797,,
CE2196[c],,r0800,,
C05302[c],,r0801,,
avite1[c],,r0802,,
avite1[r],,r0803,,
CE4898[c],,r0804,,
CE4898[r],,r0805,,
CE1925[c],,r0806,,
CE5853[c],,r0807,,
CE1925[r],,r0808,,
CE5853[r],,r0809,,
CE1926[c],,r0812,,
CE5854[c],,r0813,,
CE1926[r],,r0817,,
CE5854[r],,r0818,,
C05109[c],,r0819,,
dsmsterol[c],,r0821,,
ddsmsterol[c],,r0822,,
dsmsterol[n],,r0825,,
ddsmsterol[n],,r0826,,
CE4968[m],,r0829,,
CE4970[m],,r0830,,
CE4969[m],,r0834,,
CE5860[c],,r0835,,
CE2095[c],,r0836,,
CE3086[c],,r0838,,
CE3092[c],,r0839,,
CE2095[m],,r0840,,
CE3092[m],,r0841,,
CE5829[c],,r0842,,
CE5865[c],,r0845,,
CE5866[c],,r0853,,
CE5867[c],,r0859,,
CE5868[c],,r0860,,
CE5869[c],,r0870,,
CE5867[e],,r0871,,
CE5868[e],,r0879,,
CE5869[e],,r0881,,
CE5016[c],,r0885,,
CE5875[m],,r0886,,
CE5068[m],,r0892,,
CE2102[c],,r0899,,
C06948[c],,r0907,,
C07486[c],,r0908,,
fald[r],,r0909,,
C06948[r],,r0911,,
C07486[r],,r0913,,
CE3140[c],,r0915,,
CE3087[c],,r0917,,
C09209[c],,r0921,,
C06453[c],,r0924,,
CE4633[c],,r0925,,
CE4633[e],,r0926,,
cl[l],,r0927,,
CE4633[l],,r0931,,
cl[n],,r0932,,
CE4633[n],,r0934,,
CE4881[c],,r0936,,
no2[e],,r0937,,
CE4881[e],,r0940,,
no2[l],,r0941,,
CE4881[l],,r0942,,
no2[n],,r0944,,
CE4881[n],,r0946,,
CE5536[c],,r0947,,
CE5541[c],,r0950,,
CE5538[c],,r0954,,
CE5542[c],,r0960,,
CE5546[c],,r0961,,
CE5536[x],,r0962,,
CE5546[x],,r0968,,
CE5547[c],,r0970,,
CE5538[x],,r0973,,
CE5547[x],,r0974,,
CE5544[c],,r0975,,
L_dpchrm[x],,r0983,,
CE5544[x],,r0984,,
CE5545[c],,r0986,,
CE4888[x],,r0987,,
CE5545[x],,r0988,,
CE5665[c],,r0989,,
CE5643[c],,r0990,,
CE6000[c],,r0992,,
glcur[e],,r0993,,
CE1926[e],,r0994,,
CE5854[e],,r0995,,
CE1926[l],,r0997,,
CE5854[l],,r0998,,
CE6205[c],,r0999,,
CE6252[c],,r1000,,
CE2949[c],,r1001,,
CE2947[c],,r1002,,
CE5982[c],,r1003,,
C01041[c],,r1004,,
CE2615[c],,r1005,,
CE2616[c],,r1006,,
CE2615[r],,r1007,,
CE2616[r],,r1008,,
cholcoar[m],,r1010,,
CE5166[m],,r1011,,
CE5166[x],,r1012,,
CE4872[c],,r1013,,
CE4872[m],,r1014,,
CE5530[m],,r1015,,
CE1273[c],,r1017,,
CE1274[c],,r1018,,
CE1274[r],,r1019,,
CE1589[r],,r1020,,
HC02191[r],,r1021,,
HC02192[x],,r1024,,
HC02191[x],,r1025,,
HC02193[x],,r1026,,
C02712[c],,r1027,,
CE1554[c],,r1028,,
CE1556[c],,r1029,,
ppa[x],,r1030,,
udpgal[e],,r1033,,
galside_hs[e],,r1034,,
crm_hs[e],,r1043,,
udpgal[n],,r1044,,
galside_hs[n],,r1045,,
crm_hs[n],,r1048,,
udpgal[r],,r1049,,
galside_hs[r],,r1050,,
C01290[c],,r1051,,
C01290[g],,r1052,,
CE7047[c],,r1054,,
CE5986[c],,r1055,,
C01747[l],,r1056,,
C01747[c],,r1057,,
C02744[c],,r1059,,
C01747[g],,r1061,,
C02744[g],,r1062,,
C03405[c],,r1063,,
C03405[g],,r1064,,
CE2119[c],,r1067,,
CE5125[x],,r1068,,
CE5126[x],,r1071,,
C05284[c],,r1073,,
C05284[m],,r1074,,
C05284[r],,r1076,,
CE3075[c],,r1077,,
alltn[c],,r1078,,
alltt[c],,r1080,,
CE6423[c],,r1081,,
CE6426[c],,r1082,,
CE6429[c],,r1088,,
CE6435[c],,r1090,,
CE6432[c],,r1092,,
CE6438[c],,r1093,,
CE6420[c],,r1094,,
CE6444[c],,r1095,,
CE6445[c],,r1096,,
CE6447[c],,r1097,,
CE6446[c],,r1098,,
CE6448[c],,r1099,,
CE6449[c],,r1100,,
CE6451[c],,r1101,,
CE6450[c],,r1102,,
CE6453[c],,r1103,,
CE6452[c],,r1104,,
CE6454[c],,r1105,,
CE6455[c],,r1106,,
CE6456[c],,r1109,,
CE6457[c],,r1112,,
CE6458[c],,r1113,,
CE6459[c],,r1116,,
CE6460[c],,r1117,,
CE6461[c],,r1127,,
CE6462[c],,r1128,,
CE6463[c],,r1129,,
CE6464[c],,r1130,,
CE6465[c],,r1131,,
CE6467[c],,r1132,,
CE6466[c],,r1133,,
CE0074[c],,r1134,,
CE0074[e],,r1135,,
urea[n],,r1140,,
urate[n],,r1143,,
CE0074[n],,r1144,,
CE7122[c],,r1146,,
C02147[c],,r1147,,
CE2592[c],,r1148,,
CE0853[c],,r1150,,
CE2592[m],,r1154,,
CE0853[m],,r1155,,
CE2592[x],,r1156,,
CE0853[x],,r1159,,
CE1102[c],,r1162,,
CE0782[c],,r1163,,
CE1102[m],,r1164,,
CE0782[m],,r1165,,
CE1102[x],,r1166,,
CE0782[x],,r1167,,
CE2597[c],,r1168,,
CE0692[c],,r1169,,
CE2597[m],,r1170,,
CE2597[x],,r1171,,
CE0692[x],,r1172,,
C03372[c],,r1173,,
hdcea[m],,r1174,,
hdcoa[x],,r1175,,
hdcea[x],,r1176,,
CE2591[m],,r1177,,
CE2591[x],,r1178,,
CE0784[m],,r1179,,
CE2594[m],,r1180,,
CE0784[x],,r1181,,
CE2594[x],,r1182,,
CE2596[m],,r1183,,
CE0695[m],,r1184,,
CE2596[x],,r1185,,
CE0695[x],,r1186,,
CE0955[r],,r1187,,
pail45p_hs[g],,r1188,,
pail45p_hs[r],,r1189,,
pail35p_hs[n],,r1190,,
pail3p_hs[g],,r1251,,
CE2206[c],,r1252,,
CE2207[c],,r1253,,
CE2206[m],,r1254,,
CE2207[m],,r1255,,
C03968[c],,r1257,,
CE4795[m],,r1259,,
CE4795[x],,r1260,,
CE5114[x],,r1262,,
CE4791[x],,r1290,,
CE4793[x],,r1291,,
CE2439[x],,r1292,,
CE2440[x],,r1293,,
CE2437[x],,r1294,,
CE2438[x],,r1298,,
CE2442[m],,r1299,,
CE2442[x],,r1301,,
CE2441[x],,r1302,,
CE5115[m],,r1303,,
CE5115[x],,r1304,,
CE5116[x],,r1313,,
CE5117[m],,r1314,,
CE5118[m],,r1315,,
CE5119[m],,r1316,,
CE5120[m],,r1317,,
CE4790[m],,r1318,,
CE4792[m],,r1319,,
CE4794[m],,r1320,,
leuktrB4[m],,r1321,,
leuktrB4[x],,r1322,,
leuktrB4woh[m],,r1323,,
CE2053[m],,r1324,,
CE2053[r],,r1325,,
leuktrB4wcooh[c],,r1326,,
CE2053[c],,r1327,,
leuktrB4wcooh[m],,r1328,,
C05301[r],,r1329,,
leuktrB4woh[c],,r1330,,
CE2056[c],,r1331,,
CE2056[r],,r1332,,
CE3554[c],,r1333,,
CE3554[r],,r1334,,
CE5138[c],,r1335,,
CE5138[r],,r1336,,
CE5139[c],,r1337,,
CE5139[r],,r1338,,
CE5140[c],,r1339,,
CE5140[r],,r1340,,
CE5141[c],,r1341,,
CE5525[c],,r1342,,
CE2567[c],,r1343,,
15HPET[n],,r1344,,
CE2567[n],,r1345,,
h2o2[r],,r1346,,
15HPET[r],,r1347,,
CE2567[r],,r1348,,
CE7172[c],,r1349,,
CE7172[n],,r1350,,
C06315[c],,r1351,,
C06315[n],,r1352,,
C06315[r],,r1353,,
CE2567[x],,r1354,,
C06315[x],,r1355,,
C01264[c],,r1356,,
C06314[c],,r1357,,
C06314[r],,r1358,,
C06314[x],,r1359,,
leuktrA4[n],,r1364,,
C03820[c],,r1365,,
cpppg1[c],,r1367,,
C05769[c],,r1368,,
cpppg3[c],,r1374,,
C05770[c],,r1375,,
uppg3[c],,r1377,,
C02469[c],,r1378,,
CE5122[x],,r1380,,
CE5123[x],,r1381,,
CE5122[c],,r1382,,
CE2414[c],,r1383,,
CE2414[x],,r1384,,
CE5126[c],,r1386,,
CE2038[x],,r1391,,
CE5934[x],,r1392,,
C07297[x],,r1393,,
CE5935[x],,r1400,,
CE5936[x],,r1401,,
CE5938[x],,r1402,,
tmtrdcoa[x],,r1403,,
CE5940[x],,r1411,,
CE5939[x],,r1418,,
CE5941[x],,r1421,,
CE5942[x],,r1423,,
CE4805[x],,r1427,,
CE5943[x],,r1428,,
dopa[l],,r1429,,
CE5276[l],,r1430,,
dopa[x],,r1431,,
CE4793[c],,r1432,,
CE4793[r],,r1433,,
CE5114[c],,r1434,,
CE5114[r],,r1435,,
CE4812[c],,r1436,,
eicostetcoa[r],,r1437,,
CE4812[r],,r1440,,
CE2209[c],,r1441,,
CE4811[c],,r1443,,
strdnccoa[r],,r1444,,
CE4811[r],,r1445,,
C04295[c],,r1446,,
5adtststerone[m],,r1447,,
C04295[m],,r1448,,
C04295[r],,r1449,,
CE4810[c],,r1450,,
CE4810[r],,r1451,,
lnlncacoa[r],,r1453,,
CE4821[c],,r1454,,
clpndcoa[r],,r1455,,
CE4821[r],,r1456,,
CE4819[c],,r1457,,
tmndnccoa[r],,r1459,,
CE4819[r],,r1464,,
CE4817[c],,r1466,,
CE4817[r],,r1467,,
CE4816[c],,r1468,,
CE4824[c],,r1472,,
CE4816[r],,r1474,,
CE4824[r],,r1477,,
CE4820[c],,r1479,,
CE4820[r],,r1481,,
CE4818[c],,r1487,,
CE4818[r],,r1493,,
chsterol[n],,r1495,,
tmndnc[r],,r1497,,
CE2313[c],,r1498,,
CE2314[c],,r1499,,
CE2313[r],,r1500,,
CE2314[r],,r1501,,
zymstnl[c],,r1502,,
lthstrl[c],,r1503,,
CE4826[x],,r1512,,
CE4827[x],,r1514,,
CE4828[x],,r1515,,
CE4825[x],,r1516,,
CE6027[c],,r1517,,
CE6027[m],,r1518,,
tethex3coa[r],,r1519,,
tethex3[r],,r1520,,
CE4827[c],,r1521,,
adrncoa[r],,r1522,,
CE4827[r],,r1523,,
CE4830[c],,r1525,,
CE4837[c],,r1526,,
CE4830[r],,r1527,,
CE4837[r],,r1529,,
CE4833[c],,r1530,,
CE4833[r],,r1531,,
CE4831[c],,r1532,,
CE4831[r],,r1533,,
CE4835[c],,r1536,,
CE4835[r],,r1538,,
CE4834[c],,r1540,,
CE4849[c],,r1544,,
CE4834[r],,r1546,,
CE4849[r],,r1547,,
CE4820[x],,r1548,,
CE4832[x],,r1549,,
CE4838[x],,r1551,,
tetpent6coa[r],,r1552,,
tetpent6[r],,r1553,,
CE4841[c],,r1554,,
CE4841[r],,r1556,,
CE4840[c],,r1557,,
CE4840[r],,r1559,,
CE4842[c],,r1560,,
CE4842[r],,r1561,,
CE4843[c],,r1562,,
CE4843[r],,r1563,,
CE4845[c],,r1564,,
CE4845[r],,r1565,,
CE4844[c],,r1566,,
CE4844[r],,r1567,,
CE4846[c],,r1568,,
CE4846[r],,r1569,,
CE4847[c],,r1570,,
CE4847[r],,r1571,,
CE4852[c],,r1573,,
CE4854[c],,r1574,,
CE4852[r],,r1575,,
CE4854[r],,r1576,,
CE4850[c],,r1578,,
CE4850[r],,r1579,,
CE4848[c],,r1580,,
CE4848[r],,r1581,,
CE4853[c],,r1583,,
CE4855[c],,r1584,,
CE4853[r],,r1585,,
CE4855[r],,r1586,,
CE4851[c],,r1587,,
CE4851[r],,r1588,,
CE4801[m],,r1589,,
CE4803[m],,r1590,,
CE4800[m],,r1591,,
CE4796[m],,r1592,,
CE4802[m],,r1593,,
CE4804[m],,r1594,,
CE5049[c],,r1595,,
CE4805[m],,r1596,,
CE4806[m],,r1597,,
CE4798[m],,r1598,,
CE4799[m],,r1599,,
CE4808[m],,r1600,,
CE4807[m],,r1602,,
CE4797[m],,r1603,,
CE1562[c],,r1604,,
5adtststerones[l],,r1605,,
5adtststerone[l],,r1606,,
5adtststerones[r],,r1607,,
CE6031[c],,r1608,,
andrstrn[l],,r1609,,
CE6031[l],,r1610,,
CE6031[r],,r1611,,
CE5144[c],,r1612,,
CE5144[r],,r1613,,
CE5151[c],,r1614,,
CE5152[c],,r1615,,
CE5151[r],,r1616,,
CE5152[r],,r1617,,
CE5155[c],,r1618,,
CE5156[c],,r1619,,
CE5155[r],,r1620,,
CE5156[r],,r1621,,
CE5148[c],,r1622,,
CE5148[r],,r1623,,
CE5150[c],,r1624,,
CE5150[r],,r1625,,
CE5153[c],,r1626,,
CE5153[r],,r1627,,
CE5154[c],,r1628,,
CE5154[r],,r1629,,
C06199[c],,r1630,,
CE6316[c],,r1631,,
o2[g],,r1632,,
C06199[g],,r1633,,
CE6316[g],,r1634,,
C06199[l],,r1635,,
CE6316[l],,r1636,,
CE5157[c],,r1637,,
CE5157[r],,r1638,,
CE5158[c],,r1639,,
CE5158[r],,r1640,,
nrvnccoa[r],,r1641,,
CE2510[c],,r1642,,
doco13ac[c],,r1643,,
CE5160[c],,r1644,,
CE5160[r],,r1645,,
CE5161[c],,r1646,,
CE5161[r],,r1647,,
CE5162[c],,r1648,,
CE5162[r],,r1649,,
cholcoads[m],,r1650,,
CE5168[m],,r1651,,
CE5168[x],,r1652,,
CE5168[c],,r1653,,
CE5169[c],,r1654,,
CE5169[m],,r1655,,
CE5169[x],,r1656,,
CE4874[c],,r1657,,
CE4874[m],,r1658,,
C14826[c],,r1659,,
CE2049[c],,r1660,,
C14826[r],,r1661,,
CE2049[r],,r1662,,
C14825[c],,r1664,,
CE2047[c],,r1665,,
C14825[r],,r1666,,
CE2047[r],,r1668,,
CE2305[c],,r1669,,
CE2305[r],,r1670,,
CE2303[c],,r1671,,
CE2303[r],,r1672,,
CE6317[c],,r1673,,
CE2306[c],,r1674,,
CE2306[r],,r1675,,
CE2304[c],,r1676,,
CE2304[r],,r1677,,
cdpea[e],,r1678,,
12dgr120[e],,r1679,,
cdpea[g],,r1680,,
12dgr120[g],,r1681,,
cdpea[m],,r1682,,
12dgr120[m],,r1683,,
cdpea[n],,r1684,,
pe_hs[n],,r1685,,
12dgr120[n],,r1686,,
cdpea[r],,r1687,,
12dgr120[r],,r1690,,
inost[g],,r1691,,
C14768[c],,r1692,,
C14768[r],,r1693,,
C14770[c],,r1695,,
C14770[r],,r1696,,
C14769[c],,r1698,,
C14769[r],,r1700,,
C14771[c],,r1701,,
C14771[r],,r1702,,
CE7101[c],,r1705,,
CE6219[c],,r1706,,
ser_L[g],,r1707,,
ser_L[r],,r1708,,
CE2445[c],,r1710,,
CE5178[c],,r1711,,
CE2446[m],,r1713,,
CE5349[m],,r1715,,
CE2446[x],,r1716,,
CE5349[x],,r1717,,
CE5349[c],,r1720,,
CE5343[c],,r1721,,
CE5343[m],,r1722,,
CE5349[r],,r1723,,
CE5343[r],,r1725,,
CE5343[x],,r1726,,
CE5352[c],,r1728,,
CE5179[c],,r1730,,
CE5352[r],,r1731,,
CE5179[r],,r1732,,
CE5348[m],,r1733,,
CE5347[m],,r1734,,
CE5348[x],,r1735,,
CE5347[x],,r1736,,
CE5348[c],,r1737,,
CE5348[r],,r1738,,
CE5345[m],,r1739,,
CE5346[m],,r1740,,
CE5345[x],,r1741,,
CE5346[x],,r1742,,
CE5344[m],,r1743,,
CE5344[x],,r1744,,
CE5345[c],,r1745,,
CE5344[c],,r1746,,
CE5346[c],,r1747,,
CE5307[c],,r1748,,
CE5307[m],,r1749,,
CE5307[x],,r1750,,
CE5329[c],,r1751,,
CE5331[c],,r1752,,
CE5329[m],,r1753,,
CE5331[m],,r1754,,
CE5329[x],,r1755,,
CE5331[x],,r1756,,
CE5342[m],,r1757,,
CE5341[m],,r1758,,
CE5342[x],,r1759,,
CE5341[x],,r1760,,
CE5337[m],,r1761,,
CE5337[x],,r1762,,
CE5337[c],,r1763,,
CE5319[c],,r1764,,
CE5319[m],,r1765,,
CE5319[x],,r1766,,
CE5342[c],,r1767,,
CE5342[r],,r1768,,
CE4872[r],,r1769,,
C11821[c],,r1770,,
CE7144[c],,r1771,,
CE7145[c],,r1772,,
CE7144[r],,r1773,,
CE7145[r],,r1774,,
dmpp[c],,r1775,,
CE5956[c],,r1776,,
CE1925[e],,r1777,,
CE5853[e],,r1778,,
CE1925[l],,r1779,,
CE5853[l],,r1780,,
CE5316[m],,r1781,,
CE5309[m],,r1782,,
CE5313[m],,r1783,,
CE5314[m],,r1784,,
CE5315[m],,r1785,,
CE5306[m],,r1786,,
CE5308[m],,r1787,,
CE5310[m],,r1788,,
CE5311[m],,r1789,,
CE5312[m],,r1790,,
CE5305[m],,r1791,,
CE5321[m],,r1792,,
CE5325[m],,r1796,,
CE5323[m],,r1797,,
CE5328[m],,r1798,,
CE5326[m],,r1799,,
CE5327[m],,r1800,,
CE5318[m],,r1801,,
CE5320[m],,r1803,,
CE5322[m],,r1805,,
CE5324[m],,r1806,,
CE5317[m],,r1807,,
CE5527[c],,r1808,,
CE5922[c],,r1809,,
CE5528[c],,r1810,,
CE2061[c],,r1811,,
CE5921[c],,r1812,,
CE6415[c],,r1813,,
CE6502[c],,r1814,,
C04717[c],,r1815,,
C01601[c],,r1816,,
CE6504[c],,r1817,,
CE2006[c],,r1818,,
CE6506[c],,r1819,,
CE5526[c],,r1820,,
CE5898[c],,r1821,,
CE5920[c],,r1822,,
C08261[c],,r1823,,
C05957[m],,r1824,,
CE4876[m],,r1825,,
CE4876[r],,r1826,,
CE5304[c],,r1827,,
CE4876[c],,r1828,,
CE5944[c],,r1829,,
CE5944[m],,r1830,,
CE5944[x],,r1831,,
CE4987[c],,r1832,,
CE4988[c],,r1833,,
CE4988[m],,r1834,,
CE4988[x],,r1835,,
CE4989[c],,r1836,,
CE4988[r],,r1837,,
CE4989[r],,r1841,,
CE5945[c],,r1842,,
CE5946[c],,r1843,,
CE5945[r],,r1844,,
CE5946[r],,r1846,,
CE5947[c],,r1847,,
CE7074[c],,r1848,,
CE7072[c],,r1850,,
CE7074[r],,r1851,,
CE7072[r],,r1852,,
CE5966[m],,r1853,,
CE5967[m],,r1854,,
CE5966[x],,r1855,,
CE5967[x],,r1856,,
CE5967[c],,r1857,,
CE5968[c],,r1858,,
CE5968[m],,r1859,,
CE5968[x],,r1860,,
CE5969[m],,r1861,,
CE5970[m],,r1862,,
CE5969[x],,r1863,,
CE5970[x],,r1864,,
CE5969[c],,r1865,,
CE5969[r],,r1866,,
CE5971[m],,r1867,,
CE5971[x],,r1871,,
CE5966[c],,r1872,,
CE5971[c],,r1873,,
CE5535[c],,r1874,,
CE5534[c],,r1876,,
CE5828[c],,r1877,,
CE5925[c],,r1879,,
CE5926[c],,r1880,,
CE5929[c],,r1881,,
CE5928[c],,r1882,,
CE5930[c],,r1883,,
CE5931[c],,r1884,,
CE5537[c],,r1885,,
CE5533[c],,r1886,,
CE5924[c],,r1887,,
avite2[r],,r1888,,
CE7097[c],,r1889,,
CE7097[m],,r1890,,
CE7097[x],,r1891,,
C04805[c],,r1892,,
CE5815[c],,r1893,,
C04805[r],,r1894,,
CE5815[r],,r1895,,
CE7096[c],,r1896,,
C04805[n],,r1897,,
CE7096[n],,r1898,,
CE2084[c],,r1899,,
C04805[m],,r1900,,
CE2084[m],,r1901,,
C04805[x],,r1902,,
CE2084[x],,r1903,,
CE6508[c],,r1904,,
tmndnc[n],,r1905,,
CE6508[n],,r1906,,
CE7079[c],,r1907,,
CE7091[c],,r1908,,
CE7091[n],,r1909,,
CE7091[r],,r1910,,
tmndnc[x],,r1911,,
CE7091[x],,r1912,,
CE7082[c],,r1913,,
CE7083[c],,r1914,,
CE7084[c],,r1915,,
CE7085[c],,r1916,,
CE7086[c],,r1917,,
CE7087[c],,r1918,,
CE7088[c],,r1919,,
HC02213[n],,r1920,,
CE7088[n],,r1921,,
CE7081[n],,r1922,,
CE7109[n],,r1923,,
CE7081[r],,r1924,,
CE7109[r],,r1925,,
CE7110[c],,r1926,,
CE7114[c],,r1928,,
CE7109[c],,r1929,,
CE7113[c],,r1930,,
CE7113[r],,r1931,,
CE7109[x],,r1932,,
CE7113[x],,r1933,,
CE7112[c],,r1934,,
CE7112[r],,r1935,,
CE7112[x],,r1936,,
CE7111[c],,r1937,,
CE7085[x],,r1938,,
CE7111[x],,r1939,,
CE7090[c],,r1940,,
CE7110[n],,r1941,,
CE7090[n],,r1942,,
CE7115[c],,r1943,,
CE7083[r],,r1944,,
CE7115[r],,r1945,,
CE0347[c],,r1946,,
leuktrB4[n],,r1947,,
CE0347[n],,r1948,,
CE0347[r],,r1949,,
CE6247[c],,r1950,,
CE6247[r],,r1951,,
C08276[c],,r1952,,
ch4s[c],,r1953,,
acryl[c],,r1954,,
C04849[c],,r1955,,
CE6248[c],,r1956,,
C04849[r],,r1957,,
CE6248[r],,r1958,,
C04843[c],,r1959,,
C04843[r],,r1960,,
C04849[x],,r1961,,
C04843[x],,r1962,,
12HPET[e],,r1963,,
C04849[e],,r1964,,
12HPET[m],,r1965,,
C04849[m],,r1966,,
12HPET[n],,r1967,,
C04849[n],,r1968,,
CE6250[c],,r1969,,
CE6250[m],,r1970,,
CE6250[r],,r1971,,
CE6250[x],,r1972,,
CE6251[c],,r1973,,
CE6251[r],,r1974,,
CE6240[c],,r1975,,
CE6241[c],,r1976,,
CE6240[m],,r1977,,
CE6241[m],,r1978,,
CE6240[r],,r1979,,
CE6241[r],,r1980,,
CE6242[c],,r1981,,
CE6242[m],,r1982,,
CE6242[r],,r1983,,
CE6243[c],,r1984,,
CE6243[m],,r1985,,
CE6243[r],,r1986,,
CE6245[c],,r1987,,
CE6244[c],,r1988,,
leuktrE4[x],,r1989,,
C03577[x],,r1990,,
CE5994[x],,r1991,,
CE5995[x],,r1992,,
CE6235[c],,r1993,,
CE6235[m],,r1994,,
HC02203[r],,r1995,,
CE6235[r],,r1996,,
C11304[c],,r1997,,
HC02202[m],,r1998,,
C11304[m],,r1999,,
HC02202[r],,r2000,,
C11304[r],,r2001,,
CE6183[m],,r2002,,
CE6184[m],,r2003,,
CE6183[x],,r2004,,
CE6184[x],,r2005,,
CE6184[c],,r2006,,
CE6185[c],,r2007,,
CE6185[m],,r2008,,
CE6185[x],,r2009,,
CE6182[m],,r2010,,
CE6186[m],,r2011,,
CE6182[x],,r2012,,
CE6186[x],,r2013,,
CE6182[c],,r2014,,
CE6182[r],,r2015,,
leuktrB4wcooh[x],,r2016,,
CE6187[m],,r2017,,
CE6187[x],,r2018,,
CE6183[c],,r2019,,
CE6187[c],,r2020,,
CE6230[c],,r2021,,
CE2537[c],,r2022,,
CE2516[c],,r2023,,
CE6232[c],,r2024,,
CE2516[r],,r2026,,
CE6232[r],,r2027,,
CE6189[x],,r2028,,
CE6192[x],,r2029,,
CE6198[x],,r2030,,
CE6226[x],,r2031,,
CE6188[x],,r2032,,
CE6193[x],,r2034,,
CE6190[x],,r2035,,
CE6191[x],,r2036,,
CE6204[x],,r2037,,
CE6227[x],,r2038,,
CE6225[x],,r2039,,
CE6228[x],,r2040,,
CE6229[x],,r2041,,
CE6234[c],,r2042,,
prostge1[n],,r2043,,
CE6234[n],,r2044,,
CE5976[c],,r2045,,
CE5525[m],,r2046,,
CE5976[m],,r2047,,
CE5525[x],,r2048,,
CE5976[x],,r2049,,
CE5947[m],,r2050,,
CE5947[x],,r2051,,
CE4794[x],,r2052,,
dec24dicoa[m],,r2053,,
dec24dicoa[c],,r2054,,
dece3coa[c],,r2055,,
dece3coa[m],,r2056,,
CE2089[c],,r2057,,
CE2088[c],,r2058,,
urcan[c],,r2059,,
CE7220[c],,r2060,,
CE7218[c],,r2061,,
C05767[c],,r2062,,
C05708[c],,r2063,,
selmeth[r],,r2064,,
C05708[r],,r2065,,
5mthf[n],,r2066,,
thf[n],,r2067,,
selhcys[n],,r2068,,
selmeth[n],,r2069,,
5mthf[r],,r2070,,
thf[r],,r2071,,
selhcys[r],,r2073,,
nrpphr[r],,r2079,,
CE5538[r],,r2080,,
C07535[c],,r2081,,
CN0012[c],,r2082,,
C07535[r],,r2083,,
CN0012[r],,r2084,,
CN0009[c],,r2085,,
CN0009[r],,r2086,,
CN0012[x],,r2087,,
CN0009[x],,r2088,,
C14851[c],,r2089,,
CN0010[c],,r2090,,
C14851[r],,r2091,,
CN0010[r],,r2092,,
C14851[x],,r2093,,
CN0010[x],,r2094,,
C14849[c],,r2095,,
CN0011[c],,r2096,,
C14849[r],,r2097,,
CN0011[r],,r2098,,
C14849[x],,r2099,,
CN0011[x],,r2100,,
CN0020[c],,r2101,,
CN0021[c],,r2102,,
CN0020[r],,r2103,,
CN0021[r],,r2104,,
CN0022[c],,r2105,,
CN0022[r],,r2106,,
CN0021[x],,r2107,,
CN0022[x],,r2108,,
CN0023[c],,r2109,,
CN0023[r],,r2110,,
CN0016[c],,r2111,,
CN0017[c],,r2112,,
CN0016[r],,r2113,,
CN0017[r],,r2114,,
CN0018[c],,r2115,,
CN0018[r],,r2116,,
CN0017[x],,r2117,,
CN0018[x],,r2118,,
CN0019[c],,r2119,,
CN0019[r],,r2120,,
2mb2coa[c],,r2121,,
3hbcoa_R[c],,r2122,,
adpac[c],,r2123,,
adpcoa[c],,r2124,,
adpac[x],,r2125,,
adpcoa[x],,r2126,,
c6dc[x],,r2127,,
3bcrn[c],,r2128,,
3bcrn[e],,r2129,,
c10crn[c],,r2130,,
c101coa[c],,r2131,,
c101crn[c],,r2132,,
c101crn[e],,r2133,,
decdicoa[c],,r2136,,
decdicrn[c],,r2139,,
c10crn[e],,r2140,,
c10dc[x],,r2141,,
c10dc[c],,r2142,,
sebcoa[c],,r2143,,
c10dc[e],,r2144,,
3hdcoa[c],,r2145,,
3deccrn[c],,r2146,,
ddeccrn[c],,r2147,,
dd2coa[c],,r2148,,
ddece1crn[c],,r2149,,
c12dccoa[x],,r2150,,
dodecanac[x],,r2151,,
c12dccoa[c],,r2152,,
dodecanac[c],,r2153,,
c12dc[c],,r2154,,
c12dc[e],,r2155,,
3hddcoa[c],,r2156,,
3ddcrn[c],,r2157,,
3tetd7ecoa[m],,r2158,,
3tetd7ecoa[c],,r2159,,
tetdece1coa[c],,r2160,,
tetdece1crn[c],,r2161,,
3tetd7ecoacrn[c],,r2162,,
3tetd7ecoacrn[e],,r2163,,
3ttetddcoa[m],,r2164,,
3ttetddcoa[c],,r2165,,
tetdec2coa[c],,r2166,,
tetdec2crn[c],,r2167,,
3ttetddcoacrn[c],,r2168,,
3ttetddcoacrn[e],,r2169,,
3htdcoa[c],,r2170,,
3tdcrn[c],,r2171,,
3hdeccoa[c],,r2172,,
3hdececrn[c],,r2173,,
3thexddcoa[m],,r2174,,
3thexddcoa[c],,r2175,,
3thexddcoacrn[c],,r2176,,
3thexddcoacrn[e],,r2177,,
hexdicoa[c],,r2178,,
c16dc[c],,r2179,,
c16dc[e],,r2180,,
3hexdcoa[c],,r2181,,
3hexdcrn[c],,r2182,,
3octdece1coa[c],,r2183,,
3octdece1crn[c],,r2184,,
3ocddcoa[c],,r2185,,
3octdec2crn[c],,r2186,,
3hodcoa[c],,r2187,,
3octdeccrn[c],,r2188,,
c3dc[c],,r2189,,
c3dc[e],,r2190,,
c4crn[e],,r2191,,
c4dc[x],,r2192,,
c4dc[c],,r2193,,
c4dc[e],,r2194,,
c4crn[x],,r2195,,
btcoa[x],,r2196,,
ivcoa[c],,r2197,,
ivcrn[c],,r2198,,
c51crn[c],,r2199,,
c5dc[c],,r2200,,
c5dc[e],,r2201,,
hxcoa[c],,r2202,,
c6crn[c],,r2203,,
hxcoa[x],,r2204,,
c6crn[x],,r2205,,
c6crn[e],,r2206,,
c6dc[c],,r2207,,
c6dc[e],,r2208,,
c81coa[c],,r2209,,
c81crn[c],,r2210,,
c81crn[e],,r2211,,
c8crn[e],,r2212,,
sbcoa[c],,r2213,,
c8dc[c],,r2214,,
c8dc[e],,r2215,,
dca[r],,r2216,,
3ddcrn[e],,r2217,,
ddeccrn[e],,r2218,,
ddece1crn[e],,r2219,,
3deccrn[e],,r2220,,
decdicrn[e],,r2221,,
doco13ecoa[c],,r2222,,
doco13ecoa[x],,r2223,,
doco13ac[e],,r2224,,
docosac[e],,r2225,,
docosac[r],,r2226,,
docosdiac[r],,r2227,,
docosdiac[c],,r2228,,
docosdiac[e],,r2229,,
3hdececrn[e],,r2230,,
3hexdcrn[e],,r2231,,
3ivcrn[e],,r2232,,
3octdec2crn[e],,r2233,,
3octdeccrn[e],,r2234,,
3octdece1crn[e],,r2235,,
3tdcrn[e],,r2236,,
c51crn[e],,r2237,,
ivcrn[e],,r2238,,
tetdec2crn[e],,r2239,,
tetdece1crn[e],,r2240,,
dece3coa[x],,r2241,,
dec47dicoa[m],,r2242,,
dectricoa[m],,r2243,,
dec47dicoa[x],,r2244,,
dectricoa[x],,r2245,,
2decdicoa[m],,r2246,,
octe5coa[m],,r2247,,
2decdicoa[x],,r2248,,
octe5coa[x],,r2249,,
3decdicoa[m],,r2250,,
3decdicoa[x],,r2251,,
sebcoa[x],,r2252,,
sbcoa[x],,r2253,,
tmuncoa[x],,r2254,,
undcoa[m],,r2255,,
noncoa[m],,r2256,,
dd5ecoa[m],,r2257,,
dd3coa[x],,r2258,,
2ddecdicoa[m],,r2259,,
3ddecdicoa[m],,r2260,,
2ddecdicoa[x],,r2261,,
3ddecdicoa[x],,r2262,,
2dodtricoa[m],,r2263,,
2dodtricoa[x],,r2264,,
3dodtricoa[m],,r2265,,
3dodtricoa[x],,r2266,,
c12dc[x],,r2267,,
tridcoa[m],,r2268,,
tetd7ecoa[m],,r2269,,
tetde5coa[x],,r2270,,
tetdecdicoa[m],,r2271,,
tetdecdicoa[x],,r2272,,
ttetddcoa[m],,r2273,,
5tedtricoa[m],,r2274,,
5tedtricoa[x],,r2275,,
c14dccoa[x],,r2276,,
hexde7coa[x],,r2277,,
3hdeccoa[m],,r2278,,
hexddcoa[m],,r2279,,
thexddcoa[m],,r2280,,
2hexdtricoa[x],,r2281,,
hexdtrcoa[m],,r2282,,
4hexdtricoa[m],,r2283,,
hexdectecoa[m],,r2284,,
4hexdtricoa[x],,r2285,,
hexdectecoa[x],,r2286,,
2hexdtricoa[m],,r2287,,
3hexdtricoa[m],,r2288,,
3hexdtricoa[x],,r2289,,
2hexdtetcoa[m],,r2290,,
2hexdtetcoa[x],,r2291,,
4hexdtetcoa[m],,r2292,,
hexdpencoa[m],,r2293,,
4hexdtetcoa[x],,r2294,,
hexdpencoa[x],,r2295,,
3hexdtetcoa[m],,r2296,,
3hexdtetcoa[x],,r2297,,
3hexdcoa[m],,r2298,,
hexdicoa[x],,r2299,,
hexdicoa[r],,r2300,,
hexdiac[r],,r2301,,
whhdca[r],,r2302,,
ocde9ecoa[x],,r2303,,
3octdece1coa[m],,r2304,,
octdececoa[m],,r2305,,
3ocddcoa[m],,r2306,,
2octdectecoa[m],,r2307,,
2octdectecoa[x],,r2308,,
3octdectecoa[m],,r2309,,
3octdectecoa[x],,r2310,,
2octpencoa[m],,r2311,,
3octpencoa[m],,r2312,,
3hodcoa[m],,r2313,,
ei11ecoa[x],,r2314,,
eitetcoa[m],,r2315,,
eitetcoa[x],,r2316,,
eipencoa[x],,r2317,,
5eipencoa[m],,r2318,,
2docopencoa[m],,r2319,,
2docopencoa[x],,r2320,,
docohexcoa[m],,r2321,,
docohexcoa[x],,r2322,,
3docopencoa[m],,r2323,,
3docopencoa[x],,r2324,,
2docohexecoa[m],,r2325,,
docohepcoa[m],,r2326,,
docosahexcoa[m],,r2327,,
omhdocosac[r],,r2328,,
succoa[c],,r2329,,
pentcoa[m],,r2330,,
glutcoa[c],,r2331,,
3ivcoa[m],,r2332,,
3ivcrn[c],,r2333,,
3ivcoa[c],,r2334,,
hx2coa[x],,r2335,,
hexe3coa[m],,r2338,,
hexe3coa[x],,r2341,,
succoa[x],,r2342,,
hepcoa[m],,r2343,,
dmhepcoa[m],,r2344,,
omhdecacid[r],,r2346,,
hexdiac[c],,r2347,,
omhdocosac[c],,r2352,,
omhdecacid[c],,r2353,,
sebacid[c],,r2354,,
tdec4ecoa[m],,r2355,,
ctdecdcoa[m],,r2356,,
tddedi2coa[m],,r2357,,
tddedicoa[m],,r2358,,
ocdececrn[c],,r2359,,
ocdececrn[m],,r2360,,
octdececrn[c],,r2361,,
octdececrn[m],,r2362,,
octdececoa[c],,r2363,,
subeac[x],,r2364,,
sebacid[x],,r2365,,
subeac[c],,r2366,,
c8dc[x],,r2367,,
ttdcrn[e],,r2368,,
4hpro_LT[e],,r2369,,
alaala[c],,r2370,,
alaala[e],,r2371,,
bglc[e],,r2372,,
glgchlo[e],,r2373,,
gltcho[e],,r2374,,
tdechola[e],,r2375,,
gltdechol[e],,r2376,,
carn[e],,r2377,,
carn[l],,r2378,,
adocbl[c],,r2379,,
adocbl[e],,r2380,,
glygly[c],,r2381,,
glygly[e],,r2382,,
glyphe[e],,r2384,,
glyphe[c],,r2385,,
glypro[e],,r2386,,
glypro[c],,r2387,,
glysar[c],,r2388,,
glysar[e],,r2389,,
dchac[e],,r2390,,
gum[e],,r2391,,
gumdchac[e],,r2392,,
gumgchol[e],,r2393,,
gumtchol[e],,r2394,,
5HPET[r],,r2395,,
leugly[e],,r2396,,
leugly[c],,r2397,,
leuleu[c],,r2398,,
leuleu[e],,r2399,,
pect[e],,r2400,,
pectindchac[e],,r2401,,
pectingchol[e],,r2402,,
pectintchol[e],,r2403,,
progly[e],,r2404,,
progly[c],,r2405,,
psyl[e],,r2406,,
psylchol[e],,r2407,,
psyltchol[e],,r2408,,
psyltdechol[e],,r2409,,
sbt_D[e],,r2410,,
thm[e],,r2411,,
1a25dhvitd3[c],,r2412,,
1a25dhvitd3[n],,r2413,,
4abut[n],,r2416,,
oh1[c],,r2419,,
oh1[e],,r2420,,
hyptaur[e],,r2425,,
cysam[e],,r2433,,
q10[e],,r2434,,
dhap[m],,r2435,,
dpcoa[e],,r2436,,
pan4p[e],,r2437,,
5dpmev[c],,r2438,,
slfcys[e],,r2439,,
fmn[e],,r2447,,
ptth[e],,r2449,,
q10h2[e],,r2465,,
fe3[c],,r2471,,
6pgl[c],,r2472,,
glu5sa[c],,r2473,,
mal_L[x],,r2482,,
5pmev[c],,r2483,,
1pyr5c[c],,r2484,,
pheme[e],,r2485,,
slfcys[c],,r2486,,
34hpp[e],,r2487,,
3mob[e],,r2488,,
3mop[e],,r2489,,
4mop[e],,r2490,,
5mta[e],,r2491,,
5oxpro[e],,r2492,,
ahcys[e],,r2493,,
aicar[e],,r2494,,
anth[e],,r2495,,
cbasp[e],,r2496,,
mal_L[e],,r2497,,
idour[e],,r2498,,
5hoxindoa[e],,r2499,,
glyald[e],,r2501,,
pep[e],,r2502,,
gudac[e],,r2503,,
Lkynr[e],,r2505,,
cala[e],,r2506,,
crtn[e],,r2507,,
kynate[e],,r2508,,
3hanthrn[e],,r2509,,
hLkynr[e],,r2510,,
quln[e],,r2511,,
2pg[e],,r2512,,
cholp[e],,r2513,,
cyst_L[e],,r2514,,
cyst_L[c],,r2515,,
dcmp[e],,r2516,,
dmgly[e],,r2517,,
ethamp[e],,r2518,,
fum[e],,r2519,,
g3pc[e],,r2520,,
icit[e],,r2521,,
L2aadp[e],,r2525,,
xan[e],,r2526,,
xmp[e],,r2532,,
xtsn[e],,r2534,,
3pg[e],,r2535,,
udpglcur[e],,r2537,,
glyc3p[e],,r2538,,
nicrnt[e],,r2539,,
orot5p[e],,EX_so3[e],,
hcys_L[e],,EX_sprm[e],,
retinal[e],,RE0066C,,
argsuc[e],,RE0066M,,
acrn[e],,RE0066R,,
pcrn[e],,RE0124C,,
lneldccrn[e],,RE0344C,,
odecrn[e],,RE0344M,,
stcrn[e],,RE0344X,,
pmtcrn[e],,RE0383C,,
hdcecrn[e],,RE0452M,,
pcreat[e],,RE0452N,,
HC00342[e],,RE0453C,,
C08261[e],,RE0453M,,
bgly[e],,RE0453N,,
alpa_hs[x],,RE0456M,,
15kprostgf2[c],,RE0456N,,
adpoh[c],,RE0512C,,
phlac[c],,RE0512M,,
and19one[c],,RE0512X,,
ttdceacoa[c],,RE0549C,,
21hprgnlone[c],,RE0565C,,
3mhis[c],,RE0566C,,
hmcr[c],,RE0567C,,
phacgly[c],,RE0568C,,
pcholmyr_hs[e],,RE0569C,,
pcholole_hs[e],,RE0569E,,
peole_hs[e],,RE0570C,,
pcholpalme_hs[e],,RE0571C,,
pcholpalm_hs[e],,RE0572N,,
pepalm_hs[e],,RE0573N,,
pail_hs[e],,RE0574C,,
pailpalm_hs[e],,RE0575C,,
pcholste_hs[e],,RE0576C,,
peste_hs[e],,RE0577C,,
pailste_hs[e],,RE0577M,,
pchol2linl_hs[e],,RE0577X,,
pe2linl_hs[e],,RE0578C,,
pchol2ole_hs[e],,RE0578M,,
pchol2palm_hs[e],,RE0578X,,
pchol2ste_hs[e],,RE0579C,,
xolest183_hs[e],,RE0579M,,
xolest181_hs[e],,RE0579X,,
xolest205_hs[e],,RE0580L,,
xolest204_hs[e],,RE0580R,,
xolest226_hs[e],,RE0581C,,
pcholn15_hs[e],,RE0581R,,
pcholar_hs[e],,RE0582N,,
pcholn183_hs[e],,RE0583C,,
pcholn1836_hs[e],,RE0583N,,
pcholn19_hs[e],,RE0688C,,
pcholn201_hs[e],,RE0688E,,
pcholn204_hs[e],,RE0688X,,
pcholn205_hs[e],,RE0689C,,
pcholn224_hs[e],,RE0689E,,
pcholn225_hs[e],,RE0689X,,
pcholn2254_hs[e],,RE0690C,,
pcholn226_hs[e],,RE0690E,,
pear_hs[e],,RE0690X,,
pe203_hs[e],,RE0691C,,
pe226_hs[e],,RE0702C,,
pe224_hs[e],,RE0702E,,
pedh203_hs[e],,RE0702L,,
pe12_hs[e],,RE0702M,,
pe14_hs[e],,RE0702N,,
pe161_hs[e],,RE0827C,,
pe13_hs[e],,RE0827E,,
pe15_hs[e],,RE0827X,,
pe17_hs[e],,RE0828C,,
pcholn203_hs[e],,RE0828E,,
pailar_hs[e],,RE0828X,,
pcholn24_hs[e],,RE0830C,,
pcholn261_hs[e],,RE0830N,,
pcholn281_hs[e],,RE0864C,,
pcholn28_hs[e],,RE0875C,,
pcholdoc_hs[e],,RE0908C,,
pcholeic_hs[e],,RE0908G,,
pcholet_hs[e],,RE0908R,,
pcholhep_hs[e],,RE0912C,,
pchollinl_hs[e],,RE0915C,,
pelinl_hs[e],,RE0915E,,
sphmyln18114_hs[c],,RE0916C,,
sphmyln18121_hs[c],,RE0916G,,
sphmyln181221_hs[c],,RE0916R,,
sphmyln18122_hs[c],,RE0918C,,
sphmyln18123_hs[c],,RE0918G,,
sphmyln180241_hs[c],,RE0918R,,
sphmyln1824_hs[c],,RE0919C,,
sphmyln1825_hs[c],,RE0919R,,
sphmyln18115_hs[c],,RE0920C,,
sphmyln181161_hs[c],,RE0920R,,
sphmyln18116_hs[c],,RE0921C,,
sphmyln18117_hs[c],,RE0921R,,
sphmyln18118_hs[c],,RE0922C,,
sphmyln181181_hs[c],,RE0922R,,
sphmyln181201_hs[c],,RE0923C,,
sphmyln18120_hs[c],,RE0923R,,
xolest183_hs[l],,RE0924C,,
xolest182_hs[l],,RE0924R,,
vacc[l],,RE0925C,,
xolest181_hs[l],,RE0925R,,
tmndnc[l],,RE0926C,,
xolest205_hs[l],,RE0926E,,
xolest204_hs[l],,RE0927C,,
crvnc[l],,RE0927R,,
xolest226_hs[l],,RE0928C,,
maglinl_hs[e],,RE0928R,,
magole_hs[e],,RE0935C,,
magpalm_hs[e],,RE0935E,,
magste_hs[e],,RE0936C,,
magarachi_hs[e],,RE0936E,,
pcholmyr_hs[c],,RE0937C,,
pcholole_hs[c],,RE0937E,,
peole_hs[c],,RE0938C,,
pcholpalme_hs[c],,RE0938E,,
pcholpalm_hs[c],,RE0944C,,
pepalm_hs[c],,RE0944E,,
pailpalm_hs[c],,RE0958C,,
pcholste_hs[c],,RE0958E,,
pchol2linl_hs[c],,RE1050C,,
pe2linl_hs[c],,RE1050E,,
pchol2ole_hs[c],,RE1050L,,
pchol2palm_hs[c],,RE1050N,,
pchol2ste_hs[c],,RE1062C,,
pcholn15_hs[c],,RE1062M,,
pcholar_hs[c],,RE1063C,,
pcholn183_hs[c],,RE1064C,,
pcholn1836_hs[c],,RE1077C,,
pcholn19_hs[c],,RE1096C,,
pcholn201_hs[c],,RE1096M,,
pcholn204_hs[c],,RE1096R,,
pcholn205_hs[c],,RE1099C,,
pcholn224_hs[c],,RE1099G,,
pcholn225_hs[c],,RE1099L,,
pcholn2254_hs[c],,RE1099R,,
pcholn226_hs[c],,RE1100C,,
pear_hs[c],,RE1100G,,
pe203_hs[c],,RE1100L,,
pe226_hs[c],,RE1100R,,
pe224_hs[c],,RE1134C,,
pedh203_hs[c],,RE1134M,,
pe12_hs[c],,RE1134R,,
pe14_hs[c],,RE1135C,,
pe161_hs[c],,RE1135G,,
pe13_hs[c],,RE1135L,,
pe15_hs[c],,RE1135R,,
pe17_hs[c],,RE1233C,,
pcholn203_hs[c],,RE1233M,,
pailar_hs[c],,RE1234C,,
pcholn24_hs[c],,RE1235C,,
pcholn261_hs[c],,RE1236C,,
pcholn281_hs[c],,RE1238X,,
pcholn28_hs[c],,RE1240C,,
pcholdoc_hs[c],,RE1254C,,
pcholeic_hs[c],,RE1266C,,
pcholet_hs[c],,RE1303C,,
pcholhep_hs[c],,RE1308C,,
pchollinl_hs[c],,RE1308M,,
pelinl_hs[c],,RE1309C,,
eidi1114ac[c],,RE1309M,,
hxa[c],,RE1310C,,
tetdeca511ac[c],,RE1310M,,
glyc2p[c],,RE1311C,,
aclys[c],,RE1311M,,
hmcarn[c],,RE1317C,,
4mtob[c],,RE1342C,,
3mtp[c],,RE1441G,,
3mtp[e],,RE1441R,,
elaidcrn[e],,RE1447M,,
lnlccrn[e],,RE1447N,,
phlac[e],,RE1448N,,
15HPET[e],,RE1448R,,
15kprostgf2[e],,RE1473C,,
21hprgnlone[e],,RE1508C,,
2oxoadp[e],,RE1514M,,
34hpl[c],,RE1514X,,
34hpl[e],,RE1516M,,
3hmp[c],,RE1516X,,
3hmp[e],,RE1517M,,
3hpppnohgluc[c],,RE1517X,,
3hpppnohgluc[e],,RE1518M,,
3hpppn[c],,RE1518X,,
3hpppnoh[c],,RE1519X,,
3hpp[e],,RE1520M,,
3mhis[e],,RE1520X,,
3moxtyr[e],,RE1521M,,
3uib[e],,RE1521X,,
4aabutn[e],,RE1522M,,
4tmeabutn[e],,RE1522X,,
56dthm[e],,RE1523M,,
56dura[e],,RE1523X,,
5aop[e],,RE1525C,,
5HPET[e],,RE1525M,,
7dhchsterol[e],,RE1525X,,
abt_D[e],,RE1526C,,
abt_D[c],,RE1526M,,
acglu[c],,RE1526X,,
acglu[e],,RE1527C,,
acgly[m],,RE1527M,,
acgly[c],,RE1527X,,
acgly[e],,RE1530C,,
aclys[e],,RE1530M,,
aclys[m],,RE1531M,,
acorn[e],,RE1531X,,
acthr_L[m],,RE1532M,,
acthr_L[c],,RE1532X,,
acthr_L[e],,RE1533M,,
adpac[e],,RE1533X,,
adpoh[e],,RE1534M,,
alltn[e],,RE1534X,,
amet[e],,RE1537C,,
and19one[e],,RE1537X,,
pa_hs[e],,RE1538C,,
aracheth[e],,RE1538X,,
biliverd[e],,RE1539C,,
C02356[e],,RE1539X,,
C02712[e],,RE1573M,,
C04717[e],,RE1573X,,
C04805[e],,RE1582C,,
C05957[e],,RE1582L,,
C06314[e],,RE1582R,,
C06315[e],,RE1587C,,
C11695[e],,RE1587L,,
C14768[e],,RE1587R,,
C14769[e],,RE1627C,,
C14770[e],,RE1628C,,
C14771[e],,RE1629C,,
C14825[e],,RE1630C,,
C14826[e],,RE1630R,,
CE0955[c],,RE1631C,,
CE0955[e],,RE1632C,,
CE1243[e],,RE1635C,,
CE1273[e],,RE1635M,,
CE1297[e],,RE1635R,,
CE1554[e],,RE1635X,,
CE1556[e],,RE1651C,,
CE2028[e],,RE1653C,,
CE2176[e],,RE1691M,,
CE2445[e],,RE1699C,,
CE2510[e],,RE1700C,,
CE2516[e],,RE1701C,,
CE2537[e],,RE1702C,,
eidi1114ac[e],,RE1709C,,
CE5304[e],,RE1709N,,
CE6031[e],,RE1711C,,
CE6247[e],,RE1711M,,
CE7082[e],,RE1796C,,
CE7083[e],,RE1796M,,
CE7172[e],,RE1796R,,
cortsn[c],,RE1803C,,
cortsn[e],,RE1804C,,
didecaeth[e],,RE1804M,,
diholineth[e],,RE1806C,,
docohxeth[e],,RE1806R,,
docteteth[e],,RE1807C,,
dodecanac[e],,RE1807M,,
forglu[e],,RE1808R,,
HC00319[e],,RE1809C,,
HC00900[e],,RE1809R,,
hepdeceth[e],,RE1810M,,
hexdeceeth[e],,RE1811C,,
hexdiac[e],,RE1811R,,
hgentis[e],,RE1812C,,
hmcarn[e],,RE1812R,,
hmcr[e],,RE1815C,,
hxcoa[e],,RE1815M,,
leuktrB4wcooh[e],,RE1815R,,
leuktrB4woh[e],,RE1815X,,
lineth[e],,RE1816C,,
Lpipecol[e],,RE1816M,,
lthstrl[e],,RE1816R,,
mev_R[e],,RE1816X,,
mi1p_D[e],,RE1817C,,
Nacasp[e],,RE1817M,,
nwharg[e],,RE1817R,,
oleth[e],,RE1817X,,
pcollg5hlys[e],,RE1818C,,
pendecaeth[e],,RE1818M,,
pmeth[e],,RE1818R,,
saccrp_L[e],,RE1818X,,
sebacid[e],,RE1819C,,
sphmyln180241_hs[e],,RE1819M,,
sphmyln18114_hs[e],,RE1819X,,
sphmyln18115_hs[e],,RE1826C,,
sphmyln18116_hs[e],,RE1826M,,
sphmyln181161_hs[e],,RE1827C,,
sphmyln18117_hs[e],,RE1827M,,
sphmyln18118_hs[e],,RE1828C,,
sphmyln181181_hs[e],,RE1828M,,
sphmyln18120_hs[e],,RE1829C,,
sphmyln181201_hs[e],,RE1829M,,
sphmyln18121_hs[e],,RE1830C,,
sphmyln18122_hs[e],,RE1830M,,
sphmyln181221_hs[e],,RE1834C,,
sphmyln18123_hs[e],,RE1834M,,
sphmyln1824_hs[e],,RE1834X,,
sphmyln1825_hs[e],,RE1835C,,
steeth[e],,RE1835M,,
subeac[e],,RE1835X,,
tetdeca511ac[e],,RE1836C,,
tetdecaeth[e],,RE1836M,,
thrnt[e],,RE1836X,,
tmlys[e],,RE1845C,,
trideceth[e],,RE1845X,,
txb2[e],,RE1846C,,
urcan[e],,RE1846X,,
xolest182_hs[e],,RE1860C,,
galt[e],,RE1860E,,
glyc_R[e],,RE1897C,,
glyc2p[e],,RE1898C,,
glyclt[e],,RE1899C,,
3hpppn[e],,RE1901R,,
hxa[m],,RE1903R,,
hxa[x],,RE1904C,,
ind3ac[e],,RE1904R,,
Lcyst[e],,RE1905C,,
Lpipecol[c],,RE1905R,,
oaa[e],,RE1906C,,
pac[e],,RE1906R,,
pser_L[c],,RE1907C,,
pser_L[e],,RE1915C,,
saccrp_L[c],,RE1916C,,
ttdcea[e],,RE1916X,,
txb2[c],,RE1917C,,
acile_L[m],,RE1918C,,
acile_L[c],,RE1919C,,
acile_L[e],,RE1920C,,
acleu_L[m],,RE1921C,,
acleu_L[c],,RE1922C,,
acleu_L[e],,RE1923C,,
achom_L[m],,RE1925C,,
achom_L[c],,RE1927C,,
achom_L[e],,RE1933C,,
phacgly[e],,RE1938C,,
estriol[e],,RE1938R,,
ddca[e],,RE1941C,,
hom_L[m],,RE1941R,,
urscholcoa[c],,RE1942C,,
7klitchol[c],,RE1942R,,
bz[m],,RE1943C,,
bzcoa[m],,RE1943R,,
bgly[m],,RE1952C,,
phaccoa[m],,RE1952R,,
pheacgly[m],,RE1952X,,
pheacgly[c],,RE1954C,,
pheacgly[e],,RE1956C,,
pcresol[c],,RE1956R,,
pcs[c],,RE1956X,,
indole[c],,RE1957G,,
indoxyl[c],,RE1957R,,
inds[c],,RE1978C,,
indole[e],,RE2026C,,
inds[e],,RE2027C,,
pcresol[e],,RE2028C,,
pcs[e],,RE2029C,,
3hcinnm[e],,RE2030M,,
3hcinnm[c],,RE2031M,,
3hppa[e],,RE2032M,,
3hppa[c],,RE2034C,,
normete_L[e],,RE2040C,,
C05300[e],,RE2041C,,
dhbpt[e],,RE2048N,,
thbpt[e],,RE2048R,,
alaargcys[e],,RE2049C,,
alaarggly[e],,RE2050C,,
alaasnleu[e],,RE2050R,,
alaglylys[e],,RE2051C,,
alahisala[e],,RE2051G,,
alalysthr[e],,RE2051R,,
argalaala[e],,RE2067C,,
argalaphe[e],,RE2068C,,
argalathr[e],,RE2069C,,
argarg[e],,RE2070C,,
argarglys[e],,RE2078M,,
argargmet[e],,RE2079R,,
argcysgly[e],,RE2080C,,
argcysser[e],,RE2081C,,
arggluglu[e],,RE2111M,,
argglupro[e],,RE2112C,,
argglygly[e],,RE2112R,,
arghisthr[e],,RE2117M,,
argleuphe[e],,RE2122C,,
arglysasp[e],,RE2124C,,
argphearg[e],,RE2127C,,
argpromet[e],,RE2128C,,
argprothr[e],,RE2129C,,
argserser[e],,RE2130C,,
argtyrval[e],,RE2131C,,
argvalcys[e],,RE2132C,,
argvaltrp[e],,RE2133C,,
asnasnarg[e],,RE2138C,,
asncyscys[e],,RE2139C,,
asnmetpro[e],,RE2140C,,
asnpheasp[e],,RE2141C,,
asnphecys[e],,RE2146C,,
asntyrgly[e],,RE2146R,,
asntyrphe[e],,RE2147C,,
asntyrthr[e],,RE2149C,,
aspalaarg[e],,RE2149R,,
aspasnglu[e],,RE2150C,,
aspglu[e],,RE2150R,,
aspglupro[e],,RE2151C,,
aspglutrp[e],,RE2151R,,
asphiscys[e],,RE2152C,,
asphispro[e],,RE2154C,,
asplysglu[e],,RE2155C,,
asplyshis[e],,RE2155R,,
aspmetasp[e],,RE2156M,,
aspprolys[e],,RE2202C,,
aspvalasn[e],,RE2203C,,
cysasnmet[e],,RE2220C,,
cysaspphe[e],,RE2221C,,
cyscys[e],,RE2221M,,
cysglnmet[e],,RE2223M,,
cysgluhis[e],,RE2235C,,
cysglutrp[e],,RE2235R,,
cysleuthr[e],,RE2240C,,
cyssermet[e],,RE2248C,,
cystyrasn[e],,RE2249C,,
glnasngln[e],,RE2250C,,
glnhishis[e],,RE2251C,,
glnhislys[e],,RE2252C,,
glnlyslys[e],,RE2265C,,
glnlystrp[e],,RE2269C,,
glnproglu[e],,RE2269E,,
glntrpglu[e],,RE2270C,,
glntyrleu[e],,RE2270E,,
gluargleu[e],,RE2272C,,
gluasnleu[e],,RE2272L,,
gluglu[e],,RE2273C,,
gluilelys[e],,RE2273E,,
gluleu[e],,RE2292C,,
glumet[e],,RE2296C,,
glumethis[e],,RE2296X,,
gluthr[e],,RE2304E,,
gluthrlys[e],,RE2306C,,
glutrpala[e],,RE2318C,,
glyhisasn[e],,RE2318M,,
glyhislys[e],,RE2318R,,
glylyscys[e],,RE2318X,,
glylysphe[e],,RE2319C,,
glytyrlys[e],,RE2319M,,
glyvalhis[e],,RE2319R,,
hisargcys[e],,RE2319X,,
hisargser[e],,RE2327C,,
hisasp[e],,RE2333C,,
hiscyscys[e],,RE2334C,,
hisglnala[e],,RE2335C,,
hisglu[e],,RE2346C,,
hisglugln[e],,RE2349C,,
hisglylys[e],,RE2349M,,
hishislys[e],,RE2360C,,
hislysala[e],,RE2360N,,
hislysglu[e],,RE2373C,,
hislysile[e],,RE2375C,,
hislysthr[e],,RE2377C,,
hislysval[e],,RE2382C,,
hismet[e],,RE2382R,,
hismetgln[e],,RE2383C,,
hisphearg[e],,RE2383R,,
hisprolys[e],,RE2384C,,
histrphis[e],,RE2386C,,
ileargile[e],,RE2387C,,
ileasnhis[e],,RE2387R,,
ileasp[e],,RE2398C,,
ileglnglu[e],,RE2398R,,
ileglyarg[e],,RE2404C,,
ileprolys[e],,RE2404R,,
ileserarg[e],,RE2405C,,
iletrptyr[e],,RE2405R,,
leualaarg[e],,RE2407C,,
leuasnasp[e],,RE2410C,,
leuasplys[e],,RE2410N,,
leuleutrp[e],,RE2426C,,
leupro[e],,RE2427M,,
leuproarg[e],,RE2428M,,
leusertrp[e],,RE2429M,,
leutrp[e],,RE2439C,,
leutrparg[e],,RE2440C,,
leutyrtyr[e],,RE2442C,,
leuval[e],,RE2443C,,
lysargleu[e],,RE2443M,,
lyscyshis[e],,RE2444C,,
lysglnphe[e],,RE2445C,,
lysgluglu[e],,RE2445E,,
lyslyslys[e],,RE2452C,,
lyspheile[e],,RE2453M,,
lystrparg[e],,RE2454M,,
lystyrile[e],,RE2459C,,
lysvalphe[e],,RE2474C,,
lysvaltrp[e],,RE2474R,,
metargleu[e],,RE2476C,,
metasntyr[e],,RE2477C,,
metglntyr[e],,RE2493C,,
metglyarg[e],,RE2513C,,
methislys[e],,RE2513E,,
metmetile[e],,RE2513L,,
metphearg[e],,RE2513N,,
mettrpphe[e],,RE2514C,,
pheasnmet[e],,RE2514E,,
pheasp[e],,RE2514L,,
pheglnphe[e],,RE2514N,,
pheleu[e],,RE2520C,,
pheleuasp[e],,RE2521C,,
pheleuhis[e],,RE2522C,,
phelysala[e],,RE2522X,,
phelyspro[e],,RE2523C,,
phephe[e],,RE2523X,,
phepheasn[e],,RE2524C,,
phephethr[e],,RE2524X,,
pheproarg[e],,RE2525C,,
phesertrp[e],,RE2525X,,
phethrlys[e],,RE2526C,,
phetrpleu[e],,RE2533C,,
phetyr[e],,RE2541C,,
phetyrgln[e],,RE2541E,,
phetyrlys[e],,RE2541L,,
proargasp[e],,RE2562C,,
proargcys[e],,RE2563C,,
proasncys[e],,RE2591C,,
procys[e],,RE2594C,,
proglnpro[e],,RE2596C,,
proglulys[e],,RE2601C,,
prohis[e],,RE2605C,,
prohistyr[e],,RE2622C,,
proleuarg[e],,RE2622R,,
prolyspro[e],,RE2624M,,
prophe[e],,RE2624X,,
proproarg[e],,RE2625C,,
propropro[e],,RE2625M,,
protrplys[e],,RE2626C,,
protrpthr[e],,RE2626M,,
provalgln[e],,RE2632C,,
serargala[e],,RE2632M,,
serargtrp[e],,RE2633C,,
sercysarg[e],,RE2633R,,
serglyglu[e],,RE2635C,,
serlyshis[e],,RE2635R,,
serphelys[e],,RE2636C,,
sertrphis[e],,RE2636R,,
thrargtyr[e],,RE2637C,,
thrasntyr[e],,RE2637X,,
thrglnglu[e],,RE2638C,,
thrglntyr[e],,RE2638X,,
thrhishis[e],,RE2640C,,
thrilearg[e],,RE2642C,,
thrmetarg[e],,RE2644C,,
thrphearg[e],,RE2649C,,
thrserarg[e],,RE2649M,,
thrthrarg[e],,RE2649X,,
thrtyrmet[e],,RE2651R,,
trpalapro[e],,RE2655R,,
trpargala[e],,RE2658C,,
trpaspasp[e],,RE2658R,,
trpglngln[e],,RE2659R,,
trpglugly[e],,RE2660C,,
trpgluleu[e],,RE2660N,,
trpglupro[e],,RE2666C,,
trpglutyr[e],,RE2666G,,
trpglyleu[e],,RE2675C,,
trpglyphe[e],,RE2677C,,
trpglyval[e],,RE2677E,,
trphismet[e],,RE2677G,,
trpilelys[e],,RE2677N,,
trpiletrp[e],,RE2677R,,
trpleuval[e],,RE2680C,,
trplys[e],,RE2680G,,
trpmetarg[e],,RE2705C,,
trpmetval[e],,RE2717L,,
trpphe[e],,RE2718C,,
trpprogly[e],,RE2718G,,
trpproleu[e],,RE2722C,,
trpproval[e],,RE2722G,,
trpsertyr[e],,RE2746C,,
trpthrglu[e],,RE2759X,,
trpthrile[e],,RE2766C,,
trpthrtyr[e],,RE2768C,,
trptyrgln[e],,RE2768M,,
trptyrtyr[e],,RE2768R,,
trpvalasp[e],,RE2782C,,
tyrala[e],,RE2799C,,
tyralaphe[e],,RE2813C,,
tyrargglu[e],,RE2814M,,
tyrargser[e],,RE2814R,,
tyrasparg[e],,RE2848C,,
tyrcysgly[e],,RE2849C,,
tyrcysthr[e],,RE2850C,,
tyrglu[e],,RE2851C,,
tyrleuarg[e],,RE2852C,,
tyrphetyr[e],,RE2853C,,
tyrthr[e],,RE2854C,,
tyrtrpphe[e],,RE2856C,,
tyrtyr[e],,RE2857C,,
tyrvalmet[e],,RE2858C,,
valarggly[e],,RE2859C,,
valhisasn[e],,RE2860C,,
valleuphe[e],,RE2861C,,
vallystyr[e],,RE2862C,,
valphearg[e],,RE2863C,,
valprotrp[e],,RE2864C,,
valserarg[e],,RE2865C,,
valtrpphe[e],,RE2866C,,
valtrpval[e],,RE2867C,,
valval[e],,RE2868C,,
trpglyasp[e],,RE2869C,,
alaargcys[c],,RE2870C,,
alaarggly[c],,RE2871C,,
alaasnleu[c],,RE2872C,,
alaglylys[c],,RE2873C,,
alahisala[c],,RE2874C,,
alalysthr[c],,RE2875C,,
argalaala[c],,RE2876C,,
argalaphe[c],,RE2877C,,
argalathr[c],,RE2878C,,
argarg[c],,RE2880C,,
argarglys[c],,RE2888C,,
argargmet[c],,RE2888E,,
argcysgly[c],,RE2888N,,
argcysser[c],,RE2897C,,
arggluglu[c],,RE2898C,,
argglupro[c],,RE2899C,,
argglygly[c],,RE2908C,,
arghisthr[c],,RE2908M,,
argleuphe[c],,RE2908X,,
arglysasp[c],,RE2909C,,
argphearg[c],,RE2909M,,
argpromet[c],,RE2909X,,
argprothr[c],,RE2910C,,
argserser[c],,RE2910M,,
argtyrval[c],,RE2910X,,
argvalcys[c],,RE2911C,,
argvaltrp[c],,RE2912M,,
asnasnarg[c],,RE2912X,,
asncyscys[c],,RE2913M,,
asnmetpro[c],,RE2913X,,
asnpheasp[c],,RE2914M,,
asnphecys[c],,RE2914X,,
asntyrgly[c],,RE2915M,,
asntyrphe[c],,RE2915X,,
asntyrthr[c],,RE2916M,,
aspalaarg[c],,RE2916X,,
aspasnglu[c],,RE2917M,,
aspglu[c],,RE2917X,,
aspglupro[c],,RE2919M,,
aspglutrp[c],,RE2919X,,
asphiscys[c],,RE2920M,,
asphispro[c],,RE2920X,,
asplysglu[c],,RE2921M,,
asplyshis[c],,RE2921X,,
aspmetasp[c],,RE2948C,,
aspprolys[c],,RE2954C,,
aspvalasn[c],,RE2958C,,
cysasnmet[c],,RE2972G,,
cysaspphe[c],,RE2972M,,
cyscys[c],,RE2972R,,
cysglnmet[c],,RE2973G,,
cysgluhis[c],,RE2973N,,
cysglutrp[c],,RE2974G,,
cysleuthr[c],,RE2974N,,
cyssermet[c],,RE2974R,,
cystyrasn[c],,RE2975C,,
glnasngln[c],,RE2975M,,
glnhishis[c],,RE2977C,,
glnhislys[c],,RE2985M,,
glnlyslys[c],,RE2985X,,
glnlystrp[c],,RE2986X,,
glnproglu[c],,RE2987X,,
glntrpglu[c],,RE2988X,,
glntyrleu[c],,RE2989X,,
gluargleu[c],,RE2990X,,
gluasnleu[c],,RE2991X,,
gluglu[c],,RE2992M,,
gluilelys[c],,RE2992X,,
gluleu[c],,RE2993X,,
glumet[c],,RE2994X,,
glumethis[c],,RE2995M,,
gluthr[c],,RE2995X,,
gluthrlys[c],,RE2996X,,
glutrpala[c],,RE2997X,,
glyhisasn[c],,RE2998M,,
glyhislys[c],,RE2999M,,
glylyscys[c],,RE3000M,,
glylysphe[c],,RE3001M,,
glytyrlys[c],,RE3002X,,
glyvalhis[c],,RE3003M,,
hisargcys[c],,RE3004M,,
hisargser[c],,RE3005M,,
hisasp[c],,RE3006M,,
hiscyscys[c],,RE3009C,,
hisglnala[c],,RE3010C,,
hisglu[c],,RE3010M,,
hisglugln[c],,RE3010R,,
hisglylys[c],,RE3010X,,
hishislys[c],,RE3011M,,
hislysala[c],,RE3011R,,
hislysglu[c],,RE3012C,,
hislysile[c],,RE3012M,,
hislysthr[c],,RE3012R,,
hislysval[c],,RE3013C,,
hismet[c],,RE3013R,,
hismetgln[c],,RE3014C,,
hisphearg[c],,RE3014R,,
hisprolys[c],,RE3015C,,
histrphis[c],,RE3015R,,
ileargile[c],,RE3016R,,
ileasnhis[c],,RE3017R,,
ileasp[c],,RE3018C,,
ileglnglu[c],,RE3018R,,
ileglyarg[c],,RE3019C,,
ileprolys[c],,RE3019R,,
ileserarg[c],,RE3020C,,
iletrptyr[c],,RE3020R,,
leualaarg[c],,RE3021C,,
leuasnasp[c],,RE3022C,,
leuasplys[c],,RE3033C,,
leuleutrp[c],,RE3033N,,
leupro[c],,RE3033R,,
leuproarg[c],,RE3036C,,
leusertrp[c],,RE3036N,,
leutrp[c],,RE3038C,,
leutrparg[c],,RE3038N,,
leutyrtyr[c],,RE3038R,,
leuval[c],,RE3038X,,
lysargleu[c],,RE3039C,,
lyscyshis[c],,RE3040C,,
lysglnphe[c],,RE3040R,,
lysgluglu[c],,RE3040X,,
lyslyslys[c],,RE3041C,,
lyspheile[c],,RE3041N,,
lystrparg[c],,RE3044C,,
lystyrile[c],,RE3044N,,
lysvalphe[c],,RE3045C,,
lysvaltrp[c],,RE3050R,,
metargleu[c],,RE3051C,,
metasntyr[c],,RE3052C,,
metglntyr[c],,RE3053C,,
metglyarg[c],,RE3066X,,
methislys[c],,RE3072X,,
metmetile[c],,RE3073X,,
metphearg[c],,RE3074X,,
mettrpphe[c],,RE3075C,,
pheasnmet[c],,RE3075X,,
pheasp[c],,RE3079C,,
pheglnphe[c],,RE3079X,,
pheleu[c],,RE3081X,,
pheleuasp[c],,RE3082X,,
pheleuhis[c],,RE3083X,,
phelysala[c],,RE3084X,,
phelyspro[c],,RE3086X,,
phephe[c],,RE3087X,,
phepheasn[c],,RE3088X,,
phephethr[c],,RE3089X,,
pheproarg[c],,RE3090X,,
phesertrp[c],,RE3092X,,
phethrlys[c],,RE3093X,,
phetrpleu[c],,RE3095C,,
phetyr[c],,RE3095L,,
phetyrgln[c],,RE3095X,,
phetyrlys[c],,RE3097X,,
proargasp[c],,RE3103C,,
proargcys[c],,RE3103R,,
proasncys[c],,RE3104C,,
procys[c],,RE3104R,,
proglnpro[c],,RE3106C,,
proglulys[c],,RE3106R,,
prohis[c],,RE3108C,,
prohistyr[c],,RE3110C,,
proleuarg[c],,RE3110R,,
prolyspro[c],,RE3111C,,
prophe[c],,RE3111M,,
proproarg[c],,RE3111R,,
propropro[c],,RE3112C,,
protrplys[c],,RE3112R,,
protrpthr[c],,RE3113C,,
provalgln[c],,RE3113R,,
serargala[c],,RE3114R,,
serargtrp[c],,RE3119C,,
sercysarg[c],,RE3119R,,
serglyglu[c],,RE3120C,,
serlyshis[c],,RE3120R,,
serphelys[c],,RE3121C,,
sertrphis[c],,RE3121R,,
thrargtyr[c],,RE3122C,,
thrasntyr[c],,RE3122R,,
thrglnglu[c],,RE3123C,,
thrglntyr[c],,RE3123R,,
thrhishis[c],,RE3124C,,
thrilearg[c],,RE3124R,,
thrmetarg[c],,RE3125C,,
thrphearg[c],,RE3125R,,
thrserarg[c],,RE3126C,,
thrthrarg[c],,RE3126R,,
thrtyrmet[c],,RE3129N,,
trpalapro[c],,RE3132R,,
trpargala[c],,RE3134C,,
trpaspasp[c],,RE3134R,,
trpglngln[c],,RE3136C,,
trpglugly[c],,RE3139X,,
trpgluleu[c],,RE3140X,,
trpglupro[c],,RE3141X,,
trpglutyr[c],,RE3144C,,
trpglyleu[c],,RE3144M,,
trpglyphe[c],,RE3145X,,
trpglyval[c],,RE3146R,,
trphismet[c],,RE3147C,,
trpilelys[c],,RE3147R,,
trpiletrp[c],,RE3148C,,
trpleuval[c],,RE3148R,,
trplys[c],,RE3150C,,
trpmetarg[c],,RE3150R,,
trpmetval[c],,RE3151C,,
trpphe[c],,RE3151R,,
trpprogly[c],,RE3152C,,
trpproleu[c],,RE3152R,,
trpproval[c],,RE3153C,,
trpsertyr[c],,RE3153R,,
trpthrglu[c],,RE3154C,,
trpthrile[c],,RE3154R,,
trpthrtyr[c],,RE3155C,,
trptyrgln[c],,RE3155R,,
trptyrtyr[c],,RE3156X,,
trpvalasp[c],,RE3157X,,
tyrala[c],,RE3158X,,
tyralaphe[c],,RE3159X,,
tyrargglu[c],,RE3160R,,
tyrargser[c],,RE3161C,,
tyrasparg[c],,RE3161R,,
tyrcysgly[c],,RE3162C,,
tyrcysthr[c],,RE3162R,,
tyrglu[c],,RE3163C,,
tyrleuarg[c],,RE3163R,,
tyrphetyr[c],,RE3164C,,
tyrthr[c],,RE3164R,,
tyrtrpphe[c],,RE3165C,,
tyrtyr[c],,RE3165R,,
tyrvalmet[c],,RE3166C,,
valarggly[c],,RE3166R,,
valhisasn[c],,RE3167C,,
valleuphe[c],,RE3167R,,
vallystyr[c],,RE3168C,,
valphearg[c],,RE3168R,,
valprotrp[c],,RE3169C,,
valserarg[c],,RE3169R,,
valtrpphe[c],,RE3170C,,
valtrpval[c],,RE3170R,,
valval[c],,RE3171C,,
trpglyasp[c],,RE3171R,,
glyleu[c],,RE3172C,,
homoval[e],,RE3172R,,
xolest183_hs[c],,RE3173C,,
xolest182_hs[c],,RE3173R,,
xolest181_hs[c],,RE3174C,,
xolest205_hs[c],,RE3174R,,
xolest204_hs[c],,RE3175C,,
xolest226_hs[c],,RE3175R,,
sphmyln_hs[e],,RE3176C,,
hxa[e],,RE3176R,,
gncore1[c],,RE3177M,,
gncore1[e],,RE3178M,,
gncore2[c],,RE3179M,,
gncore2[e],,RE3180C,,
Lhcystin[c],,RE3181C,,
Lhcystin[e],,RE3184M,,
pglyc_hs[m],,RE3185M,,
pgp_hs[m],,RE3186M,,
acnam[e],,RE3189M,,
band[c],,RE3190M,,
bandmt[c],,RE3191M,,
dhmtp[c],,RE3192M,,
etha[e],,RE3193M,,
ppp9[c],,RE3194M,,
acgal[e],,RE3195M,,
core4[e],,RE3198C,,
core5[e],,RE3201C,,
core7[e],,RE3218C,,
core8[e],,RE3218L,,
dsT_antigen[e],,RE3218R,,
galam[e],,RE3220C,,
galam[c],,RE3220L,,
mqn10[c],,RE3220R,,
mqn10[e],,RE3224C,,
mqn11[c],,RE3224R,,
mqn11[e],,RE3225C,,
mqn7[c],,RE3225R,,
mqn7[e],,RE3226C,,
mqn9[c],,RE3226R,,
mqn9[e],,RE3227C,,
s2l2n2m2m[e],,RE3227R,,
sTn_antigen[e],,RE3228C,,
f1a[e],,RE3228R,,
lpam[e],,RE3229C,,
lpam[c],,RE3229R,,
CE2934[e],,RE3230C,,
mqn8[c],,RE3230R,,
glgchlo[c],,RE3231C,,
dxtrn[e],,RE3231R,,
dhcholestanate[e],,RE3232C,,
thcholstoic[e],,RE3232R,,
xol7ah3[e],,RE3233C,,
xol7aone[e],,RE3233G,,
xoldiolone[e],,RE3233L,,
7klitchol[e],,RE3234C,,
2obut[e],,RE3234R,,
glutar[e],,RE3235C,,
glcn[e],,RE3235R,,
grdp[c],,RE3236C,,
e4hglu[c],,RE3236R,,
4h2oglt[c],,RE3237C,,
glyleu[e],,RE3238C,,
ggdp[c],,RE3239C,,
methf[c],,RE3241C,,
ppbng[c],,RE3241R,,
hmbil[c],,RE3242C,,
4ppan[c],,RE3242R,,
phom[c],,RE3243C,,
HC01434[c],,RE3243R,,
HC01668[c],,RE3244C,,
gua[e],,RE3244R,,
fprica[c],,RE3245C,,
glcr[e],,RE3247M,,
hxan[e],,RE3247X,,
xyl_D[e],,RE3248M,,
dtdpglu[c],,RE3248X,,
gal1p[c],,RE3250C,,
im4ac[c],,RE3250M,,
4izp[c],,RE3250X,,
2mcacn[c],,RE3251C,,
micit[c],,RE3251M,,
2pglyc[c],,RE3252C,,
CE5656[c],,RE3258C,,
dtdp4d6dg[c],,RE3258R,,
pydxn[e],,RE3259C,,
pydx[e],,RE3259R,,
pydam[e],,RE3260C,,
4hbz[e],,RE3260R,,
34dhpha[e],,RE3261C,,
etoh[e],,RE3261R,,
acald[e],,RE3263C,,
mqn8[e],,RE3264C,,
ch4s[e],,RE3264R,,
phpyr[e],,RE3265C,,
tym[e],,RE3265R,,
2hyoxplac[e],,RE3267E,,
lanost[e],,RE3267G,,
3mox4hoxm[e],,RE3267M,,
glx[e],,RE3267N,,
CE4970[c],,RE3267R,,
CE4970[e],,RE3268C,,
CE2026[c],,RE3268R,,
CE2026[e],,RE3269C,,
CE4968[c],,RE3270C,,
CE4968[e],,RE3272N,,
actyr[m],,RE3273C,,
actyr[c],,RE3273G,,
actyr[e],,RE3273R,,
sucacetat[c],,RE3286C,,
sucaceto[c],,RE3286R,,
sucaceto[e],,RE3287C,,
vanilpyr[c],,RE3287R,,
vanillac[c],,RE3288C,,
CE2176[m],,RE3288R,,
nacvanala[m],,RE3289C,,
nacvanala[c],,RE3289R,,
nacvanala[e],,RE3295C,,
vanillac[e],,RE3301C,,
2h3mv[c],,RE3301G,,
2h3mv[e],,RE3301R,,
2hiv[c],,RE3307C,,
2hiv[e],,RE3307M,,
2m3hbu[m],,RE3307X,,
2m3hbu[c],,RE3308C,,
2m3hbu[e],,RE3308M,,
2m3ovcoa[m],,RE3308R,,
2m3ovac[m],,RE3308X,,
2m3ovac[c],,RE3310C,,
2m3hvac[c],,RE3310R,,
2m3hvac[e],,RE3326M,,
3h3mglt[c],,RE3334M,,
3h3mglt[e],,RE3334X,,
3mglutac[m],,RE3335C,,
3mglutac[c],,RE3335M,,
3mglutac[e],,RE3335R,,
3mglutr[c],,RE3335X,,
3mglutr[e],,RE3336M,,
ppiogly[m],,RE3336X,,
ppiogly[c],,RE3337M,,
ppiogly[e],,RE3337X,,
mvlac[c],,RE3338C,,
mvlac[e],,RE3338M,,
tiggly[m],,RE3338X,,
tiggly[c],,RE3339C,,
tiggly[e],,RE3339M,,
td2glutrcoa[m],,RE3339X,,
3hglutcoa[m],,RE3340C,,
3ohglutac[m],,RE3340M,,
3ohglutac[c],,RE3340X,,
3ohglutac[e],,RE3341M,,
glutacoa[m],,RE3341X,,
glutcon[m],,RE3342M,,
glutcon[c],,RE3342X,,
glutcon[e],,RE3343C,,
3hivac[m],,RE3343M,,
3hivac[c],,RE3343X,,
3hivac[e],,RE3344M,,
3hadicoa[x],,RE3344X,,
3hadpac[x],,RE3345C,,
3hadpac[c],,RE3345M,,
3hadpac[e],,RE3345R,,
3ohsebcoa[x],,RE3345X,,
3ohsebac[x],,RE3346C,,
3ohsebac[c],,RE3346M,,
3ohsebac[e],,RE3346R,,
3ohsubcoa[x],,RE3347C,,
3ohsubac[x],,RE3352C,,
3ohsubac[c],,RE3367C,,
3ohsubac[e],,RE3367E,,
caproic[c],,RE3367X,,
5ohhexa[c],,RE3370C,,
5ohhexa[e],,RE3370R,,
7ohocata[c],,RE3372C,,
7ohocata[e],,RE3378C,,
ethmalcoa[c],,RE3381C,,
ethmalac[c],,RE3381E,,
ethmalac[e],,RE3381L,,
hexgly[c],,RE3383M,,
hexgly[e],,RE3384M,,
methsuccoa[c],,RE3385M,,
methsucc[c],,RE3386M,,
methsucc[e],,RE3387M,,
subgly[c],,RE3388M,,
subgly[e],,RE3389M,,
4ohbut[m],,RE3390M,,
4ohbut[c],,RE3391M,,
4ohbut[e],,RE3392M,,
pailste_hs[c],,RE3393M,,
peste_hs[c],,RE3394M,,
2hxic_L[e],,RE3395M,,
2hxic_L[c],,RE3396M,,
2hydog[c],,RE3397M,,
2hydog[e],,RE3398M,,
glutar[c],,RE3399M,,
thexdd[m],,RE3400M,,
thexdd[c],,RE3401M,,
thexdd[e],,RE3402M,,
hexdtr[m],,RE3403M,,
hexdtr[c],,RE3404M,,
hexdtr[e],,RE3407C,,
hpdececoa[m],,RE3408C,,
hpdece[m],,RE3409C,,
hpdece[c],,RE3410C,,
hpdece[e],,RE3411C,,
eic21114tr[c],,RE3412C,,
eic21114tr[e],,RE3413C,,
5eipenc[m],,RE3414C,,
5eipenc[c],,RE3415C,,
5eipenc[e],,RE3417C,,
T4hcinnm[e],,RE3420C,,
agm[c],,RE3421M,,
agm[e],,RE3421R,,
andrstndn[e],,RE3422C,,
eandrstrn[c],,RE3423C,,
eandrstrn[e],,RE3430C,,
ahandrostan[c],,RE3430M,,
ahandrostan[e],,RE3430X,,
andrstandn[c],,RE3431C,,
andrstandn[e],,RE3432C,,
CE2209[e],,RE3432M,,
C05301[e],,RE3432X,,
C05299[e],,RE3434C,,
C05302[e],,RE3434R,,
CE5072[e],,RE3435C,,
11docrtsl[e],,RE3435R,,
11docrtstrn[e],,RE3436C,,
prgnlone[e],,RE3436R,,
CE2211[e],,RE3437C,,
17ahprgstrn[e],,RE3440C,,
17ahprgnlone[e],,RE3440R,,
C03681[e],,RE3443M,,
prgnlones[e],,RE3443X,,
CE1352[e],,RE3444C,,
mma[e],,RE3444M,,
C05769[e],,RE3444X,,
mhista[e],,RE3445M,,
CE2006[e],,RE3445X,,
n8aspmd[e],,RE3446C,,
CE4890[e],,RE3446M,,
C09642[e],,RE3446R,,
ppp9[e],,RE3446X,,
mlthf[e],,RE3447M,,
trypta[e],,RE3447X,,
selmeth[e],,RE3448C,,
CE7090[e],,RE3448M,,
CE7085[e],,RE3448X,,
CE7096[e],,RE3449C,,
CE4877[e],,RE3450C,,
CE1447[c],,RE3451C,,
CE1447[e],,RE3452C,,
C05770[e],,RE3453C,,
CE2705[e],,RE3454C,,
13dampp[e],,RE3455C,,
hdd2crn[e],,RE3456C,,
N1aspmd[e],,RE3457C,,
CE1918[e],,RE3458C,,
34dhoxmand[e],,RE3459C,,
CE6205[e],,RE3460C,,
1a25dhvitd3[e],,RE3464C,,
CE4969[c],,RE3464R,,
CE4969[e],,RE3469C,,
CE1310[c],,RE3470C,,
CE1310[e],,RE3470M,,
4hbz[c],,RE3470X,,
sucsal[c],,RE3474C,,
sucsal[e],,RE3474R,,
CE7081[c],,RE3475C,,
CE7081[e],,RE3475N,,
egme[c],,RE3476C,,
egme[e],,RE3476M,,
12harachd[c],,RE3476X,,
12harachd[e],,RE3485C,,
18harachd[c],,RE3485N,,
18harachd[e],,RE3486C,,
sql[c],,RE3488C,,
sql[e],,RE3488N,,
orn_D[c],,RE3488R,,
orn_D[e],,RE3488X,,
5g2oxpt[c],,RE3490C,,
5g2oxpt[e],,RE3491C,,
dhea[e],,RE3492C,,
estrone[e],,RE3493C,,
C05298[e],,RE3494C,,
HC02020[c],,RE3495C,,
HC02020[e],,RE3496C,,
xol24oh[c],,RE3496N,,
xol24oh[e],,RE3498N,,
xol27oh[e],,RE3498R,,
xol25oh[c],,RE3499C,,
xol25oh[e],,RE3500C,,
dsmsterol[e],,RE3500R,,
chsterols[e],,RE3500X,,
3ityr_L[e],,RE3501C,,
35diotyr[e],,RE3501R,,
13_cis_retn[e],,RE3501X,,
CE1617[e],,RE3502C,,
vldl_hs[c],,RE3502X,,
vldl_hs[e],,RE3503C,,
HC00005[e],,RE3503N,,
HC00006[e],,RE3506C,,
HC00007[e],,RE3506R,,
HC00008[e],,RE3511C,,
HC00009[e],,RE3511M,,
idl_hs[e],,RE3511R,,
ldl_hs[e],,RE3513C,,
hdl_hs[e],,RE3513N,,
myelin_hs[c],,RE3513R,,
chylo_hs[c],,RE3514C,,
chylo_hs[e],,RE3514R,,
HC00460[e],,RE3515C,,
fna5moxam[e],,RE3518C,,
CE5643[e],,RE3518R,,
CE1401[e],,RE3519C,,
glucys[e],,RE3519R,,
melatn[e],,RE3519X,,
6hoxmelatn[e],,RE3520C,,
C10164[e],,RE3520E,,
C05767[e],,RE3520M,,
ppbng[e],,RE3520N,,
12ppd_R[e],,RE3521C,,
ametam[e],,RE3521M,,
xylu_L[e],,RE3521R,,
xylu_D[e],,RE3521X,,
CE0737[e],,RE3522C,,
sphings[e],,RE3522R,,
im4ac[e],,RE3524R,,
aact[e],,RE3525C,,
sphgn[e],,RE3525M,,
C13856[e],,RE3525N,,
prist[e],,RE3525R,,
CE2049[e],,RE3525X,,
CE2047[e],,RE3526C,,
fdp[e],,RE3526M,,
coke[e],,RE3526X,,
coke[c],,RE3532C,,
5a2opntn[e],,RE3532M,,
5a2opntn[c],,RE3532R,,
arg_D[c],,RE3533C,,
arg_D[e],,RE3533M,,
dopa4sf[c],,RE3533R,,
dopa4glcur[c],,RE3534C,,
dopa3glcur[c],,RE3534M,,
34dhpe[c],,RE3534R,,
dopa4sf[e],,RE3535R,,
dopa4glcur[e],,RE3536C,,
dopa3glcur[e],,RE3537C,,
neuromelanin[c],,RE3550X,,
CE5026[e],,RE3551X,,
5cysgly34dhphe[e],,RE3552X,,
CE1261[e],,RE3554C,,
6hddopaqn[c],,RE3554M,,
5cysdopa[c],,RE3554R,,
23dh1i56dio[c],,RE3556C,,
4glu56dihdind[c],,RE3557C,,
ind56qn[c],,RE3557M,,
4glu56dihdind[e],,RE3557R,,
5cysdopa[e],,RE3559M,,
CE5025[e],,RE3559X,,
CE2172[e],,RE3560C,,
CE5629[e],,RE3560M,,
Rtotal[r],,RE3560X,,
dhcrm_hs[r],,RE3561M,,
Rtotal[g],,RE3561X,,
sphings[g],,RE3562C,,
sphgn[g],,RE3562M,,
dhcrm_hs[g],,RE3562R,,
phcrm_hs[g],,RE3562X,,
phsphings[g],,RE3563M,,
phcrm_hs[r],,RE3563X,,
phsphings[r],,RE3564C,,
galgluside_hs[e],,RE3564M,,
gluside_hs[e],,RE3564X,,
gm2_hs[l],,RE3565C,,
gm1_hs[l],,RE3566C,,
ga2_hs[l],,RE3567C,,
ga1_hs[l],,RE3568C,,
gd2_hs[l],,RE3570C,,
gd1b_hs[l],,RE3571C,,
gm2a_hs[l],,RE3571R,,
gm1a_hs[l],,RE3572X,,
phcrm_hs[c],,RE3573X,,
gd3_hs[e],,RE3574X,,
gm3_hs[e],,RE3575X,,
ga1_hs[e],,RE3576X,,
gm1a_hs[e],,RE3577X,,
gm2a_hs[e],,RE3578X,,
gd3_hs[l],,RE3580X,,
thcrm_hs[l],,RE3581X,,
gm1_hs[e],,RE3582X,,
gm2_hs[e],,RE3583X,,
gm3_hs[l],,RE3586X,,
gm1_hs[c],,RE3587C,,
gd1a_hs[c],,RE3587N,,
gd1b_hs[c],,RE3596C,,
gt1b_hs[c],,RE3596M,,
ga1_hs[c],,RE3596X,,
ga2_hs[c],,RE3597C,,
gm2_hs[c],,RE3597M,,
gm1b_hs[e],,RE3597X,,
gd1a_hs[e],,RE3624M,,
gd1b_hs[e],,RE3624X,,
gt1b_hs[e],,RE3626M,,
gd2_hs[e],,RE3627C,,
gm1_hs[n],,RE3628M,,
gd1a_hs[n],,RE3629C,,
dag_hs[g],,RE3630C,,
pchol_hs[n],,RE3631C,,
sphmyln_hs[n],,RE3633C,,
phsphings[c],,RE3636C,,
phsph1p[c],,RE3637C,,
sphings[n],,RN0001C,,
sphs1p[n],,RN0001R,,
sphgn[n],,RN0002N,,
sph1p[n],,RN0002R,,
cholp[n],,RN0013C,,
cmpacna[e],,RN0014R,,
gda1_hs[n],,RN0020C,,
hhxdcal[c],,RN0020R,,
34dhpe[e],,RN0021C,,
gd3_hs[m],,RN0021R,,
paps[l],,RN0021X,,
pap[l],,RN0022C,,
15HPET[x],,RN0022R,,
M01570[e],,RN0022X,,
M02956[e],,RN0023C,,
M01569[e],,RN0023R,,
M00234[e],,RN0023X,,
M01807[e],,RN0027C,,
M00503[e],,RN0027R,,
M00503[c],,RN0028C,,
HC02065[c],,RN0028R,,
M03147[e],,RN0028X,,
M03146[e],,RN0029C,,
M00241[e],,RN0029R,,
M01820[e],,RN0030C,,
M00510[e],,RN0030R,,
M00510[c],,RN0031C,,
M01819[e],,RN0031R,,
M00003[e],,RN0031X,,
M00008[e],,RN0032C,,
M00010[e],,RN0032R,,
M00017[e],,EX_prostgh2[e],,
M00019[e],,EX_prostgi2[e],,
M00021[e],,EX_cdp[e],,
M00115[e],,EX_dtdp[e],,
M00117[e],,EX_HC00955[e],,
M00260[e],,EX_HC00001[e],,
M00265[e],,EX_HC00002[e],,
M00315[e],,EX_HC00003[e],,
M00341[e],,EX_HC00004[e],,
M01197[e],,EX_citr_L[e],,
M01207[e],,EX_HC01787[e],,
M01235[e],,EX_C02470[e],,
M01238[e],,EX_HC01852[e],,
M01582[e],,EX_HC01939[e],,
M02053[e],,EX_HC01942[e],,
M02457[e],,EX_HC01943[e],,
M02613[e],,EX_HC01944[e],,
M02745[e],,EX_HC00822[e],,
M03045[e],,EX_C02528[e],,
M03051[e],,EX_HC02192[e],,
M03153[e],,EX_HC02193[e],,
M02048[e],,EX_HC02195[e],,
M02047[e],,EX_HC02196[e],,
M02353[e],,EX_HC02220[e],,
M02352[e],,EX_HC02154[e],,
M02560[e],,EX_HC02199[e],,
M02561[e],,EX_HC02200[e],,
C01601[e],,EX_HC02201[e],,
M02909[e],,EX_HC02172[e],,
M02108[e],,EX_HC02191[e],,
M03117[e],,EX_HC02194[e],,
M03134[e],,EX_HC02197[e],,
xolest2_hs[l],,EX_HC02198[e],,
xolest2_hs[r],,EX_HC02187[e],,
M02757[n],,EX_HC02180[e],,
M01816[n],,EX_HC02202[e],,
M01268[n],,EX_HC02203[e],,
M01268[c],,EX_HC02204[e],,
M01268[r],,EX_HC02205[e],,
M01268[m],,EX_HC02206[e],,
M01268[x],,EX_HC02207[e],,
M01268[e],,EX_HC02208[e],,
M03134[c],,EX_HC02210[e],,
M02694[c],,EX_HC02213[e],,
M02694[m],,EX_HC02214[e],,
M02108[c],,EX_HC02216[e],,
M02107[c],,EX_HC02217[e],,
M02107[m],,EX_malcoa[e],,
M02616[c],,EX_arachcoa[e],,
M02616[m],,EX_coa[e],,
M03117[c],,EX_CE2250[e],,
M03116[c],,EX_CE1935[e],,
M03116[m],,EX_CE1940[e],,
M03051[c],,EX_CE1943[e],,
M03050[c],,EX_CE2011[e],,
M00129[c],,EX_CE1936[e],,
M00117[c],,EX_CE1939[e],,
HC10784[c],,EX_maltpt[e],,
M02745[c],,EX_CE2915[e],,
M01141[c],,EX_CE4722[e],,
M01197[c],,EX_CE2916[e],,
M01191[c],,EX_CE4723[e],,
M00003[c],,EX_CE2917[e],,
M00004[c],,EX_CE4724[e],,
M01238[c],,EX_malthp[e],,
M01237[c],,EX_CE2839[e],,
M00019[c],,EX_CE2838[e],,
M00020[c],,EX_CE1950[e],,
vacccoa[c],,EX_cynt[e],,
M00127[c],,EX_23cump[e],,
M00115[c],,EX_3ump[e],,
M00116[c],,EX_CE5786[e],,
M02613[c],,EX_CE5788[e],,
M02612[c],,EX_CE5789[e],,
M00017[c],,EX_CE5797[e],,
M00018[c],,EX_CE5798[e],,
M01235[c],,EX_CE5787[e],,
M01236[c],,EX_CE5791[e],,
M01207[c],,EX_CE5867[e],,
M00123[c],,EX_CE5868[e],,
M02457[c],,EX_CE5869[e],,
M00101[c],,EX_CE4633[e],,
M02053[c],,EX_CE4881[e],,
M02052[c],,EX_CE5854[e],,
M01582[c],,EX_CE1926[e],,
M00006[c],,EX_udpgal[e],,
M03045[c],,EX_crm_hs[e],,
M03047[c],,EX_galside_hs[e],,
M03153[c],,EX_CE0074[e],,
M02112[c],,EX_cdpea[e],,
M00010[c],,EX_12dgr120[e],,
M00012[c],,EX_CE5853[e],,
M00341[c],,EX_CE1925[e],,
M00343[c],,EX_C04849[e],,
M00260[c],,CITt4_4,,
M00315[c],,GLYt7_311_r,,
M00008[c],,HCO3_NAt,,
M00021[c],,INSTt4_2,,
M00023[c],,PIt8,,
M00265[c],,PIt9,,
lpchol_hs[r],,PROt4_2_r,,
HC02066[r],,HSD17B3r,,
HC02085[c],,biomass_reaction,,
HC02080[c],,2MB2COAc,,
HC02080[e],,3HBCOARc,,
M02740[e],,ADPACDAc,,
M01429[c],,ADPACtx,,
M00484[c],,ADPCOACROT,,
M00502[c],,ADPCOAPTE,,
M00493[c],,BCRNe,,
M00471[c],,C100CPT1,,
M00463[c],,sink_c101coa[c],,
M00454[c],,C101CPT1,,
M00498[c],,C101CRNe,,
M00461[c],,C102CPT1,,
M00481[c],,C10CRNe,,
M00438[c],,C10DCCACT,,
M00469[c],,C10DCc,,
M00448[c],,C10DCe,,
M00474[c],,C10OHc,,
M00470[c],,C120CPT1,,
M00462[c],,C121CPT1,,
M00458[c],,C12DCACOT,,
M00494[c],,C12DCACT,,
M00478[c],,C12DCTD,,
M00447[c],,C12DCe,,
M00442[c],,C12OHc,,
M00468[c],,C140CPT1,,
M00465[c],,C141ACBP,,
M00453[c],,C141CPT1,,
M00480[c],,C141OHc,,
M00477[c],,C141OHe,,
M00446[c],,C142ACBP,,
M00441[c],,C142CPT1,,
M00501[c],,C142OHc,,
M00500[c],,C142OHe,,
M00449[c],,C14OHc,,
M00482[c],,C161OHc,,
M00483[c],,C162ACBP,,
M00492[c],,C162OHc,,
M00457[c],,C162OHe,,
M00464[c],,C16DCc,,
M00452[c],,C16DCe,,
M00459[c],,C16OHc,,
M00466[c],,C16txc,,
M00455[c],,C181OHc,,
M00450[c],,C182OHc,,
M00439[c],,C18OHc,,
M00444[c],,C2tcx,,
M00436[c],,C30CPT1,,
M00443[c],,C3DCe,,
M00479[c],,C40CPT1,,
M00476[c],,C4CRNCPT2,,
M00460[c],,C4CRNe,,
M00467[c],,C4DCCACT,,
M00456[c],,C4DCe,,
M00451[c],,C4OHc,,
M00440[c],,C4tcx,,
M00445[c],,C4tmc,,
M00437[c],,C4x,,
HC02089[c],,C50CPT1,,
HC02043[c],,C51CPT1,,
HC02061[c],,C5DCe,,
HC02044[c],,C60CPT1,,
HC02045[c],,C6COAt,,
HC02046[c],,C6CRNe,,
HC02047[c],,C6CRNtcx,,
HC02048[c],,C6DCCACT,,
HC02082[c],,C6DCc,,
HC02038[c],,C6DCe,,
HC02039[c],,C80CPT1,,
HC02040[c],,sink_c81coa[c],,
HC02041[c],,C81CPT1,,
HC02042[c],,C81CRNe,,
HC02084[c],,C8CRNe,,
HC02089[m],,C8DCc,,
HC02091[m],,C8DCe,,
HC02093[m],,C9BRxtc,,
HC02094[m],,DCATDc,,
clpn_hs[m],,DCATDr,,
HC02050[c],,DCSPTN1COAtxc,,
HC02051[c],,sink_dd2coa[c],,
HC02052[c],,DDCRNe,,
HC02053[c],,DDECCRNe,,
HC02054[c],,DDECE1CRNe,,
HC02086[c],,DECCRNe,,
HC02056[c],,sink_decdicoa[c],,
HC02057[c],,DECDICRNe,,
HC02058[c],,DOCO13ECOAtxc,,
HC02059[c],,DOCO13EFATP,,
HC02060[c],,DOCOSACT,,
M02958[c],,DOCOSACTDe,,
cdpdag_hs[l],,DOCOSACTDr,,
cdpdag_hs[r],,DOCOSADIACTD,,
HC02079[c],,DOCOSCOAtxc,,
HC02066[c],,DOCOSDIACTD,,
M00511[c],,EX_3bcrn[e],,
HC02067[c],,EX_3ddcrn[e],,
M02913[c],,EX_3deccrn[e],,
M02686[c],,EX_3hdececrn[e],,
M02758[c],,EX_3hexdcrn[e],,
M02958[r],,EX_3ivcrn[e],,
HC02063[c],,EX_3octdec2crn[e],,
HC02071[c],,EX_3octdeccrn[e],,
HC02064[c],,EX_3octdece1crn[e],,
HC02075[c],,EX_3tdcrn[e],,
HC02069[c],,EX_3tetd7ecoacrn[e],,
HC02072[c],,EX_3thexddcoacrn[e],,
HC02073[c],,EX_3ttetddcoacrn[e],,
HC02074[c],,EX_c101crn[e],,
HC02068[c],,EX_c10crn[e],,
HC02076[c],,EX_c10dc[e],,
HC02070[c],,EX_c12dc[e],,
M02114[x],,EX_c16dc[e],,
M00550[x],,EX_c3dc[e],,
M02017[x],,EX_c4crn[e],,
M02017[c],,EX_c4dc[e],,
M00532[c],,EX_c51crn[e],,
M02748[c],,EX_c5dc[e],,
M02749[c],,EX_c6crn[e],,
M00653[c],,EX_c6dc[e],,
HC02048[g],,EX_c81crn[e],,
sphmyln_hs[r],,EX_c8crn[e],,
galgluside_hs[r],,EX_c8dc[e],,
galgbside_hs[c],,EX_ddece1crn[e],,
M02197[c],,EX_ddecrn[e],,
M02491[c],,EX_decdicrn[e],,
M01958[c],,EX_doco13ac[e],,
M03131[c],,EX_docosac[e],,
gm1b_hs[c],,EX_docosdiac[e],,
gm3_hs[c],,EX_ivcrn[e],,
M03160[l],,EX_tetdec2crn[e],,
M02012[l],,EX_tetdece1crn[e],,
M02013[l],,EX_dca[e],,
gt1alpha_hs[c],,FAOXC101C102m,,
gd2_hs[c],,FAOXC101C102x,,
gt2_hs[c],,FAOXC101C8m,,
gt1c_hs[c],,FAOXC101C8x,,
gq1c_hs[c],,FAOXC101m,,
acglcgalgluside_hs[c],,FAOXC101x,,
galacglcgalgluside_hs[c],,FAOXC102C101m,,
M00808[c],,FAOXC102C101x,,
M01849[c],,FAOXC102C103m,,
M01860[c],,FAOXC102C103x,,
M02195[c],,FAOXC102C81m,,
acngalacglcgalgluside_hs[c],,FAOXC102C81x,,
galfucgalacglcgalgluside_hs[c],,FAOXC102m,,
acgalfucgalacglcgalgluside_hs[c],,FAOXC102x,,
M02194[c],,FAOXC103C102m,,
M02683[c],,FAOXC103C102x,,
acngal14acglcgalgluside_hs[c],,FAOXC10C10OHm,,
M02592[c],,FAOXC10C8m,,
M03094[c],,FAOXC10C8x,,
M02196[c],,FAOXC10DCC8DCx,,
M02162[c],,FAOXC11BRC9BRx,,
M03093[c],,FAOXC11C9m,,
galacgalfuc12gal14acglcgalgluside_hs[c],,FAOXC121C101m,,
fucgalacgalfuc12gal14acglcgalgluside_hs[c],,FAOXC121C10x,,
M02163[c],,FAOXC121x,,
acglcgal14acglcgalgluside_hs[c],,FAOXC122C101m,,
galacglcgal14acglcgalgluside_hs[c],,FAOXC122m,,
acglc13galacglcgal14acglcgalgluside_hs[c],,FAOXC122x,,
galacglc13galacglcgal14acglcgalgluside_hs[c],,FAOXC123C102m,,
fucgalacglc13galacglcgal14acglcgalgluside_hs[c],,FAOXC123C102x,,
M01886[c],,FAOXC123m,,
fuc132galacglcgal14acglcgalgluside_hs[c],,FAOXC123x,,
M03132[c],,FAOXC12C10m,,
fucgalacglcgal14acglcgalgluside_hs[c],,FAOXC12C10x,,
fucfucgalacglcgal14acglcgalgluside_hs[c],,FAOXC12C12OHm,,
acgalfucgalacglcgal14acglcgalgluside_hs[c],,FAOXC12DCC10DCx,,
galacgalfucgalacglcgal14acglcgalgluside_hs[c],,FAOXC12DCTc,,
fucgalacgalfucgalacglcgal14acglcgalgluside_hs[c],,FAOXC12DCc,,
acglcgalacglcgal14acglcgalgluside_hs[c],,FAOXC12DCx,,
M02186[c],,FAOXC13BRC11BRx,,
M02490[c],,FAOXC13C11m,,
M01881[c],,FAOXC141C121m,,
CE7231[c],,FAOXC141C121x,,
M01213[c],,FAOXC141C141OHm,,
M01239[c],,FAOXC142C122m,,
M00297[c],,FAOXC142C122x,,
CE7228[c],,FAOXC142C142OHm,,
M00396[c],,FAOXC143C123m,,
M00414[c],,FAOXC143C123x,,
M00426[c],,FAOXC14C12m,,
M00430[c],,FAOXC14C12x,,
M01051[c],,FAOXC14C14OHm,,
M01208[c],,FAOXC14DCC12DCx,,
M00277[c],,FAOXC15ATPx,,
M00364[c],,FAOXC15BRC13BRx,,
5HPET[m],,FAOXC15C13m,,
CE6246[c],,FAOXC15NADPx,,
arachd[n],,FAOXC15NADx,,
M00377[c],,FAOXC161C141m,,
M00393[c],,FAOXC161C141x,,
M00390[c],,FAOXC161C161OHm,,
M00276[c],,FAOXC162C142m,,
M00296[c],,FAOXC162C162OHm,,
M00280[c],,FAOXC163C142x,,
CE2565[c],,FAOXC163C143m,,
CE2565[x],,FAOXC163C164Gm,,
C06314[n],,FAOXC163C164x,,
12HPET[r],,FAOXC163GC142m,,
12HPET[x],,FAOXC163Gm,,
gthox[r],,FAOXC163x,,
M00334[c],,FAOXC164C143m,,
M02098[c],,FAOXC164C143x,,
M03056[c],,FAOXC164C163x,,
M01203[c],,FAOXC164C165m,,
M01202[c],,FAOXC164C165x,,
M00005[c],,FAOXC164GC163m,,
CE2725[c],,FAOXC164m,,
CE2726[c],,FAOXC164x,,
CE2727[c],,FAOXC165C164m,,
M00310[c],,FAOXC165C164x,,
CE2728[c],,FAOXC16BRx,,
CE2729[c],,FAOXC16C14m,,
CE2449[c],,FAOXC16C14x,,
M00321[c],,FAOXC16C16OHm,,
CE4922[c],,FAOXC16DCC14DCx,,
M01111[e],,FAOXC16DCr,,
M00304[c],,FAOXC16OHC16r,,
M00320[c],,FAOXC17C15m,,
CE5663[c],,FAOXC181C161m,,
CE5525[r],,FAOXC181C161x,,
CE5976[r],,FAOXC181C181OHm,,
CE5178[r],,FAOXC182C162m,,
CE5178[x],,FAOXC182C182OHm,,
CE5178[m],,FAOXC183C163Gm,,
CE2445[x],,FAOXC183C163m,,
CE5179[m],,FAOXC184C163m,,
CE5352[m],,FAOXC184C163x,,
CE5352[x],,FAOXC184C164m,,
CE5179[x],,FAOXC184C164x,,
CE2446[c],,FAOXC184m,,
CE5350[c],,FAOXC184x,,
CE5350[m],,FAOXC185C164m,,
CE5350[x],,FAOXC185m,,
CE4987[m],,FAOXC18C18OHm,,
M00424[m],,FAOXC201C181x,,
CE4987[x],,FAOXC204C184m,,
CE6195[x],,FAOXC204C205x,,
CE6197[x],,FAOXC205C184x,,
HC02217[r],,FAOXC205C185m,,
HC02180[r],,FAOXC221C201x,,
M01167[c],,FAOXC225C204m,,
M00392[c],,FAOXC225C204x,,
M00381[c],,FAOXC225C226m,,
M00338[c],,FAOXC225C226x,,
M00382[c],,FAOXC225m,,
CE5708[c],,FAOXC225x,,
M00383[c],,FAOXC226C205m,,
CE6234[r],,FAOXC226C225m,,
HC01118[c],,FAOXC226C225x,,
Ssq23epx[c],,FAOXC226C227m,,
M00939[c],,FAOXC226m,,
M00937[c],,FAOXC227C226m,,
44mzym[c],,FAOXC22C20x,,
M00961[c],,FAOXC22C22DCHYr,,
M00957[c],,FAOXC22OHC22r,,
4mzym_int1[c],,FAOXC241C221x,,
4mzym_int2[c],,FAOXC24C22x,,
HC02110[c],,FAOXC3DC,,
M00963[c],,FAOXC4C2m,,
M00959[c],,FAOXC4C4DCc,,
M00955[c],,FAOXC5C3x,,
M01067[c],,FAOXC5C5DCc,,
zymst[c],,FAOXC5C5OHm,,
chlstol[c],,FAOXC5OHc,,
M00940[c],,FAOXC61C4m,,
M00938[c],,FAOXC61C4x,,
M00942[c],,FAOXC61m,,
M00962[c],,FAOXC61x,,
M00958[c],,FAOXC6C4m,,
M00954[c],,FAOXC6C4x,,
M00966[c],,FAOXC6DCC4DCx,,
M00967[c],,FAOXC7C5m,,
M00964[c],,FAOXC81C61m,,
M00960[c],,FAOXC81C61x,,
M00956[c],,FAOXC8C6m,,
M01068[c],,FAOXC8C6x,,
cholcoar[c],,FAOXC8DCC6DCx,,
cholcoas[m],,FAOXC9BRC7BRm,,
cholcoaone[m],,FAOXC9C7m,,
HC01459[m],,FAOXMC10OHMC10r,,
M01094[m],,FAOXOHC16C16DCc,,
CE5133[m],,FAOXOHC22C22DCc,,
M00617[x],,FAOXOHMC10DC10c,,
M00754[x],,FAOXTC101TC102m,,
HC00958[c],,FAOXTC102C101m,,
M00978[c],,FAOXTC122TC101m,,
M00976[c],,FAOXTC122m,,
M01081[c],,FAOXTC142TC122m,,
M01083[c],,FAOXTC162TC142m,,
M01077[c],,FAOXTC182TC162m,,
M01080[c],,FOAXC122C101x,,
M01077[m],,GLUTCOAACBP,,
M01080[m],,HDCACBP,,
M01076[m],,HDDACBP,,
M01079[m],,HDECAACBP,,
M00746[m],,HDECEACBP,,
M00753[m],,HEDCECRNe,,
M02977[m],,HEXCOAACBP,,
M00742[m],,HEXDCRNe,,
M02977[c],,HEXDIACtr,,
M00742[c],,HEXDICOAACBP,,
M00615[c],,HEXDICOAACBPx,,
M00743[c],,HIVCACBP,,
M00615[x],,HIVCRNe,,
M00743[x],,HOCDACBP,,
M00625[m],,HOCTDACBP,,
M00625[c],,HOCTDEC2CRNe,,
M00979[c],,HOCTDECCRNe,,
M00977[c],,HTDCACBP,,
M01082[c],,HTDCRNe,,
M01084[c],,IVCOAACBP,,
M01179[r],,IVCRNe,,
20ahchsterol[r],,LGNCCOAtcx,,
xoltri27[m],,NRVNCCOAtxc,,
M01092[m],,OCD11COACPT1,,
M01092[c],,OCD11CRNCACT,,
M01989[c],,OCD11CRNCPT2,,
M02155[c],,OCT11EFATP,,
M02935[c],,OCTDEC2ACBP,,
M01511[c],,OCTDECCACT,,
M01511[m],,OCTDECCPT1,,
M02935[m],,OCTDECCPT2,,
M00606[m],,OCTDECE1CRNe,,
M00579[m],,sink_octdececoa[c],,
M01014[c],,OMHDEACIDTD,,
20ahchsterol[c],,OMHDOCOSACTD,,
M02827[c],,OMHPALTD,,
M02663[c],,PRISTCOAtcx,,
M00405[c],,SBCOAACOTx,,
M00579[c],,SCP21cx,,
M00605[c],,SEBACACT,,
M02828[c],,SEBACIDtx,,
M02665[c],,SEBCOACROT,,
M01184[c],,SEBCOAPET,,
M00406[c],,STCOATxc,,
M00283[c],,STRDNCCOAtxc,,
M01075[c],,SUBEACtx,,
M01075[r],,SUBERCACT,,
M02760[c],,SUBERCROT,,
M02761[c],,SUBERICACT,,
M00603[c],,SUCCACT,,
M00285[c],,SUCCCROT,,
M00759[c],,SUCCOAPET,,
M00429[m],,SUCCTD,,
M00434[c],,TDCRNe,,
M00431[c],,sink_tetdec2coa[c],,
M00433[c],,TETDEC2CRNe,,
CE5256[l],,sink_tetdece1coa[c],,
CE5256[r],,TETDECE1CRNe,,
CE5255[l],,TIGCRNe,,
CE5255[r],,34DHPHELAT1tc,,
hestratriol[l],,4OHPROIMINOtc,,
CE5253[l],,ALAALACNc,,
C05301[l],,ALAALAPEPT1tc,,
CE5254[l],,ALAATB0tc,,
1a2425thvitd3[c],,ALAyLATthc,,
3ohxccoa[c],,ARGATB0tc,,
M00783[c],,ASCBSVCTtc,,
M00049[c],,ASNATB0tc,,
M02773[c],,ASNPHELAT2tc,,
M00898[c],,BALABETAtc,,
M00796[c],,BALAPAT1tc,,
M00062[c],,BGLUGCHe,,
M02693[c],,BGLUTCHLe,,
M00876[c],,BGLUTDECHOe,,
M00781[c],,BTNTe,,
M00047[c],,CARPEPT1tc,,
M02106[c],,CARhPTtc,,
M00888[c],,CBLTDe,,
M00791[c],,CBLtle,,
M00055[c],,CHOLESTTDe,,
M02615[c],,CYSATB0tc,,
M00910[c],,CYSPHELAT2tc,,
M00805[c],,CYSSNAT5tc,,
M00070[c],,CYSTALArBATtc,,
M03115[c],,CYSTLEUrBATtc,,
M00908[c],,FOLTle,,
M00803[c],,GALSGLT1le,,
M00068[c],,GLCSGLT1le,,
M03048[c],,GLNATB0tc,,
M00896[c],,GLNyLATthc,,
M00794[c],,GLYGLYCNc,,
M00060[c],,GLYGLYPEPT1tc,,
M02687[c],,GLYPHEPEPT1tc,,
M00874[c],,GLYPROPEPT1tc,,
M00779[c],,GLYSARCNc,,
M00045[c],,GLYSARPEPT1tc,,
M02099[c],,GLYSNAT5tc,,
M00887[c],,GUMDCHAe,,
M00790[c],,GUMGCHLe,,
M00054[c],,GUMTCHOLe,,
M00873[c],,HISCAT1,,
M00778[c],,HISSNAT5tc,,
M00044[c],,HIShPTtc,,
M00907[c],,HISyLATtc,,
M00802[c],,HISyLATthc,,
M00067[c],,HPETFABP1tc,,
M00879[c],,ILEATB0tc,,
M00715[c],,ILELAT1tc,,
M03016[c],,ILEPHELAT2tc,,
M00843[c],,LEUATB0tc,,
M00702[c],,LEUGLYPEPT1tc,,
M03014[c],,LEULEULAPc,,
M00852[c],,LEULEUPEPT1tc,,
M00707[c],,LEUPHELAT2tc,,
M03018[c],,LEUyLAThtc,,
M00839[c],,LINOFATPtc,,
M00699[c],,LYSATB0tc,,
M03011[c],,METATB0tc,,
M00871[c],,METyLATthc,,
M00704[c],,MTHFTe,,
M03017[c],,NACDe,,
CE4791[c],,NACHORCTL3le,,
M00860[c],,NCAMDe,,
M00085[c],,OCDEAFABP1tc,,
M03008[c],,OLEICFATPtc,,
M01217[c],,ORNALArBATtc,,
CE2539[c],,ORNLEUrBATtc,,
M00336[c],,PALFATPtc,,
focytC[c],,PCHOLHSTDe,,
ficytC[c],,PECDCHe,,
M00869[c],,PECGCHLe,,
M00086[c],,PECTCHLe,,
M03005[c],,PEHSFABPe,,
M00862[c],,PHEATB0tc,,
M00712[c],,PHEyLATthc,,
M03006[c],,PMTCOAFABP1tc,,
CE7081[x],,PNTORDe,,
M01729[c],,PROGLYPEPT1tc,,
M01729[m],,PROGLYPRO1c,,
M03049[c],,PROIMINOtc,,
M03049[m],,PSYGCHe,,
M03050[m],,PSYTCHe,,
M02973[c],,PSYTDECHe,,
M02973[m],,SBTle,,
M00129[m],,SERATB0tc,,
M02975[c],,TAGHSTDe,,
M02975[m],,TAUBETAtc,,
HC10784[m],,TAUPAT1c,,
M02976[c],,THMATPe,,
M02976[m],,THRATB0tc,,
M01141[m],,THRPHELAT2tc,,
M01191[m],,TRPATB0tc,,
M02102[c],,TYRATB0tc,,
M02102[m],,TYRPHELAT2tc,,
M00004[m],,VALATB0tc,,
M02103[c],,VALLAT1tc,,
M02103[m],,VALPHELAT2tc,,
M01237[m],,VITEtl,,
M00020[m],,VITKtl,,
vacccrn[c],,XOLEST2HSTDle,,
vacccrn[m],,1a25DHVITD3TRn,,
vacccoa[m],,25HVITD3c,,
M00127[m],,3AIB_Dtm,,
M02638[c],,3HCO3_NAt,,
M02638[m],,4ABUTtcn,,
M00116[m],,4HPROLTASCT1,,
M02611[c],,5MTHFt2le,,
M02611[m],,ADNK3,,
M02612[m],,ADNK4,,
M01776[c],,ADNt5le,,
M01776[m],,AHCYStd,,
M00018[m],,ALA-DTDe,,
M01777[c],,AMETtd,,
M01777[m],,ARACHFATPc,,
CE5151[m],,ASPDTDe,,
M01775[c],,ASPPROASCT1,,
M01775[m],,ASPte,,
M01236[m],,BIDGLCURr,,
M00122[c],,BTNt3ile,,
M00122[m],,CHOLESACATc,,
M00123[m],,CHOLESTle,,
M00100[c],,CHSTEROLtrc,,
M00100[m],,CRNrtx,,
M00101[m],,CYSAMOe,,
M02051[c],,CYTDt5le,,
M02051[m],,Coqe,,
M02052[m],,DATPtm,,
M01724[c],,DCTPtm,,
M01724[m],,DGTPtm,,
M01727[c],,DHAPtc,,
M01727[m],,DM_1a25dhvitd3[n],,
CE5155[m],,DM_4abut[n],,
M01726[c],,DM_5hpet[r],,
M01726[m],,DM_taur[c],,
M00006[m],,DM_pe_hs[r],,
M02637[c],,DM_pmtcoa[r],,
M02637[m],,DPCOAPPe,,
M00011[c],,DPMVDc,,
M00011[m],,DSREDUCr,,
M00012[m],,DTMPKm,,
M00342[c],,DTTPtm,,
M00342[m],,EX_4hpro[e],,
M00343[m],,EX_adpcbl[e],,
M00261[c],,EX_alaala[e],,
M00261[m],,EX_bglc[e],,
CE4854[m],,EX_carn[e],,
M01770[c],,EX_dchac[e],,
M01770[m],,EX_glgchlo[e],,
CE4843[m],,EX_gltcho[e],,
M00022[c],,EX_gltdechol[e],,
M00022[m],,EX_glygly[e],,
M00023[m],,EX_glysar[e],,
M00263[c],,EX_gum[e],,
M00263[m],,EX_gumdchac[e],,
CE4847[m],,EX_gumgchol[e],,
M01729[r],,EX_gumtchol[e],,
ddcacoa[r],,EX_leugly[e],,
M03049[r],,EX_leuleu[e],,
M03050[r],,EX_pect[e],,
M02973[r],,EX_pectindchac[e],,
tdcoa[r],,EX_pectingchol[e],,
ttdcrn[r],,EX_pectintchol[e],,
M00129[r],,EX_psyl[e],,
M02975[r],,EX_psylchol[e],,
HC10784[r],,EX_psyltchol[e],,
M02976[r],,EX_psyltdechol[e],,
M01141[r],,EX_sfcys[e],,
ptdcacrn[r],,EX_tdechola[e],,
ptdcacoa[r],,EX_cysam[e],,
hdd2crn[r],,EX_dpcoa[e],,
M01191[r],,EX_fmn[e],,
hpdcacrn[r],,EX_hyptaur[e],,
hpdcacoa[r],,EX_oh1[e],,
M02102[r],,EX_pan4p[e],,
M00004[r],,EX_ptth[e],,
M02103[r],,EX_q10[e],,
M01237[r],,EX_q10h2[e],,
stcrn[r],,FADDPle,,
odecrn[r],,FADH2ETC,,
M00020[r],,FADtm,,
vacccrn[r],,FE2DMT1,,
vacccoa[r],,FE3MTP1,,
elaidcrn[r],,FMNALKPle,,
M00127[r],,FOLt2le,,
M02638[r],,FRDPtcr,,
M00116[r],,G6PDH2c,,
lneldccrn[r],,GLCGLUT2,,
lneldccoa[r],,GLU5SAtmc,,
M02611[r],,GLUPROASCT1,,
M02612[r],,GLY3Pt,,
arachcrn[r],,GLYC3PFADm,,
arachcoa[r],,GLYC3Ptmc,,
M01777[r],,GLYCTDle,,
M01775[r],,GNDc,,
M01236[r],,GSNt5le,,
M01776[r],,HMGCOARc,,
M00018[r],,HYPTROXe,,
M00122[r],,INSK,,
M00123[r],,INSt5le,,
M00100[r],,IPDDI,,
M00101[r],,KHte,,
M02051[r],,LACLt,,
M02052[r],,LAPCOAe,,
M01724[r],,LEUGLYHYc,,
docoscoa[r],,MAL_Ltx,,
M01727[r],,MDHx,,
M01726[r],,MEVK1c,,
M00006[r],,MTHFR3,,
M02637[r],,NADtm,,
strdnccrn[r],,NADtx,,
eicostetcrn[r],,NODe,,
tmndnccrn[r],,OCDCAFATPc,,
clpndcrn[r],,P5CR,,
c226crn[r],,PAN4PPe,,
c226coa[r],,PGLc,,
M00011[r],,PHEMEe,,
M00012[r],,PMEVKc,,
M00342[r],,PNTEHe,,
M00343[r],,PNTOt5le,,
M00261[r],,PPItm,,
M00316[c],,PRO_Dtde,,
M00316[r],,PTCRTD,,
lnlncgcrn[r],,PTPATe,,
dlnlcgcrn[r],,Q10H2e,,
adrncrn[r],,RPEc,,
dcsptn1crn[r],,RTOTAL2FATPc,,
dcsptn1coa[r],,RTOTAL3FATPc,,
M01770[r],,RTOTALFATPc,,
M00022[r],,SBT_Dtde,,
M00023[r],,SFCYSc,,
M00263[r],,SFCYSe,,
M03046[c],,sink_5hpet[c],,
M03046[r],,SPMTDe,,
M03047[r],,SPRMTDe,,
lgnccrn[r],,TAURCHAe,,
ttccoa[r],,THMDt5le,,
nrvnccrn[r],,TTDCAFATPc,,
hexccrn[r],,URIt5le,,
hexccoa[r],,q10h2tc,,
M02111[c],,q10tm,,
M02111[r],,34HPPte,,
M02112[r],,3MOBte,,
tetpent3crn[r],,3MOPte,,
tetpent3coa[r],,4HPRO_LTte,,
tettet6crn[r],,4MOPte,,
tettet6coa[r],,5MTAte,,
tetpent6crn[r],,5OXPROt,,
M00112[c],,AHCYSte,,
M00112[r],,AICARte,,
ddca[r],,ANTHte,,
M03051[r],,CBASPte,,
ttdca[r],,DM_4hrpo,,
M02745[r],,DM_Lcystin,,
ttdcea[r],,DM_anth,,
M00117[r],,DM_fol,,
ptdca[r],,DM_ncam,,
M01197[r],,DM_pnto_R,,
hpdca[r],,EX_34hpp[e],,
M00003[r],,EX_3mob[e],,
M01238[r],,EX_3mop[e],,
elaid[r],,EX_4mop[e],,
M00019[r],,EX_5mta[e],,
vacc[r],,EX_5oxpro[e],,
lneldc[r],,EX_ahcys[e],,
M02613[r],,EX_aicar[e],,
arach[r],,EX_anth[e],,
CE2510[r],,EX_cbasp[e],,
M00017[r],,MAL_Lte,,
M01235[r],,OROTGLUt,,
M01207[r],,PNTOte,,
M02457[r],,IDOURte,,
M02053[r],,EX_idour[e],,
doco13ac[r],,5HOXINDOAtr,,
M01582[r],,GLYALDtr,,
M03045[r],,PEPtr,,
lgnc[r],,GUDACtr,,
nrvnc[r],,GUDACtr2,,
hexc[r],,LKYNRtr,,
M03153[r],,LKYNRtr2,,
eicostet[r],,LKYNRtr3,,
clpnd[r],,BALAPAT1tc2,,
tetpent3[r],,BALABETAtc2,,
crvnc[r],,CALAtr,,
M00010[r],,CRTNtr,,
M00341[r],,KYNATEtr,,
adrn[r],,KYNATEtr2,,
tettet6[r],,CITRtr,,
dcsptn1[r],,3ANTHRNtr,,
M00008[r],,THYMDtr2,,
M00021[r],,HKYNRtr,,
M00018[x],,QULNtr,,
M03047[x],,2PGtr,,
CE4855[x],,CARNtr,,
M02112[x],,CHOLPtr,,
M00049[x],,CYST_Ltr,,
M00783[x],,DCMPtr,,
CE2245[x],,DHAPtr,,
CE2249[x],,DMGLYtr,,
CE2253[x],,ETHAMPtr,,
CE2242[x],,FUMtr,,
CE2246[x],,G3PCtr,,
CE2250[x],,GLCURtr,,
CE2243[x],,ICITtr,,
CE2247[x],,L2AADPtr,,
CE2251[x],,XANtr,,
od2coa[x],,XMPtr,,
CE2248[x],,XTSNtr,,
HC01415[x],,3PGtr,,
HC01405[x],,UDPGLCURtr,,
HC01406[x],,IMPtr,,
HC01407[x],,GLYC3tr,,
HC01408[x],,NICRNtr,,
CE2242[m],,OROT5Ptr,,
CE2246[m],,EX_2pg[e],,
CE2250[m],,EX_5hoxindoa[e],,
CE2243[m],,EX_cala[e],,
CE2247[m],,EX_cholp[e],,
CE2251[m],,EX_crtn[e],,
CE2248[m],,EX_cyst_L[e],,
3ohodcoa[m],,EX_dcmp[e],,
M00044[m],,EX_dmgly[e],,
M00778[m],,EX_ethamp[e],,
M00873[m],,EX_g3pc[e],,
M00054[m],,EX_glyald[e],,
M00790[m],,EX_gudac[e],,
M00887[m],,EX_hcys_L[e],,
M00046[m],,EX_icit[e],,
M00780[m],,EX_kynate[e],,
M00875[m],,EX_L2aadp[e],,
M00061[m],,EX_Lkynr[e],,
M00795[m],,EX_pep[e],,
M00897[m],,EX_quln[e],,
M00069[m],,EX_xmp[e],,
M00804[m],,EX_xtsn[e],,
M00909[m],,EX_3pg[e],,
M00071[m],,EX_3hanthrn[e],,
M00806[m],,EX_udpglcur[e],,
M00911[m],,EX_hLkynr[e],,
M00056[m],,EX_nicrnt[e],,
M00792[m],,EX_orot5p[e],,
M00889[m],,EX_glyc3p[e],,
M00048[m],,ALAB0AT3tc,,
M00782[m],,ALAPAT4te,,
M00877[m],,ARACHDFATPtc,,
M00063[m],,ARGB0AT3tc,,
M00797[m],,ASNB0AT3tc,,
M00899[m],,BETBGTtc,,
CE5154[m],,BUTSMCT1,,
CE5153[m],,CLCFTRte,,
CE5152[m],,CRNATBtc,,
CE5150[m],,CRNCT2te,,
CE5148[m],,CYSB0AT3tc,,
CE5144[m],,DHEASABCCte,,
M03019[m],,DOPAENT4tc,,
M00172[m],,ESTRAABCtc,,
M00849[m],,ESTROSABCCte,,
M03022[m],,ESTRSABCtc,,
M01573[m],,FOLABCCte,,
M00885[m],,FOLOAT1tc,,
M03014[m],,FOLOAT2tc,,
M00702[m],,FOLOATPtc,,
M00843[m],,GABABGTtc,,
M03024[m],,GLNB0AT3tc,,
M00170[m],,GLUB0AT3tc,,
M00841[m],,GLYB0AT3tc,,
HC10695[m],,GSNt2r,,
M03016[x],,H2OGLYAQPt,,
M00715[x],,ILEB0AT3tc,,
M00879[x],,LEUB0AT3tc,,
CE5158[x],,LEUKABCtc,,
CE5157[x],,LGNCFATPtc,,
CE5156[x],,METB0AT3tc,,
CE5155[x],,NACSMCTte,,
CE5154[x],,PGLYCABCte,,
CE5153[x],,PHEB0AT3tc,,
CE5152[x],,PHEMEABCte,,
CE5151[x],,PPASMCT1,,
CE5150[x],,PROPAT4te,,
CE5148[x],,PSHSABCtc,,
CE5144[x],,PYRSMCT1,,
HC10856[x],,RETABCtc,,
HC10857[x],,SERB0AT3tc,,
HC10858[x],,SRTNENT4tc,,
M01191[x],,TCHOLABCtc,,
M03019[x],,TRPB0AT3tc,,
M00172[x],,TYRB0AT3tc,,
M00849[x],,VALB0AT3tc,,
M01141[x],,CAMPt,,
M03022[x],,CGMPt,,
M01573[x],,FRUt4,,
M00885[x],,GALt4,,
M03014[x],,GCHOLAt3,,
M00702[x],,GLCt4,,
M00843[x],,MANt4,,
vacccoa[x],,PHEMEt,,
M03024[x],,RIBFLVte,,
M00170[x],,TCHOLAt3,,
M00841[x],,TRPt,,
HC10695[x],,VITD3t2,,
CE5116[m],,r1492,,
CE5114[m],,CHSTEROLt,,
CE4791[m],,RETt,,
CE4793[m],,25HVITD3tin,,
CE2437[m],,AVITE1t,,
CE2438[m],,r0963,,
CE2439[m],,L_LACt4r,,
CE2440[m],,r0295,,
CE2441[m],,ARGSUCte,,
ac[x],,ACRNte,,
for[x],,PCRNte,,
HC02021[l],,LNELDCCRNte,,
HC02025[l],,ODECRNte,,
HC02026[l],,STCRNte,,
M01452[l],,PMTCRNte,,
M01453[l],,HDCECRNte,,
M01454[l],,EX_argsuc[e],,
M01455[l],,EX_acrn[e],,
M01456[l],,EX_pcrn[e],,
M01457[l],,EX_lneldccrn[e],,
M01458[l],,EX_odecrn[e],,
M01459[l],,EX_stcrn[e],,
M01460[l],,EX_pmtcrn[e],,
M01461[l],,EX_hdcecrn[e],,
M01462[l],,DM_ascb_L[c],,
M01463[l],,PCREATte,,
M01464[l],,HC00342te,,
M01465[l],,OCTAte,,
M01466[l],,C08261te,,
M01467[l],,BGLYte,,
M01468[l],,biomass_maintenance,,
M01469[l],,biomass_maintenance_noTrTr,,
M01470[l],,ALPA_HSx,,
M01471[l],,15KPROSTGF2c,,
M01472[l],,ADPOHc,,
M01473[l],,PHLAC,,
M01474[l],,AND19ONEc,,
M01475[l],,C14825c,,
M01476[l],,DESAT14_9,,
M01477[l],,21HPRGNLONE,,
M01478[l],,3MHISc,,
M01479[l],,HMCRNc,,
M01480[l],,PHACGLYc,,
M01481[l],,LCAT10e,,
M01482[l],,LCAT11e,,
M01483[l],,LCAT12e,,
M01484[l],,LCAT13e,,
M01485[l],,LCAT14e,,
M01486[l],,LCAT54e,,
M01487[l],,LCAT55e,,
M01490[l],,LCAT15e,,
M01491[l],,LCAT16e,,
M01492[l],,LCAT17e,,
M01494[l],,LCAT18e,,
M01495[l],,LCAT19e,,
M01496[l],,LCAT20e,,
M01497[l],,LCAT21e,,
M01498[l],,LCAT22e,,
M01501[l],,LCAT23e,,
M01502[l],,LCAT25e,,
M01506[l],,LCAT26e,,
M01508[l],,LCAT27e,,
M01509[l],,LCAT28e,,
M01510[l],,LCAT29e,,
ddca[l],,LCAT2e,,
M03051[l],,LCAT30e,,
ttdca[l],,LCAT31e,,
ttdcea[l],,LCAT32e,,
M00117[l],,LCAT33e,,
M02745[l],,LCAT34e,,
ptdca[l],,LCAT35e,,
M01197[l],,LCAT36e,,
hpdca[l],,LCAT37e,,
M00003[l],,LCAT38e,,
M01238[l],,LCAT39e,,
M00019[l],,LCAT3e,,
elaid[l],,LCAT40e,,
M00115[l],,LCAT41e,,
lneldc[l],,LCAT42e,,
M02613[l],,LCAT43e,,
arach[l],,LCAT44e,,
M00017[l],,LCAT45e,,
CE2510[l],,LCAT56e,,
M01235[l],,LCAT46e,,
M01207[l],,LCAT47e,,
M02457[l],,LCAT48e,,
M02053[l],,LCAT49e,,
docosac[l],,LCAT4e,,
doco13ac[l],,LCAT50e,,
M01582[l],,LCAT51e,,
M03045[l],,LCAT52e,,
lgnc[l],,LCAT53e,,
nrvnc[l],,LCAT57e,,
hexc[l],,LCAT5e,,
M03153[l],,LCAT6e,,
eicostet[l],,LCAT7e,,
clpnd[l],,LCAT8e,,
tetpent3[l],,LCAT9e,,
tethex3[l],,SMS1,,
M00010[l],,SMS10,,
M00341[l],,SMS11,,
M00260[l],,SMS12,,
M00315[l],,SMS16,,
adrn[l],,SMS13,,
tettet6[l],,SMS14,,
tetpent6[l],,SMS15,,
dcsptn1[l],,SMS2,,
M00008[l],,SMS3,,
M00021[l],,SMS4,,
M00265[l],,SMS5,,
M01452[r],,SMS6,,
M01453[r],,SMS7,,
M01454[r],,SMS8,,
M01455[r],,SMS9,,
M01456[r],,XOLEST183CEH,,
M01457[r],,XOLEST182CEH,,
M01458[r],,XOLEST181CEH,,
M01459[r],,XOLEST205CEH,,
M01460[r],,XOLEST204CEH,,
M01461[r],,XOLEST226CEH,,
M01462[r],,MAGLINL_HSe,,
M01463[r],,MAGOLE_HSe,,
M01464[r],,LPS5e,,
M01465[r],,LPS6e,,
M01466[r],,LPS7e,,
M01467[r],,PCHOLMYR_HSPLA2,,
M01468[r],,PCHOLOLE_HSPLA2,,
M01469[r],,PEOLE_HSPLA2,,
M01470[r],,PCHOLPALME_HSPLA2,,
M01471[r],,PCHOLPALM_HSPLA2,,
M01472[r],,PEPALM_HSPLA2,,
M01473[r],,PAILPALM_HSPLA2,,
M01474[r],,PCHOLSTE_HSPLA2,,
M01475[r],,PCHOL2LINL_HSPLA2,,
M01476[r],,PE2LINL_HSPLA2,,
M01477[r],,PCHOL2OLE_HSPLA2,,
M01478[r],,PCHOL2PALM_HSPLA2,,
M01479[r],,PCHOL2STE_HSPLA2,,
M01480[r],,PCHOLN15_HSPLA2,,
M01481[r],,PCHOLAR_HSPLA2,,
M01482[r],,PCHOLN183_HSPLA2,,
M01483[r],,PCHOLN1836_HSPLA2,,
M01484[r],,PCHOLN19_HSPLA2,,
M01485[r],,PCHOLN201_HSPLA2,,
M01486[r],,PCHOLN204_HSPLA2,,
M01487[r],,PCHOLN205_HSPLA2,,
M01489[r],,PCHOLN224_HSPLA2,,
M01490[r],,PCHOLN225_HSPLA2,,
M01491[r],,PCHOLN2254_HSPLA2,,
M01492[r],,PCHOLN226_HSPLA2,,
M01494[r],,PEAR_HSPLA2,,
M01495[r],,PE203_HSPLA2,,
M01496[r],,PE226_HSPLA2,,
M01497[r],,PE224_HSPLA2,,
M01498[r],,PEDH203_HSPLA2,,
M01501[r],,PEDH12_HSPLA2,,
M01502[r],,PEDH14_HSPLA2,,
M01506[r],,PEDH161_HSPLA2,,
M01508[r],,PEDH13_HSPLA2,,
M01509[r],,PEDH15_HSPLA2,,
M01510[r],,PEDH17_HSPLA2,,
M00115[r],,PCHOLN203_HSPLA2,,
M00260[r],,PAILAR_HSPLA2,,
M00315[r],,PCHOLN24_HSPLA2,,
M00265[r],,PCHOLN261_HSPLA2,,
dna[c],,PCHOLN281_HSPLA2,,
dna5mtc[c],,PCHOLN28_HSPLA2,,
M01572[c],,PCHOLDOC_HSPLA2,,
M02127[n],,PCHOLDEIC_HSPLA2,,
amp[n],,PCHOLDET_HSPLA2,,
sbt_D[g],,PCHOLHEP_HSPLA2,,
sbt_D[l],,PCHOLLINL_HSPLA2,,
CE3074[c],,PELINL_HSPLA2,,
M00646[c],,CE4843HYDc,,
CE2120[c],,HXCOAc,,
M01408[c],,TETDECA511ACc,,
M01757[c],,HDCAc,,
M01358[m],,GPDDACHOL,,
M01631[m],,ACLYSHYc,,
M02050[c],,HMCARNc,,
M01957[c],,METTRANSc,,
HC01609[c],,METDECARc,,
nadh[e],,3MTPte,,
dsT_antigen[c],,EX_3mtp[e],,
M03081[c],,ELAIDCRNte,,
M02421[c],,GLYC2P3Pc,,
M03063[c],,LNLCCRNNAt,,
M02335[c],,PHLACHt,,
M03064[c],,TTDCRNNAt,,
M02340[c],,12HPETATP,,
M03065[c],,15HPETATP,,
M02341[c],,15KPROSTGF2t,,
M03066[c],,21HPRGNLONEt1,,
M02342[c],,21HPRGNLONEt2,,
M03067[c],,2OXOADPt,,
M02351[c],,34HPLte,,
M03068[c],,3HMPtd,,
M02376[c],,3HPPNOHGLUCte,,
M03069[c],,3HPPPNOHc,,
M02377[c],,3HPPt,,
M03070[c],,3MHISt1,,
M02006[c],,3MHISt2,,
M03071[c],,3MHISt3,,
M02380[c],,3MOXTYRt,,
M03072[c],,3UIBtd,,
M02401[c],,4AABUTNt,,
M03073[c],,4TMEABUTNt1,,
M02404[c],,4TMEABUTNt2,,
M03074[c],,56DTHMt,,
M02405[c],,56DTHMtd,,
M03075[c],,56DURAt,,
M02408[c],,56DURAtd,,
M02576[c],,5AOPt,,
M03076[c],,5HPETATP,,
M02412[c],,5HPETtd,,
M03077[c],,7DHCHSTEROLt,,
M02415[c],,7DHCHSTEROLtd,,
M03078[c],,ABT_Dt,,
M02416[c],,ABT_Dt2,,
M03079[c],,ABTD1,,
M02419[c],,ACGLUtd,,
M03080[c],,ACGLYtc,,
M02420[c],,ACGLYte,,
M03082[c],,ACLYSt,,
M02423[c],,ACLYStm,,
M02012[c],,ACORNt,,
M01358[c],,ACTHRtc,,
M02757[c],,ACTHRte,,
M02414[c],,ADPACtd,,
HC02222[c],,ADPOHt,,
M02935[l],,ALLTNt,,
M01358[l],,AMETt,,
M02414[l],,AND19ONEt,,
M02414[e],,ARACHETH,,
M02047[l],,BILIVERDt,,
pchol_hs[l],,C02356t,,
pe_hs[l],,C02712te,,
ps_hs[l],,C02712tm,,
M02048[r],,C03990ATP,,
M02352[l],,C03990t,,
lpchol_hs[l],,C03990tr,,
M02353[r],,C03990tx,,
M03146[l],,C04483t1,,
pail_hs[l],,C04483t2,,
M03147[r],,C04717ATP,,
M01569[l],,C04717td,,
M02958[l],,C04805ATP,,
M01352[l],,C04805td,,
HC02066[l],,C05463t1,,
ocdca[r],,C05463t2,,
M02757[l],,C05953t,,
M00245[c],,C05953td,,
M00684[c],,C05953tm,,
M01995[c],,C05953tr,,
h2co3[e],,C05957t,,
dhlam[c],,C05957td,,
M00209[c],,C06314t,,
dad_5[c],,C06315t,,
M02397[c],,C06439t,,
M00210[c],,C06439td,,
M00208[c],,C06439tn,,
CE7145[m],,C11695td,,
CE5850[m],,C14768ATP,,
CE5851[m],,C14768td,,
CE5849[m],,C14769td1,,
CE5845[m],,C14769td2,,
CE1925[m],,EX_C14769[e],,
M01938[e],,C14770ATP,,
M01938[c],,C14771ATP,,
M01938[r],,C14825ATP,,
CE7072[m],,C14825td,,
CE5846[m],,C14826ATP,,
CE5847[m],,C14826td,,
CE5848[m],,CE0328t,,
CE5723[m],,CE0955te,,
CE1926[m],,CE0955tr,,
CE5723[c],,CE1243ATP,,
CE4898[m],,CE1273t1,,
CE5718[m],,CE1273t2,,
CE5719[m],,CE1297t,,
CE5721[m],,CE1297td,,
CE5843[m],,CE1554t,,
CE5855[m],,CE1556td,,
CE5856[m],,CE2028t,,
CE5844[m],,CE2176t,,
mi1456p[c],,CE2445t,,
pail5p_hs[g],,CE2510t,,
M03122[c],,CE2513ATP,,
M01032[c],,CE2513td,,
M00535[c],,CE2516t,,
M02838[c],,CE2537ATP,,
M00292[c],,CE4843t,,
CE5652[c],,CE4843td,,
CE5652[r],,CE5304t,,
oretn[r],,CE6031t,,
CE2963[r],,CE6247t,,
CE6583[c],,CE7082ATP,,
CE6585[c],,CE7083t,,
CE6584[c],,CE7172ATP,,
CE2956[c],,CORTSNt,,
CE2956[r],,CORTSNti,,
CE2954[c],,DIDECAETH,,
CE2954[r],,DIHOLINETH,,
CE2960[c],,DOCOHEXETHc,,
CE2960[r],,DOCTETETH,,
M02605[c],,DODECANACt,,
M00647[c],,DODECANACtd,,
M00819[c],,ELAIDCRNtd,,
M00643[c],,EX_12HPET[e],,
coucoa[c],,EX_15HPET[e],,
4hbzcoa[c],,EX_15kprostgf2[e],,
M02146[c],,EX_21hprgnlone[e],,
i[r],,EX_2oxoadp[e],,
HC02187[r],,EX_34hpl[e],,
M00658[m],,EX_3hmp[e],,
M01165[m],,EX_3hpp[e],,
M00770[m],,EX_3hpppnohgluc[e],,
peplys[c],,EX_3mhis[e],,
M00213[c],,EX_3uib[e],,
Ndmelys[c],,EX_4aabutn[e],,
Ntmelys[c],,EX_4tmeabutn[e],,
M02767[c],,EX_56dthm[e],,
M01036[c],,EX_56dura[e],,
M00232[c],,EX_5HPET[e],,
M01378[c],,EX_7dhchsterol[e],,
M00944[c],,EX_acgly[e],,
M01377[c],,EX_aclys[e],,
M01241[c],,EX_acorn[e],,
M01175[c],,EX_acthr_L[e],,
M01376[c],,EX_adpac[e],,
M01242[c],,EX_adpoh[e],,
M00034[c],,EX_amet[e],,
M00031[c],,EX_and19one[e],,
M00243[c],,EX_aracheth[e],,
M02557[c],,EX_biliverd[e],,
M00246[c],,EX_C02356[e],,
M00244[c],,EX_C02712[e],,
M00538[c],,EX_C04717[e],,
M00250[c],,EX_C04805[e],,
M00251[c],,EX_C05957[e],,
M00668[c],,EX_C06314[e],,
M00033[c],,EX_C06315[e],,
M01302[c],,EX_C11695[e],,
M01300[c],,EX_C14768[e],,
M01301[c],,EX_C14770[e],,
M01297[c],,EX_C14771[e],,
M01299[c],,EX_C14825[e],,
M01295[c],,EX_C14826[e],,
M01294[c],,EX_CE0955[e],,
M00229[c],,EX_CE1273[e],,
M01156[c],,EX_CE1297[e],,
M01318[c],,EX_CE1554[e],,
M03044[c],,EX_CE1557[e],,
M02850[c],,EX_CE2028[e],,
M02144[c],,EX_CE2176[e],,
M02954[c],,EX_CE2445[e],,
M01692[c],,EX_CE2537[e],,
M01691[c],,EX_CE4843[e],,
M01441[c],,EX_CE5304[e],,
M01440[c],,EX_CE6031[e],,
M03041[c],,EX_CE6247[e],,
M03043[c],,EX_CE7082[e],,
M03042[c],,EX_CE7083[e],,
M01403[c],,EX_CE7172[e],,
M01407[c],,EX_cortsn[e],,
M00724[c],,EX_didecaeth[e],,
M01406[c],,EX_diholineth[e],,
M00974[c],,EX_docohxeth[e],,
M00975[c],,EX_docteteth[e],,
M00973[c],,EX_dodecanac[e],,
M00972[c],,EX_elaidcrn[e],,
M01405[c],,EX_forglu[e],,
M00637[c],,EX_HC00319[e],,
M00571[c],,EX_HC00900[e],,
M01404[c],,EX_hepdeceth[e],,
M00435[c],,EX_hexdeceeth[e],,
M01196[c],,EX_hexdiac[e],,
M01173[c],,EX_hgentis[e],,
M03032[c],,EX_hmcarn[e],,
M00030[c],,EX_hmcr[e],,
M01195[c],,EX_hxcoa[e],,
M03038[c],,EX_leuktrB4wcooh[e],,
M00932[c],,EX_leuktrB4woh[e],,
M00929[c],,EX_lineth[e],,
M00951[c],,EX_lnlccrn[e],,
M00992[c],,EX_Lpipecol[e],,
M00927[c],,EX_lthstrl[e],,
M00226[c],,EX_magarachi_hs[e],,
M01320[c],,EX_maglinl_hs[e],,
M00928[c],,EX_magole_hs[e],,
M02607[c],,EX_magpalm_hs[e],,
M00930[c],,EX_magste_hs[e],,
M00931[c],,EX_mev_R[e],,
M00985[c],,EX_mi1p_D[e],,
M02589[c],,EX_Nacasp[e],,
M00917[c],,EX_nwharg[e],,
M01025[c],,EX_oleth[e],,
M02608[c],,EX_pailar_hs[e],,
M01035[c],,EX_pailpalm_hs[e],,
M01929[c],,EX_pailste_hs[e],,
M01319[c],,EX_pchol2linl_hs[e],,
M00225[c],,EX_pchol2ole_hs[e],,
M00545[c],,EX_pchol2palm_hs[e],,
M00546[c],,EX_pchol2ste_hs[e],,
M00542[c],,EX_pcholar_hs[e],,
M00541[c],,EX_pcholdoc_hs[e],,
M00540[c],,EX_pcholeic_hs[e],,
M00547[c],,EX_pcholet_hs[e],,
M00544[c],,EX_pcholhep_hs[e],,
M00543[c],,EX_pchollinl_hs[e],,
M00548[c],,EX_pcholmyr_hs[e],,
M02580[c],,EX_pcholn15_hs[e],,
M00539[c],,EX_pcholn183_hs[e],,
M00228[c],,EX_pcholn1836_hs[e],,
M00568[c],,EX_pcholn19_hs[e],,
M02853[c],,EX_pcholn201_hs[e],,
M00567[c],,EX_pcholn203_hs[e],,
M00227[c],,EX_pcholn204_hs[e],,
M00565[c],,EX_pcholn205_hs[e],,
M00566[c],,EX_pcholn224_hs[e],,
M00676[c],,EX_pcholn225_hs[e],,
M01444[c],,EX_pcholn2254_hs[e],,
M02854[c],,EX_pcholn226_hs[e],,
M01443[c],,EX_pcholn24_hs[e],,
M00242[c],,EX_pcholn261_hs[e],,
M00636[c],,EX_pcholn28_hs[e],,
M02143[c],,EX_pcholn281_hs[e],,
M02861[c],,EX_pcholole_hs[e],,
M01978[c],,EX_pcholpalm_hs[e],,
M02855[c],,EX_pcholpalme_hs[e],,
C07535[e],,EX_pcholste_hs[e],,
M03044[e],,EX_pcollg5hlys[e],,
M01403[e],,EX_pe12_hs[e],,
CN0020[e],,EX_pe13_hs[e],,
M00932[e],,EX_pe14_hs[e],,
M00545[e],,EX_pe15_hs[e],,
M00228[e],,EX_pe161_hs[e],,
M00242[e],,EX_pe17_hs[e],,
selni[c],,EX_pe203_hs[e],,
M02469[c],,EX_pe224_hs[e],,
M02895[c],,EX_pe226_hs[e],,
M01618[c],,EX_pe2linl_hs[e],,
M02488[c],,EX_pear_hs[e],,
M01281[c],,EX_pedh203_hs[e],,
M02847[c],,EX_pelinl_hs[e],,
M00200[c],,EX_pendecaeth[e],,
M02898[c],,EX_peole_hs[e],,
M00194[c],,EX_pepalm_hs[e],,
M00195[c],,EX_peste_hs[e],,
M01805[c],,EX_pmeth[e],,
M00677[c],,EX_saccrp_L[e],,
M01871[g],,EX_sebacid[e],,
M01872[g],,EX_sphmyln180241_hs[e],,
M01872[e],,EX_sphmyln18114_hs[e],,
sTn_antigen[c],,EX_sphmyln18115_hs[e],,
acgpail_hs[r],,EX_sphmyln18116_hs[e],,
gpail_hs[r],,EX_sphmyln181161_hs[e],,
M01142[r],,EX_sphmyln18117_hs[e],,
Ser_Gly_Ala_X_Gly[c],,EX_sphmyln18118_hs[e],,
doldp_L[c],,EX_sphmyln181181_hs[e],,
M01865[c],,EX_sphmyln18120_hs[e],,
M01895[c],,EX_sphmyln181201_hs[e],,
M01896[r],,EX_sphmyln18121_hs[e],,
M01897[r],,EX_sphmyln18122_hs[e],,
M01898[r],,EX_sphmyln181221_hs[e],,
M01867[r],,EX_sphmyln18123_hs[e],,
Asn_X_Ser_Thr[c],,EX_sphmyln1824_hs[e],,
M01869[g],,EX_sphmyln1825_hs[e],,
M01870[g],,EX_steeth[e],,
M01870[e],,EX_subeac[e],,
Ser_Gly_Ala_X_Gly[g],,EX_tetdeca511ac[e],,
akgp_hs[x],,EX_tetdecaeth[e],,
M00223[c],,EX_thrnt[e],,
M00512[c],,EX_tmlys[e],,
M00627[c],,EX_trideceth[e],,
M00224[c],,EX_ttdcrn[e],,
M00222[c],,EX_txb2[e],,
M00206[c],,EX_urcan[e],,
M00218[c],,EX_wharachd[e],,
M00217[c],,EX_xolest181_hs[e],,
M02893[c],,EX_xolest182_hs[e],,
M00197[c],,EX_xolest183_hs[e],,
M00199[c],,EX_xolest204_hs[e],,
M00215[c],,EX_xolest205_hs[e],,
M02496[c],,EX_xolest226_hs[e],,
M00673[c],,FORGLUt,,
apoC_Lys[e],,GALTt,,
M02506[c],,GLYACm,,
M02505[c],,LYSACm,,
M01750[c],,GLYC_Rt,,
M02828[m],,GLYC2Pte,,
M02665[m],,GLYCLTtd,,
M02807[c],,HC00319t1,,
M01388[c],,HC00319t2,,
M01389[c],,HC00900t1,,
citr_L[g],,HC00900t2,,
dopa[m],,HC00900t3,,
dopa[g],,HC00900t4,,
ditp[e],,HC02149td,,
M02050[e],,HEPDECETH,,
HC01361[c],,HEXDECEETH,,
hnifedipine[e],,HEXDIACATP,,
HC02065[l],,HEXDIACtd,,
M02645[c],,HGENTISt,,
HC02057[r],,HMCARNt,,
M03163[c],,HMCRNt,,
eumelanin[c],,HPPPNte,,
M02446[c],,HXCOAm,,
M02446[e],,HXCOAte,,
M02447[c],,HXCOAtx,,
M02447[e],,HXCOAx,,
M02449[c],,IND3ACt,,
M02449[e],,LCYSTt,,
M02451[c],,LEUKTRB4WCOOHt,,
M02451[e],,LEUKTRB4WOHt,,
M01966[c],,LEUKTRB4WOHtr,,
1p2cbxl[c],,LNLCCRNtd,,
M00561[c],,LPIPECOLt,,
h2co3[c],,LPIPECOLtx,,
h2co3[m],,LTHSTRLABCt,,
M02723[c],,LTHSTRLt,,
M02723[e],,MEV_Rt,,
M02957[e],,MI1Pt,,
xtp[e],,NACASPt,,
itacon[c],,NWHARGtd,,
itacon[e],,OAAt,,
adpglc[e],,OLEETH,,
adpman[e],,pac,,
rbl_D[e],,PCOLLG5HLYStd,,
M01966[e],,PELINETH,,
M02155[e],,PENDECAETH,,
M01989[e],,PEPALM,,
zn2[g],,PROSTGI2c,,
zn2[r],,PSERtr,,
M01678[c],,SACCRP_Lte,,
M01677[c],,SACCRP_Ltm,,
M02671[c],,SEBACIDtd,,
M01437[c],,STEETH,,
M01436[c],,SUBEACtd,,
M00136[c],,TETDECA511ACt,,
M00137[c],,TETDECA511ACtd,,
M00193[c],,TETDECAETH,,
M00192[c],,THRACm,,
M03104[c],,THRNTt,,
M02988[c],,TMLYStd,,
M03105[c],,TRIDECETH,,
M00214[c],,TTDCEAATP,,
M02709[c],,TXB2c,,
M02710[c],,TXB2t,,
M00190[c],,URCANt,,
M00191[c],,WHARACHDt,,
M02127[c],,WHARACHDtd,,
M02128[c],,WHARACHDtr,,
M00201[c],,ACILEm,,
M01310[c],,ACILEtm,,
M00207[c],,ACILEte,,
M01360[c],,EX_acile_L[e],,
M01719[c],,ACLEUm,,
M01720[c],,ACLEUtm,,
M00216[c],,ACLEUte,,
M02918[c],,EX_acleu_L[e],,
M00203[c],,ACHOMtm,,
M00202[c],,ACHOMte,,
M02669[c],,EX_achom_L[e],,
CE5799[c],,PHACGLYt,,
CE5800[c],,EX_phacgly[e],,
M02840[c],,ESTRIOLATP,,
M02743[c],,EX_estriol[e],,
M01166[c],,DDCAFATP,,
M02989[c],,EX_3hpppn[e],,
M01317[c],,EX_3moxtyr[e],,
M01676[c],,EX_5aop[e],,
M00915[c],,EX_abt_D[e],,
M02755[c],,EX_acglu[e],,
M01129[c],,EX_alltn[e],,
M00096[c],,EX_CE2510[e],,
M01864[c],,EX_CE2516[e],,
M02438[c],,EX_ddca[e],,
M02437[c],,EX_glyc_R[e],,
M02436[c],,EX_glyc2p[e],,
M02435[c],,EX_glyclt[e],,
M02627[c],,EX_Lcyst[e],,
M02005[c],,EX_oaa[e],,
dmlarg[c],,EX_pac[e],,
M01707[c],,EX_phlac[e],,
M03053[c],,EX_pser_L[e],,
M03054[c],,EX_ttdcea[e],,
M02545[c],,TTDCEAt,,
M00220[c],,3HPPPNOHGLUCc,,
M00219[c],,ACHOMm,,
M03086[c],,HC02195c,,
M02820[c],,HC02196c,,
M03084[c],,HC02220c,,
M03061[c],,7KLITCHOLc,,
M03062[c],,HC02194c,,
M03059[c],,URSCHOLCOAc,,
M03058[c],,HC02197c,,
M02626[c],,HC02198c,,
M02625[c],,DCHOLESTANCOAc,,
M03083[c],,HC02195te,,
M03060[c],,HC02196te,,
M03085[c],,HC02194te,,
M03087[c],,HC02220te,,
M01367[c],,HC02191c,,
M02474[c],,XOL27OHtmc,,
M01251[c],,ALPA_HStc,,
M01341[c],,r0202m,,
M00187[c],,DM_K_c_,,
M02737[c],,BZCOAFm,,
M02542[c],,BGLYFm,,
M02541[c],,GLYNATm,,
M02513[c],,PHEACGLYsec,,
M02521[c],,PCSF,,
M01018[c],,INDOXYLF,,
M02702[c],,INDSF,,
M02701[c],,INDOLEup,,
M00155[c],,INDSt,,
M00823[c],,PCRESOLup,,
M00822[c],,PCSsec,,
M02911[c],,PCSup,,
M03145[c],,3HCINNMup,,
M02829[c],,3HCINNMsec,,
M03144[c],,3HPPAup,,
M02339[c],,3HPPAsec,,
M00196[c],,EX_3hcinnm[e],,
M02706[c],,EX_3hppa[e],,
M02707[c],,EX_bgly[e],,
M02375[c],,EX_pheacgly[e],,
M01128[c],,EX_bz[e],,
M02704[c],,EX_pcresol[e],,
M02703[c],,EX_pcs[e],,
M02708[c],,EX_inds[e],,
M02705[c],,NORMETEt,,
M02849[c],,MEPIt,,
M02848[c],,TREt,,
M02427[c],,C05300t,,
M02428[c],,RETINALt,,
M02002[c],,MALTTTRt,,
M02003[c],,1MNCAMt,,
M02700[c],,LEULEUt,,
M02699[c],,GLYPROt,,
M00188[c],,PROGLyt,,
M00189[c],,DHBPTt,,
M01838[c],,THBPTt,,
M02472[c],,ADPRIBte,,
M01710[c],,EX_normete_L[e],,
M02493[c],,EX_mepi[e],,
M00683[c],,EX_C05300[e],,
M00774[c],,EX_retinal[e],,
M02837[e],,EX_maltttr[e],,
M01114[c],,EX_1mncam[e],,
M02979[c],,EX_progly[e],,
M02742[c],,EX_dhbpt[e],,
M02801[c],,EX_thbpt[e],,
M02656[c],,EX_adprib[e],,
M02382[e],,DM_itp[n],,
M02382[c],,EX_alaargcys[e],,
M02035[c],,EX_alaarggly[e],,
M02035[e],,EX_alaasnleu[e],,
M02467[c],,EX_alaglylys[e],,
M02467[e],,EX_alahisala[e],,
M02821[e],,EX_alalysthr[e],,
M02821[c],,EX_argalaala[e],,
mg2[e],,EX_argalaphe[e],,
mg2[c],,EX_argalathr[e],,
cu2[e],,EX_argarg[e],,
cu2[c],,EX_argarglys[e],,
M01571[e],,EX_argargmet[e],,
M01571[c],,EX_argcysgly[e],,
gpi_sig[c],,EX_argcysser[e],,
m3gacpail_prot_hs[c],,EX_arggluglu[e],,
mem2emgacpail_prot_hs[c],,EX_argglupro[e],,
dem2emgacpail_prot_hs[c],,EX_argglygly[e],,
dgpi_prot_hs[c],,EX_arghisthr[e],,
gpi_sig[e],,EX_argleuphe[e],,
dad_5[e],,EX_arglysasp[e],,
M01881[e],,EX_argphearg[e],,
M03131[e],,EX_argpromet[e],,
n5m2masn[c],,EX_argprothr[e],,
n5m2masn[e],,EX_argserser[e],,
dgpi_prot_hs[e],,EX_argtyrval[e],,
dem2emgacpail_prot_hs[e],,EX_argvalcys[e],,
hretn[e],,EX_argvaltrp[e],,
kdn[e],,EX_asnasnarg[e],,
m3gacpail_prot_hs[e],,EX_asncyscys[e],,
eumelanin[e],,EX_asnmetpro[e],,
core5[c],,EX_asnpheasp[e],,
core7[c],,EX_asnphecys[e],,
core8[c],,EX_asntyrgly[e],,
mem2emgacpail_prot_hs[e],,EX_asntyrphe[e],,
HC02050[g],,EX_asntyrthr[e],,
dolichol_L[e],,EX_aspalaarg[e],,
M03159[c],,EX_aspasnglu[e],,
HC02050[r],,EX_aspglu[e],,
M03161[c],,EX_aspglupro[e],,
M03161[e],,EX_aspglutrp[e],,
pre_prot[c],,EX_asphiscys[e],,
pre_prot[e],,EX_asphispro[e],,
M03162[c],,EX_asplysglu[e],,
ocdca[l],,EX_asplyshis[e],,
M03164[c],,EX_aspmetasp[e],,
M03165[c],,EX_aspprolys[e],,
M03166[c],,EX_aspvalasn[e],,
M03167[c],,EX_cysasnmet[e],,
M03168[m],,EX_cysaspphe[e],,
M03169[c],,EX_cyscys[e],,
M03170[c],,EX_cysglnmet[e],,
M01602[c],,EX_cysgluhis[e],,
Temp001[c],,EX_cysglutrp[e],,
M02392[c],,EX_cysleuthr[e],,
M03139[c],,EX_cyssermet[e],,
M03140[c],,EX_cystyrasn[e],,
M03143[c],,EX_glnasngln[e],,
CE2445[m],,EX_glnhishis[e],,
HC10782[m],,EX_glnhislys[e],,
HC10853[m],,EX_glnlyslys[e],,
HC12594[m],,EX_glnlystrp[e],,
CE1944[m],,EX_glnproglu[e],,
12dhchol[c],,EX_glntrpglu[e],,
12dhchol[e],,EX_glntyrleu[e],,
3dhchol[c],,EX_gluargleu[e],,
3dhcdchol[c],,EX_gluasnleu[e],,
3dhcdchol[e],,EX_gluglu[e],,
3dhchol[e],,EX_gluilelys[e],,
3dhdchol[c],,EX_gluleu[e],,
3dhdchol[e],,EX_glumet[e],,
3dhlchol[c],,EX_glumethis[e],,
3dhlchol[e],,EX_gluthr[e],,
7dhcdchol[c],,EX_gluthrlys[e],,
7dhcdchol[e],,EX_glutrpala[e],,
7dhchol[c],,EX_glyhisasn[e],,
7dhchol[e],,EX_glyhislys[e],,
ca24g[c],,EX_glylyscys[e],,
ca24g[r],,EX_glylysphe[e],,
ca24g[e],,EX_glytyrlys[e],,
ca3s[c],,EX_glyvalhis[e],,
ca3s[e],,EX_hisargcys[e],,
cdca24g[c],,EX_hisargser[e],,
cdca24g[r],,EX_hisasp[e],,
cdca24g[e],,EX_hiscyscys[e],,
cdca3g[c],,EX_hisglnala[e],,
cdca3g[r],,EX_hisglu[e],,
cdca3g[e],,EX_hisglugln[e],,
hyochol[c],,EX_hisglylys[e],,
coprost[c],,EX_hishislys[e],,
coprost[e],,EX_hislysala[e],,
dca24g[c],,EX_hislysglu[e],,
dca24g[r],,EX_hislysile[e],,
dca24g[e],,EX_hislysthr[e],,
dca3g[c],,EX_hislysval[e],,
dca3g[r],,EX_hismet[e],,
dca3g[e],,EX_hismetgln[e],,
dca3s[c],,EX_hisphearg[e],,
dca3s[e],,EX_hisprolys[e],,
gca3s[c],,EX_histrphis[e],,
gcdca3s[c],,EX_ileargile[e],,
gdca3s[c],,EX_ileasnhis[e],,
gudca3s[c],,EX_ileasp[e],,
hca24g[c],,EX_ileglnglu[e],,
hca6g[c],,EX_ileglyarg[e],,
hdca24g[c],,EX_ileprolys[e],,
hdca6g[c],,EX_ileserarg[e],,
icdchol[c],,EX_iletrptyr[e],,
isochol[c],,EX_leualaarg[e],,
lca24g[c],,EX_leuasnasp[e],,
lca3g[c],,EX_leuasplys[e],,
lca3s[c],,EX_leuleutrp[e],,
tca3s[c],,EX_leupro[e],,
tcdca3s[c],,EX_leuproarg[e],,
tdca3s[c],,EX_leusertrp[e],,
thyochol[c],,EX_leutrp[e],,
tudca3s[c],,EX_leutrparg[e],,
uchol[c],,EX_leutyrtyr[e],,
udca3s[c],,EX_leuval[e],,
gca3s[e],,EX_lysargleu[e],,
gcdca3s[e],,EX_lyscyshis[e],,
gdca3s[e],,EX_lysglnphe[e],,
gudca3s[e],,EX_lysgluglu[e],,
hca24g[e],,EX_lyslyslys[e],,
hca6g[e],,EX_lyspheile[e],,
hdca24g[e],,EX_lystrparg[e],,
hdca6g[e],,EX_lystyrile[e],,
hyochol[e],,EX_lysvalphe[e],,
icdchol[e],,EX_lysvaltrp[e],,
isochol[e],,EX_metargleu[e],,
lca24g[e],,EX_metasntyr[e],,
lca3g[e],,EX_metglntyr[e],,
lca3s[e],,EX_metglyarg[e],,
tca3s[e],,EX_methislys[e],,
tcdca3s[e],,EX_metmetile[e],,
tdca3s[e],,EX_metphearg[e],,
thyochol[e],,EX_mettrpphe[e],,
tudca3s[e],,EX_pheasnmet[e],,
uchol[e],,EX_pheasp[e],,
udca3s[e],,EX_pheglnphe[e],,
hyochol[r],,EX_pheleu[e],,
hca24g[r],,EX_pheleuasp[e],,
hca6g[r],,EX_pheleuhis[e],,
M02155[r],,EX_phelysala[e],,
hdca24g[r],,EX_phelyspro[e],,
hdca6g[r],,EX_phephe[e],,
lca24g[r],,EX_phepheasn[e],,
lca3g[r],,EX_phephethr[e],,
tacr[r],,EX_pheproarg[e],,
12htacr[r],,EX_phesertrp[e],,
12htacr[c],,EX_phethrlys[e],,
12htacr[e],,EX_phetrpleu[e],,
13dmt[r],,EX_phetyr[e],,
1331tacr[r],,EX_phetyrgln[e],,
31dmt[r],,EX_phetyrlys[e],,
1331tacr[c],,EX_proargasp[e],,
1331tacr[e],,EX_proargcys[e],,
13dmt[c],,EX_proasncys[e],,
13dmt[e],,EX_procys[e],,
4ohmdz[r],,EX_proglnpro[e],,
14hmdz[r],,EX_proglulys[e],,
1ohmdz[r],,EX_prohis[e],,
14hmdz[c],,EX_prohistyr[e],,
14hmdz[e],,EX_proleuarg[e],,
15dmt[r],,EX_prolyspro[e],,
1513tacr[r],,EX_prophe[e],,
1513tacr[c],,EX_proproarg[e],,
1513tacr[e],,EX_propropro[e],,
1531tacr[r],,EX_protrplys[e],,
1531tacr[c],,EX_protrpthr[e],,
1531tacr[e],,EX_provalgln[e],,
15dmt[c],,EX_serargala[e],,
15dmt[e],,EX_serargtrp[e],,
1hibupglu_S[c],,EX_sercysarg[e],,
1hibupglu_S[e],,EX_serglyglu[e],,
1hibup_S[r],,EX_serlyshis[e],,
1hibupglu_S[r],,EX_serphelys[e],,
1hibup_S[c],,EX_sertrphis[e],,
1hibup_S[e],,EX_thrargtyr[e],,
1hmdgluc[r],,EX_thrasntyr[e],,
1hmdgluc[e],,EX_thrglnglu[e],,
1hmdgluc[c],,EX_thrglntyr[e],,
mdz[r],,EX_thrhishis[e],,
1ohmdz[c],,EX_thrilearg[e],,
1ohmdz[e],,EX_thrmetarg[e],,
2hatvacid[c],,EX_thrphearg[e],,
2hatvlac[c],,EX_thrserarg[e],,
2hatvacid[r],,EX_thrthrarg[e],,
2hatvacidgluc[r],,EX_thrtyrmet[e],,
2hatvacidgluc[c],,EX_trpalapro[e],,
2hatvacidgluc[e],,EX_trpargala[e],,
atvacid[r],,EX_trpaspasp[e],,
2hatvacid[e],,EX_trpglngln[e],,
2hatvlac[r],,EX_trpglugly[e],,
2hatvlacgluc[r],,EX_trpgluleu[e],,
2hatvlacgluc[c],,EX_trpglupro[e],,
2hatvlacgluc[e],,EX_trpglutyr[e],,
atvlac[r],,EX_trpglyleu[e],,
2hatvlac[e],,EX_trpglyphe[e],,
2hibupglu_S[c],,EX_trpglyval[e],,
2hibupglu_S[e],,EX_trphismet[e],,
2hibup_R[c],,EX_trpilelys[e],,
2hibup_R[e],,EX_trpiletrp[e],,
2hibup_S[r],,EX_trpleuval[e],,
2hibupglu_S[r],,EX_trplys[e],,
2hibup_S[c],,EX_trpmetarg[e],,
2hibup_S[e],,EX_trpmetval[e],,
31dmt[c],,EX_trpphe[e],,
31dmt[e],,EX_trpprogly[e],,
pvs[r],,EX_trpproleu[e],,
35dhpvs[r],,EX_trpproval[e],,
35dhpvs[c],,EX_trpsertyr[e],,
35dhpvs[e],,EX_trpthrglu[e],,
smv[r],,EX_trpthrile[e],,
35dsmv[r],,EX_trpthrtyr[e],,
35dsmv[c],,EX_trptyrgln[e],,
35dsmv[e],,EX_trptyrtyr[e],,
3hibupglu_S[c],,EX_trpvalasp[e],,
3hibupglu_S[e],,EX_tyrala[e],,
3hibup_R[c],,EX_tyralaphe[e],,
3hibup_R[e],,EX_tyrargglu[e],,
3hibup_S[r],,EX_tyrargser[e],,
3hibupglu_S[r],,EX_tyrasparg[e],,
3hibup_S[c],,EX_tyrcysgly[e],,
3hibup_S[e],,EX_tyrcysthr[e],,
3hlvst[c],,EX_tyrglu[e],,
3hlvstacid[c],,EX_tyrleuarg[e],,
3hlvstacid[e],,EX_tyrphetyr[e],,
3hpvscoa[m],,EX_tyrthr[e],,
3hpvstetcoa[m],,EX_tyrtrpphe[e],,
3hpvscoa[x],,EX_tyrtyr[e],,
3hpvstetcoa[x],,EX_tyrvalmet[e],,
3hpvstet[c],,EX_valarggly[e],,
3hpvstet[e],,EX_valhisasn[e],,
3hpvs[r],,EX_valleuphe[e],,
3hpvs[c],,EX_vallystyr[e],,
3hpvs[e],,EX_valphearg[e],,
3hsmv[c],,EX_valprotrp[e],,
3hsmvacid[c],,EX_valserarg[e],,
3hsmvacid[e],,EX_valtrpphe[e],,
6hsmv[r],,EX_valtrpval[e],,
3hsmv[r],,EX_valval[e],,
pvs[c],,EX_trpglyasp[e],,
3ispvs[c],,ALAARGCYSt,,
3ispvs[e],,ALAARGGLYt,,
3ohacmp[c],,ALAASNLEUt,,
3meacmp[c],,ALAGLYLYSt,,
acmp[r],,ALAHISALAt,,
3ohacmp[r],,ALALYSTHRt,,
3ohacmp[e],,ARGALAALAt,,
4bhglz[c],,ARGALAPHEt,,
4bhglz[e],,ARGALATHRt,,
glz[r],,ARGARGt,,
4bhglz[r],,ARGARGLYSt,,
4hatvacid[r],,ARGARGMETt,,
4hatvlac[c],,ARGCYSGLYt,,
4hatvacid[c],,ARGCYSSERt,,
4hatvacid[e],,ARGGLUGLUt,,
4hatvlac[r],,ARGGLUPROt,,
4hatvlac[e],,ARGGLYGLYt,,
4hmdgluc[c],,ARGHISTHRt,,
4hmdgluc[e],,ARGLEUPHEt,,
4hmdgluc[r],,ARGLYSASPt,,
4ohmdz[c],,ARGPHEARGt,,
4ohmdz[e],,ARGPROMETt,,
tripvs[r],,ARGPROTHRt,,
56dhpvs[r],,ARGSERSERt,,
56dhpvs[c],,ARGTYRVALt,,
56dhpvs[e],,ARGVALCYSt,,
3ispvs[r],,ARGVALTRPt,,
56eppvs[r],,ASNASNARGt,,
56eppvs[c],,ASNCYSCYSt,,
56eppvs[e],,ASNMETPROt,,
5ohfvs[r],,ASNPHEASPt,,
5ohfvsglu[r],,ASNPHECYSt,,
5ohfvsglu[c],,ASNTYRGLYt,,
5ohfvsglu[e],,ASNTYRPHEt,,
fvs[r],,ASNTYRTHRt,,
5ohfvs[c],,ASPALAARGt,,
5ohfvs[e],,ASPASNGLUt,,
6ahglz[c],,ASPGLUt,,
6ahglz[e],,ASPGLUPROt,,
6ahglz[r],,ASPGLUTRPt,,
6bhglz[c],,ASPHISCYSt,,
6bhglz[e],,ASPHISPROt,,
6bhglzglc[c],,ASPLYSGLUt,,
6bhglzglc[e],,ASPLYSHISt,,
6bhglz[r],,ASPMETASPt,,
6bhglzglc[r],,ASPPROLYSt,,
6csmv[c],,ASPVALASNt,,
6csmvacid[c],,CYSASNMETt,,
6csmvacid[e],,CYSASPPHEt,,
6msmv[r],,CYSCYSt,,
6csmv[r],,CYSGLNMETt,,
6epvs[c],,CYSGLUHISt,,
6epvs[e],,CYSGLUTRPt,,
6hlvst[c],,CYSLEUTHRt,,
6hlvstacid[c],,CYSSERMETt,,
6hlvst[e],,CYSTYRASNt,,
6hmsmv[c],,GLNASNGLNt,,
6hmsmvacid[c],,GLNHISHISt,,
6hmsmvacid[e],,GLNHISLYSt,,
6hmsmv[r],,GLNLYSLYSt,,
6hsmv[c],,GLNLYSTRPt,,
6hsmvacid[c],,GLNPROGLUt,,
6hsmvacid[e],,GLNTRPGLUt,,
6melvst[c],,GLNTYRLEUt,,
6melvacid[c],,GLUARGLEUt,,
6melvacid[e],,GLUASNLEUt,,
6melvst[e],,GLUGLUt,,
6ohfvsglu[r],,GLUILELYSt,,
6ohfvsglu[c],,GLULEUt,,
6ohfvsglu[e],,GLUMETt,,
6ohfvs[r],,GLUMETHISt,,
6ohfvs[c],,GLUTHRt,,
6ohfvs[e],,GLUTHRLYSt,,
7ahglz[c],,GLUTRPALAt,,
7ahglz[e],,GLYHISASNt,,
7ahglz[r],,GLYHISLYSt,,
7bhglz[c],,GLYLYSCYSt,,
7bhglz[e],,GLYLYSPHEt,,
7bhglzglc[c],,GLYTYRLYSt,,
7bhglzglc[e],,GLYVALHISt,,
7bhglz[r],,HISARGCYSt,,
7bhglzglc[r],,HISARGSERt,,
7hpvs[r],,HISASPt,,
7hpvs[c],,HISCYSCYSt,,
7hpvs[e],,HISGLNALAt,,
allop[e],,HISGLUt,,
allop[c],,HISGLUGLNt,,
acmp[c],,HISGLYLYSt,,
acmp[e],,HISHISLYSt,,
acmpglu[r],,HISLYSALAt,,
acmpglut[e],,HISLYSGLUt,,
acmpglut[c],,HISLYSILEt,,
acmpglu[c],,HISLYSTHRt,,
acmpglu[e],,HISLYSVALt,,
sulpacmp[c],,HISMETt,,
oxyp[c],,HISMETGLNt,,
am1csa[r],,HISPHEARGt,,
am19cs[r],,HISPROLYSt,,
am9csa[r],,HISTRPHISt,,
am19cs[c],,ILEARGILEt,,
am19cs[e],,ILEASNHISt,,
am1acs[c],,ILEASPt,,
am1a4ncs[c],,ILEGLNGLUt,,
am1a4ncs[e],,ILEGLYARGt,,
am1ccs[r],,ILEPROLYSt,,
am1accs[r],,ILESERARGt,,
am1accs[c],,ILETRPTYRt,,
am1accs[e],,LEUALAARGt,,
am1alcs[r],,LEUASNASPt,,
am1acs[r],,LEUASPLYSt,,
am1acs[e],,LEULEUTRPt,,
am1csa[c],,LEUPROt,,
am1alcs[c],,LEUPROARGt,,
am1alcs[e],,LEUSERTRPt,,
am1c9cs[c],,LEUTRPt,,
am1c4n9cs[c],,LEUTRPARGt,,
am1c4n9cs[e],,LEUTYRTYRt,,
am1c9cs[r],,LEUVALt,,
am1c9cs[e],,LYSARGLEUt,,
csa[r],,LYSCYSHISt,,
am1ccs[c],,LYSGLNPHEt,,
am1ccs[e],,LYSGLUGLUt,,
am1cglc[r],,LYSLYSLYSt,,
am1cglc[c],,LYSPHEILEt,,
am1cglc[e],,LYSTRPARGt,,
am1csa[e],,LYSTYRILEt,,
am9csa[c],,LYSVALPHEt,,
am4n9cs[c],,LYSVALTRPt,,
am4ncs[r],,METARGLEUt,,
am4n9cs[r],,METASNTYRt,,
am4n9cs[e],,METGLNTYRt,,
csa[c],,METGLYARGt,,
am4ncs[c],,METHISLYSt,,
am4ncs[e],,METMETILEt,,
am9csa[e],,METPHEARGt,,
atvacid[e],,METTRPPHEt,,
atvacid[c],,PHEASNMETt,,
atvlac[c],,PHEASPt,,
atvethgluc[r],,PHEGLNPHEt,,
atvacylgluc[r],,PHELEUt,,
atvlacgluc[r],,PHELEUASPt,,
atvlac[e],,PHELEUHISt,,
caribupglu_S[c],,PHELYSALAt,,
caribupglu_S[e],,PHELYSPROt,,
caribup_R[c],,PHEPHEt,,
caribup_R[e],,PHEPHEASNt,,
caribup_s[r],,PHEPHETHRt,,
caribupglu_S[r],,PHEPROARGt,,
caribup_s[c],,PHESERTRPt,,
caribup_s[e],,PHETHRLYSt,,
crglz[c],,PHETRPLEUt,,
crglz[e],,PHETYRt,,
mhglz[r],,PHETYRGLNt,,
crglz[r],,PHETYRLYSt,,
crvsm1[r],,PROARGASPt,,
crvsm24[r],,PROARGCYSt,,
crvsm1[c],,PROASNCYSt,,
crvsm1[e],,PROCYSt,,
crvsm23[r],,PROGLNPROt,,
crvs[e],,PROGLULYSt,,
crvs[c],,PROHISt,,
crvsm22[c],,PROHISTYRt,,
crvs[r],,PROLEUARGt,,
cvm1gluc[r],,PROLYSPROt,,
crvsm22[r],,PROPHEt,,
cvm23gluc[r],,PROPROARGt,,
crvsm23[c],,PROPROPROt,,
crvsm23[e],,PROTRPLYSt,,
crvsm24[c],,PROTRPTHRt,,
crvsm24[e],,PROVALGLNt,,
crvsm31[r],,SERARGALAt,,
csasulp[c],,SERARGTRPt,,
csasulp[e],,SERCYSARGt,,
csa[e],,SERGLYGLUt,,
cysacmp[c],,SERLYSHISt,,
meracmp[c],,SERPHELYSt,,
cysacmp[e],,SERTRPHISt,,
crvsm31[c],,THRARGTYRt,,
fvs[x],,THRASNTYRt,,
deoxfvs[x],,THRGLNGLUt,,
deoxfvs[c],,THRGLNTYRt,,
deoxfvs[e],,THRHISHISt,,
desfvs[r],,THRILEARGt,,
desfvs[c],,THRMETARGt,,
desfvs[e],,THRPHEARGt,,
dhglz[c],,THRSERARGt,,
dhglz[e],,THRTHRARGt,,
glz[c],,THRTYRMETt,,
dspvs[r],,TRPALAPROt,,
dspvs[c],,TRPARGALAt,,
dspvs[e],,TRPASPASPt,,
epoxtac[r],,TRPGLNGLNt,,
epoxtac[c],,TRPGLUGLYt,,
epoxtac[e],,TRPGLULEUt,,
fvs[e],,TRPGLUPROt,,
fvstet[e],,TRPGLUTYRt,,
fvstetglu[e],,TRPGLYLEUt,,
glc3meacp[e],,TRPGLYPHEt,,
glz[e],,TRPGLYVALt,,
gtacmp[e],,TRPHISMETt,,
ibup_R[e],,TRPILELYSt,,
ibup_S[e],,TRPILETRPt,,
ibupgluc[e],,TRPLEUVALt,,
isolvstacid[e],,TRPLYSt,,
lst4exp[e],,TRPMETARGt,,
lstn[e],,TRPMETVALt,,
lstn1gluc[e],,TRPPHEt,,
lstnm1[e],,TRPPROGLYt,,
lstnm2[e],,TRPPROLEUt,,
lstnm4[e],,TRPPROVALt,,
lstnm5[e],,TRPSERTYRt,,
lstnm7[e],,TRPTHRGLUt,,
lvst[e],,TRPTHRILEt,,
mdz[e],,TRPTHRTYRt,,
mdzglc[e],,TRPTYRGLNt,,
meracmp[e],,TRPTYRTYRt,,
mhglz[e],,TRPVALASPt,,
ndersv[e],,TYRALAt,,
nfd[e],,TYRALAPHEt,,
nfdac[e],,TYRARGGLUt,,
nfdlac[e],,TYRARGSERt,,
nfdnpy[e],,TYRASPARGt,,
nfdoh[e],,TYRCYSGLYt,,
oxyp[e],,TYRCYSTHRt,,
oxy1rb[e],,TYRGLUt,,
oxy7rb[e],,TYRLEUARGt,,
profvs[e],,TYRPHETYRt,,
ptvst[e],,TYRTHRt,,
ptvstlac[e],,TYRTRPPHEt,,
ptvstm3[e],,TYRTYRt,,
pvs[e],,TYRVALMETt,,
pvsgluc[e],,VALARGGLYt,,
rsv[e],,VALHISASNt,,
rsvlac[e],,VALLEUPHEt,,
s3meacmp[e],,VALLYSTYRt,,
smv[e],,VALPHEARGt,,
smvacid[e],,VALPROTRPt,,
stacmp[e],,VALSERARGt,,
sulpacmp[e],,VALTRPPHEt,,
tacr[e],,VALTRPVALt,,
tauribup_S[e],,VALVALt,,
thrfvs[e],,TRPGLYASPt,,
tlacfvs[e],,ALAARGCYSr,,
tmd[e],,ALAARGGLYr,,
tmdm1[e],,ALAASNLEUr,,
tmdm3[e],,ALAGLYLYSr,,
tmdm5[e],,ALAHISALAr,,
tripvs[e],,ALALYSTHRr,,
tsacmgluc[e],,ARGALAALAr,,
tsacmsul[e],,ARGALAPHEr,,
fvsgluc[r],,ARGALATHRr,,
fvstet[r],,ARGARGr,,
fvstetglu[r],,ARGARGLYSr,,
fvstetglu[c],,ARGARGMETr,,
fvstet[c],,ARGCYSGLYr,,
tlacfvs[r],,ARGCYSSERr,,
fvs[c],,ARGGLUGLUr,,
3meacmp[r],,ARGGLUPROr,,
glc3meacp[r],,ARGGLYGLYr,,
glc3meacp[c],,ARGHISTHRr,,
tmacmp[r],,ARGLEUPHEr,,
gtacmp[r],,ARGLYSASPr,,
gtacmp[c],,ARGPHEARGr,,
ibupgluc[c],,ARGPROMETr,,
ibup_S[r],,ARGPROTHRr,,
ibupgluc[r],,ARGSERSERr,,
ibup_R[c],,ARGTYRVALr,,
ibupcoa_R[c],,ARGVALCYSr,,
ibup_R[r],,ARGVALTRPr,,
2hibup_R[r],,ASNASNARGr,,
3hibup_R[r],,ASNCYSCYSr,,
ibupcoa_S[c],,ASNMETPROr,,
ibup_S[c],,ASNPHEASPr,,
tauribup_S[c],,ASNPHECYSr,,
isolvstacid[c],,ASNTYRGLYr,,
lst4exp[c],,ASNTYRPHEr,,
lstn[r],,ASNTYRTHRr,,
lst4exp[r],,ASPALAARGr,,
lstn1gluc[r],,ASPASNGLUr,,
lstn1gluc[c],,ASPGLUr,,
lstn[c],,ASPGLUPROr,,
lstnm1[r],,ASPGLUTRPr,,
lstnm1[c],,ASPHISCYSr,,
lstnm2[r],,ASPHISPROr,,
lstnm2[c],,ASPLYSGLUr,,
lstnm4[r],,ASPLYSHISr,,
lstnm4[c],,ASPMETASPr,,
lstnm5[r],,ASPPROLYSr,,
lstnm5[c],,ASPVALASNr,,
lstnm7[c],,CYSASNMETr,,
lstnm7[r],,CYSASPPHEr,,
lvstacid[c],,CYSCYSr,,
lvst[c],,CYSGLNMETr,,
lvstacid[e],,CYSGLUHISr,,
lvstacid[r],,CYSGLUTRPr,,
6hlvstacid[r],,CYSLEUTHRr,,
6melvacid[r],,CYSSERMETr,,
lvst[r],,CYSTYRASNr,,
3hlvst[r],,GLNASNGLNr,,
6hlvst[r],,GLNHISHISr,,
6melvst[r],,GLNHISLYSr,,
mdzglc[c],,GLNLYSLYSr,,
mdz[c],,GLNLYSTRPr,,
mhglz[c],,GLNPROGLUr,,
rsv[r],,GLNTRPGLUr,,
ndersv[r],,GLNTYRLEUr,,
ndersv[c],,GLUARGLEUr,,
nfdac[r],,GLUASNLEUr,,
nfdoh[r],,GLUGLUr,,
nfdac[c],,GLUILELYSr,,
nfdnpy[r],,GLULEUr,,
nfdoh[c],,GLUMETr,,
nfdlac[c],,GLUMETHISr,,
nfdnpy[c],,GLUTHRr,,
nfd[c],,GLUTHRLYSr,,
udprib[c],,GLUTRPALAr,,
oxy1rb[c],,GLYHISASNr,,
oxy7rb[c],,GLYHISLYSr,,
fvscoa[x],,GLYLYSCYSr,,
profvscoa[x],,GLYLYSPHEr,,
profvscoa[c],,GLYTYRLYSr,,
profvs[c],,GLYVALHISr,,
ptvst[c],,HISARGCYSr,,
ptvst[r],,HISARGSERr,,
ptvstgluc[r],,HISASPr,,
ptvstlac[r],,HISCYSCYSr,,
ptvstlac[c],,HISGLNALAr,,
ptvstm13[r],,HISGLUr,,
ptvstm3[c],,HISGLUGLNr,,
ptvstm3[r],,HISGLYLYSr,,
pvsgluc[r],,HISHISLYSr,,
pvsgluc[c],,HISLYSALAr,,
rsv[c],,HISLYSGLUr,,
rsvgluc[r],,HISLYSILEr,,
rsvlac[r],,HISLYSTHRr,,
rsvlac[c],,HISLYSVALr,,
s3meacmp[c],,HISMETr,,
smvacid[c],,HISMETGLNr,,
simvgluc[r],,HISPHEARGr,,
smvacid[r],,HISPROLYSr,,
smv[c],,HISTRPHISr,,
tmacmp[c],,ILEARGILEr,,
stacmp[c],,ILEASNHISr,,
tacr[c],,ILEASPr,,
thrfvs[c],,ILEGLNGLUr,,
thsacmp[r],,ILEGLYARGr,,
tlacfvs[c],,ILEPROLYSr,,
tmdm1[c],,ILESERARGr,,
tmd[r],,ILETRPTYRr,,
tmdm1[r],,LEUALAARGr,,
tmdm3[c],,LEUASNASPr,,
tmdm3[r],,LEUASPLYSr,,
tmdm5[c],,LEULEUTRPr,,
tmdm5[r],,LEUPROr,,
tmd[c],,LEUPROARGr,,
tripvs[c],,LEUSERTRPr,,
tsacmgluc[c],,LEUTRPr,,
tsacmgluc[r],,LEUTRPARGr,,
thsacmp[c],,LEUTYRTYRr,,
tsacmsul[c],,LEUVALr,,
3hpvscoa[c],,LYSARGLEUr,,
3hpvstetcoa[c],,LYSCYSHISr,,
fvscoa[c],,LYSGLNPHEr,,
mdzglc[r],,LYSGLUGLUr,,
ptvstm13[c],,LYSLYSLYSr,,
ptvstm13[e],,LYSPHEILEr,,
acmpglut[r],,LYSTRPARGr,,
cysacmp[r],,LYSTYRILEr,,
gly[r],,LYSVALPHEr,,
napqi[r],,LYSVALTRPr,,
paps[r],,METARGLEUr,,
pap[r],,METASNTYRr,,
cl[m],,METGLNTYRr,,
oh1[m],,METGLYARGr,,
caproic[e],,METHISLYSr,,
1a25dhvitd2[c],,METMETILEr,,
1a25dhvitd2[e],,METPHEARGr,,
protein[c],,METTRPPHEr,,
h[i],,PHEASNMETr,,
pi[i],,PHEASPr,,
,,PHEGLNPHEr,,
,,PHELEUr,,
,,PHELEUASPr,,
,,PHELEUHISr,,
,,PHELYSALAr,,
,,PHELYSPROr,,
,,PHEPHEr,,
,,PHEPHEASNr,,
,,PHEPHETHRr,,
,,PHEPROARGr,,
,,PHESERTRPr,,
,,PHETHRLYSr,,
,,PHETRPLEUr,,
,,PHETYRr,,
,,PHETYRGLNr,,
,,PHETYRLYSr,,
,,PROARGASPr,,
,,PROARGCYSr,,
,,PROASNCYSr,,
,,PROCYSr,,
,,PROGLNPROr,,
,,PROGLULYSr,,
,,PROHISr,,
,,PROHISTYRr,,
,,PROLEUARGr,,
,,PROLYSPROr,,
,,PROPHEr,,
,,PROPROARGr,,
,,PROPROPROr,,
,,PROTRPLYSr,,
,,PROTRPTHRr,,
,,PROVALGLNr,,
,,SERARGALAr,,
,,SERARGTRPr,,
,,SERCYSARGr,,
,,SERGLYGLUr,,
,,SERLYSHISr,,
,,SERPHELYSr,,
,,SERTRPHISr,,
,,THRARGTYRr,,
,,THRASNTYRr,,
,,THRGLNGLUr,,
,,THRGLNTYRr,,
,,THRHISHISr,,
,,THRILEARGr,,
,,THRMETARGr,,
,,THRPHEARGr,,
,,THRSERARGr,,
,,THRTHRARGr,,
,,THRTYRMETr,,
,,TRPALAPROr,,
,,TRPARGALAr,,
,,TRPASPASPr,,
,,TRPGLNGLNr,,
,,TRPGLUGLYr,,
,,TRPGLULEUr,,
,,TRPGLUPROr,,
,,TRPGLUTYRr,,
,,TRPGLYLEUr,,
,,TRPGLYPHEr,,
,,TRPGLYVALr,,
,,TRPHISMETr,,
,,TRPILELYSr,,
,,TRPILETRPr,,
,,TRPLEUVALr,,
,,TRPLYSr,,
,,TRPMETARGr,,
,,TRPMETVALr,,
,,TRPPHEr,,
,,TRPPROGLYr,,
,,TRPPROLEUr,,
,,TRPPROVALr,,
,,TRPSERTYRr,,
,,TRPTHRGLUr,,
,,TRPTHRILEr,,
,,TRPTHRTYRr,,
,,TRPTYRGLNr,,
,,TRPTYRTYRr,,
,,TRPVALASPr,,
,,TYRALAr,,
,,TYRALAPHEr,,
,,TYRARGGLUr,,
,,TYRARGSERr,,
,,TYRASPARGr,,
,,TYRCYSGLYr,,
,,TYRCYSTHRr,,
,,TYRGLUr,,
,,TYRLEUARGr,,
,,TYRPHETYRr,,
,,TYRTHRr,,
,,TYRTRPPHEr,,
,,TYRTYRr,,
,,TYRVALMETr,,
,,VALARGGLYr,,
,,VALHISASNr,,
,,VALLEUPHEr,,
,,VALLYSTYRr,,
,,VALPHEARGr,,
,,VALPROTRPr,,
,,VALSERARGr,,
,,VALTRPPHEr,,
,,VALTRPVALr,,
,,VALVALr,,
,,TRPGLYASPr,,
,,HOMOVALte,,
,,EX_homoval[e],,
,,GLYCLTtm,,
,,TYMc,,
,,DOPAc,,
,,PCHOL2PALM_HSte,,
,,XOLEST183te,,
,,XOLEST182_HSte,,
,,XOLEST181_HSte,,
,,XOLEST205_HSte,,
,,XOLEST204_HSte,,
,,XOLEST226_HSte,,
,,PE224_HSte,,
,,PCHOLN261_HSte,,
,,PCHOLN281_HSte,,
,,PCHOLN28_HSte,,
,,3BCRNtr,,
,,3DDCRNtr,,
,,3DECCRNtr,,
,,3HDECECRNtr,,
,,3HEXDCRNtr,,
,,3IVCRNtr,,
,,3OCTDEC2CRNtr,,
,,3OCTDECCRNtr,,
,,3OCTDECE1CRNtr,,
,,3TDCRNtr,,
,,3TETD7ECOACRNtr,,
,,3THEXDDCOACRNtr,,
,,3TTETDDCOACRNtr,,
,,ACRNtr,,
,,C101CRNtr,,
,,C10CRNtr,,
,,C10DCtr,,
,,C12DCtr,,
,,C16DCtr,,
,,C3DCtr,,
,,C4CRNtr,,
,,C4DCtr,,
,,C51CRNtr,,
,,C5DCtr,,
,,C6CRNtr,,
,,C6DCtr,,
,,C81CRNtr,,
,,C8CRNtr,,
,,C8DCtr,,
,,DDECCRNtr,,
,,DDECE1CRNtr,,
,,DECDICRNtr,,
,,DMHPTCRNtr,,
,,ELAIDCRNtr,,
,,HDCECRNtr,,
,,IVCRNtr,,
,,LNELDCCRNtr,,
,,LNLCCRNtr,,
,,ODECRNtr,,
,,PCRNtr,,
,,PMTCRNtr,,
,,STCRNtr,,
,,TETDEC2CRntr,,
,,TETDECE1CRNtr,,
,,TTDCRNtr,,
,,EX_sphmyln_hs[e],,
,,XOLEST183tl,,
,,XOLEST182tl,,
,,XOLEST181tl,,
,,VACCtl,,
,,XOLEST205tl,,
,,TMNDNCtl,,
,,XOLEST204tl,,
,,XOLEST226tl,,
,,CRVNCtl,,
,,BGLYtm,,
,,PHEACGLYtm,,
,,HXAt1,,
,,HXAt2,,
,,HXAt3,,
,,EX_hxa[e],,
,,TTDCEAc,,
,,PACCOALm,,
,,PACALDtm,,
,,BZtm,,
,,GNCORE1te,,
,,GNCORE2te,,
,,LHCYSTIN,,
,,LHCYSTINt,,
,,EX_Lhcystin[e],,
,,PA_HStm,,
,,FldAct,,
,,MALOAtm,,
,,MLTHFtm,,
,,2MOPtm,,
,,MMALtm,,
,,URIK3,,
,,PSDm_hsc,,
,,PGPP_hsc,,
,,CE2512te,,
,,CE0328te,,
,,r2514e,,
,,r2514m,,
,,RE2675C2,,
,,FAS180,,
,,3MOXTYRESSte,,
,,5AOPt2,,
,,ACNAMt2,,
,,ADRNLtu,,
,,AGPAT2,,
,,AGPAT3,,
,,AGPAT4,,
,,ARGtD,,
,,BANDMT,,
,,C160CPT2rbc,,
,,C181CPT2rbc,,
,,CA2t,,
,,DKMPPD2,,
,,DKMPPD3,,
,,DM_pe_hs[c],,
,,DM_adprbp[c],,
,,DM_akg[c],,
,,DM_bandmt[c],,
,,DM_for[c],,
,,DM_mi1345p[c],,
,,DM_mi134p[c],,
,,DM_mi145p[c],,
,,DM_mi14p[c],,
,,DM_pchol_hs[c],,
,,ETHAt,,
,,GTHOXti2,,
,,HCYSte,,
,,LNLCCPT2rbc,,
,,NORMETEVESSte,,
,,OROte,,
,,PPPGOc,,
,,sink_band[c],,
,,SPRMt2r,,
,,The,,
,,THMMPtrbc,,
,,THMtrbc,,
,,UGT1A10c,,
,,UNK3r,,
,,ACGALtr,,
,,ACNAMtr,,
,,CORE4t,,
,,CORE5t,,
,,CORE7t,,
,,CORE8t,,
,,DST_ANTIGENt,,
,,ETHAtr,,
,,GALAMtr,,
,,MK10t,,
,,MK11t,,
,,MK7t,,
,,MK9t,,
,,S2L2N2M2Mt,,
,,STN_ANTIGENt,,
,,EX_core4[e],,
,,EX_core5[e],,
,,EX_core7[e],,
,,EX_core8[e],,
,,EX_dsT_antigen[e],,
,,EX_f1a[e],,
,,EX_galam[e],,
,,EX_gncore1[e],,
,,EX_gncore2[e],,
,,EX_mqn10[e],,
,,EX_mqn11[e],,
,,EX_mqn7[e],,
,,EX_mqn9[e],,
,,EX_s2l2n2m2m[e],,
,,EX_sTn_antigen[e],,
,,DDCAte,,
,,EX_lpam[e],,
,,LPAMt,,
,,EX_acgal[e],,
,,EX_acnam[e],,
,,EX_pcreat[e],,
,,EX_HC00342[e],,
,,EX_C08261[e],,
,,EX_pa_hs[e],,
,,EX_CE2934[e],,
,,DM_mqn10[c],,
,,DM_mqn11[c],,
,,DM_mqn7[c],,
,,DM_mqn8[c],,
,,DM_mqn9[c],,
,,DM_galam[c],,
,,DM_C02712[c],,
,,F1Ate,,
,,F1Ate2,,
,,GNCORE1t,,
,,GNCORE2t,,
,,34HPLtm,,
,,3HMPtm,,
,,3HPPtm,,
,,ACGLUtm,,
,,LPAMtm,,
,,r2535m,,
,,PGP_hs_tm,,
,,CE2934t,,
,,C02592tx,,
,,PROSTGE2t2r,,
,,PROSTGE2t2m,,
,,ESTRr,,
,,ESTR2r,,
,,LTHSTRLtr,,
,,PGLYCtm,,
,,sink_11_cis_retfa[c],,
,,sink_25hvitd2[c],,
,,sink_9_cis_retfa[c],,
,,sink_C02528[c],,
,,sink_HC02191[c],,
,,sink_HC02192[c],,
,,sink_HC02193[c],,
,,sink_HC02194[c],,
,,sink_HC02195[c],,
,,sink_HC02196[c],,
,,sink_HC02197[c],,
,,sink_HC02198[c],,
,,sink_HC02220[c],,
,,sink_Tyr_ggn[c],,
,,sink_avite1[c],,
,,sink_btn[c],,
,,sink_c226coa[c],,
,,sink_chol[c],,
,,sink_cholate[c],,
,,sink_coa[c],,
,,sink_crvnc[c],,
,,sink_dgchol[c],,
,,sink_doco13ecoa[c],,
,,sink_fad[c],,
,,sink_fe3[c],,
,,sink_gchola[c],,
,,sink_glgchlo[c],,
,,sink_glygn2[c],,
,,sink_hdca[c],,
,,sink_lnlc[c],,
,,sink_lnlccoa[c],,
,,sink_lnlncacoa[c],,
,,sink_lnlncgcoa[c],,
,,sink_nad[c],,
,,sink_nadp[c],,
,,sink_odecoa[c],,
,,sink_phyQ[c],,
,,sink_pmtcoa[c],,
,,sink_pydam[c],,
,,sink_pydx[c],,
,,sink_pydxn[c],,
,,sink_retfa[c],,
,,sink_retinol[c],,
,,sink_stcoa[c],,
,,sink_tag_hs[c],,
,,sink_tchola[c],,
,,sink_tdchola[c],,
,,sink_tdechola[c],,
,,sink_thf[c],,
,,sink_thmpp[c],,
,,sink_thmtp[c],,
,,sink_tmndnc[c],,
,,sink_tmndnccoa[c],,
,,sink_vitd3[c],,
,,DXTRNt,,
,,EX_dxtrn[e],,
,,DHCHOLESTANATEATP,,
,,DHCHOLESTANATEt,,
,,EX_dhcholestanate[e],,
,,sink_dhcholestanate[c],,
,,THCHOLSTOICATP,,
,,THCHOLSTOICt,,
,,EX_thcholstoic[e],,
,,sink_thcholstoic[c],,
,,XOL7AH3ATP,,
,,XOL7AH3t,,
,,EX_xol7ah3[e],,
,,sink_xol7ah3[c],,
,,XOL7AONEATP,,
,,XOL7AONEt,,
,,EX_xol7aone[e],,
,,sink_xol7aone[c],,
,,XOLDIOLONEATP,,
,,EX_xoldiolone[e],,
,,sink_xoldiolone[c],,
,,7KILTCHOLATP,,
,,7KILTCHOLt,,
,,EX_7klitchol[e],,
,,sink_7klitchol[c],,
,,sink_dchac[c],,
,,sink_CE1273[c],,
,,EX_2obut[e],,
,,EX_glutar[e],,
,,EX_glcn[e],,
,,ACACT1r,,
,,ACACt2,,
,,ACCOAL,,
,,ACOATA,,
,,ACONT,,
,,ACS,,
,,ADK1,,
,,ADNCNT3tc,,
,,ADPT,,
,,ADSS,,
,,ALAR,,
,,AMPTASECG,,
,,ARGN,,
,,ASP1DC,,
,,ASPTA,,
,,BPNT,,
,,BUTt2r,,
,,CBPS,,
,,CO2t,,
,,CPPPGO,,
,,CTPS1,,
,,CTPS2,,
,,CYSTGL,,
,,CYSTS,,
,,CYTDt2r,,
,,DGK1,,
,,DHFR,,
,,DHORTS,,
,,DHPR,,
,,DMATT,,
,,DM_atp_c_,,
,,DPCOAK,,
,,DTMPK,,
,,DURIPP,,
,,DUTPDP,,
,,EHGLAT,,
,,ENO,,
,,EX_acac[e],,
,,EX_adn[e],,
,,EX_akg[e],,
,,EX_asn_L[e],,
,,EX_asp_L[e],,
,,EX_but[e],,
,,EX_ca2[e],,
,,EX_cgly[e],,
,,EX_cl[e],,
,,EX_co2[e],,
,,EX_cytd[e],,
,,EX_dad_2[e],,
,,EX_dcyt[e],,
,,EX_dgsn[e],,
,,EX_din[e],,
,,EX_duri[e],,
,,EX_fe2[e],,
,,EX_fe3[e],,
,,EX_fum[e],,
,,EX_gal[e],,
,,EX_glu_L[e],,
,,EX_glyb[e],,
,,EX_glyleu[e],,
,,EX_glyphe[e],,
,,EX_glypro[e],,
,,EX_h[e],,
,,EX_h2o[e],,
,,EX_ile_L[e],,
,,EX_ins[e],,
,,EX_k[e],,
,,EX_lac_L[e],,
,,EX_leu_L[e],,
,,EX_lys_L[e],,
,,EX_mal_L[e],,
,,EX_met_L[e],,
,,EX_na1[e],,
,,EX_no2[e],,
,,EX_o2[e],,
,,EX_orn[e],,
,,EX_pi[e],,
,,EX_ppi[e],,
,,EX_pro_L[e],,
,,EX_ribflv[e],,
,,EX_ser_L[e],,
,,EX_so4[e],,
,,EX_succ[e],,
,,EX_thymd[e],,
,,EX_urea[e],,
,,EX_uri[e],,
,,EX_val_L[e],,
,,FBA,,
,,FBA2,,
,,FBP,,
,,FCLTc,,
,,FERO,,
,,FMNAT,,
,,FPGS7,,
,,FRTT,,
,,FT,,
,,FTHFCL,,
,,FUM,,
,,G3PD1,,
,,G5SADs,,
,,G6PDH2r,,
,,GALU,,
,,GALt2_2,,
,,GAPD,,
,,GF6PTA,,
,,GHMT2r,,
,,GK1,,
,,GLNS,,
,,GLYLEUHYDROc,,
,,GLYLEUPEPT1tc,,
,,GLYPHEHYc,,
,,GLYPROPRO1c,,
,,GMAND,,
,,GMPR,,
,,GMPS2,,
,,GRTT,,
,,GTPCI,,
,,GUAPRT,,
,,H2CO3D,,
,,H2Ot,,
,,HEX1,,
,,HMBS,,
,,ILETA,,
,,IMPD,,
,,INSt2,,
,,LEUTA,,
,,L_LACt2r,,
,,MAN1PT2,,
,,MAN6PI,,
,,MCOATA,,
,,MTHFC,,
,,MTHFD,,
,,NADK,,
,,NAt3_1,,
,,NDPK1,,
,,NDPK2,,
,,NDPK3,,
,,NDPK4,,
,,NDPK5,,
,,NDPK6,,
,,NDPK7,,
,,NDPK8,,
,,NDPK9,,
,,NNATr,,
,,NNDPR,,
,,NTD1,,
,,O2t,,
,,OMPDC,,
,,PGI,,
,,PGK,,
,,PGL,,
,,PGM,,
,,PGMT,,
,,PIt6b,,
,,PMANM,,
,,PNP,,
,,PNTK,,
,,PPA,,
,,PPBNGS,,
,,PPCDC,,
,,PPM,,
,,PPNCL3,,
,,PRO1x,,
,,PROD2,,
,,PROt2r,,
,,PRPPS,,
,,PSERT,,
,,PSP_L,,
,,PTPAT,,
,,PUNP1,,
,,PUNP2,,
,,PUNP3,,
,,PUNP4,,
,,PUNP5,,
,,PUNP6,,
,,PUNP7,,
,,RBFK,,
,,RNDR1,,
,,RNDR2,,
,,RNDR3,,
,,RNDR4,,
,,RPE,,
,,RPI,,
,,SPMS,,
,,SPODM,,
,,TALA,,
,,THMDt2r,,
,,THRS,,
,,TKT1,,
,,TKT2,,
,,TMDK1,,
,,TMDPK,,
,,TPI,,
,,UAG4E,,
,,UAGDP,,
,,UDPG4E,,
,,UMPK,,
,,UPP3S,,
,,UPPDC1,,
,,UREAt,,
,,URIDK3,,
,,URIt2r,,
,,VALTA,,
,,r0010,,
,,r0060,,
,,r0082,,
,,r0127,,
,,r0220,,
,,r0318,,
,,r0345,,
,,r0398,,
,,r0422,,
,,r0570,,
,,r0671,,
,,ACCOAC,,
,,FPGS,,
,,EX_pnto_R[e],,
,,EX_gly[e],,
,,GLYt2r,,
,,EX_cys_L[e],,
,,EX_ala_L[e],,
,,ALAt2r,,
,,EX_his_L[e],,
,,EX_thr_L[e],,
,,EX_gln_L[e],,
,,EX_phe_L[e],,
,,EX_tyr_L[e],,
,,NTD2,,
,,NTD4,,
,,NTD5,,
,,NTD6,,
,,NTD7,,
,,NTD8,,
,,NTD9,,
,,NTD10,,
,,NTD11,,
,,EX_arg_L[e],,
,,EX_for[e],,
,,NADS2,,
,,EX_nac[e],,
,,GUAt,,
,,ADPRDP,,
,,EX_ind3ac[e],,
,,EX_nh4[e],,
,,NH4tb,,
,,EX_ac[e],,
,,ALCD1,,
,,RBK,,
,,ADNK1,,
,,GCALDD,,
,,r0339,,
,,ABUTD,,
,,ACYP,,
,,AGDC,,
,,AICART,,
,,ALDD2x,,
,,AMANK,,
,,ARGSL,,
,,CITL,,
,,CSND,,
,,CYTK1,,
,,CYTK2,,
,,DRBK,,
,,EX_acgam[e],,
,,EX_cit[e],,
,,EX_csn[e],,
,,EX_drib[e],,
,,EX_etha[e],,
,,EX_fol[e],,
,,EX_fru[e],,
,,EX_galt[e],,
,,EX_glcr[e],,
,,EX_glcur[e],,
,,EX_glyc[e],,
,,EX_hxan[e],,
,,EX_malt[e],,
,,EX_malthx[e],,
,,EX_malttr[e],,
,,EX_man[e],,
,,EX_ptrc[e],,
,,EX_rib_D[e],,
,,EX_spmd[e],,
,,EX_thm[e],,
,,EX_trp_L[e],,
,,EX_ura[e],,
,,EX_xan[e],,
,,EX_xyl_D[e],,
,,FACOAL161,,
,,G1PTT,,
,,G6PDA,,
,,GALK,,
,,GALT,,
,,GLUPRT,,
,,GLXO1,,
,,GLYCt,,
,,GLYK,,
,,GLYOX,,
,,GND,,
,,GPDDA1,,
,,HEX7,,
,,HISD,,
,,HXPRT,,
,,HYXNt,,
,,IMACTD,,
,,IMPC,,
,,IZPN,,
,,LCADi,,
,,LDH_D,,
,,LDH_L,,
,,LGTHL,,
,,MALT,,
,,MDH,,
,,MI1PP,,
,,MI3PP,,
,,MI4PP,,
,,MICITDr,,
,,NT5C,,
,,NTD3,,
,,NTD5_a,,
,,OAADC,,
,,ORNDC,,
,,PFK,,
,,PGLYCP,,
,,PHETA1,,
,,PIt7,,
,,PRFGS,,
,,PYDAMK,,
,,PYDXNK,,
,,PYK,,
,,RE1944C,,
,,TDPDRE,,
,,TDPGDH,,
,,THRD_L,,
,,TMDS,,
,,TYRTA,,
,,XYLt,,
,,r0392,,
,,r0792,,
,,r1667,,
,,EX_pydxn[e],,
,,PYDXNtr,,
,,EX_pydx[e],,
,,PYDXtr,,
,,EX_pydam[e],,
,,PYDAMtr,,
,,EX_4hbz[e],,
,,EX_34dhpha[e],,
,,EX_ppa[e],,
,,EX_arab_L[e],,
,,UGLT,,
,,EX_gam[e],,
,,URCN,,
,,EX_pyr[e],,
,,PYRt2r,,
,,EX_tre[e],,
,,ACGAM2E,,
,,DCMPDA,,
,,EX_btn[e],,
,,EX_lcts[e],,
,,FTHFL,,
,,EX_ade[e],,
,,EX_etoh[e],,
,,ETOHt,,
,,EX_acald[e],,
,,ACALDt,,
,,EX_sucr[e],,
,,THMt3,,
,,AACOAT,,
,,EX_pheme[e],,
,,FORTHFC,,
,,GLNt4,,
,,MTRI,,
,,NADN,,
,,EX_mqn8[e],,
,,MK8t,,
,,MTHFD2,,
,,EX_gua[e],,
,,AHC,,
,,EX_4abut[e],,
,,ABUTt2r,,
,,EX_indole[e],,
,,OBDHc,,
,,EX_taur[e],,
,,EX_ch4s[e],,
,,EX_phpyr[e],,
,,EX_tym[e],,
,,EX_2hyoxplac[e],,
,,EX_lanost[e],,
,,PHPYRte,,
,,PHPYRtm,,
,,3MOX4HOXMtm,,
,,3MOX4HOXMte,,
,,EX_3mox4hoxm[e],,
,,GLXte,,
,,EX_glx[e],,
,,CE4970tm,,
,,CE4970te,,
,,EX_CE4970[e],,
,,CE2026tm,,
,,CE2026te,,
,,EX_CE2026[e],,
,,CE4968tm,,
,,CE4968te,,
,,EX_CE4968[e],,
,,ACTYRm,,
,,ACTYRtc,,
,,ACTYRte,,
,,EX_actyr[e],,
,,SUCACETATc,,
,,SUCACETATALTc,,
,,SUCACETOc,,
,,SUCACETOte,,
,,EX_sucaceto[e],,
,,VANILPYRc,,
,,VANILLACc,,
,,CE2176tm,,
,,NACVANALAm,,
,,NACVANALAtm,,
,,NACVANALAte,,
,,VANILLACte,,
,,EX_vanillac[e],,
,,EX_nacvanala[e],,
,,2H3MVc,,
,,2H3MVte,,
,,EX_2h3mv[e],,
,,2HIVc,,
,,2HIVte,,
,,EX_2hiv[e],,
,,2M3HBUc,,
,,2M3HBUtm,,
,,2M3HBUte,,
,,EX_2m3hbu[e],,
,,2M3OVCOAm,,
,,2M3OVACm,,
,,2M3OVACtm,,
,,2M3HVACc,,
,,2M3HVACte,,
,,EX_2m3hvac[e],,
,,3H3MGLTc,,
,,3H3MGLTte,,
,,EX_3h3mglt[e],,
,,3MGLUTACc,,
,,3MGLUTACtm,,
,,3MGLUTACte,,
,,EX_3mglutac[e],,
,,3MGLUTRc,,
,,3MGLUTRte,,
,,EX_3mglutr[e],,
,,PPIOGLYc,,
,,PPIOGLYtm,,
,,PPIOGLYte,,
,,EX_ppiogly[e],,
,,MVLACc,,
,,MVLACte,,
,,EX_mvlac[e],,
,,TIGGLYc,,
,,TIGGLYtm,,
,,TIGGLYte,,
,,EX_tiggly[e],,
,,TD2GLTRCOAm,,
,,3HGLUTCOAm,,
,,3OHGLUTACm,,
,,3OHGLUTACtm,,
,,3OHGLUTACte,,
,,3OHGLUTACOAT3t,,
,,EX_3ohglutac[e],,
,,GLUTACOAm,,
,,GLUTCONm,,
,,GLUTCONtm,,
,,GLUTCONte,,
,,EX_glutcon[e],,
,,3HIVAcm,,
,,3HIVActm,,
,,3HIVActe,,
,,EX_3hivac[e],,
,,3HADICOAx,,
,,3HADPACx,,
,,3HADPACtxc,,
,,3HADPACte,,
,,EX_3hadpac[e],,
,,3OHSEBCOAx,,
,,3OHSEBACx,,
,,3OHSEBACtxc,,
,,3OHSEBACte,,
,,EX_3ohsebac[e],,
,,3OHSUBCOAx,,
,,3OHSUBACx,,
,,3OHSUBACtxc,,
,,3OHSUBACte,,
,,EX_3ohsubac[e],,
,,CAPROICc,,
,,5OHHEXAc,,
,,5OHHEXAte,,
,,EX_5ohhexa[e],,
,,7OHOCTAc,,
,,7OHOCTAte,,
,,EX_7ohocata[e],,
,,ETHMALCOAc,,
,,ETHMALACc,,
,,ETHMALACte,,
,,EX_ethmalac[e],,
,,HEXGLYc,,
,,HEXGLYte,,
,,EX_hexgly[e],,
,,METHSUCCOAc,,
,,METHSUCC,,
,,METHSUCCte,,
,,EX_methsucc[e],,
,,SUBGLYc,,
,,SUBGLYte,,
,,EX_subgly[e],,
,,4OHBUTm,,
,,4OHBUTtmc,,
,,4OHBUTtce,,
,,EX_4ohbut[e],,
,,12HPETUPKt,,
,,15HPETUPKt,,
,,3AIBSYMPt,,
,,AK2LGCHOLABCt,,
,,APRGSTRNABCt,,
,,C14770UPKt,,
,,C14771UPKt,,
,,CE1243UPKt,,
,,CE2510ABCt,,
,,CE2537ABCt,,
,,CE7082UPKt,,
,,CE7172UPKt,,
,,DIGALSGALSIDESECt,,
,,NRVNCABCt,,
,,PAFABCt,,
,,PAIL_hs_SECt,,
,,PAILPALM_HSSECt,,
,,PAILR_HSSECt,,
,,PAILSTE_HSSECt,,
,,PCHLN225_HSABCt,,
,,PCHOL2LINL_HSABCt,,
,,PCHOL2OLE_HSABCt,,
,,PCHOL2STE_HSABCt,,
,,PCHOLAR_HSABCt,,
,,PCHOLDOC_HSABCt,,
,,PCHOLEIC_HSABCt,,
,,PCHOLET_HSABCt,,
,,PCHOLHEP_HSABCt,,
,,PCHOLLINL_HSABCt,,
,,PCHOLMYR_HsABCt,,
,,PCHOLN15_HSABCt,,
,,PCHOLN183_HSABCt,,
,,PCHOLN1836_HSABCt,,
,,PCHOLN19_HSABCt,,
,,PCHOLN201_HSABCt,,
,,PCHOLN203_HSABCt,,
,,PCHOLN204_HSABCt,,
,,PCHOLN205_HSABCt,,
,,PCHOLN224_HSABCt,,
,,PCHOLN225_HSABCt,,
,,PCHOLN2254_HSABCt,,
,,PCHOLN264_HSABCt,,
,,PCHOLOLE_HSABCt,,
,,PCHOLPALME-HSABCt,,
,,PCHOLSTE_HSABCt,,
,,PE12_HSABCt,,
,,Pe13_HSABCt,,
,,PE14_HSABCt,,
,,PE15_HSABCt,,
,,PE161_HSABCt,,
,,PE17_HSABCt,,
,,PE203_HSABCt,,
,,PE226_HSABCt,,
,,PE2LINL_HSABCt,,
,,PEAR_HSABCt,,
,,PEDH203_HSABCt,,
,,PELINL_HSABCt,,
,,PELPALM_HSABCt,,
,,PEOLE_HSABCt,,
,,PEPALM_HSASBCt,,
,,PESTE_HSABCt,,
,,SPHMYLN_HsSECt,,
,,SPHMYLN180241_hs_SECt,,
,,SPHMYLN18114_hs_SECt,,
,,SPHMYLN18115_hs_SECt,,
,,SPHMYLN18116_hs_SECt,,
,,SPHMYLN181161_hs_SECt,,
,,SPHMYLN18117_hs_SECt,,
,,SPHMYLN18118_hs_SECt,,
,,SPHMYLN181181_hs_SECt,,
,,SPHMYLN18120_hs_SECt,,
,,SPHMYLN181201_hs_SECt,,
,,SPHMYLN18121_hs_SECt,,
,,SPHMYLN18122_hs_SECt,,
,,SPHMYLN181221_hs_SECt,,
,,SPHMYLN18123_hs_SECt,,
,,SPHMYLN1824_hs_SECt,,
,,SPHMYLN1825_hs_SECt,,
,,3AIBt1,,
,,AK2LGCHOLt1,,
,,APRGSTRNt1e,,
,,DIGALSGALSIDEATPte,,
,,DIGALSGALSIDEt1e,,
,,PAFt1,,
,,PAIL_hs_t1e,,
,,PAILR_HSt1e,,
,,PAILPALM_HSt1e,,
,,PAILSTE_HSt1e,,
,,PCHOL2LINL_HSt1e,,
,,PCHOL2OLE_HSt1e,,
,,PCHOL2STE_HSt1e,,
,,PCHOLAR_HSt1e,,
,,PCHOLDOC_HSt1e,,
,,PCHOLEIC_HSt1e,,
,,PCHOLET_HSt1e,,
,,PCHOLHEP_HSt1e,,
,,PCHOLLINL_HSt1e,,
,,PCHOLMYR_Hst1e,,
,,PCHOLN15_HSt1e,,
,,PCHOLN183_HSt1e,,
,,PCHOLN1836_HSt1e,,
,,PCHOLN19_HSt1e,,
,,PCHOLN201_HSt1e,,
,,PCHOLN203_HSt1e,,
,,PCHOLN204_HSt1e,,
,,PCHOLN205_HSt1e,,
,,PCHOLN224_HSt1e,,
,,PCHOLN225_HSt1e,,
,,PCHOLN2254_HSt1e,,
,,PCHLN225_HSt1e,,
,,PCHOLN264_HSt1e,,
,,PCHOLOLE_HSt1e,,
,,PEPALM_HSt1e,,
,,PCHOLPALME-HSt1e,,
,,PCHOLSTE_HSt1e,,
,,PE12_HSt1e,,
,,Pe13_HSt1e,,
,,PE14_HSt1e,,
,,PE15_HSt1e,,
,,PE161_HSt1e,,
,,PE17_HSt1e,,
,,PE203_HSt1e,,
,,PE226_HSt1e,,
,,PE2LINL_HSt1e,,
,,PEAR_HSt1e,,
,,PEDH203_HSt1e,,
,,PELINL_HSt1e,,
,,PEOLE_HSt1e,,
,,PELPALM_HSt1e,,
,,PESTE_HSt1e,,
,,SPHMYLN_HsATPte,,
,,SPHMYLN180241_hs_ATPt,,
,,SPHMYLN180241_hs_t1,,
,,SPHMYLN18114_hs_ATPt,,
,,SPHMYLN18114_hs_t1,,
,,SPHMYLN18115_hs_ATPt,,
,,SPHMYLN18115_hs_t1,,
,,SPHMYLN18116_hs_ATPt,,
,,SPHMYLN18116_hs_t1,,
,,SPHMYLN181161_hs_ATPt,,
,,SPHMYLN181161_hs_t1,,
,,SPHMYLN18117_hs_ATPt,,
,,SPHMYLN18117_hs_t1,,
,,SPHMYLN18118_hs_ATPt,,
,,SPHMYLN18118_hs_t1,,
,,SPHMYLN181181_hs_ATPt,,
,,SPHMYLN181181_hs_t1,,
,,SPHMYLN18120_hs_ATPt,,
,,SPHMYLN18120_hs_t1,,
,,SPHMYLN181201_hs_ATPt,,
,,SPHMYLN181201_hs_t1,,
,,SPHMYLN18121_hs_ATPt,,
,,SPHMYLN18121_hs_t1,,
,,SPHMYLN18122_hs_ATPt,,
,,SPHMYLN18122_hs_t1,,
,,SPHMYLN181221_hs_ATPt,,
,,SPHMYLN181221_hs_t1,,
,,SPHMYLN18123_hs_ATPt,,
,,SPHMYLN18123_hs_t1,,
,,SPHMYLN1824_hs_ATPt,,
,,SPHMYLN1824_hs_t1,,
,,SPHMYLN1825_hs_ATPt,,
,,SPHMYLN1825_hs_t1,,
,,2HXIC_Lt1e,,
,,2HXIC_Lt2e,,
,,EX_2hxic_L[e],,
,,2HYDOGOAT3t,,
,,EX_2hydog[e],,
,,2HYDOGte,,
,,GLUTAROAT3t,,
,,GLUTARte,,
,,THEXDDm,,
,,THEXDDtm,,
,,THEXDDte,,
,,EX_thexdd[e],,
,,HEXDTRm,,
,,HEXDTRtm,,
,,HEXDTRte,,
,,EX_hexdtr[e],,
,,HPDECECOAm,,
,,HPDECEm,,
,,HPDECEtm,,
,,HPDECEte,,
,,EX_hpdece[e],,
,,EIC21114TRc,,
,,EIC21114TRte,,
,,EX_eic21114tr[e],,
,,5EIPENCm,,
,,5EIPENCtm,,
,,5EIPENCte,,
,,EX_5eipenc[e],,
,,T4HCINNMte,,
,,AGRMte,,
,,ANDRSTNDNte,,
,,EANDRSTRNte,,
,,AHANDROSTANte,,
,,ANDRSTANDRte,,
,,CE2209te,,
,,C05301te,,
,,C05299te,,
,,C05302te,,
,,CE5072te,,
,,11DOCRTSLte,,
,,11DOCRTSTRNte,,
,,PRGNLONEte,,
,,CE2211te,,
,,17AHPRGSTRNte,,
,,17AHPRGNLONEte,,
,,C03681te,,
,,PRGNLONESte,,
,,CE1352te,,
,,MMAt2e,,
,,C05769te,,
,,SAMHISTAe,,
,,CE2006te,,
,,GLCRt1,,
,,2HYOXPLCte,,
,,N8ASPMDte,,
,,MHISTAte,,
,,CE4890te2,,
,,C09642te,,
,,2OBUTt,,
,,PPP9ABCte,,
,,MLTHFte,,
,,TYMte2,,
,,TRYPTAte,,
,,CE4890te,,
,,SELMETHte,,
,,CE7090te,,
,,CE7085te,,
,,CE7096te,,
,,CE4877te,,
,,CE1447te,,
,,C05769te3,,
,,C05770te4,,
,,C05770te,,
,,MLTHFte3,,
,,CE2705t,,
,,SPHS1Pt2e,,
,,MMAte,,
,,PTRCARGte,,
,,MLTHFte2,,
,,TYMte,,
,,13DAMPPte,,
,,HDD2CRNte2,,
,,MLTHFte1,,
,,ARGN1ASPMDte,,
,,CE1918te,,
,,34DHPHAte,,
,,34DHOXMANDte,,
,,CE6205te,,
,,1A25DHVITD3te,,
,,ISOBUTtm,,
,,ISOBUTte,,
,,EX_CE4969[e],,
,,NACCYStm,,
,,NACCYSte,,
,,EX_CE1310[e],,
,,AGRMtm,,
,,EX_agm[e],,
,,T4HCINNMtm,,
,,EX_T4hcinnm[e],,
,,4HBZtm,,
,,4HBZte,,
,,SUCSALtm,,
,,SUCSALte,,
,,EX_sucsal[e],,
,,CE7081tr,,
,,CE7081tm,,
,,EX_CE7081[e],,
,,EGMEtr,,
,,EGMEte,,
,,EX_egme[e],,
,,12HARACHDtr,,
,,12HARACHDte,,
,,EX_12harachd[e],,
,,18HARACHDtr,,
,,18HARACHDte,,
,,EX_18harachd[e],,
,,SQLtr,,
,,SQLte,,
,,EX_sql[e],,
,,ORN_Dtx,,
,,ORN_Dte,,
,,EX_orn_D[e],,
,,5G2OXPTtx,,
,,5G2OXPTte,,
,,EX_5g2oxpt[e],,
,,EX_andrstndn[e],,
,,DHEAte,,
,,EX_dhea[e],,
,,EANDRSTRNtr,,
,,EX_eandrstrn[e],,
,,AHANDROSTANtr,,
,,EX_ahandrostan[e],,
,,ANDRSTANDRtr,,
,,EX_andrstandn[e],,
,,EX_CE2209[e],,
,,ESTRONEte,,
,,EX_estrone[e],,
,,C05298te,,
,,EX_C05298[e],,
,,EX_C05301[e],,
,,EX_C05299[e],,
,,EX_C05302[e],,
,,EX_CE5072[e],,
,,EX_11docrtsl[e],,
,,EX_11docrtstrn[e],,
,,EX_prgnlone[e],,
,,EX_CE2211[e],,
,,EX_17ahprgstrn[e],,
,,EX_17ahprgnlone[e],,
,,EX_C03681[e],,
,,HC02020tr,,
,,HC02020te,,
,,EX_HC02020[e],,
,,EX_prgnlones[e],,
,,EX_CE1352[e],,
,,XOL24OHtr,,
,,XOL24OHte,,
,,EX_xol24oh[e],,
,,XOL27OHte,,
,,EX_xol27oh[e],,
,,XOL25OHtr,,
,,XOL25OHte,,
,,EX_xol25oh[e],,
,,DSMSTEROLtr,,
,,DSMSTEROLte,,
,,EX_dsmsterol[e],,
,,CHSTEROLSte,,
,,EX_chsterols[e],,
,,3ITYR_Lte,,
,,EX_3ityr_L[e],,
,,35DIODTYRte,,
,,EX_35diotyr[e],,
,,13_CIS_RETNte,,
,,EX_13_cis_retn[e],,
,,CE1617te,,
,,EX_CE1617[e],,
,,TAG_HSad,,
,,TAG_HSad_NE,,
,,TAG_HSad_E,,
,,VLDL_HSSYN,,
,,VLDL_HSSEC,,
,,VLDL_HSDEG,,
,,IDL_HSSYN,,
,,IDL_HSDEG,,
,,LDL_HSSYN,,
,,LDL_HSDEG,,
,,HDL_HSSYN,,
,,HDL_HSDEG,,
,,MYELIN_HSSYN,,
,,DM_myelin_hs[c],,
,,CHYLO_HSSYN,,
,,CHYLO_HSSEC,,
,,CHYLO_HSDEG,,
,,DM_chylo_hs[e],,
,,HC00460te,,
,,EX_HC00460[e],,
,,EX_34dhoxmand[e],,
,,FNA5MOXAMte,,
,,EX_fna5moxam[e],,
,,CE5643te,,
,,EX_CE5643[e],,
,,EX_CE7090[e],,
,,EX_CE7085[e],,
,,EX_CE7096[e],,
,,EX_CE4877[e],,
,,EX_CE1447[e],,
,,EX_CE2006[e],,
,,CE1401te,,
,,EX_CE1401[e],,
,,GLUCYSte,,
,,EX_glucys[e],,
,,EX_n8aspmd[e],,
,,EX_CE6205[e],,
,,MELATNte,,
,,EX_melatn[e],,
,,6HOXMELATNte,,
,,EX_6hoxmelatn[e],,
,,EX_trypta[e],,
,,C10164te,,
,,EX_C10164[e],,
,,EX_CE4890[e],,
,,EX_C09642[e],,
,,C05769te2,,
,,EX_C05769[e],,
,,C05767te,,
,,EX_C05767[e],,
,,C05770te3,,
,,EX_C05770[e],,
,,EX_mhista[e],,
,,PPBNGte,,
,,EX_ppbng[e],,
,,EX_13dampp[e],,
,,EX_mma[e],,
,,12PPDRte,,
,,EX_12ppd_R[e],,
,,AMETAMte,,
,,EX_ametam[e],,
,,XYLULte,,
,,EX_xylu_L[e],,
,,XYLUDte,,
,,EX_xylu_D[e],,
,,GLCNte,,
,,CE0737te,,
,,EX_CE0737[e],,
,,CH4Ste,,
,,SPHGNSte,,
,,EX_sphings[e],,
,,HDD2CRNte,,
,,EX_hdd2crn[e],,
,,IM4ACte,,
,,EX_im4ac[e],,
,,EX_CE1918[e],,
,,EX_mlthf[e],,
,,EX_ppp9[e],,
,,AACTte,,
,,EX_aact[e],,
,,EX_CE2705[e],,
,,SPHGNte,,
,,EX_sphgn[e],,
,,SELMETHt2e,,
,,EX_selmeth[e],,
,,EX_N1aspmd[e],,
,,C13856te,,
,,1A25DHVITD3t2e,,
,,EX_1a25dhvitd3[e],,
,,PRISTte,,
,,EX_prist[e],,
,,CE2049te,,
,,EX_CE2049[e],,
,,CE2047te,,
,,EX_CE2047[e],,
,,LANOSTte,,
,,FDPte,,
,,EX_fdp[e],,
,,EX_coke[e],,
,,COKEte,,
,,COKEtr,,
,,EX_5a2opntn[e],,
,,5A2OPNTNte,,
,,5A2OPNTNtx,,
,,ARG_Dtx,,
,,ARG_Dte,,
,,EX_arg_D[e],,
,,LANOSTtr,,
,,EX_vldl_hs[e],,
,,EX_idl_hs[e],,
,,EX_ldl_hs[e],,
,,EX_hdl_hs[e],,
,,HC00005t1r,,
,,HC00005te,,
,,EX_HC00005[e],,
,,HC00005t1e,,
,,HC00006t1r,,
,,HC00006te,,
,,EX_HC00006[e],,
,,HC00006t1e,,
,,HC00007t1r,,
,,HC00007te,,
,,EX_HC00007[e],,
,,HC00007t1e,,
,,HC00008t1r,,
,,HC00008te,,
,,EX_HC00008[e],,
,,HC00008t1e,,
,,HC00009t1r,,
,,HC00009te,,
,,EX_HC00009[e],,
,,HC00009t1e,,
,,HC00004t1r,,
,,HC00004t1e,,
,,DOPASULT4,,
,,UDPG4DOPA,,
,,UDPG3DOPA,,
,,TYRDOPOX,,
,,34DHPEAR,,
,,DOPA4SFt,,
,,EX_dopa4sf[e],,
,,DOPA4GLCURt,,
,,EX_dopa4glcur[e],,
,,DOPA3GLCURt,,
,,EX_dopa3glcur[e],,
,,DOPACHRMDC,,
,,CE5026t,,
,,GGTe_1,,
,,CYSGLYPTASEe_1,,
,,CE1261t,,
,,DOPAOQNOX,,
,,DOPACCL,,
,,DOPAOQCYS,,
,,LACROX,,
,,NADPQNOXR,,
,,NADQNOXR,,
,,DACT,,
,,DACGST,,
,,TYRDHINDOX,,
,,4GLU56DIHDINDt,,
,,EX_4glu56dihdind[e],,
,,5CYSDOPAt,,
,,EX_5cysdopa[e],,
,,CE5025t,,
,,EX_CE5025[e],,
,,CE2172t,,
,,EX_CE2172[e],,
,,CE5629t,,
,,EX_CE5629[e],,
,,DM_neuromelanin[c],,
,,ACER11r,,
,,ACER12r,,
,,ACER21g,,
,,ACER22g,,
,,ACER23g,,
,,ACER31r,,
,,BGAL1e,,
,,BGAL1l,,
,,BGAL2l,,
,,BGAL3l,,
,,BGAL4l,,
,,CRMte,,
,,DES21,,
,,EX_gd3_hs[e],,
,,EX_gluside_hs[e],,
,,EX_gm3_hs[e],,
,,GA1tl,,
,,GM1Atl,,
,,GM2Atl,,
,,GALGLUSIDEtg2,,
,,GALGLUSIDEtl2,,
,,GBA2e,,
,,GD3tg,,
,,GD3tl,,
,,GLA2l,,
,,GLUSIDEte,,
,,GLUSIDEtg,,
,,GLUSIDEtl,,
,,GM1tg,,
,,GM1tl,,
,,GM2tg,,
,,GM2tl,,
,,HEXA1l,,
,,HEXA2l,,
,,HEXA3e,,
,,HEXAHBl,,
,,NEU11l,,
,,NEU21,,
,,NEU22,,
,,NEU23,,
,,NEU24,,
,,NEU25,,
,,NEU310e,,
,,NEU31e,,
,,NEU32e,,
,,NEU33e,,
,,NEU34e,,
,,NEU35e,,
,,NEU36e,,
,,NEU37e,,
,,NEU38n,,
,,NEU39e,,
,,SMS1S2,,
,,SMS21e,,
,,SMSn,,
,,SPHK11,,
,,SPHK21n,,
,,SPHK22n,,
,,SPHMYLNte,,
,,SPHMYLNtl2,,
,,SPMD3n,,
,,ST8SIA13e,,
,,RE3477C1,,
,,NO2te,,
,,NH4tr,,
,,WHTSTSTERONEtr,,
,,UDPGALt2n,,
,,UDPGALt2r,,
,,TETTET6COAtm,,
,,TETPENT6COAtm,,
,,TETPENT3COAtm,,
,,SLDtm,,
,,THCRMtl,,
,,PCHOL_HStn,,
,,CHOLPtn,,
,,DAG_HStg,,
,,PHCRMtg,,
,,PHCRMter,,
,,SPHGNtn,,
,,SPHGNtg,,
,,SPHINGStn,,
,,SPHINGStg,,
,,EX_cmpacna[e],,
,,EX_gd2_hs[e],,
,,EX_gd1a_hs[e],,
,,DHCRMtg,,
,,DHCRMter,,
,,GDA1tn,,
,,PHSPHINGStg,,
,,PHSPHINGStr,,
,,SGPL11c,,
,,PHSGPL11c,,
,,LCYSTtm,,
,,sink_34dhpac[c],,
,,34DHPEt,,
,,EX_34dhpe[c],,
,,DM_no2[c],,
,,DM_ts3[c],,
,,DM_sph1p[n],,
,,DM_sphs1p[n],,
,,DM_gm1_hs[n],,
,,DM_gda1_hs[n],,
,,DM_6hddopaqn[c],,
,,GALSIDEter,,
,,GALSIDEtn,,
,,CERT1tn,,
,,Rtotalter,,
,,Rtotaltg,,
,,DM_phsph1p[c],,
,,GD1Atg,,
,,GD1Atn,,
,,ATPtg,,
,,GD1Btl,,
,,DM_gd3_hs[l],,
,,DM_gd3_hs[g],,
,,GD3tlc,,
,,GD3tm,,
,,DM_pail35p_hs[n],,
,,DM_gd3_hs[m],,
,,PAPStl,,
,,PAPtl,,
,,CATr,,
,,S2L2N2M2Mtl,,
,,DM_pcreat[c],,
,,DM_k[g],,
,,DM_na1[r],,
,,DM_na1[x],,
,,DM_na1[g],,
,,DM_na1[c],,
,,DM_thm[m],,
,,DM_retn[n],,
,,DM_hhxdcal[c],,
,,DM_15HPET[n],,
,,DM_15HPET[x],,
,,DM_15HPET[r],,
,,sink_Ser_Gly_Ala_X_Gly[r],,
,,EX_pail_hs[e],,
,,EX_CE1243[e],,
,,EX_CE5026[e],,
,,EX_5cysgly34dhphe[e],,
,,EX_CE1261[e],,
,,EX_galgluside_hs[e],,
,,EX_ga1_hs[e],,
,,EX_gm1a_hs[e],,
,,EX_gm2a_hs[e],,
,,EX_gm1_hs[e],,
,,EX_gm2_hs[e],,
,,EX_gm1b_hs[e],,
,,EX_gd1b_hs[e],,
,,EX_gt1b_hs[e],,
,,HMR_0001,,
,,HMR_0002,,
,,HMR_0003,,
,,HMR_0004,,
,,HMR_0005,,
,,HMR_0006,,
,,HMR_0007,,
,,HMR_0008,,
,,HMR_0009,,
,,HMR_0010,,
,,HMR_0011,,
,,HMR_0012,,
,,HMR_0013,,
,,HMR_0014,,
,,HMR_0015,,
,,HMR_0016,,
,,HMR_0017,,
,,HMR_0019,,
,,HMR_0020,,
,,HMR_0024,,
,,HMR_0025,,
,,HMR_0026,,
,,HMR_0027,,
,,HMR_0028,,
,,HMR_0029,,
,,HMR_0030,,
,,HMR_0155,,
,,HMR_0156,,
,,HMR_0157,,
,,HMR_0164,,
,,HMR_0165,,
,,HMR_0166,,
,,HMR_0167,,
,,HMR_0168,,
,,HMR_0170,,
,,HMR_0171,,
,,HMR_0172,,
,,HMR_0176,,
,,HMR_0177,,
,,HMR_0178,,
,,HMR_0180,,
,,HMR_0182,,
,,HMR_0183,,
,,HMR_0184,,
,,HMR_0185,,
,,HMR_0188,,
,,HMR_0189,,
,,HMR_0191,,
,,HMR_0192,,
,,HMR_0193,,
,,HMR_0194,,
,,HMR_0197,,
,,HMR_0200,,
,,HMR_0201,,
,,HMR_0203,,
,,HMR_0204,,
,,HMR_0206,,
,,HMR_0207,,
,,HMR_0208,,
,,HMR_0209,,
,,HMR_0210,,
,,HMR_0211,,
,,HMR_0214,,
,,HMR_0215,,
,,HMR_0230,,
,,HMR_0232,,
,,HMR_0233,,
,,HMR_0234,,
,,HMR_0235,,
,,HMR_0238,,
,,HMR_0239,,
,,HMR_0240,,
,,HMR_0241,,
,,HMR_0242,,
,,HMR_0243,,
,,HMR_0244,,
,,HMR_0245,,
,,HMR_0246,,
,,HMR_0247,,
,,HMR_0253,,
,,HMR_0254,,
,,HMR_0255,,
,,HMR_0256,,
,,HMR_0257,,
,,HMR_0259,,
,,HMR_0260,,
,,HMR_0261,,
,,HMR_0267,,
,,HMR_0268,,
,,HMR_0270,,
,,HMR_0271,,
,,HMR_0272,,
,,HMR_0273,,
,,HMR_0276,,
,,HMR_0277,,
,,HMR_0278,,
,,HMR_0279,,
,,HMR_0280,,
,,HMR_0281,,
,,HMR_0287,,
,,HMR_0288,,
,,HMR_0289,,
,,HMR_0290,,
,,HMR_0291,,
,,HMR_0292,,
,,HMR_0293,,
,,HMR_0296,,
,,HMR_0297,,
,,HMR_0298,,
,,HMR_0299,,
,,HMR_0300,,
,,HMR_0301,,
,,HMR_0302,,
,,HMR_0303,,
,,HMR_0304,,
,,HMR_0305,,
,,HMR_0306,,
,,HMR_0307,,
,,HMR_0308,,
,,HMR_0309,,
,,HMR_0310,,
,,HMR_0311,,
,,HMR_0317,,
,,HMR_0319,,
,,HMR_0321,,
,,HMR_0322,,
,,HMR_0323,,
,,HMR_0324,,
,,HMR_0325,,
,,HMR_0326,,
,,HMR_0327,,
,,HMR_0328,,
,,HMR_0329,,
,,HMR_0342,,
,,HMR_0343,,
,,HMR_0344,,
,,HMR_0345,,
,,HMR_0346,,
,,HMR_0347,,
,,HMR_0350,,
,,HMR_0354,,
,,HMR_0358,,
,,HMR_0359,,
,,HMR_0362,,
,,HMR_0363,,
,,HMR_0366,,
,,HMR_0367,,
,,HMR_0370,,
,,HMR_0371,,
,,HMR_0374,,
,,HMR_0375,,
,,HMR_0378,,
,,HMR_0380,,
,,HMR_0381,,
,,HMR_0382,,
,,HMR_0383,,
,,HMR_0384,,
,,HMR_0385,,
,,HMR_0386,,
,,HMR_0387,,
,,HMR_0388,,
,,HMR_0389,,
,,HMR_0390,,
,,HMR_0391,,
,,HMR_0392,,
,,HMR_0393,,
,,HMR_0394,,
,,HMR_0395,,
,,HMR_0398,,
,,HMR_0402,,
,,HMR_0406,,
,,HMR_0410,,
,,HMR_0414,,
,,HMR_0415,,
,,HMR_0418,,
,,HMR_0419,,
,,HMR_0422,,
,,HMR_0423,,
,,HMR_0426,,
,,HMR_0427,,
,,HMR_0428,,
,,HMR_0429,,
,,HMR_0430,,
,,HMR_0431,,
,,HMR_0432,,
,,HMR_0433,,
,,HMR_0434,,
,,HMR_0435,,
,,HMR_0436,,
,,HMR_0437,,
,,HMR_0438,,
,,HMR_0439,,
,,HMR_0462,,
,,HMR_0463,,
,,HMR_0467,,
,,HMR_0468,,
,,HMR_0469,,
,,HMR_0470,,
,,HMR_0477,,
,,HMR_0478,,
,,HMR_0482,,
,,HMR_0484,,
,,HMR_0486,,
,,HMR_0487,,
,,HMR_0488,,
,,HMR_0489,,
,,HMR_0490,,
,,HMR_0491,,
,,HMR_0492,,
,,HMR_0495,,
,,HMR_0496,,
,,HMR_0497,,
,,HMR_0498,,
,,HMR_0500,,
,,HMR_0501,,
,,HMR_0503,,
,,HMR_0504,,
,,HMR_0505,,
,,HMR_0506,,
,,HMR_0507,,
,,HMR_0508,,
,,HMR_0509,,
,,HMR_0510,,
,,HMR_0511,,
,,HMR_0512,,
,,HMR_0513,,
,,HMR_0514,,
,,HMR_0515,,
,,HMR_0516,,
,,HMR_0517,,
,,HMR_0518,,
,,HMR_0519,,
,,HMR_0520,,
,,HMR_0521,,
,,HMR_0522,,
,,HMR_0523,,
,,HMR_0524,,
,,HMR_0525,,
,,HMR_0526,,
,,HMR_0527,,
,,HMR_0528,,
,,HMR_0529,,
,,HMR_0530,,
,,HMR_0531,,
,,HMR_0532,,
,,HMR_0533,,
,,HMR_0535,,
,,HMR_0536,,
,,HMR_0538,,
,,HMR_0539,,
,,HMR_0540,,
,,HMR_0541,,
,,HMR_0542,,
,,HMR_0543,,
,,HMR_0544,,
,,HMR_0545,,
,,HMR_0546,,
,,HMR_0547,,
,,HMR_0548,,
,,HMR_0549,,
,,HMR_0550,,
,,HMR_0551,,
,,HMR_0552,,
,,HMR_0553,,
,,HMR_0555,,
,,HMR_0556,,
,,HMR_0557,,
,,HMR_0558,,
,,HMR_0559,,
,,HMR_0560,,
,,HMR_0561,,
,,HMR_0578,,
,,HMR_0579,,
,,HMR_0580,,
,,HMR_0581,,
,,HMR_0582,,
,,HMR_0586,,
,,HMR_0587,,
,,HMR_0588,,
,,HMR_0589,,
,,HMR_0590,,
,,HMR_0591,,
,,HMR_0592,,
,,HMR_0593,,
,,HMR_0594,,
,,HMR_0597,,
,,HMR_0598,,
,,HMR_0599,,
,,HMR_0600,,
,,HMR_0601,,
,,HMR_0602,,
,,HMR_0605,,
,,HMR_0607,,
,,HMR_0612,,
,,HMR_0613,,
,,HMR_0614,,
,,HMR_0615,,
,,HMR_0616,,
,,HMR_0625,,
,,HMR_0629,,
,,HMR_0630,,
,,HMR_0632,,
,,HMR_0633,,
,,HMR_0634,,
,,HMR_0641,,
,,HMR_0642,,
,,HMR_0643,,
,,HMR_0644,,
,,HMR_0645,,
,,HMR_0646,,
,,HMR_0647,,
,,HMR_0652,,
,,HMR_0653,,
,,HMR_0654,,
,,HMR_0657,,
,,HMR_0663,,
,,HMR_0664,,
,,HMR_0665,,
,,HMR_0667,,
,,HMR_0668,,
,,HMR_0669,,
,,HMR_0670,,
,,HMR_0671,,
,,HMR_0672,,
,,HMR_0673,,
,,HMR_0674,,
,,HMR_0675,,
,,HMR_0676,,
,,HMR_0677,,
,,HMR_0678,,
,,HMR_0679,,
,,HMR_0680,,
,,HMR_0681,,
,,HMR_0682,,
,,HMR_0683,,
,,HMR_0684,,
,,HMR_0685,,
,,HMR_0686,,
,,HMR_0687,,
,,HMR_0688,,
,,HMR_0689,,
,,HMR_0690,,
,,HMR_0691,,
,,HMR_0692,,
,,HMR_0703,,
,,HMR_0705,,
,,HMR_0706,,
,,HMR_0707,,
,,HMR_0708,,
,,HMR_0715,,
,,HMR_0716,,
,,HMR_0717,,
,,HMR_0718,,
,,HMR_0719,,
,,HMR_0733,,
,,HMR_0750,,
,,HMR_0753,,
,,HMR_0758,,
,,HMR_0761,,
,,HMR_0763,,
,,HMR_0765,,
,,HMR_0767,,
,,HMR_0769,,
,,HMR_0770,,
,,HMR_0771,,
,,HMR_0775,,
,,HMR_0783,,
,,HMR_0792,,
,,HMR_0793,,
,,HMR_0795,,
,,HMR_0803,,
,,HMR_0805,,
,,HMR_0806,,
,,HMR_0807,,
,,HMR_0808,,
,,HMR_0809,,
,,HMR_0810,,
,,HMR_0811,,
,,HMR_0812,,
,,HMR_0813,,
,,HMR_0814,,
,,HMR_0815,,
,,HMR_0816,,
,,HMR_0817,,
,,HMR_0819,,
,,HMR_0820,,
,,HMR_0821,,
,,HMR_0822,,
,,HMR_0823,,
,,HMR_0824,,
,,HMR_0825,,
,,HMR_0827,,
,,HMR_0828,,
,,HMR_0829,,
,,HMR_0830,,
,,HMR_0831,,
,,HMR_0834,,
,,HMR_0835,,
,,HMR_0836,,
,,HMR_0837,,
,,HMR_0839,,
,,HMR_0840,,
,,HMR_0841,,
,,HMR_0842,,
,,HMR_0843,,
,,HMR_0844,,
,,HMR_0846,,
,,HMR_0847,,
,,HMR_0848,,
,,HMR_0849,,
,,HMR_0851,,
,,HMR_0852,,
,,HMR_0853,,
,,HMR_0854,,
,,HMR_0855,,
,,HMR_0856,,
,,HMR_0857,,
,,HMR_0858,,
,,HMR_0859,,
,,HMR_0860,,
,,HMR_0861,,
,,HMR_0862,,
,,HMR_0863,,
,,HMR_0864,,
,,HMR_0865,,
,,HMR_0866,,
,,HMR_0867,,
,,HMR_0868,,
,,HMR_0870,,
,,HMR_0871,,
,,HMR_0873,,
,,HMR_0875,,
,,HMR_0876,,
,,HMR_0877,,
,,HMR_0878,,
,,HMR_0879,,
,,HMR_0880,,
,,HMR_0881,,
,,HMR_0882,,
,,HMR_0883,,
,,HMR_0884,,
,,HMR_0885,,
,,HMR_0886,,
,,HMR_0887,,
,,HMR_0888,,
,,HMR_0889,,
,,HMR_0890,,
,,HMR_0891,,
,,HMR_0892,,
,,HMR_0893,,
,,HMR_0894,,
,,HMR_0895,,
,,HMR_0896,,
,,HMR_0897,,
,,HMR_0898,,
,,HMR_0899,,
,,HMR_0900,,
,,HMR_0901,,
,,HMR_0902,,
,,HMR_0903,,
,,HMR_0904,,
,,HMR_0905,,
,,HMR_0906,,
,,HMR_0907,,
,,HMR_0908,,
,,HMR_0909,,
,,HMR_0910,,
,,HMR_0911,,
,,HMR_0912,,
,,HMR_0913,,
,,HMR_0917,,
,,HMR_0931,,
,,HMR_0932,,
,,HMR_0933,,
,,HMR_0935,,
,,HMR_0936,,
,,HMR_0937,,
,,HMR_0938,,
,,HMR_0939,,
,,HMR_0940,,
,,HMR_0942,,
,,HMR_0945,,
,,HMR_0946,,
,,HMR_0949,,
,,HMR_0950,,
,,HMR_0953,,
,,HMR_0954,,
,,HMR_0957,,
,,HMR_0960,,
,,HMR_0962,,
,,HMR_0963,,
,,HMR_0966,,
,,HMR_0979,,
,,HMR_0981,,
,,HMR_0984,,
,,HMR_0985,,
,,HMR_0986,,
,,HMR_0987,,
,,HMR_0988,,
,,HMR_0989,,
,,HMR_0990,,
,,HMR_0991,,
,,HMR_0992,,
,,HMR_0993,,
,,HMR_0994,,
,,HMR_0995,,
,,HMR_0996,,
,,HMR_0997,,
,,HMR_0998,,
,,HMR_0999,,
,,HMR_1026,,
,,HMR_1030,,
,,HMR_1033,,
,,HMR_1034,,
,,HMR_1037,,
,,HMR_1039,,
,,HMR_1040,,
,,HMR_1041,,
,,HMR_1042,,
,,HMR_1062,,
,,HMR_1063,,
,,HMR_1064,,
,,HMR_1065,,
,,HMR_1066,,
,,HMR_1067,,
,,HMR_1068,,
,,HMR_1069,,
,,HMR_1070,,
,,HMR_1073,,
,,HMR_1074,,
,,HMR_1077,,
,,HMR_1079,,
,,HMR_1081,,
,,HMR_1084,,
,,HMR_1085,,
,,HMR_1087,,
,,HMR_1089,,
,,HMR_1092,,
,,HMR_1094,,
,,HMR_1095,,
,,HMR_1097,,
,,HMR_1099,,
,,HMR_1102,,
,,HMR_1104,,
,,HMR_1115,,
,,HMR_1117,,
,,HMR_1126,,
,,HMR_1127,,
,,HMR_1129,,
,,HMR_1135,,
,,HMR_1143,,
,,HMR_1144,,
,,HMR_1145,,
,,HMR_1148,,
,,HMR_1150,,
,,HMR_1154,,
,,HMR_1156,,
,,HMR_1158,,
,,HMR_1160,,
,,HMR_1172,,
,,HMR_1173,,
,,HMR_1185,,
,,HMR_1186,,
,,HMR_1187,,
,,HMR_1188,,
,,HMR_1189,,
,,HMR_1190,,
,,HMR_1197,,
,,HMR_1198,,
,,HMR_1199,,
,,HMR_1214,,
,,HMR_1215,,
,,HMR_1227,,
,,HMR_1232,,
,,HMR_1240,,
,,HMR_1242,,
,,HMR_1243,,
,,HMR_1247,,
,,HMR_1252,,
,,HMR_1266,,
,,HMR_1267,,
,,HMR_1268,,
,,HMR_1269,,
,,HMR_1280,,
,,HMR_1283,,
,,HMR_1284,,
,,HMR_1286,,
,,HMR_1302,,
,,HMR_1303,,
,,HMR_1305,,
,,HMR_1306,,
,,HMR_1307,,
,,HMR_1311,,
,,HMR_1312,,
,,HMR_1315,,
,,HMR_1316,,
,,HMR_1317,,
,,HMR_1318,,
,,HMR_1319,,
,,HMR_1320,,
,,HMR_1321,,
,,HMR_1325,,
,,HMR_1328,,
,,HMR_1329,,
,,HMR_1331,,
,,HMR_1332,,
,,HMR_1336,,
,,HMR_1337,,
,,HMR_1338,,
,,HMR_1341,,
,,HMR_1344,,
,,HMR_1373,,
,,HMR_1374,,
,,HMR_1388,,
,,HMR_1390,,
,,HMR_1391,,
,,HMR_1392,,
,,HMR_1393,,
,,HMR_1403,,
,,HMR_1404,,
,,HMR_1405,,
,,HMR_1406,,
,,HMR_1407,,
,,HMR_1408,,
,,HMR_1409,,
,,HMR_1410,,
,,HMR_1411,,
,,HMR_1412,,
,,HMR_1413,,
,,HMR_1414,,
,,HMR_1416,,
,,HMR_1417,,
,,HMR_1465,,
,,HMR_1470,,
,,HMR_1473,,
,,HMR_1477,,
,,HMR_1478,,
,,HMR_1479,,
,,HMR_1490,,
,,HMR_1493,,
,,HMR_1494,,
,,HMR_1495,,
,,HMR_1496,,
,,HMR_1502,,
,,HMR_1503,,
,,HMR_1504,,
,,HMR_1505,,
,,HMR_1509,,
,,HMR_1512,,
,,HMR_1516,,
,,HMR_1526,,
,,HMR_1532,,
,,HMR_1536,,
,,HMR_1538,,
,,HMR_1539,,
,,HMR_1540,,
,,HMR_1543,,
,,HMR_1544,,
,,HMR_1545,,
,,HMR_1546,,
,,HMR_1547,,
,,HMR_1548,,
,,HMR_1549,,
,,HMR_1550,,
,,HMR_1551,,
,,HMR_1552,,
,,HMR_1557,,
,,HMR_1558,,
,,HMR_1565,,
,,HMR_1620,,
,,HMR_1623,,
,,HMR_1627,,
,,HMR_1629,,
,,HMR_1630,,
,,HMR_1631,,
,,HMR_1637,,
,,HMR_1651,,
,,HMR_1653,,
,,HMR_1665,,
,,HMR_1666,,
,,HMR_1681,,
,,HMR_1685,,
,,HMR_1689,,
,,HMR_1694,,
,,HMR_1701,,
,,HMR_1703,,
,,HMR_1704,,
,,HMR_1706,,
,,HMR_1708,,
,,HMR_1710,,
,,HMR_1730,,
,,HMR_1735,,
,,HMR_1737,,
,,HMR_1738,,
,,HMR_1739,,
,,HMR_1740,,
,,HMR_1741,,
,,HMR_1742,,
,,HMR_1743,,
,,HMR_1744,,
,,HMR_1745,,
,,HMR_1746,,
,,HMR_1747,,
,,HMR_1748,,
,,HMR_1749,,
,,HMR_1750,,
,,HMR_1751,,
,,HMR_1752,,
,,HMR_1753,,
,,HMR_1754,,
,,HMR_1756,,
,,HMR_1758,,
,,HMR_1759,,
,,HMR_1760,,
,,HMR_1761,,
,,HMR_1762,,
,,HMR_1764,,
,,HMR_1765,,
,,HMR_1766,,
,,HMR_1767,,
,,HMR_1768,,
,,HMR_1769,,
,,HMR_1770,,
,,HMR_1771,,
,,HMR_1772,,
,,HMR_1778,,
,,HMR_1781,,
,,HMR_1783,,
,,HMR_1785,,
,,HMR_1786,,
,,HMR_1798,,
,,HMR_1802,,
,,HMR_1804,,
,,HMR_1807,,
,,HMR_1834,,
,,HMR_1836,,
,,HMR_1838,,
,,HMR_1847,,
,,HMR_1897,,
,,HMR_1916,,
,,HMR_1925,,
,,HMR_1927,,
,,HMR_1928,,
,,HMR_1929,,
,,HMR_1931,,
,,HMR_1932,,
,,HMR_1933,,
,,HMR_1934,,
,,HMR_1935,,
,,HMR_1940,,
,,HMR_1941,,
,,HMR_1942,,
,,HMR_1943,,
,,HMR_1944,,
,,HMR_1948,,
,,HMR_1949,,
,,HMR_1950,,
,,HMR_1951,,
,,HMR_1958,,
,,HMR_1962,,
,,HMR_1967,,
,,HMR_1968,,
,,HMR_1970,,
,,HMR_1971,,
,,HMR_1976,,
,,HMR_1979,,
,,HMR_1980,,
,,HMR_1981,,
,,HMR_1982,,
,,HMR_1983,,
,,HMR_1988,,
,,HMR_1989,,
,,HMR_1990,,
,,HMR_1991,,
,,HMR_1992,,
,,HMR_1993,,
,,HMR_1996,,
,,HMR_2002,,
,,HMR_2003,,
,,HMR_2007,,
,,HMR_2010,,
,,HMR_2011,,
,,HMR_2014,,
,,HMR_2016,,
,,HMR_2018,,
,,HMR_2029,,
,,HMR_2030,,
,,HMR_2031,,
,,HMR_2032,,
,,HMR_2033,,
,,HMR_2034,,
,,HMR_2040,,
,,HMR_2041,,
,,HMR_2061,,
,,HMR_2062,,
,,HMR_2063,,
,,HMR_2065,,
,,HMR_2066,,
,,HMR_2067,,
,,HMR_2076,,
,,HMR_2077,,
,,HMR_2078,,
,,HMR_2080,,
,,HMR_2081,,
,,HMR_2082,,
,,HMR_2087,,
,,HMR_2088,,
,,HMR_2089,,
,,HMR_2090,,
,,HMR_2092,,
,,HMR_2093,,
,,HMR_2094,,
,,HMR_2099,,
,,HMR_2100,,
,,HMR_2101,,
,,HMR_2103,,
,,HMR_2104,,
,,HMR_2105,,
,,HMR_2114,,
,,HMR_2116,,
,,HMR_2127,,
,,HMR_2132,,
,,HMR_2139,,
,,HMR_2140,,
,,HMR_2142,,
,,HMR_2143,,
,,HMR_2190,,
,,HMR_2193,,
,,HMR_2210,,
,,HMR_2211,,
,,HMR_2215,,
,,HMR_2217,,
,,HMR_2218,,
,,HMR_2219,,
,,HMR_2227,,
,,HMR_2228,,
,,HMR_2229,,
,,HMR_2230,,
,,HMR_2231,,
,,HMR_2232,,
,,HMR_2233,,
,,HMR_2234,,
,,HMR_2235,,
,,HMR_2236,,
,,HMR_2237,,
,,HMR_2238,,
,,HMR_2239,,
,,HMR_2240,,
,,HMR_2241,,
,,HMR_2242,,
,,HMR_2243,,
,,HMR_2244,,
,,HMR_2245,,
,,HMR_2246,,
,,HMR_2247,,
,,HMR_2248,,
,,HMR_2249,,
,,HMR_2250,,
,,HMR_2251,,
,,HMR_2252,,
,,HMR_2253,,
,,HMR_2254,,
,,HMR_2255,,
,,HMR_2256,,
,,HMR_2257,,
,,HMR_2258,,
,,HMR_2259,,
,,HMR_2260,,
,,HMR_2261,,
,,HMR_2262,,
,,HMR_2263,,
,,HMR_2264,,
,,HMR_2265,,
,,HMR_2266,,
,,HMR_2267,,
,,HMR_2268,,
,,HMR_2269,,
,,HMR_2270,,
,,HMR_2281,,
,,HMR_2282,,
,,HMR_2284,,
,,HMR_2286,,
,,HMR_2287,,
,,HMR_2288,,
,,HMR_2289,,
,,HMR_2292,,
,,HMR_2293,,
,,HMR_2294,,
,,HMR_2295,,
,,HMR_2296,,
,,HMR_2332,,
,,HMR_2334,,
,,HMR_2336,,
,,HMR_2338,,
,,HMR_2342,,
,,HMR_2343,,
,,HMR_2344,,
,,HMR_2345,,
,,HMR_2347,,
,,HMR_2348,,
,,HMR_2349,,
,,HMR_2350,,
,,HMR_2353,,
,,HMR_2354,,
,,HMR_2355,,
,,HMR_2356,,
,,HMR_2359,,
,,HMR_2361,,
,,HMR_2362,,
,,HMR_2363,,
,,HMR_2364,,
,,HMR_2365,,
,,HMR_2368,,
,,HMR_2374,,
,,HMR_2376,,
,,HMR_2380,,
,,HMR_2391,,
,,HMR_2393,,
,,HMR_2395,,
,,HMR_2403,,
,,HMR_2433,,
,,HMR_2434,,
,,HMR_2435,,
,,HMR_2436,,
,,HMR_2437,,
,,HMR_2438,,
,,HMR_2440,,
,,HMR_2441,,
,,HMR_2443,,
,,HMR_2447,,
,,HMR_2456,,
,,HMR_2457,,
,,HMR_2458,,
,,HMR_2472,,
,,HMR_2484,,
,,HMR_2495,,
,,HMR_2530,,
,,HMR_2533,,
,,HMR_2535,,
,,HMR_2537,,
,,HMR_2540,,
,,HMR_2541,,
,,HMR_2542,,
,,HMR_2543,,
,,HMR_2547,,
,,HMR_2554,,
,,HMR_2558,,
,,HMR_2560,,
,,HMR_2561,,
,,HMR_2564,,
,,HMR_2567,,
,,HMR_2569,,
,,HMR_2571,,
,,HMR_2575,,
,,HMR_2577,,
,,HMR_2578,,
,,HMR_2581,,
,,HMR_2582,,
,,HMR_2585,,
,,HMR_2602,,
,,HMR_2603,,
,,HMR_2604,,
,,HMR_2605,,
,,HMR_2606,,
,,HMR_2607,,
,,HMR_2608,,
,,HMR_2609,,
,,HMR_2610,,
,,HMR_2611,,
,,HMR_2612,,
,,HMR_2613,,
,,HMR_2614,,
,,HMR_2616,,
,,HMR_2618,,
,,HMR_2620,,
,,HMR_2621,,
,,HMR_2622,,
,,HMR_2624,,
,,HMR_2633,,
,,HMR_2634,,
,,HMR_2635,,
,,HMR_2644,,
,,HMR_2648,,
,,HMR_2649,,
,,HMR_2650,,
,,HMR_2651,,
,,HMR_2652,,
,,HMR_2653,,
,,HMR_2655,,
,,HMR_2657,,
,,HMR_2659,,
,,HMR_2660,,
,,HMR_2661,,
,,HMR_2662,,
,,HMR_2666,,
,,HMR_2667,,
,,HMR_2668,,
,,HMR_2669,,
,,HMR_2670,,
,,HMR_2671,,
,,HMR_2673,,
,,HMR_2675,,
,,HMR_2676,,
,,HMR_2677,,
,,HMR_2679,,
,,HMR_2681,,
,,HMR_2682,,
,,HMR_2683,,
,,HMR_2684,,
,,HMR_2685,,
,,HMR_2686,,
,,HMR_2687,,
,,HMR_2688,,
,,HMR_2689,,
,,HMR_2690,,
,,HMR_2691,,
,,HMR_2692,,
,,HMR_2693,,
,,HMR_2695,,
,,HMR_2697,,
,,HMR_2699,,
,,HMR_2700,,
,,HMR_2701,,
,,HMR_2702,,
,,HMR_2703,,
,,HMR_2704,,
,,HMR_2705,,
,,HMR_2706,,
,,HMR_2707,,
,,HMR_2708,,
,,HMR_2709,,
,,HMR_2710,,
,,HMR_2711,,
,,HMR_2712,,
,,HMR_2713,,
,,HMR_2715,,
,,HMR_2718,,
,,HMR_2722,,
,,HMR_2727,,
,,HMR_2731,,
,,HMR_2733,,
,,HMR_2734,,
,,HMR_2735,,
,,HMR_2736,,
,,HMR_2737,,
,,HMR_2738,,
,,HMR_2739,,
,,HMR_2740,,
,,HMR_2741,,
,,HMR_2744,,
,,HMR_2748,,
,,HMR_2753,,
,,HMR_2757,,
,,HMR_2760,,
,,HMR_2764,,
,,HMR_2768,,
,,HMR_2769,,
,,HMR_2770,,
,,HMR_2771,,
,,HMR_2772,,
,,HMR_2773,,
,,HMR_2774,,
,,HMR_2775,,
,,HMR_2776,,
,,HMR_2787,,
,,HMR_2788,,
,,HMR_2789,,
,,HMR_2790,,
,,HMR_2791,,
,,HMR_2792,,
,,HMR_2793,,
,,HMR_2794,,
,,HMR_2795,,
,,HMR_2796,,
,,HMR_2797,,
,,HMR_2798,,
,,HMR_2799,,
,,HMR_2800,,
,,HMR_2805,,
,,HMR_2806,,
,,HMR_2811,,
,,HMR_2812,,
,,HMR_2813,,
,,HMR_2814,,
,,HMR_2815,,
,,HMR_2816,,
,,HMR_2817,,
,,HMR_2819,,
,,HMR_2821,,
,,HMR_2822,,
,,HMR_2823,,
,,HMR_2824,,
,,HMR_2827,,
,,HMR_2829,,
,,HMR_2830,,
,,HMR_2831,,
,,HMR_2832,,
,,HMR_2833,,
,,HMR_2834,,
,,HMR_2835,,
,,HMR_2836,,
,,HMR_2837,,
,,HMR_2838,,
,,HMR_2839,,
,,HMR_2840,,
,,HMR_2841,,
,,HMR_2842,,
,,HMR_2843,,
,,HMR_2844,,
,,HMR_2845,,
,,HMR_2846,,
,,HMR_2847,,
,,HMR_2848,,
,,HMR_2849,,
,,HMR_2850,,
,,HMR_2851,,
,,HMR_2852,,
,,HMR_2853,,
,,HMR_2854,,
,,HMR_2855,,
,,HMR_2856,,
,,HMR_2857,,
,,HMR_2859,,
,,HMR_2861,,
,,HMR_2862,,
,,HMR_2863,,
,,HMR_2864,,
,,HMR_2865,,
,,HMR_2866,,
,,HMR_2867,,
,,HMR_2868,,
,,HMR_2869,,
,,HMR_2870,,
,,HMR_2871,,
,,HMR_2872,,
,,HMR_2873,,
,,HMR_2874,,
,,HMR_2875,,
,,HMR_2876,,
,,HMR_2877,,
,,HMR_2878,,
,,HMR_2879,,
,,HMR_2884,,
,,HMR_2886,,
,,HMR_2888,,
,,HMR_2890,,
,,HMR_2896,,
,,HMR_2897,,
,,HMR_2898,,
,,HMR_2899,,
,,HMR_2900,,
,,HMR_2901,,
,,HMR_2902,,
,,HMR_2903,,
,,HMR_2904,,
,,HMR_2905,,
,,HMR_2906,,
,,HMR_2907,,
,,HMR_2908,,
,,HMR_2910,,
,,HMR_2911,,
,,HMR_2913,,
,,HMR_2914,,
,,HMR_2916,,
,,HMR_2917,,
,,HMR_2918,,
,,HMR_2919,,
,,HMR_2920,,
,,HMR_2922,,
,,HMR_2923,,
,,HMR_2925,,
,,HMR_2926,,
,,HMR_2928,,
,,HMR_2929,,
,,HMR_2930,,
,,HMR_2931,,
,,HMR_2932,,
,,HMR_2942,,
,,HMR_2943,,
,,HMR_2944,,
,,HMR_2945,,
,,HMR_2946,,
,,HMR_2947,,
,,HMR_2948,,
,,HMR_2951,,
,,HMR_2954,,
,,HMR_2955,,
,,HMR_2956,,
,,HMR_2961,,
,,HMR_2962,,
,,HMR_2963,,
,,HMR_2964,,
,,HMR_2965,,
,,HMR_2966,,
,,HMR_2967,,
,,HMR_2968,,
,,HMR_2969,,
,,HMR_2970,,
,,HMR_2971,,
,,HMR_2972,,
,,HMR_2973,,
,,HMR_2974,,
,,HMR_2975,,
,,HMR_2976,,
,,HMR_2977,,
,,HMR_2978,,
,,HMR_2979,,
,,HMR_2980,,
,,HMR_2982,,
,,HMR_2983,,
,,HMR_2985,,
,,HMR_2986,,
,,HMR_2988,,
,,HMR_2989,,
,,HMR_2990,,
,,HMR_2994,,
,,HMR_2998,,
,,HMR_2999,,
,,HMR_3001,,
,,HMR_3002,,
,,HMR_3003,,
,,HMR_3017,,
,,HMR_3018,,
,,HMR_3021,,
,,HMR_3023,,
,,HMR_3053,,
,,HMR_3054,,
,,HMR_3055,,
,,HMR_3056,,
,,HMR_3057,,
,,HMR_3058,,
,,HMR_3059,,
,,HMR_3062,,
,,HMR_3063,,
,,HMR_3064,,
,,HMR_3065,,
,,HMR_3066,,
,,HMR_3067,,
,,HMR_3068,,
,,HMR_3069,,
,,HMR_3070,,
,,HMR_3071,,
,,HMR_3072,,
,,HMR_3073,,
,,HMR_3074,,
,,HMR_3075,,
,,HMR_3076,,
,,HMR_3094,,
,,HMR_3095,,
,,HMR_3096,,
,,HMR_3097,,
,,HMR_3098,,
,,HMR_3099,,
,,HMR_3100,,
,,HMR_3101,,
,,HMR_3102,,
,,HMR_3106,,
,,HMR_3107,,
,,HMR_3108,,
,,HMR_3109,,
,,HMR_3110,,
,,HMR_3111,,
,,HMR_3112,,
,,HMR_3113,,
,,HMR_3114,,
,,HMR_3115,,
,,HMR_3116,,
,,HMR_3117,,
,,HMR_3118,,
,,HMR_3121,,
,,HMR_3128,,
,,HMR_3135,,
,,HMR_3142,,
,,HMR_3149,,
,,HMR_3156,,
,,HMR_3170,,
,,HMR_3171,,
,,HMR_3172,,
,,HMR_3173,,
,,HMR_3174,,
,,HMR_3175,,
,,HMR_3176,,
,,HMR_3177,,
,,HMR_3178,,
,,HMR_3179,,
,,HMR_3180,,
,,HMR_3181,,
,,HMR_3182,,
,,HMR_3183,,
,,HMR_3184,,
,,HMR_3185,,
,,HMR_3186,,
,,HMR_3187,,
,,HMR_3188,,
,,HMR_3189,,
,,HMR_3190,,
,,HMR_3191,,
,,HMR_3192,,
,,HMR_3193,,
,,HMR_3194,,
,,HMR_3195,,
,,HMR_3196,,
,,HMR_3197,,
,,HMR_3198,,
,,HMR_3199,,
,,HMR_3200,,
,,HMR_3201,,
,,HMR_3202,,
,,HMR_3203,,
,,HMR_3204,,
,,HMR_3205,,
,,HMR_3218,,
,,HMR_3219,,
,,HMR_3220,,
,,HMR_3221,,
,,HMR_3222,,
,,HMR_3223,,
,,HMR_3224,,
,,HMR_3225,,
,,HMR_3229,,
,,HMR_3230,,
,,HMR_3231,,
,,HMR_3232,,
,,HMR_3233,,
,,HMR_3234,,
,,HMR_3235,,
,,HMR_3236,,
,,HMR_3237,,
,,HMR_3240,,
,,HMR_3241,,
,,HMR_3242,,
,,HMR_3243,,
,,HMR_3244,,
,,HMR_3245,,
,,HMR_3246,,
,,HMR_3247,,
,,HMR_3272,,
,,HMR_3288,,
,,HMR_3296,,
,,HMR_3316,,
,,HMR_3321,,
,,HMR_3322,,
,,HMR_3326,,
,,HMR_3327,,
,,HMR_3328,,
,,HMR_3329,,
,,HMR_3330,,
,,HMR_3331,,
,,HMR_3332,,
,,HMR_3333,,
,,HMR_3334,,
,,HMR_3335,,
,,HMR_3336,,
,,HMR_3337,,
,,HMR_3338,,
,,HMR_3339,,
,,HMR_3340,,
,,HMR_3341,,
,,HMR_3342,,
,,HMR_3343,,
,,HMR_3344,,
,,HMR_3345,,
,,HMR_3346,,
,,HMR_3347,,
,,HMR_3348,,
,,HMR_3349,,
,,HMR_3350,,
,,HMR_3351,,
,,HMR_3352,,
,,HMR_3353,,
,,HMR_3356,,
,,HMR_3357,,
,,HMR_3358,,
,,HMR_3359,,
,,HMR_3360,,
,,HMR_3361,,
,,HMR_3362,,
,,HMR_3363,,
,,HMR_3375,,
,,HMR_3396,,
,,HMR_3397,,
,,HMR_3398,,
,,HMR_3406,,
,,HMR_3407,,
,,HMR_3408,,
,,HMR_3409,,
,,HMR_3411,,
,,HMR_3413,,
,,HMR_3414,,
,,HMR_3416,,
,,HMR_3421,,
,,HMR_3422,,
,,HMR_3423,,
,,HMR_3424,,
,,HMR_3425,,
,,HMR_3426,,
,,HMR_3427,,
,,HMR_3428,,
,,HMR_3429,,
,,HMR_3431,,
,,HMR_3432,,
,,HMR_3433,,
,,HMR_3446,,
,,HMR_3447,,
,,HMR_3448,,
,,HMR_3449,,
,,HMR_3450,,
,,HMR_3451,,
,,HMR_3452,,
,,HMR_3453,,
,,HMR_3454,,
,,HMR_3455,,
,,HMR_3456,,
,,HMR_3457,,
,,HMR_3475,,
,,HMR_3476,,
,,HMR_3478,,
,,HMR_3491,,
,,HMR_3505,,
,,HMR_3520,,
,,HMR_3522,,
,,HMR_3537,,
,,HMR_3538,,
,,HMR_3539,,
,,HMR_3540,,
,,HMR_3541,,
,,HMR_3542,,
,,HMR_3543,,
,,HMR_3544,,
,,HMR_3546,,
,,HMR_3547,,
,,HMR_3548,,
,,HMR_3549,,
,,HMR_3550,,
,,HMR_3553,,
,,HMR_3555,,
,,HMR_3556,,
,,HMR_3557,,
,,HMR_3558,,
,,HMR_3559,,
,,HMR_3560,,
,,HMR_3561,,
,,HMR_3562,,
,,HMR_3563,,
,,HMR_3564,,
,,HMR_3565,,
,,HMR_3566,,
,,HMR_3567,,
,,HMR_3568,,
,,HMR_3569,,
,,HMR_3570,,
,,HMR_3571,,
,,HMR_3572,,
,,HMR_3573,,
,,HMR_3574,,
,,HMR_3575,,
,,HMR_3576,,
,,HMR_3577,,
,,HMR_3578,,
,,HMR_3579,,
,,HMR_3580,,
,,HMR_3581,,
,,HMR_3582,,
,,HMR_3583,,
,,HMR_3584,,
,,HMR_3585,,
,,HMR_3587,,
,,HMR_3588,,
,,HMR_3590,,
,,HMR_3591,,
,,HMR_3592,,
,,HMR_3593,,
,,HMR_3594,,
,,HMR_3595,,
,,HMR_3596,,
,,HMR_3597,,
,,HMR_3622,,
,,HMR_3625,,
,,HMR_3626,,
,,HMR_3627,,
,,HMR_3628,,
,,HMR_3629,,
,,HMR_3630,,
,,HMR_3631,,
,,HMR_3633,,
,,HMR_3635,,
,,HMR_3636,,
,,HMR_3637,,
,,HMR_3639,,
,,HMR_3640,,
,,HMR_3642,,
,,HMR_3643,,
,,HMR_3644,,
,,HMR_3645,,
,,HMR_3646,,
,,HMR_3647,,
,,HMR_3648,,
,,HMR_3649,,
,,HMR_3650,,
,,HMR_3651,,
,,HMR_3652,,
,,HMR_3653,,
,,HMR_3654,,
,,HMR_3655,,
,,HMR_3656,,
,,HMR_3657,,
,,HMR_3658,,
,,HMR_3659,,
,,HMR_3660,,
,,HMR_3662,,
,,HMR_3663,,
,,HMR_3664,,
,,HMR_3665,,
,,HMR_3666,,
,,HMR_3667,,
,,HMR_3668,,
,,HMR_3669,,
,,HMR_3670,,
,,HMR_3671,,
,,HMR_3672,,
,,HMR_3675,,
,,HMR_3677,,
,,HMR_3678,,
,,HMR_3679,,
,,HMR_3680,,
,,HMR_3681,,
,,HMR_3682,,
,,HMR_3683,,
,,HMR_3684,,
,,HMR_3685,,
,,HMR_3686,,
,,HMR_3687,,
,,HMR_3688,,
,,HMR_3689,,
,,HMR_3690,,
,,HMR_3692,,
,,HMR_3694,,
,,HMR_3695,,
,,HMR_3696,,
,,HMR_3698,,
,,HMR_3699,,
,,HMR_3701,,
,,HMR_3702,,
,,HMR_3703,,
,,HMR_3704,,
,,HMR_3705,,
,,HMR_3706,,
,,HMR_3707,,
,,HMR_3708,,
,,HMR_3709,,
,,HMR_3710,,
,,HMR_3711,,
,,HMR_3712,,
,,HMR_3713,,
,,HMR_3714,,
,,HMR_3715,,
,,HMR_3716,,
,,HMR_3717,,
,,HMR_3718,,
,,HMR_3719,,
,,HMR_3721,,
,,HMR_3722,,
,,HMR_3723,,
,,HMR_3724,,
,,HMR_3725,,
,,HMR_3726,,
,,HMR_3727,,
,,HMR_3728,,
,,HMR_3729,,
,,HMR_3730,,
,,HMR_3731,,
,,HMR_3734,,
,,HMR_3736,,
,,HMR_3737,,
,,HMR_3738,,
,,HMR_3739,,
,,HMR_3740,,
,,HMR_3741,,
,,HMR_3742,,
,,HMR_3746,,
,,HMR_3831,,
,,HMR_3832,,
,,HMR_3855,,
,,HMR_3859,,
,,HMR_3864,,
,,HMR_3867,,
,,HMR_3915,,
,,HMR_3921,,
,,HMR_3951,,
,,HMR_3953,,
,,HMR_3966,,
,,HMR_3996,,
,,HMR_4072,,
,,HMR_4078,,
,,HMR_4079,,
,,HMR_4124,,
,,HMR_4182,,
,,HMR_4205,,
,,HMR_4227,,
,,HMR_4241,,
,,HMR_4261,,
,,HMR_4263,,
,,HMR_4266,,
,,HMR_4270,,
,,HMR_4278,,
,,HMR_4284,,
,,HMR_4313,,
,,HMR_4314,,
,,HMR_4318,,
,,HMR_4343,,
,,HMR_4422,,
,,HMR_4466,,
,,HMR_4538,,
,,HMR_4549,,
,,HMR_4556,,
,,HMR_4592,,
,,HMR_4594,,
,,HMR_4630,,
,,HMR_4664,,
,,HMR_4672,,
,,HMR_4684,,
,,HMR_4696,,
,,HMR_4700,,
,,HMR_4701,,
,,HMR_4702,,
,,HMR_4756,,
,,HMR_4757,,
,,HMR_4762,,
,,HMR_4763,,
,,HMR_4764,,
,,HMR_4767,,
,,HMR_4768,,
,,HMR_4771,,
,,HMR_4776,,
,,HMR_4777,,
,,HMR_4782,,
,,HMR_4783,,
,,HMR_4790,,
,,HMR_4831,,
,,HMR_4902,,
,,HMR_4903,,
,,HMR_4938,,
,,HMR_4955,,
,,HMR_4957,,
,,HMR_4964,,
,,HMR_5101,,
,,HMR_5130,,
,,HMR_5131,,
,,HMR_5132,,
,,HMR_5133,,
,,HMR_5134,,
,,HMR_5135,,
,,HMR_5136,,
,,HMR_5137,,
,,HMR_5138,,
,,HMR_5139,,
,,HMR_5140,,
,,HMR_5141,,
,,HMR_5142,,
,,HMR_5143,,
,,HMR_5144,,
,,HMR_5145,,
,,HMR_5146,,
,,HMR_5147,,
,,HMR_5148,,
,,HMR_5149,,
,,HMR_5150,,
,,HMR_5169,,
,,HMR_5170,,
,,HMR_5171,,
,,HMR_5173,,
,,HMR_5174,,
,,HMR_5222,,
,,HMR_5224,,
,,HMR_5225,,
,,HMR_5226,,
,,HMR_5227,,
,,HMR_5228,,
,,HMR_5230,,
,,HMR_5231,,
,,HMR_5232,,
,,HMR_5233,,
,,HMR_5234,,
,,HMR_5236,,
,,HMR_5237,,
,,HMR_5238,,
,,HMR_5239,,
,,HMR_5240,,
,,HMR_5241,,
,,HMR_5243,,
,,HMR_5244,,
,,HMR_5245,,
,,HMR_5246,,
,,HMR_5247,,
,,HMR_5248,,
,,HMR_5249,,
,,HMR_5250,,
,,HMR_5251,,
,,HMR_5252,,
,,HMR_5253,,
,,HMR_5254,,
,,HMR_5255,,
,,HMR_5257,,
,,HMR_5285,,
,,HMR_5286,,
,,HMR_5287,,
,,HMR_5289,,
,,HMR_5290,,
,,HMR_5291,,
,,HMR_5301,,
,,HMR_5336,,
,,HMR_5344,,
,,HMR_5387,,
,,HMR_5388,,
,,HMR_5389,,
,,HMR_5390,,
,,HMR_5395,,
,,HMR_5409,,
,,HMR_5420,,
,,HMR_5996,,
,,HMR_6359,,
,,HMR_6362,,
,,HMR_6363,,
,,HMR_6364,,
,,HMR_6365,,
,,HMR_6385,,
,,HMR_6397,,
,,HMR_6399,,
,,HMR_6400,,
,,HMR_6401,,
,,HMR_6402,,
,,HMR_6403,,
,,HMR_6404,,
,,HMR_6408,,
,,HMR_6425,,
,,HMR_6430,,
,,HMR_6431,,
,,HMR_6432,,
,,HMR_6433,,
,,HMR_6434,,
,,HMR_6435,,
,,HMR_6436,,
,,HMR_6438,,
,,HMR_6439,,
,,HMR_6440,,
,,HMR_6441,,
,,HMR_6442,,
,,HMR_6445,,
,,HMR_6446,,
,,HMR_6447,,
,,HMR_6450,,
,,HMR_6451,,
,,HMR_6453,,
,,HMR_6454,,
,,HMR_6455,,
,,HMR_6456,,
,,HMR_6463,,
,,HMR_6468,,
,,HMR_6469,,
,,HMR_6470,,
,,HMR_6471,,
,,HMR_6472,,
,,HMR_6473,,
,,HMR_6475,,
,,HMR_6480,,
,,HMR_6481,,
,,HMR_6482,,
,,HMR_6484,,
,,HMR_6486,,
,,HMR_6488,,
,,HMR_6499,,
,,HMR_6500,,
,,HMR_6511,,
,,HMR_6515,,
,,HMR_6533,,
,,HMR_6534,,
,,HMR_6545,,
,,HMR_6549,,
,,HMR_6550,,
,,HMR_6558,,
,,HMR_6564,,
,,HMR_6566,,
,,HMR_6568,,
,,HMR_6572,,
,,HMR_6573,,
,,HMR_6574,,
,,HMR_6577,,
,,HMR_6578,,
,,HMR_6583,,
,,HMR_6584,,
,,HMR_6595,,
,,HMR_6601,,
,,HMR_6607,,
,,HMR_6611,,
,,HMR_6617,,
,,HMR_6618,,
,,HMR_6619,,
,,HMR_6620,,
,,HMR_6629,,
,,HMR_6632,,
,,HMR_6633,,
,,HMR_6634,,
,,HMR_6635,,
,,HMR_6636,,
,,HMR_6637,,
,,HMR_6639,,
,,HMR_6647,,
,,HMR_6648,,
,,HMR_6653,,
,,HMR_6655,,
,,HMR_6656,,
,,HMR_6671,,
,,HMR_6682,,
,,HMR_6684,,
,,HMR_6690,,
,,HMR_6691,,
,,HMR_6692,,
,,HMR_6693,,
,,HMR_6700,,
,,HMR_6701,,
,,HMR_6702,,
,,HMR_6703,,
,,HMR_6704,,
,,HMR_6705,,
,,HMR_6709,,
,,HMR_6711,,
,,HMR_6717,,
,,HMR_6720,,
,,HMR_6727,,
,,HMR_6728,,
,,HMR_6729,,
,,HMR_6747,,
,,HMR_6755,,
,,HMR_6757,,
,,HMR_6770,,
,,HMR_6771,,
,,HMR_6781,,
,,HMR_6782,,
,,HMR_6784,,
,,HMR_6785,,
,,HMR_6786,,
,,HMR_6790,,
,,HMR_6793,,
,,HMR_6794,,
,,HMR_6797,,
,,HMR_6802,,
,,HMR_6813,,
,,HMR_6826,,
,,HMR_6827,,
,,HMR_6834,,
,,HMR_6835,,
,,HMR_6838,,
,,HMR_6839,,
,,HMR_6840,,
,,HMR_6841,,
,,HMR_6844,,
,,HMR_6848,,
,,HMR_6849,,
,,HMR_6850,,
,,HMR_6854,,
,,HMR_6855,,
,,HMR_6874,,
,,HMR_6876,,
,,HMR_6907,,
,,HMR_6908,,
,,HMR_6909,,
,,HMR_6910,,
,,HMR_6928,,
,,HMR_6929,,
,,HMR_6937,,
,,HMR_6939,,
,,HMR_6957,,
,,HMR_6975,,
,,HMR_6976,,
,,HMR_6977,,
,,HMR_6978,,
,,HMR_6983,,
,,HMR_6984,,
,,HMR_6985,,
,,HMR_6986,,
,,HMR_6989,,
,,HMR_6990,,
,,HMR_6991,,
,,HMR_6992,,
,,HMR_6993,,
,,HMR_6994,,
,,HMR_6995,,
,,HMR_6996,,
,,HMR_6997,,
,,HMR_6998,,
,,HMR_6999,,
,,HMR_7000,,
,,HMR_7002,,
,,HMR_7003,,
,,HMR_7004,,
,,HMR_7005,,
,,HMR_7006,,
,,HMR_7007,,
,,HMR_7008,,
,,HMR_7009,,
,,HMR_7010,,
,,HMR_7011,,
,,HMR_7012,,
,,HMR_7013,,
,,HMR_7014,,
,,HMR_7015,,
,,HMR_7016,,
,,HMR_7017,,
,,HMR_7018,,
,,HMR_7019,,
,,HMR_7020,,
,,HMR_7022,,
,,HMR_7023,,
,,HMR_7024,,
,,HMR_7025,,
,,HMR_7026,,
,,HMR_7027,,
,,HMR_7028,,
,,HMR_7029,,
,,HMR_7030,,
,,HMR_7031,,
,,HMR_7032,,
,,HMR_7033,,
,,HMR_7034,,
,,HMR_7035,,
,,HMR_7036,,
,,HMR_7037,,
,,HMR_7038,,
,,HMR_7039,,
,,HMR_7040,,
,,HMR_7041,,
,,HMR_7042,,
,,HMR_7043,,
,,HMR_7044,,
,,HMR_7045,,
,,HMR_7046,,
,,HMR_7047,,
,,HMR_7048,,
,,HMR_7049,,
,,HMR_7050,,
,,HMR_7051,,
,,HMR_7052,,
,,HMR_7053,,
,,HMR_7054,,
,,HMR_7055,,
,,HMR_7056,,
,,HMR_7057,,
,,HMR_7058,,
,,HMR_7059,,
,,HMR_7060,,
,,HMR_7061,,
,,HMR_7062,,
,,HMR_7063,,
,,HMR_7064,,
,,HMR_7065,,
,,HMR_7066,,
,,HMR_7067,,
,,HMR_7068,,
,,HMR_7069,,
,,HMR_7070,,
,,HMR_7071,,
,,HMR_7072,,
,,HMR_7073,,
,,HMR_7074,,
,,HMR_7075,,
,,HMR_7076,,
,,HMR_7077,,
,,HMR_7078,,
,,HMR_7079,,
,,HMR_7080,,
,,HMR_7081,,
,,HMR_7082,,
,,HMR_7083,,
,,HMR_7084,,
,,HMR_7085,,
,,HMR_7086,,
,,HMR_7087,,
,,HMR_7088,,
,,HMR_7089,,
,,HMR_7090,,
,,HMR_7091,,
,,HMR_7092,,
,,HMR_7093,,
,,HMR_7094,,
,,HMR_7095,,
,,HMR_7096,,
,,HMR_7097,,
,,HMR_7098,,
,,HMR_7099,,
,,HMR_7100,,
,,HMR_7103,,
,,HMR_7104,,
,,HMR_7106,,
,,HMR_7109,,
,,HMR_7115,,
,,HMR_7117,,
,,HMR_7119,,
,,HMR_7121,,
,,HMR_7123,,
,,HMR_7125,,
,,HMR_7127,,
,,HMR_7130,,
,,HMR_7131,,
,,HMR_7137,,
,,HMR_7140,,
,,HMR_7141,,
,,HMR_7145,,
,,HMR_7146,,
,,HMR_7147,,
,,HMR_7160,,
,,HMR_7161,,
,,HMR_7162,,
,,HMR_7163,,
,,HMR_7164,,
,,HMR_7165,,
,,HMR_7166,,
,,HMR_7167,,
,,HMR_7168,,
,,HMR_7169,,
,,HMR_7170,,
,,HMR_7173,,
,,HMR_7180,,
,,HMR_7181,,
,,HMR_7182,,
,,HMR_7184,,
,,HMR_7185,,
,,HMR_7186,,
,,HMR_7187,,
,,HMR_7188,,
,,HMR_7197,,
,,HMR_7198,,
,,HMR_7199,,
,,HMR_7255,,
,,HMR_7256,,
,,HMR_7257,,
,,HMR_7265,,
,,HMR_7268,,
,,HMR_7269,,
,,HMR_7270,,
,,HMR_7271,,
,,HMR_7274,,
,,HMR_7275,,
,,HMR_7276,,
,,HMR_7277,,
,,HMR_7278,,
,,HMR_7279,,
,,HMR_7283,,
,,HMR_7328,,
,,HMR_7329,,
,,HMR_7330,,
,,HMR_7431,,
,,HMR_7432,,
,,HMR_7435,,
,,HMR_7437,,
,,HMR_7469,,
,,HMR_7594,,
,,HMR_7597,,
,,HMR_7599,,
,,HMR_7602,,
,,HMR_7604,,
,,HMR_7605,,
,,HMR_7606,,
,,HMR_7607,,
,,HMR_7610,,
,,HMR_7614,,
,,HMR_7615,,
,,HMR_7616,,
,,HMR_7617,,
,,HMR_7618,,
,,HMR_7619,,
,,HMR_7620,,
,,HMR_7621,,
,,HMR_7622,,
,,HMR_7623,,
,,HMR_7624,,
,,HMR_7625,,
,,HMR_7626,,
,,HMR_7628,,
,,HMR_7652,,
,,HMR_7656,,
,,HMR_7660,,
,,HMR_7677,,
,,HMR_7678,,
,,HMR_7698,,
,,HMR_7700,,
,,HMR_7703,,
,,HMR_7711,,
,,HMR_7712,,
,,HMR_7715,,
,,HMR_7720,,
,,HMR_7724,,
,,HMR_7727,,
,,HMR_7741,,
,,HMR_7743,,
,,HMR_7744,,
,,HMR_7745,,
,,HMR_7746,,
,,HMR_7747,,
,,HMR_7748,,
,,HMR_7749,,
,,HMR_7755,,
,,HMR_7756,,
,,HMR_7757,,
,,HMR_7758,,
,,HMR_7759,,
,,HMR_7760,,
,,HMR_7761,,
,,HMR_7897,,
,,HMR_7898,,
,,HMR_7899,,
,,HMR_7900,,
,,HMR_7901,,
,,HMR_7903,,
,,HMR_7906,,
,,HMR_7944,,
,,HMR_7947,,
,,HMR_7949,,
,,HMR_7977,,
,,HMR_8023,,
,,HMR_8056,,
,,HMR_8084,,
,,HMR_8086,,
,,HMR_8090,,
,,HMR_8211,,
,,HMR_8218,,
,,HMR_8271,,
,,HMR_8287,,
,,HMR_8374,,
,,HMR_8378,,
,,HMR_8395,,
,,HMR_8397,,
,,HMR_8399,,
,,HMR_8418,,
,,HMR_8475,,
,,HMR_8476,,
,,HMR_8490,,
,,HMR_8491,,
,,HMR_8492,,
,,HMR_8501,,
,,HMR_8505,,
,,HMR_8510,,
,,HMR_8540,,
,,HMR_8562,,
,,HMR_8567,,
,,HMR_8570,,
,,HMR_8571,,
,,HMR_8572,,
,,HMR_8573,,
,,HMR_8574,,
,,HMR_8575,,
,,HMR_8576,,
,,HMR_8577,,
,,HMR_8578,,
,,HMR_8579,,
,,HMR_8580,,
,,HMR_8582,,
,,HMR_8585,,
,,HMR_8588,,
,,HMR_8590,,
,,HMR_8608,,
,,HMR_8639,,
,,HMR_8643,,
,,HMR_8670,,
,,HMR_8746,,
,,HMR_8749,,
,,HMR_8750,,
,,HMR_8761,,
,,HMR_8762,,
,,HMR_8776,,
,,HMR_8785,,
,,HMR_8796,,
,,HMR_8798,,
,,HMR_8877,,
,,HMR_8884,,
,,HMR_9014,,
,,HMR_9016,,
,,HMR_9017,,
,,HMR_9018,,
,,HMR_9019,,
,,HMR_9022,,
,,HMR_9173,,
,,HMR_9174,,
,,HMR_9175,,
,,HMR_9176,,
,,HMR_9177,,
,,HMR_9178,,
,,HMR_9179,,
,,HMR_9180,,
,,HMR_9183,,
,,HMR_9184,,
,,HMR_9185,,
,,HMR_9187,,
,,HMR_9188,,
,,HMR_9189,,
,,HMR_9191,,
,,HMR_9199,,
,,HMR_9200,,
,,HMR_9464,,
,,HMR_9484,,
,,HMR_9485,,
,,HMR_9487,,
,,HMR_9488,,
,,HMR_9489,,
,,HMR_9490,,
,,HMR_9491,,
,,HMR_9492,,
,,HMR_9493,,
,,HMR_9494,,
,,HMR_9495,,
,,HMR_9496,,
,,HMR_9497,,
,,HMR_9498,,
,,HMR_9499,,
,,HMR_9500,,
,,HMR_9501,,
,,HMR_9502,,
,,HMR_9503,,
,,HMR_9504,,
,,HMR_9505,,
,,HMR_9506,,
,,HMR_9507,,
,,HMR_9508,,
,,HMR_9509,,
,,HMR_9510,,
,,HMR_9511,,
,,HMR_9512,,
,,HMR_9513,,
,,HMR_9514,,
,,HMR_9515,,
,,HMR_9516,,
,,HMR_9517,,
,,HMR_9518,,
,,HMR_9519,,
,,HMR_9520,,
,,HMR_9521,,
,,HMR_9522,,
,,HMR_9523,,
,,HMR_9524,,
,,HMR_9525,,
,,HMR_9527,,
,,HMR_9528,,
,,HMR_9529,,
,,HMR_9530,,
,,HMR_9531,,
,,HMR_9532,,
,,HMR_9534,,
,,HMR_9535,,
,,HMR_9536,,
,,HMR_9537,,
,,HMR_9538,,
,,HMR_9539,,
,,HMR_9541,,
,,HMR_9542,,
,,HMR_9543,,
,,HMR_9544,,
,,HMR_9545,,
,,HMR_9546,,
,,HMR_9547,,
,,HMR_9548,,
,,HMR_9549,,
,,HMR_9550,,
,,HMR_9551,,
,,HMR_9552,,
,,HMR_9554,,
,,HMR_9561,,
,,HMR_9575,,
,,HMR_9577,,
,,HMR_9578,,
,,HMR_9579,,
,,HMR_9580,,
,,HMR_9581,,
,,HMR_9582,,
,,HMR_9583,,
,,HMR_9584,,
,,HMR_9585,,
,,HMR_9586,,
,,HMR_9587,,
,,HMR_9588,,
,,HMR_9590,,
,,HMR_9593,,
,,HMR_9602,,
,,HMR_9603,,
,,HMR_9604,,
,,HMR_9605,,
,,HMR_9607,,
,,HMR_9608,,
,,HMR_9609,,
,,HMR_9610,,
,,HMR_9612,,
,,HMR_9613,,
,,HMR_9614,,
,,HMR_9615,,
,,HMR_9617,,
,,HMR_9619,,
,,HMR_9620,,
,,HMR_9621,,
,,HMR_9622,,
,,HMR_9623,,
,,HMR_9624,,
,,HMR_9625,,
,,HMR_9626,,
,,HMR_9627,,
,,HMR_9628,,
,,HMR_9629,,
,,HMR_9630,,
,,HMR_9631,,
,,HMR_9632,,
,,HMR_9633,,
,,HMR_9634,,
,,HMR_9635,,
,,HMR_9637,,
,,HMR_9638,,
,,HMR_9639,,
,,HMR_9640,,
,,HMR_9642,,
,,HMR_9643,,
,,HMR_9644,,
,,HMR_9645,,
,,HMR_9646,,
,,HMR_9647,,
,,HMR_9648,,
,,HMR_9651,,
,,HMR_9652,,
,,HMR_9653,,
,,HMR_9654,,
,,HMR_9656,,
,,HMR_9657,,
,,HMR_9658,,
,,HMR_9659,,
,,HMR_9660,,
,,HMR_9661,,
,,HMR_9662,,
,,HMR_9663,,
,,HMR_9665,,
,,HMR_9666,,
,,HMR_9667,,
,,HMR_9669,,
,,HMR_9670,,
,,HMR_9671,,
,,HMR_9672,,
,,HMR_9673,,
,,HMR_9674,,
,,HMR_9676,,
,,HMR_9677,,
,,HMR_9678,,
,,HMR_9679,,
,,HMR_9680,,
,,HMR_9716,,
,,HMR_9717,,
,,HMR_9718,,
,,HMR_9719,,
,,HMR_9720,,
,,HMR_9722,,
,,HMR_9723,,
,,HMR_9724,,
,,HMR_9726,,
,,HMR_9727,,
,,HMR_9728,,
,,HMR_9731,,
,,HMR_9732,,
,,HMR_9733,,
,,HMR_9734,,
,,HMR_9735,,
,,HMR_9738,,
,,HMR_9739,,
,,HMR_9740,,
,,HMR_9741,,
,,HMR_9742,,
,,HMR_9743,,
,,HMR_9744,,
,,HMR_9745,,
,,HMR_9746,,
,,HMR_9747,,
,,HMR_9748,,
,,HMR_9749,,
,,HMR_9750,,
,,HMR_9751,,
,,HMR_9752,,
,,HMR_9753,,
,,HMR_9754,,
,,HMR_9755,,
,,HMR_9756,,
,,HMR_9757,,
,,HMR_9758,,
,,HMR_9759,,
,,HMR_9760,,
,,HMR_9761,,
,,HMR_9763,,
,,HMR_9764,,
,,HMR_9765,,
,,HMR_9766,,
,,HMR_9767,,
,,HMR_9771,,
,,HMR_9772,,
,,HMR_9773,,
,,HMR_9776,,
,,HMR_9777,,
,,HMR_9778,,
,,HMR_9781,,
,,HMR_9782,,
,,HMR_9783,,
,,HMR_9784,,
,,HMR_9785,,
,,HMR_9787,,
,,HMR_9790,,
,,HMR_9791,,
,,HMR_9792,,
,,HMR_9794,,
,,HMR_9795,,
,,HMR_9796,,
,,HMR_9797,,
,,HMR_9798,,
,,HMR_9799,,
,,HMR_9800,,
,,HMR_9801,,
,,HMR_9802,,
,,HMR_9803,,
,,HMR_9804,,
,,HMR_9805,,
,,HMR_9806,,
,,HMR_9807,,
,,HMR_9817,,
,,HMR_9818,,
,,HMR_biomass_Renalcancer,,
,,DM_HMR_biomass_renalcancer,,
,,EX_M03044[e],,
,,EX_M01403[e],,
,,EX_CN0020[e],,
,,EX_M00932[e],,
,,EX_M00545[e],,
,,EX_M00228[e],,
,,EX_M00242[e],,
,,EX_M02957[e],,
,,EX_M01570[e],,
,,EX_M03147[e],,
,,EX_M02048[e],,
,,EX_M02353[e],,
,,EX_M01569[e],,
,,EX_M03146[e],,
,,EX_M02047[e],,
,,EX_M02352[e],,
,,EX_apoC_Lys[e],,
,,EX_pre_prot[e],,
,,EX_dad_5[e],,
,,EX_M02723[e],,
,,EX_xtp[e],,
,,EX_adpglc[e],,
,,EX_M03161[e],,
,,sink_xolest2_hs[l],,
,,HMR_9725,,
,,HMR_0031,,
,,HMR_0032,,
,,biomass_components,,
,,cofactors_vitamins,,
,,vitaminA,,
,,vitaminD,,
,,vitaminE,,
,,xenobiotics,,
,,arachidonates,,
,,steroids,,
,,others,,
,,HMR_7596,,
,,HMR_2957,,
,,HMR_6580,,
,,HMR_6588,,
,,HMR_1800,,
,,HMR_1635,,
,,HMR_1048,,
,,HMR_1484,,
,,HMR_6686,,
,,HMR_1264,,
,,HMR_1233,,
,,HMR_1691,,
,,HMR_1151,,
,,HMR_0980,,
,,HMR_1467,,
,,HMR_4816,,
,,HMR_1644,,
,,HMR_4772,,
,,HMR_1500,,
,,HMR_5151,,
,,HMR_5152,,
,,HMR_5153,,
,,HMR_5154,,
,,HMR_5155,,
,,HMR_5156,,
,,HMR_5157,,
,,HMR_5158,,
,,HMR_5159,,
,,HMR_5160,,
,,HMR_5161,,
,,HMR_5162,,
,,HMR_5163,,
,,HMR_5164,,
,,HMR_5165,,
,,HMR_5166,,
,,HMR_5167,,
,,HMR_5168,,
,,HMR_5172,,
,,HMR_3264,,
,,HMR_3256,,
,,HMR_3258,,
,,HMR_1147,,
,,HMR_1049,,
,,HMR_1018,,
,,HMR_1149,,
,,HMR_1383,,
,,HMR_4531,,
,,HMR_6955,,
,,HMR_6672,,
,,HMR_6822,,
,,HMR_5099,,
,,EX_nadh[e],,
,,EX_glc_D[e],,
,,EX_sbt_D[e],,
,,12DHCHOLabc,,
,,12DHCHOLt,,
,,12DHCHOLt2,,
,,3DHCAS,,
,,3DHCDCAS,,
,,3DHCDCHOLabc,,
,,3DHCDCHOLt,,
,,3DHCDCHOLt2,,
,,3DHCHOLabc,,
,,3DHCHOLt,,
,,3DHCHOLt2,,
,,3DHDCAabc,,
,,3DHDCAS,,
,,3DHDCAt,,
,,3DHDCAt2,,
,,3DHLCAabc,,
,,3DHLCAS,,
,,3DHLCAt,,
,,3DHLCAt2,,
,,7DHCDCHOLabc,,
,,7DHCDCHOLt,,
,,7DHCDCHOLt2,,
,,7DHCHOLabc,,
,,7DHCHOLt,,
,,7DHCHOLt2,,
,,CA24GSc,,
,,CA24GSr,,
,,CA24Gte,,
,,CA24Gtr,,
,,CA3Sabc,,
,,CA3St,,
,,CASULT,,
,,CDCA24GSc,,
,,CDCA24GSr,,
,,CDCA24Gte,,
,,CDCA24Gtr,,
,,CDCA3GSc,,
,,CDCA3GSr,,
,,CDCA3Gte,,
,,CDCA3Gtr,,
,,HC02220t,,
,,CDCA6AH,,
,,COPROSTabc,,
,,COPROSTt,,
,,COPROSTt2,,
,,DCA24GSc,,
,,DCA24GSr,,
,,DCA24Gte,,
,,DCA24Gtr,,
,,DCA3GSc,,
,,DCA3GSr,,
,,DCA3Gte,,
,,DCA3Gtr,,
,,DCA3Sabc,,
,,DCA3St,,
,,DCASULT,,
,,DM_12dhchol[c],,
,,DM_3dhcdchol[c],,
,,DM_3dhchol[c],,
,,DM_3dhdchol[c],,
,,DM_3dhlchol[c],,
,,DM_7dhcdchol[c],,
,,DM_7dhchol[c],,
,,DM_ca24g[c],,
,,DM_ca3s[c],,
,,DM_cdca24g[c],,
,,DM_cdca3g[c],,
,,DM_coprost[c],,
,,DM_dca24g[c],,
,,DM_dca3g[c],,
,,DM_dca3s[c],,
,,DM_gca3s[c],,
,,DM_gcdca3s[c],,
,,DM_gdca3s[c],,
,,DM_gudca3s[c],,
,,DM_hca24g[c],,
,,DM_hca6g[c],,
,,DM_hdca24g[c],,
,,DM_hdca6g[c],,
,,DM_hyochol[c],,
,,DM_icdchol[c],,
,,DM_isochol[c],,
,,DM_lca24g[c],,
,,DM_lca3g[c],,
,,DM_lca3s[c],,
,,DM_tca3s[c],,
,,DM_tcdca3s[c],,
,,DM_tdca3s[c],,
,,DM_thyochol[c],,
,,DM_tudca3s[c],,
,,DM_uchol[c],,
,,DM_udca3s[c],,
,,EX_12dhchol[e],,
,,EX_3dhcdchol[e],,
,,EX_3dhchol[e],,
,,EX_3dhdchol[e],,
,,EX_3dhlchol[e],,
,,EX_7dhcdchol[e],,
,,EX_7dhchol[e],,
,,EX_ca24g[e],,
,,EX_ca3s[e],,
,,EX_cdca24g[e],,
,,EX_cdca3g[e],,
,,EX_coprost[e],,
,,EX_dca24g[e],,
,,EX_dca3g[e],,
,,EX_dca3s[e],,
,,EX_gca3s[e],,
,,EX_gcdca3s[e],,
,,EX_gdca3s[e],,
,,EX_gudca3s[e],,
,,EX_hca24g[e],,
,,EX_hca6g[e],,
,,EX_hdca24g[e],,
,,EX_hdca6g[e],,
,,EX_hyochol[e],,
,,EX_icdchol[e],,
,,EX_isochol[e],,
,,EX_lca24g[e],,
,,EX_lca3g[e],,
,,EX_lca3s[e],,
,,EX_tca3s[e],,
,,EX_tcdca3s[e],,
,,EX_tdca3s[e],,
,,EX_thyochol[e],,
,,EX_tudca3s[e],,
,,EX_uchol[e],,
,,EX_udca3s[e],,
,,GCA3Sabc,,
,,GCA3St,,
,,GCASULT,,
,,GCDCA3Sabc,,
,,GCDCA3St,,
,,GCDCASULT,,
,,GDCA3Sabc,,
,,GDCA3St,,
,,GDCASULT,,
,,GUDCA3Sabc,,
,,GUDCA3St,,
,,GUDCASULT,,
,,HCA24GSc,,
,,HCA24GSr,,
,,HCA24Gte,,
,,HCA24Gtr,,
,,HCA6GSc,,
,,HCA6GSr,,
,,HCA6Gte,,
,,HCA6Gtr,,
,,HDCA24GSc,,
,,HDCA24GSr,,
,,HDCA24Gte,,
,,HDCA24Gtr,,
,,HDCA6GSc,,
,,HDCA6GSr,,
,,HDCA6Gte,,
,,HDCA6Gtr,,
,,HYOCHOLabc,,
,,HYOCHOLt,,
,,HYOCHOLt2,,
,,HYOCHOLtr,,
,,ICDCHOLabc,,
,,ICDCHOLt,,
,,ICDCHOLt2,,
,,ISOCHOLabc,,
,,ISOCHOLt,,
,,ISOCHOLt2,,
,,LCA24GSc,,
,,LCA24GSr,,
,,LCA24Gte,,
,,LCA24Gtr,,
,,LCA3GSc,,
,,LCA3GSr,,
,,LCA3Gte,,
,,LCA3Gtr,,
,,LCA3Sabc,,
,,LCA3St,,
,,LCASULT,,
,,M02155tr,,
,,TCA3Sabc,,
,,TCA3St,,
,,TCASULT,,
,,TCDCA3Sabc,,
,,TCDCA3St,,
,,TCDCA6AH,,
,,TCDCASULT,,
,,TDCA3Sabc,,
,,TDCA3St,,
,,TDCASULT,,
,,THYOCHOLabc,,
,,THYOCHOLt,,
,,THYOCHOLt2,,
,,TUDCA3Sabc,,
,,TUDCA3St,,
,,TUDCASULT,,
,,UCHOLabc,,
,,UCHOLt,,
,,UCHOLt2,,
,,UDCA3Sabc,,
,,UDCA3St,,
,,UDCASULT,,
,,UDCHOLt,,
,,UDCHOLt2,,
,,12HTACRhr,,
,,12HTACRtu,,
,,12HTACRtep,,
,,1331TAALThr,,
,,1331TACRhr,,
,,1331TACRteb,,
,,1331TACRtev,,
,,13DMThr,,
,,13DMTtu,,
,,13DMTtep,,
,,14HMDZALThr,,
,,14HMDZhr,,
,,14MDZtev,,
,,1513DTALThr,,
,,1513DTACRhr,,
,,1513TACRtu,,
,,1513TACRtep,,
,,1531TACRhr,,
,,1531TACRteb,,
,,1531TACRtev,,
,,1531TALThr,,
,,15DMThr,,
,,15DMTtu,,
,,15DMTtep,,
,,1HIBUPGLUC_Sthv,,
,,1HIBUP_SGLUhep,,
,,1HIBUP_Sthv,,
,,1HMDGLUChr,,
,,1HMDZGLUChc,,
,,1OHMDZhr,,
,,1OHMDZtep,,
,,2HATVLAChc,,
,,2HATVACIDGLUChr,,
,,2HATVACIDGLUCteb,,
,,2HATVACIDOXDhc,,
,,2HATVACIDhc,,
,,2HATVACIDteb,,
,,2HATVACIDtep,,
,,2HATVACIDthc,,
,,2HATVLACGLUChr,,
,,2HATVLACGLUCteb,,
,,2HATVLACOXDhc,,
,,2HATVLACteb,,
,,2HATVLACtep,,
,,2HATVLACthc,,
,,2HIBUPGLUC_Sthv,,
,,2HIBUP_Rthv,,
,,2HIBUP_SGLUhep,,
,,2HIBUP_Sthv,,
,,31DMThr,,
,,31DMTtu,,
,,31DMTtep,,
,,35DHPVShc,,
,,35DHPVStep,,
,,35DHPVSthc,,
,,35DSMVhep,,
,,35DSMVteb,,
,,3HIBUPGLUC_Sthv,,
,,3HIBUP_Rthv,,
,,3HIBUP_SGLUhep,,
,,3HIBUP_Sthv,,
,,3HLVSTAChep,,
,,3HLVSTACtbc,,
,,3HPVSTETCOAhcm,,
,,3HPVSTETCOAhcx,,
,,3HPVSTETteb,,
,,3HPVSTETtev,,
,,3HPVShc,,
,,3HPVSteb,,
,,3HPVStep,,
,,3HPVSthc,,
,,3HSMVACIDhep,,
,,3HSMVACIDteb,,
,,3HSMVhep,,
,,3ISPVShc,,
,,3ISPVSteb,,
,,3ISPVStep,,
,,3ISPVSthc,,
,,3MEACMPhc,,
,,3OHACMPhr,,
,,3OHACMPtev,,
,,4BHGLZABCt,,
,,4BHGLZhr,,
,,4BHGLZtev,,
,,4HATVACIDOXDhc,,
,,4HATVACIDhc,,
,,4HATVACIDteb,,
,,4HATVACIDtep,,
,,4HATVACIDthc,,
,,4HATVLACOXDhc,,
,,4HATVLAChc,,
,,4HATVLACteb,,
,,4HATVLACtep,,
,,4HATVLACthc,,
,,4HMDGLUCtev,,
,,4HMDZGLUChr,,
,,4OHMDZhr,,
,,4OHMDZtev,,
,,56DHPVShc,,
,,56DHPVSteb,,
,,56DHPVStev,,
,,56EPPVShc,,
,,56EPPVSteb,,
,,56EPPVStev,,
,,5OHFVSGLUhc,,
,,5OHFVSGLUtev,,
,,5OHFVShc,,
,,5OHFVSteb,,
,,6AHGLZABCt,,
,,6AHGLZhr,,
,,6AHGLZtev,,
,,6BHGLZABCt,,
,,6BHGLZGLCABCt,,
,,6BHGLZGLChr,,
,,6BHGLZGLCtev,,
,,6BHGLZhr,,
,,6BHGLZtev,,
,,6CSMVACIDhep,,
,,6CSMVACIDteb,,
,,6CSMVhep,,
,,6EPSteb,,
,,6EPVStep,,
,,6EPVShc,,
,,6EPVSthc,,
,,6HLVSTAChep,,
,,6HLVSTthep,,
,,6HMSMVACIDhep,,
,,6HMSMVACIDteb,,
,,6HMSMVhep,,
,,6HSMVACIDhep,,
,,6HSMVACIDteb,,
,,6HSMVhep,,
,,6MELACAChep,,
,,6MELVACtbc,,
,,6MELVSTthep,,
,,6MSMVhep,,
,,6OHFVSGLUhc,,
,,6OHFVSGLUtev,,
,,6OHFVShc,,
,,6OHFVSteb,,
,,7AHGLZABCt,,
,,7AHGLZhr,,
,,7AHGLZtev,,
,,7BHGLZABCt,,
,,7BHGLZGLCABCt,,
,,7BHGLZGLChr,,
,,7BHGLZGLCtev,,
,,7BHGLZhr,,
,,7BHGLZtev,,
,,7HPVShc,,
,,7HPVSteb,,
,,7HPVStev,,
,,ALLOP2tu,,
,,ACMPtu,,
,,ACMPGLUChr,,
,,ACMPGLUTdt,,
,,ACMPGLUTtep,,
,,ACMPGLUTthc,,
,,ACMPGLUtep,,
,,ACMPGLUthc,,
,,ACMPShc,,
,,ACMPdt,,
,,ACMPthc,,
,,ALLOP1tu,,
,,ALLOPOXDhep,,
,,ALLOPtepvb,,
,,AM19CSALThr,,
,,AM19CShr,,
,,AM19CSteb,,
,,AM1A4NCShc,,
,,AM1A4NCSteb,,
,,AM1ACCShr,,
,,AM1ACCStev,,
,,AM1ACShr,,
,,AM1ACSteb,,
,,AM1ACStep,,
,,AM1ALCShr,,
,,AM1ALCSteb,,
,,AM1ALCStep,,
,,AM1C4N9CShc,,
,,AM1C4N9CSteb,,
,,AM1C9CShr,,
,,AM1C9CSteb,,
,,AM1C9CStev,,
,,AM1CCShr,,
,,AM1CCSteb,,
,,AM1CCStev,,
,,AM1CGLChr,,
,,AM1CGLCteb,,
,,AM1CSAhr,,
,,AM1CSAtep,,
,,AM4N9CShc,,
,,AM4N9CShr,,
,,AM4N9CStev,,
,,AM4NC9CSteb,,
,,AM4NCShr,,
,,AM4NCSteb,,
,,AM4NCStep,,
,,AM9CSAhr,,
,,AM9CSAteb,,
,,AM9CSAtep,,
,,ATVACIDMCTtu,,
,,ATVACIDOATPtu,,
,,ATVACIDhc,,
,,ATVACIDhr,,
,,ATVACIDtdu,,
,,ATVACIDtu,,
,,ATVACYLGLUChc,,
,,ATVETHGLUChc,,
,,ATVLACGLCURhc,,
,,ATVLACThc,,
,,ATVLACh2r,,
,,ATVLAChc,,
,,ATVLAChr,,
,,ATVLACtdhc,,
,,ATVLACtu,,
,,Am19CStev,,
,,Am1CSAteb,,
,,CARBIBUP_SGLUthv,,
,,CARIBUP_Rthv,,
,,CARIBUP_SGLUhep,,
,,CARIBUP_Sthv,,
,,CRGLZABCt,,
,,CRGLZhr,,
,,CRGLZtev,,
,,CRVS1M24hc,,
,,CRVS1tev,,
,,CRVS23M24hc,,
,,CRVSATPthc,,
,,CRVSATPtu,,
,,CRVSM1SPhc,,
,,CRVSM1hc,,
,,CRVSM1hr,,
,,CRVSM1teb,,
,,CRVSM22hc,,
,,CRVSM23hc,,
,,CRVSM23hr,,
,,CRVSM23teb,,
,,CRVSM23tev,,
,,CRVSM24teb,,
,,CRVSM24tev,,
,,CRVSM31hc,,
,,CRVStu,,
,,CRVSthc,,
,,CSASULPhc,,
,,CSASULPteb,,
,,CSASULPtev,,
,,CSAtd,,
,,CSAtu,,
,,CVM1GLUChc,,
,,CVM23GLUChc,,
,,CYSACMPAChc,,
,,CYSAMPtev,,
,,DELACCRVSM23hc,,
,,DEOXFVShc,,
,,DEOXFVStev,,
,,DESFVShc,,
,,DESFVSteb,,
,,DHGLZABCt,,
,,DHGLZhc,,
,,DHGLZtev,,
,,DSPVShc,,
,,DSPVSteb,,
,,DSPVStev,,
,,EPOXTAChr,,
,,EPOXTACteb,,
,,EPOXTACtev,,
,,EX_12htacr[e],,
,,EX_1331tacr[e],,
,,EX_13dmt[e],,
,,EX_14hmdz[e],,
,,EX_1513tacr[e],,
,,EX_1531tacr[e],,
,,EX_15dmt[e],,
,,EX_1hibup_S[e],,
,,EX_1hibupglu_S[e],,
,,EX_1hmdgluc[e],,
,,EX_1ohmdz[e],,
,,EX_2hatvacid[e],,
,,EX_2hatvacidgluc[e],,
,,EX_2hatvlac[e],,
,,EX_2hatvlacgluc[e],,
,,EX_2hibup_R[e],,
,,EX_2hibup_S[e],,
,,EX_2hibupglu_S[e],,
,,EX_31dmt[e],,
,,EX_35dhpvs[e],,
,,EX_35dsmv[e],,
,,EX_3hibup_R[e],,
,,EX_3hibup_S[e],,
,,EX_3hibupglu_S[e],,
,,EX_3hlvstacid[e],,
,,EX_3hpvs[e],,
,,EX_3hpvstet[e],,
,,EX_3hsmvacid[e],,
,,EX_3ispvs[e],,
,,EX_3ohacmp[e],,
,,EX_4bhglz[e],,
,,EX_4hatvacid[e],,
,,EX_4hatvlac[e],,
,,EX_4hmdgluc[e],,
,,EX_4ohmdz[e],,
,,EX_56dhpvs[e],,
,,EX_56eppvs[e],,
,,EX_5ohfvs[e],,
,,EX_5ohfvsglu[e],,
,,EX_6ahglz[e],,
,,EX_6bhglz[e],,
,,EX_6bhglzglc[e],,
,,EX_6csmvacid[e],,
,,EX_6epvs[e],,
,,EX_6hlvst[e],,
,,EX_6hmsmvacid[e],,
,,EX_6hsmvacid[e],,
,,EX_6melvacid[e],,
,,EX_6melvst[e],,
,,EX_6ohfvs[e],,
,,EX_6ohfvsglu[e],,
,,EX_7ahglz[e],,
,,EX_7bhglz[e],,
,,EX_7bhglzglc[e],,
,,EX_7hpvs[e],,
,,EX_acmp[e],,
,,EX_acmpglu[e],,
,,EX_acmpglut[e],,
,,EX_allop[e],,
,,EX_am19cs[e],,
,,EX_am1a4ncs[e],,
,,EX_am1accs[e],,
,,EX_am1acs[e],,
,,EX_am1alcs[e],,
,,EX_am1c4n9cs[e],,
,,EX_am1c9cs[e],,
,,EX_am1ccs[e],,
,,EX_am1cglc[e],,
,,EX_am1csa[e],,
,,EX_am4n9cs[e],,
,,EX_am4ncs[e],,
,,EX_am9csa[e],,
,,EX_atvacid[e],,
,,EX_atvlac[e],,
,,EX_caribup_R[e],,
,,EX_caribup_s[e],,
,,EX_caribupglu_S[e],,
,,EX_crglz[e],,
,,EX_crvs[e],,
,,EX_crvsm1[e],,
,,EX_crvsm23[e],,
,,EX_crvsm24[e],,
,,EX_csa[e],,
,,EX_csasulp[e],,
,,EX_cysacmp[e],,
,,EX_deoxfvs[e],,
,,EX_desfvs[e],,
,,EX_dhglz[e],,
,,EX_dspvs[e],,
,,EX_epoxtac[e],,
,,EX_fvs[e],,
,,EX_fvstet[e],,
,,EX_fvstetglu[e],,
,,EX_glc3meacp[e],,
,,EX_glz[e],,
,,EX_gtacmp[e],,
,,EX_ibup_R[e],,
,,EX_ibup_S[e],,
,,EX_ibupgluc[e],,
,,EX_isolvstacid[e],,
,,EX_lst4exp[e],,
,,EX_lstn[e],,
,,EX_lstn1gluc[e],,
,,EX_lstnm1[e],,
,,EX_lstnm2[e],,
,,EX_lstnm4[e],,
,,EX_lstnm5[e],,
,,EX_lstnm7[e],,
,,EX_lvst[e],,
,,EX_mdz[e],,
,,EX_mdzglc[e],,
,,EX_meracmp[e],,
,,EX_mhglz[e],,
,,EX_ndersv[e],,
,,EX_nfd[e],,
,,EX_nfdac[e],,
,,EX_nfdlac[e],,
,,EX_nfdnpy[e],,
,,EX_nfdoh[e],,
,,EX_oxyp[e],,
,,EX_oxyp1rb[e],,
,,EX_oxyp7rb[e],,
,,EX_profvs[e],,
,,EX_ptvst[e],,
,,EX_ptvstlac[e],,
,,EX_ptvstm3[e],,
,,EX_pvs[e],,
,,EX_pvsgluc[e],,
,,EX_rsv[e],,
,,EX_rsvlac[e],,
,,EX_s3meacmp[e],,
,,EX_smv[e],,
,,EX_smvacid[e],,
,,EX_stacmp[ev],,
,,EX_sulpacmp[e],,
,,EX_tacr[e],,
,,EX_tauribup_S[e],,
,,EX_thrfvs[e],,
,,EX_tlacfvs[e],,
,,EX_tmd[e],,
,,EX_tmdm1[e],,
,,EX_tmdm3[e],,
,,EX_tmdm5[e],,
,,EX_tripvs[e],,
,,EX_tsacmgluc[e],,
,,EX_tsacmsul[e],,
,,FVSGLUChc,,
,,FVSTETGLUhc,,
,,FVSTETGLUtev,,
,,FVSTETtev,,
,,FVShc,,
,,FVSteb,,
,,FVStep,,
,,FVStu,,
,,GLC3MEACPhr,,
,,GLC3MEACPtev,,
,,GLZABCteb,,
,,GLZtd,,
,,GTACMPhr,,
,,GTACMPtev,,
,,IBUPGLUCtchep,,
,,IBUPGLUCtpvb,,
,,IBUPGT_HEP,,
,,IBUP_RASCL1hep,,
,,IBUP_RCYP2hep,,
,,IBUP_RCYP3hep,,
,,IBUP_RCYPCARhep,,
,,IBUP_Rshep,,
,,IBUP_Rtdhep,,
,,IBUP_Rtdu,,
,,IBUP_SACOT2,,
,,IBUP_SCONJhep,,
,,IBUP_SCYP1hep,,
,,IBUP_SCYP2hep,,
,,IBUP_SCYP3hep,,
,,IBUP_SCYPCARhep,,
,,IBUP_Stbc,,
,,IBUP_Stdhep,,
,,IBUP_Stdu,,
,,ISOLVSTAChep,,
,,ISOLVSTtbc,,
,,LST4EXPTDhc,,
,,LST4EXPhr,,
,,LST4EXPthc,,
,,LSTN1GLUChr,,
,,LSTN1GLUCtev,,
,,LSTNtu,,
,,LSTNM1hr,,
,,LSTNM1tev,,
,,LSTNM2hr,,
,,LSTNM2tev,,
,,LSTNM4hr,,
,,LSTNM4tev,,
,,LSTNM5hr,,
,,LSTNM5tev,,
,,LSTNM7TDhc,,
,,LSTNM7hr,,
,,LSTNM7thc,,
,,LSTNRATt,,
,,LSTNtd,,
,,LVACLAChep,,
,,LVSTACIDhep,,
,,LVSTACIDtu,,
,,LVSTACOXD6Hhep,,
,,LVSTACOXD6MEhep,,
,,LVSTOXD3Hhep,,
,,LVSTOXD6Hhep,,
,,LVSTOXD6METhep,,
,,LVSTPGPtu,,
,,LVSTtu,,
,,MDZGLCtev,,
,,MDZtd,,
,,MDZtu,,
,,MERACMPtep,,
,,MERACMPthc,,
,,MHGLZABCt,,
,,MHGLZhr,,
,,MHGLZtev,,
,,NDERSVhc,,
,,NDERSVteb,,
,,NFDACOXDhc,,
,,NFDACtep,,
,,NFDDMEThr,,
,,NFDLAChc,,
,,NFDLACtep,,
,,NFDNPYtep,,
,,NFDOHtep,,
,,NFDOXDhc,,
,,NFDtd,,
,,OXYP1CONJ,,
,,OXYP2CONJ,,
,,OXYPR1tehv,,
,,OXYPR7tehv,,
,,OXYPthc,,
,,OXYPtepv,,
,,PROFVSCOAhc,,
,,PROFVShc,,
,,PROFVStev,,
,,PTVSTATPtu,,
,,PTVSTGLUChc,,
,,PTVSTLAChc,,
,,PTVSTLACtev,,
,,PTVSTM13hr,,
,,PTVSTM3eb,,
,,PTVSTM3hc,,
,,PTVSThc,,
,,PTVSTtep,,
,,PTVSTtu,,
,,PVSATPtu,,
,,PVSGLUChc,,
,,PVSGLUCteb,,
,,PVSGLUCtev,,
,,PVSHtu,,
,,PVSOATPtu,,
,,PVStep,,
,,RSVATPtu,,
,,RSVGLUChc,,
,,RSVLAChv,,
,,RSVLACteb,,
,,RSVSPONhc,,
,,RSVhc,,
,,RSVtev,,
,,RSVtu,,
,,S3MEACMPhc,,
,,S3MEACMPtev,,
,,SMVACIDATPteb,,
,,SMVACIDhep,,
,,SMVACIDtev,,
,,SMVtu,,
,,SMVGLUCLAChep,,
,,SMVGLUChep,,
,,SMVHYDROhep,,
,,SMVLAChep,,
,,SMVtv,,
,,SMVthep,,
,,STACMPhc,,
,,STACMPtev,,
,,SULPACMPtev,,
,,TACRDtsc,,
,,TACRtu,,
,,TAURIBUP_Sthv,,
,,THRFVShc,,
,,THRFVStev,,
,,THSACMPhr,,
,,TLACFVShc,,
,,TLACFVStev,,
,,TMDM1OATt,,
,,TMDM1hr,,
,,TMDM3OATt,,
,,TMDM3hr,,
,,TMDM5OATt,,
,,TMDM5hr,,
,,TMDOATPtsc,,
,,TMDOATtev,,
,,TMDOATthc,,
,,TMDtd,,
,,TRIPVShc,,
,,TRIPVSteb,,
,,TRIPVStev,,
,,TSACGLUCtev,,
,,TSACMGLUChr,,
,,TSACMSULhc,,
,,TSACMSULtev,,
,,12HTACRitr,,
,,13HTACRitr,,
,,14HMDZitr,,
,,1513TACRitr,,
,,1531TACRitr,,
,,1HIBUP_Sitr,,
,,1HIBUPGLUitr,,
,,1HMDGLUCitr,,
,,2HATVACIDGLUCitr,,
,,2HATVLACGLUCitr,,
,,2HIBUP_Ritr,,
,,2HIBUP_Sitr,,
,,2HIBUPGLUC_Sitr,,
,,35DHPVSitr,,
,,35DSMVitr,,
,,3HIBUP_Ritr,,
,,3HIBUPGLUC_Sitr,,
,,3HLVSTitr,,
,,3HPVSitr,,
,,3HPVSCOAitm,,
,,3HPVSCOAitx,,
,,3HPVSTETCOAitm,,
,,3HPVSTETCOAitx,,
,,3HSMVitr,,
,,3ISPVSitr,,
,,3MEACMPitr,,
,,3OHACMPitr,,
,,4BHGLZitr,,
,,4HATVACIDitr,,
,,4HATVLACitr,,
,,4HMDGLUCitr,,
,,4OHMDZitr,,
,,56DHPVSitr,,
,,56EPPVSitr,,
,,5OHFVSitr,,
,,5OHFVSGLUitr,,
,,6AHGLZitr,,
,,6BHGLZGLCitr,,
,,6CSMVitr,,
,,6HLVSTitr,,
,,6HLVSTACIDitr,,
,,6HMSMVitr,,
,,6HSMVitr,,
,,6MELVACIDitr,,
,,6MELVSTitr,,
,,6OHFVSitr,,
,,6OHFVSGLUitr,,
,,7AHGLZitr,,
,,7BHGLZGLCitr,,
,,7HPVSitr,,
,,ACMPitr,,
,,ACMPGLUitr,,
,,AM19CSitr,,
,,AM1ACCSitr,,
,,AM1ACSitr,,
,,AM1ALCSitr,,
,,AM1C9CSitr,,
,,AM1CGLCitr,,
,,AM4N9CSitr,,
,,AM4NCSitr,,
,,CARIBUP_Sitr,,
,,CARIBUPGLU_Sitr,,
,,CRGLZitr,,
,,CRVSitr,,
,,CRVSM22itr,,
,,CRVSM24itr,,
,,CRVSM31itr,,
,,CSAitr,,
,,DEOXFVSitx,,
,,DESFVSitr,,
,,DSPVSitr,,
,,EPOXTACitr,,
,,FVSitx,,
,,FVSCOAitx,,
,,FVSTETitr,,
,,FVSTETGLUitr,,
,,GLC3MEACPitr,,
,,GLZitr,,
,,GTACMPitr,,
,,IBUP_Ritr,,
,,IBUP_Sitr,,
,,IBUPGLUCitr,,
,,LSTN1GLUCitr,,
,,LSTNitr,,
,,LSTNM1itr,,
,,LSTNM2itr,,
,,LSTNM4itr,,
,,LSTNM5itr,,
,,LSTNM7itr,,
,,LVSTitr,,
,,EX_lvstacid[e],,
,,LVSTACIDitr,,
,,MDZitr,,
,,MDZGLCitr,,
,,NDERSVitr,,
,,NFDNPYitr,,
,,NFDOHitr,,
,,PROFVSCOAitx,,
,,PTVSTLACitr,,
,,PTVSTM13itr,,
,,PTVSTM13te,,
,,EX_ptvstm13[e],,
,,PTVSTM3itr,,
,,PVSitr,,
,,PVSGLUCitr,,
,,RSVLACitr,,
,,TACRitr,,
,,THSACMPitr,,
,,TLACFVSitr,,
,,TMACMPitr,,
,,TMDitr,,
,,TMDM1itr,,
,,TMDM3itr,,
,,TMDM5itr,,
,,TSACMGLUCitr,,
,,3HPVSCOAhc,,
,,3HPVSTEThc,,
,,ACMPGLUTTRsc,,
,,FVSCOAhc,,
,,MDZGLChr,,
,,TMACMPhr,,
,,1OHMDZitr,,
,,CYSACMPitr,,
,,NFDACitr,,
,,ACMPGLUTitr,,
,,NAPQIhr,,
,,H2O2itr,,
,,UDPRIBc,,
,,GLYitr,,
,,PAPSitr,,
,,PAPitr,,
,,13DMTitr,,
,,15DMTitr,,
,,ATVACIDitr,,
,,ATVLACitr,,
,,31DMTitr,,
,,SMVitr,,
,,6BHGLZitr,,
,,7BHGLZitr,,
,,AM1CCSitr,,
,,LST4EXPitr,,
,,MHGLZitr,,
,,RSVitr,,
,,TRIPVSitr,,
,,SMVACIDitr,,
,,PTVSTitr,,
,,3HIBUP_Sitr,,
,,FVSitr,,
,,AM1CSAitr,,
,,AM9CSAitr,,
,,2HATVACIDitr,,
,,OHCLtm,,
,,EX_caproic[e],,
,,1A25HVITD2t,,
,,1A25HVITD2tm,,
,,EX_1a25dhvitd2[e],,
,,EX_C13856[e],,
,,EX_M02956[e],,
,,EX_M00234[e],,
,,EX_M01807[e],,
,,EX_M00503[e],,
,,EX_M00241[e],,
,,EX_M01820[e],,
,,EX_M00510[e],,
,,EX_M01819[e],,
,,EX_M00003[e],,
,,EX_M00008[e],,
,,EX_M00010[e],,
,,EX_M00017[e],,
,,EX_M00019[e],,
,,EX_M00021[e],,
,,EX_M00115[e],,
,,EX_M00117[e],,
,,EX_M00260[e],,
,,EX_M00265[e],,
,,EX_M00315[e],,
,,EX_M00341[e],,
,,EX_M01197[e],,
,,EX_M01207[e],,
,,EX_M01235[e],,
,,EX_M01238[e],,
,,EX_M01582[e],,
,,EX_M02053[e],,
,,EX_M02457[e],,
,,EX_M02613[e],,
,,EX_M02745[e],,
,,EX_M03045[e],,
,,EX_M03051[e],,
,,EX_M03153[e],,
,,EX_M02560[e],,
,,EX_M02561[e],,
,,EX_C01601[e],,
,,EX_M02909[e],,
,,EX_M02108[e],,
,,EX_M03117[e],,
,,EX_M03134[e],,
,,EX_M01268[e],,
,,EX_HC02080[e],,
,,EX_M01111[e],,
,,EX_h2co3[e],,
,,EX_C07535[e],,
,,EX_M01872[e],,
,,EX_M01870[e],,
,,EX_ditp[e],,
,,EX_hnifedipine[e],,
,,EX_M02446[e],,
,,EX_M02447[e],,
,,EX_M02449[e],,
,,EX_M02451[e],,
,,EX_itacon[e],,
,,EX_adpman[e],,
,,EX_rbl_D[e],,
,,EX_M01966[e],,
,,EX_M02155[e],,
,,EX_M01989[e],,
,,EX_M02837[e],,
,,EX_M02382[e],,
,,EX_M02035[e],,
,,EX_M02467[e],,
,,EX_M02821[e],,
,,EX_mg2[e],,
,,EX_cu2[e],,
,,EX_M01571[e],,
,,EX_gpi_sig[e],,
,,EX_M01881[e],,
,,EX_M03131[e],,
,,EX_n5m2masn[e],,
,,EX_hretn[e],,
,,EX_kdn[e],,
,,EX_m3gacpail_prot_hs[e],,
,,EX_dolichol_L[e],,
,,sink_his_L[c],,
,,sink_ile_L[c],,
,,sink_leu_L[c],,
,,sink_lys_L[c],,
,,sink_met_L[c],,
,,sink_phe_L[c],,
,,sink_thr_L[c],,
,,sink_trp_L[c],,
,,sink_val_L[c],,
,,sink_ala_L[c],,
,,sink_arg_L[c],,
,,sink_asn_L[c],,
,,sink_asp_L[c],,
,,sink_cys_L[c],,
,,sink_gln_L[c],,
,,sink_glu_L[c],,
,,sink_pro_L[c],,
,,sink_ser_L[c],,
,,sink_tyr_L[c],,
,,sink_gly[c],,
,,sink_4abut[l],,
,,DM_CE5026[c],,
,,DM_CE1261[c],,
,,DM_4glu56dihdind[c],,
,,DM_CE1562[c],,
,,DM_ind56qn[c],,
,,DM_5cysdopa[c],,
,,DM_CE5025[c],,
,,DM_CE4888[c],,
,,DM_4abut[c],,
,,DM_dopa[c],,
,,DM_srtn[c],,
,,DM_adrnl[c],,
,,DM_ach[c],,
,,DM_hista[c],,
,,DM_kynate[c],,
,,DM_nrpphr[c],,
,,DM_tym[c],,
,,DM_Lkynr[c],,
,,DM_5mthf[n],,
,,DM_thf[n],,
,,DM_dna5mtc[c],,
,,DM_cbl2[m],,
,,DM_cbl1[m],,
,,DM_1a2425thvitd2[m],,
,,DM_btn[m],,
,,DM_btn[n],,
,,DCMPtm,,
,,GLACtm,,
,,CLCFTRtm,,
,,PROTEIN_BS,,
,,DM_PROTEIN,,
,,PIt2mi,,
,,ATPS4mi,,
,,CYOR_u10mi,,
,,Htmi,,
,,NADH2_u10mi,,
,,CYOOm3i,,
,,CYOOm2i,,