Reaction_ID,CORDA_Score
10FTHF5GLUtl,-1
10FTHF5GLUtm,-1
10FTHF6GLUtl,-1
10FTHF6GLUtm,-1
10FTHF7GLUtl,-1
10FTHF7GLUtm,-1
10FTHFtl,-1
10FTHFtm,-1
11DOCRTSLtm,-1
11DOCRTSLtr,-1
11DOCRTSTRNtm,-1
11DOCRTSTRNtr,-1
13DAMPPOX,3
1a_24_25VITD2Hm,-1
1a_25VITD2Hm,-1
1MNCAMti,-1
1PPDCRp,-1
24_25DHVITD2t,-1
24_25DHVITD2tm,-1
24_25DHVITD3t,-1
24_25DHVITD3tm,-1
24_25VITD2Hm,1
24_25VITD3Hm,1
24NPHte,-1
25HVITD2t,-1
25HVITD2tin_m,-1
25HVITD3t,-1
25HVITD3tin_m,-1
25VITD2Hm,1
25VITD3Hm,1
2AMACHYD,3
2AMACSULT,3
2AMADPTm,2
2DR1PP,-1
2HBO,3
2HBt2,3
2HCO3_NAt,3
2MCITt,-1
2OXOADOXm,3
2OXOADPTm,2
34DHOXPEGOX,3
34DHOXPEGt,-1
34DHPHAMT,3
34DHPHEt,3
34DHALDD,3
34DHPLACOX_NADP,3
34DHXMANDACOX,3
34DHXMANDACOX_NADP,3
34HPLFM,-1
34HPPOR,3
35CGMPtn,-1
3AIBTm,3
3AIBtm,3
3DPHBH1,-1
3DPHBH2,-1
3DSPHR,3
3HAO,2
3HBCDm,3
3HBCOAHLm,-1
3HKYNAKGAT,1
3HLYTCL,3
3M4HDXPAC,3
3MLDAt,-1
3MOBt2im,-1
3MOPt2im,-1
3MOX4HOXPGALDOX,3
3MOX4HOXPGALDOX_NADP,3
3MOXTYROX,3
3SALAASPm,3
3SALACBOXL_cho,3
3SALAOX,-1
3SALATAi,3
3SALATAim,3
3SPYRSP,-1
3SPYRSPm,-1
41R1H2MAE12BOOX,3
41R2A1H12BOOX,3
42A12BOOX,3
4ABUTtm,-1
4HBZCOAFm,-1
4HBZFm,-1
4HDEBRISOQUINEte,-1
4HGLSDm,3
4HOXPACDOX_NADP,3
4MOPt2im,-1
4MPTNLte,-1
4MPTNLtm,-1
4MTOLBUTAMIDEte,-1
4NPHSFte,-1
4NPHSULT,3
4NPHte,-1
4PYRDX,-1
5ADTSTSTERONEGLCte,3
5ADTSTSTERONEGLCtr,-1
5ADTSTSTERONESte,-1
5ADTSTSTERONESULT,3
5ADTSTSTERONEte,-1
5ADTSTSTERONEtr,-1
5AOPtm,-1
5DHFtl,-1
5FTHFt2_1,3
5HLTDL,3
5HOMEPRAZOLEte,-1
5HOXINDACTO2OX,3
5HOXINOXDA,3
5HTRPVESSEC_1,3
5MTHFt,3
5MTHFt2_1,3
5THFtl,-1
5THFtm,-1
6DHFtl,-1
6DHFtm,-1
6HTSTSTERONEte,-1
6HTSTSTERONEtr,-1
6THFtl,-1
6THFtm,-1
7DHCHSTEROLtr,-1
7DHFtl,-1
7DHFtm,-1
7THFtl,-1
7THFtm,-1
A_MANASEly,3
A4GALTc,3
A4GALTg,3
A4GNT1g,1
A4GNT2g,1
AACTOOR,1
AACTtm,-1
AASAD3m,-1
AATA,1
ABO1g,1
ABO2g,1
ABO3g,1
ABO4g,1
ABO5g,1
ABO6g,1
ABO7g,1
ABO8g,1
ABO9g,1
ABTArm,3
ABTD,-1
ABTt,-1
ABUTt2rL,3
ABUTt4_2_r,3
ACACT10m,3
ACACT1m,3
ACACT1x,3
ACACt2m,3
ACACT4p,2
ACACT5p,2
ACACT6p,2
ACACT7p,2
ACACT8p,2
ACACT9p,2
ACACtx,-1
ACALDtm,-1
ACALDtr,-1
ACALDtx,-1
ACCOACrm,3
ACCOAgt,3
ACCOALm,3
ACCOAtn,-1
ACCOAtr,3
ACETONEt2,3
ACETONEt2m,3
ACGAGBSIDEtg,-1
ACGAGBSIDEtl,-1
ACGALFUCGALACGALFUC12GAL14ACGLCGALGLUSIDEte,-1
ACGALFUCGALACGALFUC12GAL14ACGLCGALGLUSIDEtg,-1
ACGALFUCGALACGALFUCGALACGLCGAL14ACGLCGALGLUSIDEte,-1
ACGALFUCGALACGALFUCGALACGLCGAL14ACGLCGALGLUSIDEtg,-1
ACGALK,-1
ACGALK2,-1
ACGALtlg,-1
ACGALtly,-1
ACGAM6PS,3
ACGAMK,3
ACGAMPM,3
ACGAMtly,-1
ACGBGBSIDEtg,-1
ACGBGBSIDEtl,-1
ACGPID,3
ACGSm,1
ACHEe,3
ACHtn,-1
ACHVESSEC_1,1
ACITL,3
ACN13ACNGALGBSIDEte,-1
ACN13ACNGALGBSIDEtg,-1
ACN23ACNGALGBSIDEte,-1
ACN23ACNGALGBSIDEtg,-1
ACNACNGAL14ACGLCGALGLUSIDEte,-1
ACNACNGAL14ACGLCGALGLUSIDEtg,-1
ACNACNGALGBSIDEte,-1
ACNACNGALGBSIDEtg,-1
ACNAM9PL,3
ACNAM9PL2,3
ACNAMlt,3
ACNAMPH,3
ACNAMtn,-1
ACNGALACGLCGAL14ACGLCGALGLUSIDEte,-1
ACNGALACGLCGAL14ACGLCGALGLUSIDEtg,-1
ACNML,-1
ACOAD10m,3
ACOAD1fm,3
ACOAD8m,3
ACOAD9m,3
ACOAH,1
ACOAO7p,3
ACODA,3
ACONTm,3
ACOX22x,2
ACOX2x,2
ACP1_FMN,3
ACRNtm,3
ACS2,3
ACSm,3
ACSRTNMT,1
ACt2m,-1
ACt2r,-1
ACtg,-1
ACTLMO,3
ACTNMO,3
ADA,2
ADAe,2
ADCim,-1
ADEt,3
ADK1m,3
ADK3,3
ADK3m,3
ADKd,3
ADMDC,3
ADNCYC,3
ADNK1m,-1
ADNt,3
ADNt4,1
ADNtl,3
ADNtm,3
ADPMAN,3
ADPRIBt,3
ADPtx,-1
ADRNCOAtx,-1
ADRNCPT1,3
ADRNCPT2,3
ADRNCRNt,3
ADRNLPVESSEC_1,3
ADRNt,-1
ADSK,3
ADSL1r,3
ADSL2r,3
AFLATOXINte,-1
AG13T16g,3
AG13T17g,3
AG13T18g,3
AG13T1g,3
AG13T2g,3
AG13T3g,3
AGMTm,2
AGPAT1_1,3
AGTim,1
AGTix,1
AHANDROSTANGLCte,3
AHANDROSTANGLCtr,-1
AHCYStr,-1
AHEXASE2ly,3
AHEXASEly,3
AIRCr,3
AKGDm,3
AKGMALtm,3
AKGt4_3,3
AKGtp,-1
AKR1C1,1
AKR1C41,2
AKR1C42,2
AKR1D,1
AKR1D2,1
ALAASNNaEx,3
ALACYSNaEx,3
ALADGLNexR,3
ALADGLYexR,3
ALAGLNexR,3
ALAGLNNaEx,3
ALAGLYexR,3
ALASERNaEx,3
ALASm,3
ALAt4,3
ALATA_L,3
ALATHRNaEx,3
ALAtN1,3
ALCD21_D,3
LCARS,3
ALCD22_D,3
ALCD22_L,3
ALCD2x,3
ALCD2y,1
ALDD20x,3
ALDD20xm,3
ALDD21,3
ALDD2xm,3
ALDD2y,3
ALDSTRNte,-1
ALDSTRNtm,-1
ALOX12,1
ALOX15,3
ALOX5,2
ALOX52,2
ALR2,3
ALR3,3
AMACR2p,3
AMACRp,3
AMCOXO,-1
AMETr,-1
AMETt2m,3
AMPDA,3
AMPTASECGe,3
AMPtp,-1
AMY1e,3
AMY2e,3
ANDRSTRNGLCte,3
ANDRSTRNGLCtr,-1
ANDRSTRNte,-1
ANDRSTRNtr,-1
ANTIPYRENEte,-1
AOBUTDsm,-1
APAT2rm,3
APNNOXte,-1
APOCF,-1
APOCFm,-1
APOC_LYS_BTNP,-1
APOC_LYS_BTNPm,-1
APPNNte,-1
APRTO2,3
AQCOBALt,-1
ARAB_Lt,-1
ARABR,3
ARACHCOAtx,-1
ARACHCPT1,3
ARACHCPT2,3
ARACHCRNt,3
ARACHDCOAtx,-1
ARACHDt2,2
ARACHDtr,-1
ARACHt,-1
ARGDCm,1
ARGLYSex,3
ARGNm,3
ARGSS,3
ARGt4,1
ARGtm,3
ARSA,3
ARTCOAL1_cho,-1
ARTCOAL2_cho,-1
ARTCOAL3_cho,-1
R_group_phosphotase_1,-1
R_group_phosphotase_2,-1
R_group_phosphotase_3,-1
ARTFR208,-1
ARTPLM3,-1
ARTPLM3m,-1
ASAH1,3
ASCBOX_1,-1
ASCBt,-1
ASCBt4,3
ASNALANaEx,3
ASNCYSNaEx,3
ASNGLNNaEx,3
ASNNm,3
ASNS1,3
ASNSERNaEx,3
ASNt4,3
ASNTHRNaEx,3
ASNtm,-1
ASNtN1,3
ASPCT,3
ASPDt6,3
ASPDxt,-1
ASPGLUm,3
ASPNATm,-1
ASPt6,3
ASPTAm,3
ATP1ter,-1
ATP2ter,-1
ATPH1e,3
ATPH2e,3
ATPtm,3
ATPtn,-1
ATPtx,-1
AVITE2t,-1
B_MANNASEly,3
B3GALT3g,3
B3GALT41g,3
B3GALT42g,3
B3GALT43g,3
B3GALT44g,3
B3GALT5g,3
B3GALTg,-1
B3GNT11g,3
B3GNT12g,3
B3GNT310g,1
B3GNT311g,1
B3GNT312g,1
B3GNT313g,1
B3GNT314g,1
B3GNT315g,1
B3GNT31g,1
B3GNT32g,1
B3GNT33g,1
B3GNT34g,1
B3GNT35g,1
B3GNT36g,1
B3GNT37g,1
B3GNT39g,1
B3GNT51g,3
BAAT1x,1
BAAT2x,1
BAAT3x,1
BAAT4x_cho,1
BACCL,3
BACCLm,3
BALAtmr,-1
BALAVECSEC_1,3
BAMPPALDOX,3
BBHOX,3
BCDO,1
BDHm,3
BETALDHxm,-1
BHBt,-1
BHBtm,-1
BHMT,1
BILDGLCURt,3
BILDGLCURte,3
BILDGLCURtr,-1
BILGLCURt,3
BILGLCURte,3
BILGLCURtr,-1
BILIRED,3
BILIRUBt2,3
BILIRUBtr,-1
BIOCYTtn,-1
BMTer_U,3
BPNT2,3
BTND1,3
BTND1n,3
BTNDe,3
BTNDm,3
BTNPL,3
BTNPLm,3
BTNt2i,3
BTNt2m,3
BTNt3i_1,3
BTNt4i,3
BTNtn,-1
BUP2,2
BUTt2m,3
BVITEt,-1
BZt,-1
BZtr,-1
C14STRr,3
C160CPT1,3
C160CPT2,3
C160CRNt,3
C161CPT1,3
C161CPT12,3
C161CPT2,3
C161CPT22,3
C161CRN2t,3
C161CRNt,3
C180CPT1,3
C180CPT2,3
C180CRNt,3
C181CPT1,3
C181CPT2,3
C181CRNt,3
C204CPT1,3
C204CPT2,3
C204CRNt,3
C226COAtx,-1
C226CPT1,3
C226CPT2,3
C226CRNt,-1
C3STDH1Pr,3
C3STDH1r,3
C3STKR2r,3
C4STMO1r,1
C4STMO2Pr,3
C4STMO2r,3
CAATPS_1,3
CAROtr,-1
CARVEOLte,-1
CAT2p,3
CAt7r,3
CATm,3
CATp,3
CBL2OR,-1
CBL2tm,3
CBPPer,3
CBPSam,2
CBPter,-1
CBR2,3
CDIPTr,3
CDPDAGtm,-1
CDS,3
CDSm,3
CEPTC,3
CEPTE,3
CERK,3
CERT1gt,1
CERT1rt,1
CERT2gt,1
CERT2rt,1
CGLYt3_2,3
CH25H,2
CHAT,3
CHATn,3
CHLP,3
CHLPCTD,3
CHLtm,-1
CHOLATEt,3
CHOLATEt2,2
CHOLATEt3,2
CHOLD2m,3
CHOLK,3
CHOLPtg,-1
CHOLPtl,-1
CHOLt4,3
CHOLtg,-1
CHOLtn,-1
CHOLtr,-1
CHOLtu,3
CHSTEROLSULT,3
CHSTEROLt1,3
CHSTEROLt2,-1
CHSTEROLt3,-1
CHSTEROLtg,3
CHTNASE,3
CHTNASEe,1
CITMCOAHm,-1
CITMCOALm,-1
CITRtm,3
CITt4_2,1
CITtam,3
CITtbm,3
CK_cho,3
CKc_cho,3
CLFORtex,3
CLHCO3tex2,3
CLI2tex,3
CLOHtex2_1,3
CLOXAtex2,3
CLPNDCOAtx,-1
CLPNDCPT1,3
CLPNDCPT2,3
CLPNDCRNt,3
CLPNDt,-1
CLS_hs,3
CMPACNAtg,3
CMPACNAtn,-1
ACNMCT,3
CMPSASn,3
CO2ter,-1
CO2tg,-1
CO2tm,-1
CO2tp,-1
COAtg,-1
COAtl,-1
COAtim,3
COAtn,-1
COAtp,-1
COAtr,-1
COKECBESr,1
COQ3m,3
COQ5m,-1
COQ6m,3
COQ7m,3
CORE2GTg,3
CORE3GTg,1
CORE4GTg,1
CORE5GTg,-1
CORE6GTg,3
CORE7GTg,-1
CORE8GTg,-1
COt,-1
COUCOAFm,-1
COUMARINte,-1
CREATt4_2_r,3
CREATtmdiffir,-1
CRMPte,-1
CRNCAR3tp,-1
CRNCARtp,3
CRNt,3
CRNtHa,3
CRNtim,3
CRNtuNa,3
CRNtx,-1
CRTNsyn_cho,-1
CRTSLt,-1
CRTSLtm,-1
CRTSLtr,-1
CRTSTRNt,-1
CRTSTRNtm,-1
CRVNCtr,-1
CSAPASEly,-1
CSBPASEly,-1
CSCPASEly,-1
CSDPASEly,-1
CSEPASEly,-1
CSm,3
CSNAT2m,3
CSNAT2x,3
CSNAT3x,3
CSNATer,3
CSNATm,3
CSNATp,3
CSNATr,3
CSNt,3
CSPG_At,-1
CSPG_Atly,-1
CSPG_Bt,-1
CSPG_Btly,-1
CSPG_Ct,-1
CSPG_Ctly,-1
CSPG_Dt,-1
CSPG_Dtly,-1
CSPG_Et,-1
CSPG_Etly,-1
CTPtn,-1
CYANt,-1
CYANtm,-1
CYSALANaEx,3
CYSASNNaEx,3
CYSGLNNaEx,3
CYSGLTH,-1
CYSGLUexR,3
CYSGLYex,3
CYSO,3
CYSSERNaEx,3
CYSt4,3
CYSTA,3
CYStec,3
CYSTGLUex,3
CYSTHRNaEx,3
CYSTSERex,1
CYTD,3
CYTDK1,3
CYTDK2m,-1
CYTDn,1
CYTDt,3
CYTDt4,1
CYTDtl,3
CYTDtm,3
CYTDtn,-1
CYTK10,3
CYTK10n,3
CYTK11,3
CYTK11n,3
CYTK12,3
CYTK12n,3
CYTK13,3
CYTK13n,3
CYTK14,3
CYTK14n,3
CYTK1m,3
CYTK1n,3
CYTK2n,3
CYTK3,3
CYTK3n,3
CYTK4,3
CYTK4n,3
CYTK2_1,3
CYTK5n,3
CPK1,3
CYTK6n,3
CYTK7,3
CYTK7n,3
CYTK8,3
CYTK8n,3
CYTK9,3
CYTK9n,3
D_3AIBt,-1
D3AIBTm,1
DADA,2
DADAe,2
DADNK,-1
DADNt4,3
DAG_HSter,-1
DAGK_hs,3
DAGKn_hs,3
DAGt,-1
DALAOXx,3
DALAt2r,3
DALAxt,-1
DARGOp,3
DASCBH,-1
DASCBR_1,3
DASPO1p,3
DATPtn,-1
DCIm,3
DCK1m,-1
DCK1n,3
DCK2n,3
DCSPTN1COAtx,-1
DCSPTN1CPT1,3
DCSPTN1CPT2,3
DCSPTN1CRNt,3
DCSPTN1t,-1
DCT,2
DCTPtn,-1
DCYTD,3
DCYTDn,1
DCYTt,3
DDPGAm,-1
DEBRISOQUINEt,1
DECDPtm,-1
DEDOLP1_L,-1
DEDOLP2_L,-1
DEDOLR_L,-1
DESAT16_2,3
DESAT18_10,3
DESAT18_3,3
DESAT18_11,3
DESAT18_5,3
DESAT18_6,3
DESAT18_12,3
DESAT18_8,3
DESAT18_9,3
DESAT20_1,3
DESAT20_2,3
DESAT22_1p,-1
DESAT22_2p,-1
DESAT24_1,3
DGAT,3
DGCHOLte,-1
DGCHOLtx,-1
DGK2m,-1
DGNSKm,3
DGSNt,3
DGSNtm,-1
DGTPtn,-1
DGULND,-1
DHAAt1r,3
DHCHOLESTANATEtm,-1
DHCR241r,3
DHCR242r,3
DHCR243r,3
DHCR71r,3
DHCR72r,3
DHCRD1,3
DHCRD2,3
DHDPBMTm,3
DHEASt,3
DHEAStr,-1
DHEASULT,3
DHEAtr,-1
DHFtl,-1
DHFtm,-1
DHORD9,3
DHPM1,3
DHPM2,1
DHPR2,-1
DIDPtn,-1
DIGALSGALSIDEtg,-1
DIGALSIDEtg,-1
DIGALSIDEtl,-1
DINt,3
DITPtn,-1
DKMPPD,-1
D_LACt2,3
D_LACtm,3
DLNLCGCPT1,3
DLNLCGCPT2,3
DLNLCGCRNt,3
DLNLCGt,2
DM_13_cis_oretn_n,-1
DM_13_cis_retn_n,-1
DM_Asn_X_Ser_Thr_l,-1
DM_avite2_c,-1
DM_bvite_c,-1
DM_core5_g,-1
DM_core7_g,-1
DM_core8_g,-1
DM_datp_m,-1
DM_datp_n,-1
DM_dctp_m,-1
DM_dctp_n,-1
DM_dem2emgacpail_prot_hs_r,-1
DM_dgpi_prot_hs_r,-1
DM_dgtp_m,-1
DM_dgtp_n,-1
DM_dsT_antigen_g,-1
DM_dttp_m,-1
DM_dttp_n,-1
DM_ethamp_r,-1
DM_gncore2_g,-1
DM_gpi_sig_r,-1
DM_hretn_n,-1
DM_kdn_c,-1
DM_m3gacpail_prot_hs_r,-1
DM_melanin_c,-1
DM_mem2emgacpail_prot_hs_r,-1
DM_n5m2masn_g,-1
DM_oretn_n,-1
DM_Ser_Thr_l,-1
DM_Ser_Gly_Ala_X_Gly_l,-1
DM_sprm_c,-1
DM_sTn_antigen_g,-1
SK_T_antigen_g,-1
DM_yvite_c,-1
DMANTIPYRINEte,-1
DMATTx,3
DMGDHm,2
DMGtm,-1
DMHPTCRNCPT2,-1
DMHPTCRNt,-1
DMHPTCRNte,-1
DMNONCOACRNCPT1,-1
C110CPT2m,-1
DMNONCRNt,-1
DNADtn,-1
DNDPt10m,3
DNDPt11m,3
DNDPt12m,3
DNDPt13m,3
DNDPt14m,3
DNDPt15m,3
DNDPt16m,3
DNDPt17m,3
DNDPt18m,3
DNDPt19m,3
DNDPt1m,3
DNDPt20m,3
DNDPt21m,3
DNDPt23m,3
DNDPt24m,3
DNDPt25m,3
DNDPt28m,3
DNDPt2m,3
DNDPt30m,3
DNDPt31m,3
DNDPt32m,3
DNDPt37m,3
DNDPt38m,3
DNDPt39m,3
DNDPt3m,3
DNDPt40m,3
DNDPt41m,3
DNDPt42m,3
DNDPt43m,3
DNDPt44m,3
DNDPt45m,3
DNDPt46m,3
DNDPt47m,3
DNDPt48m,3
DNDPt49m,3
DNDPt4m,3
DNDPt50m,3
DNDPt51m,3
DNDPt52m,3
DNDPt53m,3
DNDPt54m,3
DNDPt55m,3
DNDPt56m,3
DNDPt57m,3
DNDPt58m,3
DNDPt59m,3
DNDPt5m,3
DNDPt60m,3
DNDPt61m,3
DNDPt62m,3
DNDPt63m,3
DNDPt6m,3
DNDPt7m,3
DOGULNO1,-1
DOLGLCP_Lter,-1
DOLGPP_Ler,-1
DOLICHOL_Lter,-1
DOLICHOL_Uter,-1
DOLK_L,-1
DOLK_U,-1
DOLMANP_Uter,-1
DOLPH_Ler,3
DOLPH_Uer,3
DOLPMT_U,3
DOLP_Lter,-1
DOLP_Uter,-1
DOPABMO_1,3
DOPACHRMISO,1
DOPAMT,3
DOPAQNISO1,-1
DOPASFt,-1
DOPASULT,3
DOPAt4_2_r,1
DOPAtu,3
DOPAVESSEC_1,3
DORNOp,3
DPCOAtl,-1
DPGase,3
DPGM,3
DPHMBDCm,-1
DPMVDx,3
DPPS,-1
DRIBt,-1
DRPA,3
DSAT,-1
DTDPtn,-1
DTTPtn,-1
DUDPtn,-1
DUMPtn,-1
DURAD,3
DURAD2,3
DURIK1,3
DURIK1m,3
DURIt,3
DURItn,-1
DUTPDPm,3
DUTPDPn,3
EAFLATOXINte,-1
EBASTINEOHte,-1
EBASTINEOHtr,-1
EBASTINEte,-1
EBASTINEtr,-1
EBP1r,3
EBP2r,3
ECOAH12m,3
ECOAH1m,3
ECOAH1x,3
ECOAH9m,3
EHGLAT2m,3
EHGLATm,3
EICOSTETCPT1,3
EICOSTETCPT2,3
EICOSTETCRNt,3
EICOSTETt,-1
ELAIDCPT1,3
ELAIDCPT2,3
ELAIDCRNt,3
ELAIDt,3
ENGASE2ly,-1
ENGASE3ly,-1
ENGASEly,-1
ESTRADIOLGLCt,3
ESTRADIOLGLCt2,3
ESTRADIOLGLCtr,-1
ESTRADIOLt,-1
ESTRADIOLtr,-1
ESTRIOLGLCte,3
ESTRIOLGLCtr,-1
ESTRIOLtr,-1
ESTRONEGLCt,2
ESTRONEGLCtr,-1
ESTRONESt,3
ESTRONESt2,2
ESTRONEtr,-1
ESTSULT,3
ETF,3
ETFQO,3
ETHAK,3
ETHP,3
ETOHMO,3
ETOHtx,-1
EX_10fthf_e,-1
EX_10fthf5glu_e,-1
EX_10fthf6glu_e,-1
EX_10fthf7glu_e,-1
EX_11_cis_retfa_e,-1
EX_13_cis_retnglc_e,-1
EX_1glyc_hs_e,-1
EX_2425dhvitd2_e,-1
EX_2425dhvitd3_e,-1
EX_24nph_e,-1
EX_25hvitd2_e,-1
EX_25hvitd3_e,-1
EX_2hb_e,-1
EX_2mcit_e,-1
EX_34dhoxpeg_e,-1
EX_34dhphe_e,-1
EX_35cgmp_e,-1
EX_3aib_e,-1
EX_3aib__D_e,-1
EX_3mlda_e,-1
EX_4hdebrisoquine_e,-1
EX_4hphac_e,-1
EX_4mptnl_e,-1
EX_4mtolbutamide_e,-1
EX_4nph_e,-1
EX_4nphsf_e,-1
EX_4pyrdx_e,-1
EX_5adtststerone_e,-1
EX_5adtststeroneglc_e,-1
EX_5adtststerones_e,-1
EX_5dhf_e,-1
EX_5fthf_e,-1
EX_5homeprazole_e,-1
EX_5htrp_e,-1
EX_5mthf_e,-1
EX_5thf_e,-1
EX_6dhf_e,-1
EX_6htststerone_e,-1
EX_6thf_e,-1
EX_7dhf_e,-1
EX_7thf_e,-1
EX_9_cis_retfa_e,-1
EX_abt_e,-1
EX_acetone_e,-1
EX_acgalfucgalacgalfuc12gal14acglcgalgluside_hs_e,-1
EX_acgalfucgalacgalfucgalacglcgal14acglcgalgluside_hs_e,-1
EX_ach_e,-1
EX_acn13acngalgbside_hs_e,-1
EX_acn23acngalgbside_hs_e,-1
EX_acnacngal14acglcgalgluside_hs_e,-1
EX_acnacngalgbside_hs_e,-1
EX_acngalacglcgal14acglcgalgluside_hs_e,-1
EX_adp_e,-1
EX_adprbp_e,-1
EX_adrn_e,-1
EX_adrnl_e,-1
EX_aflatoxin_e,-1
EX_ahandrostanglc_e,-1
EX_ak2lgchol_hs_e,-1
EX_ala_B_e,-1
EX_ala__D_e,-1
EX_aldstrn_e,-1
EX_amp_e,-1
EX_andrstrn_e,-1
EX_andrstrnglc_e,-1
EX_antipyrene_e,-1
EX_apnnox_e,-1
EX_appnn_e,-1
EX_aprgstrn_e,-1
EX_aqcobal_e,-1
EX_arach_e,-1
EX_arachd_e,-1
EX_ascb__L_e,-1
EX_asp__D_e,-1
EX_atp_e,-1
EX_avite1_e,-1
EX_avite2_e,-1
EX_bhb_e,-1
EX_bildglcur_e,-1
EX_bilglcur_e,-1
EX_bilirub_e,-1
EX_biocyt_e,-1
EX_bvite_e,-1
EX_camp_e,-1
EX_caro_e,-1
EX_carveol_e,-1
EX_chol_e,-1
EX_cholate_e,-1
EX_chsterol_e,-1
EX_chtn_e,-1
EX_clpnd_e,-1
EX_cmp_e,-1
EX_co_e,-1
EX_coumarin_e,-1
EX_creat_e,-1
EX_crmp_hs_e,-1
EX_crn_e,-1
EX_crtsl_e,-1
EX_crtstrn_e,-1
EX_crvnc_e,-1
EX_cspg_a_e,-1
EX_cspg_b_e,-1
EX_cspg_c_e,-1
EX_cspg_d_e,-1
EX_cspg_e_e,-1
EX_cyan_e,-1
EX_dag_hs_e,-1
EX_dcsptn1_e,-1
EX_debrisoquine_e,-1
EX_dgchol_e,-1
EX_dhdascb_e,-1
EX_dheas_e,-1
EX_dhf_e,-1
EX_digalsgalside_hs_e,-1
EX_dlnlcg_e,-1
EX_dmantipyrine_e,-1
EX_dmhptcrn_e,-1
EX_dopa_e,-1
EX_dopasf_e,-1
EX_eaflatoxin_e,-1
EX_ebastine_e,-1
EX_ebastineoh_e,-1
EX_eicostet_e,-1
EX_elaid_e,-1
EX_estradiol_e,-1
EX_estradiolglc_e,-1
EX_estriolglc_e,-1
EX_estroneglc_e,-1
EX_estrones_e,-1
EX_fuc13galacglcgal14acglcgalgluside_hs_e,-1
EX_fuc14galacglcgalgluside_hs_e,-1
EX_fucacgalfucgalacglcgalgluside_hs_e,-1
EX_fucacngal14acglcgalgluside_hs_e,-1
EX_fucacngalacglcgalgluside_hs_e,-1
EX_fucfuc12gal14acglcgalgluside_hs_e,-1
EX_fucfuc132galacglcgal14acglcgalgluside_hs_e,-1
EX_fucfucfucgalacglc13galacglcgal14acglcgalgluside_hs_e,-1
EX_fucfucfucgalacglcgal14acglcgalgluside_hs_e,-1
EX_fucfucgalacglcgalgluside_hs_e,-1
EX_fucgal14acglcgalgluside_hs_e,-1
EX_fucgalfucgalacglcgalgluside_hs_e,-1
EX_fucgalgbside_hs_e,-1
EX_fuc__L_e,-1
EX_galacglcgalgbside_hs_e,-1
EX_galfuc12gal14acglcgalgluside_hs_e,-1
EX_galfucgalacglcgal14acglcgalgluside_hs_e,-1
EX_galgalfucfucgalacglcgalacglcgal14acglcgalgluside_hs_e,-1
EX_galgalgalthcrm_hs_e,-1
EX_gbside_hs_e,-1
EX_gchola_e,-1
EX_gd1b2_hs_e,-1
EX_gd1c_hs_e,-1
EX_gdp_e,-1
EX_gluala_e,-1
EX_glyc__S_e,-1
EX_glygn2_e,-1
EX_glygn4_e,-1
EX_glygn5_e,-1
EX_gmp_e,-1
EX_gp1c_hs_e,-1
EX_gp1calpha_hs_e,-1
EX_gq1b_hs_e,-1
EX_gq1balpha_hs_e,-1
EX_gsn_e,-1
EX_gt1a_hs_e,-1
EX_gthox_e,-1
EX_gthrd_e,-1
EX_gtp_e,-1
EX_h2o2_e,-1
EX_ha_e,-1
EX_ha_pre1_e,-1
EX_hco3_e,-1
EX_hcoumarin_e,-1
EX_hdca_e,-1
EX_hdcea_e,-1
EX_hestratriol_e,-1
EX_hexc_e,-1
EX_hista_e,-1
EX_hom__L_e,-1
EX_hpdca_e,-1
EX_hspg_e,-1
EX_htaxol_e,-1
EX_i_e,-1
EX_idp_e,-1
EX_imp_e,-1
EX_inost_e,-1
EX_ksi_e,-1
EX_ksi_deg1_e,-1
EX_ksii_core2_e,-1
EX_ksii_core4_e,-1
EX_lac__D_e,-1
EX_cysi__L_e,-1
EX_leuktrA4_e,-1
EX_leuktrB4_e,-1
EX_leuktrC4_e,-1
EX_leuktrD4_e,-1
EX_leuktrE4_e,-1
EX_leuktrF4_e,-1
EX_lgnc_e,-1
EX_limnen_e,-1
EX_lipoate_e,-1
EX_lneldc_e,-1
EX_lnlc_e,-1
EX_lnlnca_e,-1
EX_lnlncg_e,-1
EX_lpchol_hs_e,-1
EX_mag_hs_e,-1
EX_meoh_e,-1
EX_mercplaccys_e,-1
EX_mthgxl_e,-1
EX_n2m2nmasn_e,-1
EX_nad_e,-1
EX_nadp_e,-1
EX_ncam_e,-1
EX_nifedipine_e,-1
EX_no_e,-1
EX_npthl_e,-1
EX_nrpphr_e,-1
EX_nrpphrsf_e,-1
EX_nrvnc_e,-1
EX_o2s_e,-1
EX_oagd3_hs_e,-1
EX_oagt3_hs_e,-1
EX_ocdca_e,-1
EX_ocdcea_e,-1
EX_octa_e,-1
EX_omeprazole_e,-1
EX_onpthl_e,-1
EX_oxa_e,-1
EX_paf_hs_e,-1
EX_pchol_hs_e,-1
EX_pe_hs_e,-1
EX_peplys_e,-1
EX_perillyl_e,-1
EX_pglyc_hs_e,-1
EX_pheacgln_e,-1
EX_phllqne_e,-1
EX_phyt_e,-1
EX_prgstrn_e,-1
EX_prostgd2_e,-1
EX_prostge1_e,-1
EX_prostge2_e,-1
EX_prostgf2_e,-1
EX_ps_hs_e,-1
EX_ptdca_e,-1
EX_rbt_e,-1
EX_retfa_e,-1
EX_retinol_e,-1
EX_retinol_9_cis_e,-1
EX_retinol_cis_11_e,-1
EX_retn_e,-1
EX_retnglc_e,-1
EX_Rtotal_e,-1
EX_Rtotal2_e,-1
EX_Rtotal3_e,-1
EX_s2l2fn2m2masn_e,-1
EX_s2l2n2m2masn_e,-1
EX_sarcs_e,-1
EX_sl__L_e,-1
EX_spc_hs_e,-1
EX_sph1p_e,-1
EX_sphs1p_e,-1
EX_srtn_e,-1
EX_strch1_e,-1
EX_strch2_e,-1
EX_strdnc_e,-1
EX_tag_hs_e,-1
EX_tag__D_e,-1
EX_taxol_e,-1
EX_tchola_e,-1
EX_tcynt_e,-1
EX_tdchola_e,-1
EX_tethex3_e,-1
EX_tetpent3_e,-1
EX_tetpent6_e,-1
EX_tettet6_e,-1
EX_thf_e,-1
EX_thmmp_e,-1
EX_thmtp_e,-1
EX_thym_e,-1
EX_thyox__L_e,-1
EX_tmndnc_e,-1
EX_tolbutamide_e,-1
EX_triodthy_e,-1
EX_triodthysuf_e,-1
EX_tststerone_e,-1
EX_tststeroneglc_e,-1
EX_tststerones_e,-1
EX_tsul_e,-1
EX_ttdca_e,-1
EX_txa2_e,-1
EX_tymsf_e,-1
EX_Tyr_ggn_e,-1
EX_udp_e,-1
EX_ump_e,-1
EX_urate_e,-1
EX_utp_e,-1
EX_vacc_e,-1
EX_vitd3_e,-1
EX_whddca_e,-1
EX_whhdca_e,-1
EX_whtststerone_e,-1
EX_whttdca_e,-1
EX_xolest_hs_e,-1
EX_xolest2_hs_e,-1
EX_xoltri24_e,-1
EX_xoltri25_e,-1
EX_xoltri27_e,-1
EX_xylt_e,-1
EX_yvite_e,-1
F1Atg,-1
F1PGT,3
FACOAL140,3
FACOAL150,3
FACOAL160,3
FACOAL170,3
FACOAL180,3
FACOAL1812_1,3
FACOAL1813,3
FACOAL181,3
FACOAL1821,3
FACOAL1822,3
FACOAL1831,3
FACOAL1832,3
FACOAL184,3
FACOAL191,3
FACOAL200,3
FACOAL203,3
FACOAL204,3
FACOAL2042,3
FACOAL205,3
FACOAL206,3
FACOAL224,3
FACOAL2251,3
FACOAL2252,3
FACOAL226,3
FACOAL240_1,3
FACOAL241,3
FACOAL244_1,3
FACOAL245_1,3
FACOAL245_2,3
FACOAL246_1,3
FACOAL260,3
FACOAL40im,1
FACOAL80,3
FADDP,3
FADH2tru,-1
FADH2tx,-1
FADtru,-1
FADtx,-1
FAEL183,3
FAEL184,3
FAEL204,3
FAEL205,3
FAH1,1
FAH2,1
FAH3_1,1
FALDH,3
FALDtly,-1
FALDtm,-1
FAOXC11,3
FAOXC140,3
FAOXC150m,3
FAOXC160,3
FAOXC16080m,3
FAOXC16080x,2
FAOXC161802m,3
FAOXC16180m,3
FAOXC170m,3
FAOXC180,3
FAOXC180x,2
FAOXC1811601m,3
FAOXC1811602m_1,3
FAOXC1811603m,3
FAOXC182806m,3
FAOXC18280m,3
FAOXC183803m,3
FAOXC183806m,3
FAOXC183806x,2
FAOXC18480m,3
FAOXC18480x,2
FAOXC200180m,3
FAOXC200180x,2
FAOXC2031836m,3
FAOXC204,3
FAOXC204184m,3
FAOXC2051843m,3
FAOXC2051843x,2
FAOXC2242046m,3
FAOXC2242046x,2
FAOXC2251836m,3
FAOXC2251836x,2
FAOXC2252053m,3
FAOXC2252053x,2
FAOXC226,3
FAOXC226205m,3
FAOXC226205x,2
FAOXC240200x_1,2
FAOXC241181x,2
FAOXC2442246x,2
FAOXC2452253x,2
FAOXC2452256x,2
FAOXC246226x,2
FAOXC260240x_1,2
FAOXC80,3
FAS100COA,3
FAS120COA,3
FAS140COA,3
FAS160COA,3
FAS180COA,3
FAS80COA_L,3
FATP1t,3
FATP2t,3
FATP3t,3
FATP4t,2
FATP5t,2
FATP6t,3
FATP7t,3
FATP8t,3
FATP9t,3
FBA4,3
FBA5,3
FBP26,3
FCLTm,3
FCOAH2,-1
FDH,3
FE2t,-1
FE2tm,-1
FE3R2e_1,3
FK,1
FKYNH,3
FOLR2,3
FOLt2_1,3
FORMCOAtx,-1
FORtm,-1
FORtr,-1
FPGS2,3
FPGS2m,3
FPGS3,3
FPGS3m,3
FPGS4_1,3
FPGS4m_1,3
FPGS5,3
FPGS5m,3
FPGS6,3
FPGS6m,3
FPGS7m_1,3
FPGS8,3
FPGS8m,3
FPGS9,3
FPGS9m,3
FPGSm_1,3
FRDPtc,-1
FRDPtr,-1
FRUt1r,3
FTHFDH,3
FTHFLmi,3
FUC13GALACGLCGAL14ACGLCGALGLUSIDEte,-1
FUC13GALACGLCGAL14ACGLCGALGLUSIDEtg,-1
FUC14GALACGLCGALGLUSIDEte,-1
FUC14GALACGLCGALGLUSIDEtg,-1
FUCACGALFUCGALACGLCGALGLUSIDEte,-1
FUCACGALFUCGALACGLCGALGLUSIDEtg,-1
FUCACNGAL14ACGLCGALGLUSIDEte,-1
FUCACNGAL14ACGLCGALGLUSIDEtg,-1
FUCACNGALACGLCGALGLUSIDEte,-1
FUCACNGALACGLCGALGLUSIDEtg,-1
FUCASE2e,3
FUCASE2ly,3
FUCASEe,3
FUCASEly,3
FUCFUC12GAL14ACGLCGALGLUSIDEte,-1
FUCFUC12GAL14ACGLCGALGLUSIDEtg,-1
FUCFUC132GALACGLCGAL14ACGLCGALGLUSIDEte,-1
FUCFUC132GALACGLCGAL14ACGLCGALGLUSIDEtg,-1
FUCFUCFUCGALACGLC13GALACGLCGAL14ACGLCGALGLUSIDEte,-1
FUCFUCFUCGALACGLC13GALACGLCGAL14ACGLCGALGLUSIDEtg,-1
FUCFUCFUCGALACGLCGAL14ACGLCGALGLUSIDEte,-1
FUCFUCFUCGALACGLCGAL14ACGLCGALGLUSIDEtg,-1
FUCFUCGALACGLCGALGLUSIDEte,-1
FUCFUCGALACGLCGALGLUSIDEtg,-1
FUCGAL14ACGLCGALGLUSIDEte,-1
FUCGAL14ACGLCGALGLUSIDEtg,-1
FUCGALFUCGALACGLCGALGLUSIDEte,-1
FUCGALFUCGALACGLCGALGLUSIDEtg,-1
FUCGALGBSIDEte,-1
FUCGALGBSIDEtg,-1
FUCtly,-1
FUMAC,3
FUMm,3
FUMSO3tm,3
FUMSO4tm,3
FUMtm,3
FUMTSULtm,3
FUT11g,1
FUT12g,1
FUT14g,1
FUT15g,1
FUT16g,1
FUT17g,1
FUT18g,1
FUT32g,-1
FUT33g,-1
FUT34g,-1
FUT35g,-1
FUT910g,3
FUT911g,3
FUT91g,3
FUT92g,3
FUT93g,3
FUT94g,3
FUT95g,3
FUT96g,3
FUT97g,3
FUT98g,3
FUT99g,3
G14T18g,3
G14T19g,3
G14T20g,3
G14T21g,3
G14T2g,3
G14T3g,3
G14T4g,3
G14T5g,3
G3PD2m,3
G5SADrm,-1
G5SDym,3
G6PDH1er,3
G6PDH2er,3
G6PPer,3
G6Pter,3
GABAVESSEC_1,3
GACMTRc,3
GACPAILter,-1
GAL3ST11,3
GAL3ST12,3
GALACGLCGALGBSIDEte,-1
GALACGLCGALGBSIDEtg,-1
GALASE10ly,3
GALASE11ly,3
GALASE12ly,3
GALASE13ly,3
GALASE14ly,3
GALASE15ly,3
GALASE16ly,3
GALASE17ly,3
GALASE18ly,3
GALASE19ly,3
GALASE1ly,3
GALASE20ly,3
GALASE3ly,3
GALASE4ly,3
GALASE5ly,3
GALASE6ly,3
GALASE7ly,3
GALASE8ly,3
GALASE9ly,3
GALC,3
GALFUC12GAL14ACGLCGALGLUSIDEte,-1
GALFUC12GAL14ACGLCGALGLUSIDEtg,-1
GALFUCGALACGLCGAL14ACGLCGALGLUSIDEte,-1
GALFUCGALACGLCGAL14ACGLCGALGLUSIDEtg,-1
GALGALFUCFUCGALACGLCGALACGLCGAL14ACGLCGALGLUSIDEte,-1
GALGALFUCFUCGALACGLCGALACGLCGAL14ACGLCGALGLUSIDEtg,-1
GALGALGALTHCRMte,-1
GALGALGALTHCRMtg,-1
GALGLUSIDEtg,-1
GALGLUSIDEtl,-1
GALGT1,3
GALGT2,3
GALGT3,3
GALGT4,3
GALNACT1g,3
GALNACT2g,3
GALNACT3g,3
GALNACT4g,3
GALNACT5g,3
GALNTg,3
GALOR,1
GALSIDEtg,-1
GALSIDEtl,-1
GALt1r,3
GALT2g,3
GALTg,3
GALtly,-1
GAMt1r,3
GAMYe,1
GAO1,3
GAO1g,3
GAO2,3
GAO2g,3
GARFT,3
GASNASE2ly,3
GASNASE3ly,3
GASNASEly,3
GBA,1
GBAl,1
GBGT1,2
GBSIDEte,-1
GBSIDEtl,-1
GCALDDm,3
GCC2am,3
GCC2bim,3
GCC2cm,3
GCCam,3
GCCbim,3
GCCcm,3
GCHOLAt,3
GCHOLAt2,2
GCHOLAte,-1
GCHOLAtx,-1
GCNTg,3
GD1B2te,-1
GD1B2tg,-1
GD1Cte,-1
GD1Ctg,-1
GDPFUCtg,3
GDPtg,-1
GFUCS,1
GGH_10FTHF5GLUe,3
GGH_10FTHF5GLUl,3
GGH_10FTHF6GLUe,3
GGH_10FTHF6GLUl,3
GGH_10FTHF7GLUe,3
GGH_10FTHF7GLUl,3
GGH_5DHFe,3
GGH_5DHFl,3
GGH_5THFe,3
GGH_5THFl,3
GGH_6DHFe,3
GGH_6DHFl,3
GGH_6THFe,3
GGH_6THFl,3
GGH_7DHFe,3
GGH_7DHFl,3
GGH_7THFe,3
GGH_7THFl,3
GGLUCT,3
GGNG,1
GGT_L,-1
GGT5r,2
GGT6,-1
GHMT2rm,3
GHMT3,3
GLACO,3
GLACter,-1
GLAl,3
GLB1,3
GLBRAN,3
GLCAASE1ly,3
GLCAASE4ly,3
GLCAASE5ly,3
GLCAASE6ly,3
GLCAASE7ly,3
GLCAASE8ly,3
GLCAASE9ly,3
GLCAE1g,-1
GLCAE2g,3
GLCAT2g,3
GLCAT3g,3
GLCAT4g,3
GLCAT5g,3
GLCAT6g,3
GLCAT7g,3
GLCAT8g,3
GLCAT9g,3
GLCATg,3
GLCMter,-1
GLCNACASE1ly,3
GLCNACASE2ly,3
GLCNACASE3ly,3
GLCNACASE4ly,3
GLCNACASE5ly,3
GLCNACDASg,3
GLCNACT1g,3
GLCNACT2g,3
GLCNACT3g,3
GLCNACT4g,3
GLCNACT5g,3
GLCt1,3
GLCt2_2,2
GLCter,-1
GLCtg,3
GLCtly,-1
GLCURter,-1
GLCURtly,3
GLDBRAN,3
GLGNS1,1
GLNALANaEx,3
GLNASNNaEx,3
GLNCYSNaEx,3
GLNLASEer,-1
GLNSERNaEx,3
GLNTHRNaEx,3
GLNtm,-1
GLNtN1,3
GLPASE1,3
GLPASE2,3
GLRASE,-1
GLU5Km,3
GLUCYS,3
GLUDC,3
GDHm,3
GLUDym,3
GluForTx,1
GLUNm,3
GLUt2m,3
GLUt6,3
GLUt7l,-1
GLUTCOADHm,3
GLUtr,-1
GLUVESSEC,3
GLXO2p,1
GLXtm,-1
GLXtp,-1
GLYAMDTRc,3
GLYATm,3
GLYBt4_2_r,3
GLYBtm,-1
GLYC3Ptm,-1
GLYCK2,-1
GLYCLTDy,3
GLYCLTDym,-1
GLYCLTtp,-1
GLYC_St,-1
GLYCtm,-1
GLYCTO1p,1
GLYKm,1
GLYOp,-1
GLYOXm,3
GLYt4,3
GLYt7_211_r,3
GLYtm,-1
GLYtp,-1
GLYVESSEC_1,3
GMPtg,-1
GMPtn,-1
GNDer,3
GNMT,3
GP1CALPHAte,-1
GP1CALPHAtg,-1
GP1Cte,-1
GP1Ctg,-1
GPAM_hs_1,3
GPIAT,3
GPIDA2er,3
GPIDAer,3
GPIMTer_U,3
GQ1BALPHAte,-1
GQ1BALPHAtg,-1
GQ1Bte,-1
GQ1Btg,-1
GRTTx,3
GSNt,3
GSNt4,1
GSNtl,3
GT1Ate,-1
GT1Atg,-1
DHAOX_c,-1
GTHOr,3
GTHOm,3
GTHPi,3
GTHPe,3
GTHPm,3
GTHRDt,-1
GTHRDtr,-1
GTHS,3
GTMLTe,3
GUACYC,3
GUAD,3
GULLACter,-1
GULN3D,-1
GULNDer,-1
GULNter,-1
GUR1PP,-1
HCO3Em,3
H2ETer,3
H2MTer_U,3
H2O2syn,1
H2O2t,-1
H2O2tly,-1
H2O2tm,-1
H2O2tn,-1
H2O2tp,-1
H2Oter,-1
H2Otg,-1
H2Otly,-1
H2Otm,1
H2Otn,-1
H2Otp,-1
H3ETer,3
H3MTer_U,3
H4ET3er,3
H4ETer,3
H5MTer_U,3
H6_ET2er,3
H6ET3er,3
H6_ETer,3
H6MTer_U,3
H7ET2er,3
H7_ETer,3
H7MTer_U,3
H7_TAer,3
H8TAer,3
HACD1m,3
HACD1x,3
HACD9m,3
HAS1,2
HAS2,2
HAtly,-1
HBZOPT10m,3
HCO3_CLt,3
HCOUMARINte,-1
HDCAter,-1
HDCAt,2
HDCEAt,3
HDD2COAtx,-1
HESTRATRIOLte,-1
HESTRATRIOLtr,-1
HEX10,3
HEX4,3
HEXCCOAtx,-1
HEXCt,-1
HGNTOR,1
HIBDm,3
HISDC,3
HISt4,3
HISTASE,1
HISTAtu,3
HISTAVESSEC_1,3
HIStiDF,2
HIStN1,3
HKt,1
HKYNH,1
HMGCOAS,3
HMGCOASm,3
HMGCOAtm,-1
HMGCOAtx,-1
HMGLm,3
HMGLx,3
HOMt4,3
HOXG,3
HPACtr,-1
HPCLx_1,3
HPDCACRNCPT1,3
HPDCACRNCPT2,3
HPDCACRNt,3
HPDCAt,-1
HPYRDC,-1
HPYRDCm,-1
HPYRR2x_1,3
HPYRRy,3
HPYRtp,-1
HRETNtn,-1
HS1ly,3
HS2ly,3
HS3ly,3
HS4ly,3
HSAT1ly,-1
HSAT2ly,-1
HSAT3ly,-1
HSAT4ly,-1
HSD11B1r,3
HSD11B2r,1
HSD17B1,1
HSD17B2r,2
HSD17B42x_1,3
HSD17B4x,3
HSD17B7r,3
HSD17B8r,2
HSD17B9r,3
HSD3A1r,2
HSD3A2r,2
HSD3B11,1
HSD3B11r,1
HSD3B12r,1
HSD3B13,1
HSD3B13r,1
HSD3B2r,1
HSD3B3r,1
HSD3B7P,3
HSPASEly,-1
HSPGt,-1
HSPGtly,-1
HTAXOLte,-1
Htg,-1
Htr,-1
Htx,-1
HXANtx,-1
HYPOE,1
HYPTROX_cho,-1
ICDHxm,3
ICDHyr,3
ICDHyp,3
ICDHym,3
IDHPOXOX2b,1
IDHPOXOX3,1
IDHPOXOX4,1
IDHPOXOXb,1
IDOAASE1ly,3
IDOAASE2ly,3
IDOAASE3ly,3
IDOAASE4ly,3
IDOURtly,3
IDPtn,-1
ILEt4,1
ILEtmi,-1
ILETAm,3
ILEtec,3
INOSTO,1
INSt,3
INSt4,1
INSTt2,3
INSTt4,3
IPDDIx,3
IPDPtx,-1
It,1
ITCOAL1m,3
ITCOALm,3
ITPtn,-1
KAS8,3
KCC2t,3
KCCt,3
KDNH,-1
KHK,3
KHK2,3
KHK3,3
KSII_CORE2t,-1
KSII_CORE2tly,-1
KSII_CORE4t,-1
KSII_CORE4tly,-1
KSItly,-1
Kt3g,3
KYN,1
KYN3OX,1
KYNAKGAT,1
KYNATESYN,-1
LACZe,3
LALDO,3
LAPCOAl,3
LCADi_D,3
LCADm,3
LCAT1e,3
LCTStg,-1
LCYSTAT,3
LCYSTCBOXL,3
LDH_Lm,3
LEUKTRA4t,1
LEUKTRA4tr,-1
LEUKTRB4t,1
LEUKTRB4tr,-1
LEUKTRC4t,3
LEUKTRD4t,-1
LEUKTRD4tr,-1
LEUKTRE4t,1
LEUKTRF4t,1
LEUt4,3
LEUt5m,-1
LEUTAm,3
LEUtec,3
LFORKYNHYD,1
TTCCOAtx,-1
LGNCt,3
LIMNENte,-1
LINKDEG1ly,-1
LINKDEG2ly,-1
LINKDEG3ly,-1
LINKDEG4ly,-1
LIPOti_1,3
L_LACDcm,3
L_LACtcm,3
L_LACtm,3
LNELDCCPT1,3
LNELDCCPT2,3
LNELDCCRNt,3
LNELDCt,-1
LNLCCPT1,3
LNLCCPT2,3
LNLCCRNt,3
LNLCt,2
LNLNCACPT1,3
LNLNCACPT2,3
LNLNCACRNt,3
LNLNCAt,2
LNLNCGCPT1,3
LNLNCGCPT2,3
LNLNCGCRNt,3
LNLNCGt,2
LNS14DM,3
LNSTLSr,3
LPASE,3
LPCHOLt,-1
LPCOXp,3
LPS,3
LPS2,3
LPS2e,1
LPS3,3
LPS3e,1
LPS4e,3
LRAT,1
LRAT1,-1
LRAT2,-1
LSTO1r,3
LSTO2r,3
LTA4H,3
LTC4CP,-1
LTC4Sr,3
LTD4DP,-1
LTDCL,3
LYSOXp,-1
LYSt4,3
LYSt5r,3
LYStip,-1
LYStm,3
LYStn,-1
M4BTAer,3
M4CET3er,3
MACACI,3
MACOXO,3
MAGt,-1
MALSO3tm,3
MALSO4tm,3
MALTe,1
MALTly,3
MALtm,3
MALTSULtm,3
MALTt1r,3
MANt1r,3
MANtly,-1
MAOLNOR,3
MAOX,3
MCCCrm,3
MCD,3
MCDm,3
MCDp,3
MCITS,-1
MCLACCYSR,-1
MCLORi,3
MCPST,3
MDHm,3
MDRPD,-1
ME1m,3
ME2,3
ME2m,3
MECOALm,3
MECOAS1m,3
MELATN23DOX,1
MELATNOX,3
MEOHt2,-1
MEOHtly,-1
MEPIVESSte_cho,-1
MERCPLACCYSt,-1
MESCOALm,-1
METAT,3
METLEUex,3
METS,3
METt4,3
METtec,3
MEVK1x,3
MGACONm,-1
MGCHrm,3
MGSA,-1
MGSA2,-1
MHISOR,1
MI1345PP,3
MI134P4P,-1
MI134PP,3
MI13PP,-1
MI145PK,3
MI145PP,3
MI14P4P,-1
MI14PP,3
MI14Ptn,-1
MI1P_Dtn,-1
MI1PS,3
MI34PP,3
MINOHPtn,-1
MLTG1,3
MLTG1e,1
MLTG1ly,3
MMCDm,3
MMEm,3
MMMm,1
MMSAD1m,3
MMSAD3m,3
MMTSADm,-1
MOGAT,2
MTAP,3
MTHFCm,3
MTHFD2m,3
MTHFDm,3
MTHGXLt,-1
N2M2NMASNtly,-1
N3Tg,3
N4Tg,-1
NABTNO,3
NACASPAH,3
NACASPtm,-1
NACHEX10ly,3
NACHEX11ly,3
NACHEX12ly,3
NACHEX13ly,3
NACHEX14ly,3
NACHEX15ly,3
NACHEX16ly,3
NACHEX17ly,3
NACHEX18ly,3
NACHEX19ly,3
NACHEX1ly,3
NACHEX20ly,3
NACHEX21ly,3
NACHEX22ly,3
NACHEX23ly,3
NACHEX24ly,3
NACHEX25ly,3
NACHEX26ly,3
NACHEX27ly,3
NACHEX2ly,3
NACHEX3ly,3
NACHEX4ly,3
NACHEX5ly,3
NACHEX6ly,3
NACHEX7ly,3
NACHEX8ly,3
NACHEX9ly,3
NACHEXA10ly,3
NACHEXA11ly,3
NACHEXA12ly,3
NACHEXA13ly,3
NACHEXA14ly,3
NACHEXA15ly,3
NACHEXA16ly,3
NACHEXA17ly,3
NACHEXA18ly,3
NACHEXA19ly,3
NACHEXA1ly,3
NACHEXA20ly,3
NACHEXA21ly,3
NACHEXA22ly,3
NACHEXA2ly,3
NACHEXA3ly,3
NACHEXA4ly,3
NACHEXA5ly,3
NACHEXA6ly,3
NACHEXA7ly,3
NACHEXA8ly,3
NACHEXA9ly,3
NACt,-1
NADHtpu,-1
NADHtru,-1
NADNe,3
NADPHtru,-1
NADPHtxu,-1
NADPN,-1
NADPNe,3
NADPtru,-1
NADPtxu,-1
NADtn,-1
NADtru,-1
NAGA2ly,3
NAGAlby,-1
NAGAly,3
NAGLCAly,-1
NAHCO3_HCLt,3
NAIt,3
NaKt_1,3
NAt,3
NAt3_1g,3
NAt5,3
NAtx,-1
NBAHH_ir,3
NCAMUP,-1
NCCt,1
NCKt,3
NCNt,3
NDP10ex,3
NDP3ex,3
NDP6,3
NDP7er,3
NDP7ex,3
NDP7g,1
NDP8,3
NDP8ex,3
NDPK10,3
NDPK10n,3
NDPK1m,3
NDPK1n,3
NDPK2n,3
NDPK3m,3
NDPK3n,3
NDPK4m,3
NDPK4n,3
NDPK5m,3
NDPK5n,3
NDPK6m,3
NDPK6n,3
NDPK7m,3
NDPK7n,3
NDPK8m,3
NDPK8n,3
NDPK9n,3
NH4t3r,1
NH4tn,-1
NH4tp,-1
NICRNS,-1
NICRNTtn,-1
NIFEDIPINEte,-1
NKCC2t,3
NKCCt,3
NMNATm,3
NMNATn,3
NMNAT,3
NMNS,3
NMNtn,-1
NNATn,3
NNMT,3
NORANMT,1
NOS1,3
NOS2_2,3
NOt,-1
NP1,3
NPTHLte,-1
NRPPHRSFt,-1
NRPPHRSULT,3
NRPPHRt4_2_r,1
NRPPHRtu,2
NRPPHRVESSEC_1,3
NRVNCCOAtx,-1
NS26T2g,1
NS26Tg,1
NTD12,3
NTD1m,3
NTD2e,3
NTD2l,3
NTD4e,3
NTD4l,3
NTD5l,3
NTD5m,3
NTD7e,3
NTD7l,3
NTD9e,3
NTD9l,3
NTP3e,3
NTPP10,3
NTPP9,3
O16G1e,1
O16G2e,1
O2St,-1
O2Stm,-1
O2Stn,-1
O2Stx,-1
O2ter,-1
O2tm,-1
O2tn,-1
O2tp,-1
OAGD3te,-1
OAGD3tg,-1
OAGT3te,-1
OAGT3tg,-1
OCBTm,1
OCCOAtm,-1
OCCOAtx,-1
OCDCAt,2
OCDCEAt,2
OCOAT1m,3
OCTAt,-1
ODECOAtx,-1
OIVD1m,3
OIVD2m,3
OIVD3m,3
OMEPRAZOLEte,-1
ONPTHLte,-1
OPAH,3
ORETNF,-1
ORETNF2,-1
ORETNtn,-1
ORETNtn2,-1
ORNt3m,3
ORNt4m,3
ORNTArm,3
ORNt,3
ORPT,3
OXAHCOtex,3
OXAtp,-1
P45011A1m,3
P45011B11m,1
P45011B12m,1
P45011B21m,1
P45017A1r,1
P45017A2r,1
P45017A3r,1
P45017A4r,1
P45019A1r,1
P45019A2r,1
P4501B1r,3
P45021A1r,1
P45021A2r,1
P45027A11m,3
P45027A12m,3
P45027A13m,3
P45027A14m,3
P45027A15m,3
P45027A16m,3
P45027A1m,3
P4502A6,1
P4502C18,1
P4502C19,1
P4502C8,1
P4502C9,1
P4502C92,1
P4502C93,1
P4502C94,1
P4502D6,3
P4502E1,3
P4502F1,2
P45039A1r,3
P4503A4,2
P4503A43r,1
P4503A5,2
P4503A7r,2
P45046A1r,3
P4504B1r,2
P4504F121r,3
P4504F122r,3
P4504F123r,3
P4504F81r,3
P4507A1r,1
P4507B11r,3
P4507B12r,3
P4508B11r,1
P4508B13r,1
P450LTB4r,-1
P450SCC1m,-1
P5CDm,3
P5CRm,3
P5CRxm,3
PA_HSter,-1
PA_HStg,-1
PA_HStn,-1
PACCOAL,-1
PAFH,3
PAFHe,3
PAFS,-1
PAIL_HStn,-1
PAIL45P_HStn,-1
PAIL4P_HStn,-1
PAN4PP,-1
PAPStg,3
PAPtg,-1
PCFLOPm,3
PCHOL_HSter,-1
PCHOL_HStg,-1
PCHOLP_hs,3
PCHOLPg_hs,3
PCHOLPm_hs,3
PCHOLPr_hs,3
PCLAD,1
PCm,3
PCREATtmdiffir,-1
PCRNtc,-1
PCRNtm,3
PCt,3
PDE1,3
PDE1g,3
PDE4,3
PDE4g,3
GCPNn,3
PDHm,3
PDX5POi,3
PDXPP,1
PE_HSter,-1
PE_HStm,-1
PEAMNO,3
PEFLIP,3
PEFLIPm,3
PEPCK_re,2
PEPCKm,3
PERILLYLte,-1
PEROXx,2
PEt,-1
PETHCT,3
PETOHMm_hs,3
PETOHMr_hs,3
PFK26,3
PGCD,3
PGDI,3
PGDIr,3
PGESr,3
PGISr,3
PGLer,3
PGLYCt,-1
PGPP_hs,3
PGPPT,3
PGS,3
PGSr,3
PHACCOAGLNAC,-1
PHCDm,3
PHCHGSm,-1
PHEACGLNt,-1
PHEMEtm,-1
PHEt4,3
PHETA1m,3
PHEtec,3
PHETHPTOX2,2
PHYCBOXL,3
PHYHx,3
PHYQt,-1
PHYTt,-1
PI345P3P,3
PI345P3Pn,3
PI345P5P,3
PI345P5Pn,-1
PI34P3Pn,-1
PI34P4Pn,-1
PI34P5K,3
PI34P5Kn,-1
PI3P3Pn,-1
PI3P4K,3
PI3P4Kn,-1
PI3P5K,3
PI45P3K,3
PI45P3Kn,-1
PI45P4P,-1
PI45P5P,3
PI45P5Pn,-1
PI45PLC,3
PI4P3Kn,-1
PI4P5K,3
PI4P5Kn,-1
PI4PLC,3
PI4PLCn,3
PI4PP,-1
PI5P4K,3
PI5P4Kn,-1
PIK3n,-1
PIK4,3
PIK4n,-1
PIK5,3
PIK5n,-1
PIPLC,3
PIPLCn,3
PIter,3
PItg,-1
PItn,-1
PItx,-1
PLA2_2,3
PLA2_2e,3
PMEVKx,3
PMI12346PH,3
PMI12346PHn,3
PMTCOAtx,-1
PNTOt5_1,3
PPA2,-1
PPAer,3
PPAm,3
PPAn,-1
PPAP,1
PPAtr,-1
PPAtm,-1
PPD2CSPp,-1
PPDOy,3
PPItr,-1
PPItx,-1
PPMI12346Ptn,-1
PPOR,3
PPPG9tm,-1
PPPGOm,3
PRAGSr,3
PRASCSi,3
PRDX,3
PRDXl,1
PRGNLONESULT,3
PRGNLONEtm,-1
PRGNLONEtr,-1
PRGSTRNt,-1
PRISTANALtx,-1
PRISTCOAtx,-1
PRISTtx,-1
PROD2m,3
PRODt2r,3
PROSTGD2t,2
PROSTGE1t,2
PROSTGE1t3,3
PROSTGE2t,3
PROSTGE2t2,1
PROSTGE2t3,3
PROSTGF2t,1
PROSTGH2t,-1
PROSTGI2t,-1
PROSTGI2tr,-1
PROt4,3
PROtm,-1
PSDm_hs,3
PSFLIP,3
PSFLIPm,3
PSSA1_hs,3
PSSA2_hs,3
PSt3,-1
PTDCACRNCPT1,3
PTDCACRNCPT2,3
PTDCACRNt,3
PTDCAt,-1
PTE2x,3
PTE3x,3
PTE4x,3
PTHPS,3
PTRCAT1,3
PTRCOX1,1
PVD3,-1
PYAM5PO,3
PYDXDH,3
PYDXK,3
PYDXPP,1
PYNP2r,3
PYRt2m,3
PYRt2p,3
QUILSYN,-1
RADH,-1
RADH2,-1
RADH3,-1
RADH4,-1
RAHY,-1
RAI1,-1
RAI2,-1
RAI3,3
RAI4,-1
RAtn,-1
RAtn3,-1
RBK_Dr,3
RBTt,-1
RDH1,3
RDH1a,3
RDH2,3
RDH2a,3
RDH3,3
RDH3a,3
RDH4,3
RETFA,-1
RETFAt,-1
RETFAt1,-1
RETFAt2,-1
RETH,-1
RETH1,-1
RETH1e,-1
RETH2,-1
RETH2e,-1
RETHe,-1
RETI1,-1
RETI2,-1
RETI3,-1
RETNGLCt,-1
RETNGLCt2,-1
RETNGLCt2r,-1
RETNGLCtr,-1
RETNt,-1
RETNtr,-1
RETNtr2,-1
RIBFLVt3,1
RIBt,-1
RIBt2,-1
RNMK,1
RTOTAL2t,-1
RTOTAL3CRNCPT1,3
RTOTAL3CRNCPT2,3
RTOTAL3CRNt,3
RTOTALt,-1
Rtotaltl,-1
S23T2g,3
S23T4g,3
S23Tg,3
S2L2FN2M2MASNtly,-1
S2L2N2M2MASNtly,-1
S2T1g,3
S2T2g,3
S2T3g,3
S2T4g,3
S2TASE1ly,3
S2TASE2ly,3
S2TASE3ly,3
S2TASE4ly,-1
S2TASE5ly,-1
S3T1g,3
S3T2g,3
S3T3g,3
S3TASE1ly,-1
S3TASE2ly,-1
S3TASE3ly,-1
S4T1g,3
S4T2g,3
S4T3g,3
S4T4g,-1
S4T5g,-1
S4T6g,3
S4TASE1ly,3
S4TASE2ly,3
S4TASE3ly,3
S4TASE4ly,3
S4TASE5ly,3
S6T16g,3
S6T17g,3
S6T18g,3
S6T19g,2
S6T1g,3
S6T20g,2
S6T21g,2
S6T22g,2
S6T23g,2
S6T24g,2
S6T25g,3
S6T2g,3
S6T3g,3
S6TASE10ly,3
S6TASE11ly,3
S6TASE12ly,3
S6TASE13ly,3
S6TASE14ly,3
S6TASE15ly,3
S6TASE16ly,3
S6TASE17ly,3
S6TASE18ly,3
S6TASE19ly,3
S6TASE1ly,3
S6TASE20ly,3
S6TASE21ly,3
S6TASE22ly,3
S6TASE23ly,3
S6TASE24ly,3
S6TASE25ly,3
S6TASE26ly,3
S6TASE2ly,3
S6TASE3ly,3
S6TASE4ly,3
S6TASE5ly,3
S6TASE6ly,3
S6TASE7ly,3
S6TASE8ly,3
S6TASE9ly,3
SACCD3m,3
SACCD4m,3
SADT,3
SALMCOM,3
SALMCOM2,3
SAMHISTA,3
SARCOXp,3
SARCStex,-1
SARCStm,-1
SARCStp,-1
SARDHm,3
SBPP1er,3
SBPP3er,3
SBTD_D2,3
SBTR,3
SCP21x,3
SCP22x,3
SCP2x_1,3
SCPx,3
Ser_Thrtg,-1
SERALANaEx,3
SERASNNaEx,3
SERCYSNaEx,3
SERDGLNexR,3
SERDGLYexR,3
SERGLNexR,3
SERGLNNaEx,3
SERGLYexR,3
SERHL,3
SERLYSNaex,3
SERPT,1
SERt4,3
SERTHRNaEx,3
SERtN1,3
SERtp,-1
SFGTHi,3
SGALSIDEtg,-1
SGALSIDEtl,-1
SGPL12r,3
SIAASE2ly,3
SIAASE3ly,3
SIAASE4ly,3
SIAASEly,3
SIAT4Bg,3
SIAT9g,3
SK_citr__L_c,-1
SK_pre_prot_r,-1
SLCBK1,3
SLDt,-1
SLDx,3
SMPD3g,3
SMPD3l,3
SMPD4,3
SMS,3
SO4CLtex2,3
SO4HCOtex,3
SO4OXAtex2,3
SO4t4_2,3
SO4tl,-1
SOAT12,3
SPC_HSt,-1
SPH1Pte,-1
SPH1Pter,-1
SPHGNtr,-1
SPHINGStl,-1
SPHINGStr,-1
SPHK21c,3
SPHMDAc,-1
SPHMYLNtg,-1
SPHMYLNtl,-1
SPHS1Pte,-1
SPHS1Ptr,-1
SPMDOX,-1
SPODMe,3
SPODMm,3
SPODMn,3
SPODMx,3
SPR,3
SPRMS,3
SPTix,1
SQLEr,3
SQLSr,3
SR5AR2r,3
SR5ARr,3
SRTNACT,2
SRTNt6_2_r,1
SRTNtu,1
ST3GAL21g,3
ST3GAL22g,3
ST3GAL23g,3
ST3GAL31g,3
ST3GAL61g,3
ST3GAL62g,3
ST6GALNAC21,3
ST6GALNAC22,3
ST6GALNAC23,3
ST6GALNAC24,3
ST6GALNAC61,3
ST6GALNAC26,3
ST6GALNAC27,3
ST6GALNAC28,3
ST6GALNAC31_1,3
ST6GALNAC62,3
ST8SIA11,3
ST8SIA12,3
ST8SIA51g,3
ST8SIA52g,3
ST8SIA53g,3
ST8SIA54g,3
ST8SIA55g,3
ST8SIA56g,3
STCOAtx,-1
STRDNCCPT1,3
STRDNCCPT2,3
STRDNCCRNt,3
STRDNCt,-1
STS1,1
STS1r,1
STS2,1
STS2r,1
SUCCtm,3
SUCCt4_2,1
SUCCtp,-1
SUCD1m,3
SUCOAS1m,3
SUCOASm,3
SUCRe,1
SULFOX,3
T4HCINNMFM,-1
TAGAT_Dt,-1
TAGt,-1
TAURt4_2_r,3
TAURtcx,3
TAXOLte,-1
TCHOLAt,3
TCHOLAt2,2
TCHOLAte,-1
TCHOLAtx,-1
TCYNTt,-1
TCYNTtm,-1
TDCHOLAte,-1
TDCHOLAtx,-1
TDP,-1
TDPm,-1
TETHEX3COAtx,-1
TETHEX3t,-1
TETPENT3COAtx,-1
TETPENT3CPT1,3
TETPENT3CPT2,3
TETPENT3CRNt,3
TETPENT3t,-1
TETPENT6COAtx,-1
TETPENT6CPT1,3
TETPENT6CPT2,3
TETPENT6CRNt,3
TETPENT6t,-1
TETTET6COAtx,-1
TETTET6CPT1,3
TETTET6CPT2,3
TETTET6CRNt,3
TETTET6t,-1
THBPT4ACAMDASE,3
THCHOLSTOICtm,-1
THD1m,3
THFt2_1,3
THFtl,-1
THFtm,-1
THMDt4,1
THMMPt4_1,3
THMMPtm_cho,-1
THMP,-1
THMPPtm_cho,-1
THMt2m,-1
THMTP,3
THMTPt_1,3
THP2Ctp,-1
THRALANaEx,3
THRASNNaEx,3
THRCYSNaEx,3
THRGLNexR,3
THRGLNNaEx,3
THRGLYexR,3
THRSERNaEx,3
THRt4,3
THYMDt1,3
THYMDtl,3
THYMDtm,3
THYMt,3
THYOXt,3
THYOXt2,3
THYPX,1
TMABADH,3
TMDK1m,3
TMDPP,3
TMDPPK,-1
TMLYSOX,1
TMNDNCCOAtx,-1
TMNDNCCPT1,3
TMNDNCCPT2,3
TMNDNCCRNt,3
TMNDNCt,-1
TOLBUTAMIDEte,-1
TRDR,3
TRDR2,3
TRDR3,3
TREH,1
TREHe,1
TRIODTHYSUFt,-1
TRIODTHYSULT,3
TRIODTHYt,3
TRIODTHYt2,3
TRIOK,-1
TRPHYDRO2,3
TRPO2,3
TRPt4,1
TRYPTAOX,3
TS3,-1
TSTSTERONEGLCte,3
TSTSTERONEGLCtr,-1
TSTSTERONESte,-1
TSTSTERONESULT,3
TSTSTERONEt,-1
TSTSTERONEtr,-1
TSULt4_3,1
TTDCAtr,3
TTDCPT2,3
TTDCRNt,3
TXA2te,-1
TXA2tr,-1
TXASr,3
TYMSFt,-1
TYMSULT,3
TYR3MO2,3
TYRASE,1
TYRCBOX,3
TYRDOPO,1
TYRDOPO3,1
TYROXDAc,3
TYRt,3
TYRt4,1
TYRTAim,3
UAG2EMA,3
UAGALDP,-1
UDPACGALtl,-1
UDPDOLPT_L,3
UDPG1P,-1
UDPGALtg,3
UDPGD,3
UDPGLCAter,3
UDPGLCAtg,-1
UDPGLCter,-1
UDPGLDCg,3
UDPGNP,-1
UDPGP,3
UDPtl,-1
UDPXYLter,-1
UDPXYLtg,3
UGALGTg,3
UGALNACtg,3
UGCG,3
UGLCNACtg,2
UGT1A10r_1,1
UGT1A1r,1
UGT1A2r,2
UGT1A3r,1
UGT1A4r,1
UGT1A5r,1
UGT1A5r2,2
UGT1A6r,1
UGT1A7r,1
UGT1A8r,1
UGT1A9r,1
UMPK2,3
UMPK2n,3
UMPK3,3
UMPK3n,3
UMPK4,3
UMPK4n,3
UMPK5,3
UMPK5n,3
UMPK6,3
UMPK6n,3
UMPK7,3
UMPK7n,3
UMPKn,3
UMPtr,-1
UPPN,2
URAt,3
URATEt,-1
URATEtx,-1
UREAt5,2
UREAtm,3
URIDK2m,3
URIK1,3
URIt,3
URIt4,1
Uritl,3
Uritn,-1
UROLACer,-1
UTPtn,-1
VACCt,-1
VALt4,1
VALt5m,-1
VALTAim,3
VALtec,3
VD3,-1
VITD3t,-1
VLCS2p,3
VLCS2r,3
VLCSp,3
VLCSr,3
WHDDCAte,-1
WHHDCAte,-1
WHTSTSTERONEte,-1
WHTTDCAte,-1
XANDp,3
XANtx,-1
XAO2x,3
XAOx,3
XOL27OHtm,-1
XOL7AH2tm,-1
XOL7AONEtr,-1
XOLDIOLONEt,-1
XOLEST2te,-1
XOLESTte,-1
XOLTRI24tc,-1
XOLTRI24te,-1
XOLTRI25tc,-1
XOLTRI25te,-1
XOLTRI27tc,-1
XOLTRI27te,-1
XOLTRIOLtm,-1
XSERtg,-1
XYLK,3
XYLTD_D,-1
XYLTer,3
XYLtly,-1
XYLTt,-1
XYLUR,3
YVITEt,-1
EX_4abutn_e,-1
EX_acmana_e,-1
EX_ahdt_e,-1
EX_ctp_e,-1
EX_dgmp_e,-1
EX_dgtp_e,-1
EX_dha_e,-1
EX_dhap_e,-1
EX_dtmp_e,-1
EX_dttp_e,-1
EX_fad_e,-1
EX_fald_e,-1
EX_g1p_e,-1
EX_isomal_e,-1
EX_HC00250_e,-1
EX_HC01104_e,-1
EX_HC01361_e,-1
EX_HC01440_e,-1
EX_HC01441_e,-1
EX_HC01444_e,-1
EX_HC01446_e,-1
EX_HC01577_e,-1
EX_HC01609_e,-1
EX_cpppg1_e,-1
EX_HC01700_e,-1
EX_HC02160_e,-1
EX_HC02161_e,-1
EX_itp_e,-1
EX_orot_e,-1
EX_prpp_e,-1
EX_pydx5p_e,-1
EX_udpg_e,-1
r0002,-1
r0009,3
r0013,1
r0016,3
GDR,3
GDRm,3
r0023,3
NOS2,3
r0027,3
NDP1,3
DPCOAKm,3
CPS_m,2
r0047,3
r0051,1
ALR,-1
ACOAHim,1
r0068,3
r0074,3
ALATA_Lm,3
r0083,3
r0084,3
r0085,3
r0086,3
r0093,3
r0097,3
r0113,3
NTPP2,3
PYK3,1
GTHRDH_syn,3
GGTAe2,3
r0139,3
r0142,3
r0145,3
r0149,3
PYK4,1
r0156,-1
r0157,-1
SPTc,1
PYK2,1
r0166,3
r0170,3
r0173,3
SSALxm,3
r0179,-1
r0181,3
r0186,1
r0191,3
r0193,3
r0196,3
r0202,3
r0205,3
MAN1PT,3
r0210,3
r0221_1,3
DHFR2i,3
DHFRim,3
DURADx,-1
r0239,3
r0242,3
ALCD19y,1
r0246,1
r0249,3
GMPR,3
r0280,1
r0281,1
r0283,3
r0287,3
GMPS,3
r0308,3
ACOAR7m,3
r0310,3
r0311,3
r0317,3
r0319,3
r0321,3
r0330,-1
r0331,-1
r0340,3
r0354,3
r0355,3
r0357,3
r0358,3
r0360,3
r0361,3
r0363,3
r0364,3
r0365,-1
ADADir,3
r0380,3
r0381,-1
r0383,3
r0385,3
r0386,3
PYDXO_1,3
PYDXNO,3
r0390_1,1
NAPRT,2
r0393,3
HXAND,3
XAO2,3
PHETHPTOX,2
r0402,3
r0403,3
r0407,3
r0408,3
r0409,3
r0410,3
AGPOP,1
r0423,3
r0424,3
r0425,3
r0426,3
r0431_1,3
r0432_1,3
r0433_1,3
r0434,3
r0437,3
r0438,3
r0440,3
r0441,3
r0443,3
r0444,3
r0450,1
r0451,3
DGNSK,3
r0463,3
r0465_1,3
r0466_1,-1
RNTR1,3
RNTR2,3
RNTR3,3
RNTR4,3
r0480,-1
r0483,3
HMGCOAR,3
r0494,3
r0497,3
XAND,3
XAO,3
r0509,3
r0510,3
r0511,3
r0512,3
r0514,3
r0517,3
THFATm,3
FTHFCLm,3
r0525,3
NMNDA,-1
DUTCP,3
SPHPL,3
CYSAMO_cho,3
r0541,3
ALDD19xr,3
r0546,3
ALDD19x_P,3
r0548,3
BETALDHx,3
BETALDHy,3
r0555,3
r0557,3
r0558,-1
r0560,3
DHRT_ibcoa,3
r0568,3
r0571,-1
r0573,2
r0575,3
APNPT,3
r0579,3
DNADDP,3
r0587,3
PTPATim,3
DPCOAPP,3
AASAD3,3
r0595,3
r0596,3
r0603,3
r0604,3
r0610,3
r0611,3
HPROx,3
HPROxm,3
HPROb,3
HPROym,3
r0627,3
r0629,1
r0630,1
r0633,3
ACACT4m,3
r0636,3
r0637,3
ACOAR5m,3
ACACT6m,3
r0641,3
r0642,3
r0643,3
AM6SAD,-1
r0647,-1
r0648,3
r0649_1,3
r0650,3
r0651,2
r0652_1,3
ACACT7m,3
r0655,3
r0656,3
ECOAH5m,3
ECOAH5p,3
PRAIS,3
r0669,3
r0670,3
r0672,3
r0673,3
r0686,3
r0688,3
r0698,3
r0706,3
r0707,3
r0714_1,3
r0715,3
r0716_1,3
r0717,3
HACD6m,3
HACD6p,3
r0720_1,3
r0721,3
HACD5m,3
HACD5p,3
ACACT5m,3
HACD4m,3
HACD4p,3
ECOAH4m,3
ECOAH4p,3
r0730,3
r0731,3
r0732,3
r0733,3
r0734,3
ACOAR4m,3
r0737,3
r0739,3
r0741,3
r0743,3
r0744,3
r0747,2
r0750,2
r0752,3
r0753,3
r0754,3
r0755,3
r0756,3
r0757,3
5HOXINDACTOX,3
r0774,3
r0779,3
LNS14DMr,3
r0782,1
r0783,3
r0784,-1
r0786,3
SBPP1,3
r0788,-1
r0789,-1
ACOAR2m,3
r0795,-1
r0796,-1
r0797,1
r0809,-1
r0812,3
r0813,2
r0817,3
r0818,-1
r0819,3
SUCFUMtm,3
r0822,3
r0826,-1
r0829,3
r0830,3
r0834,3
r0835,3
r0836,3
NH4tm,-1
r0839,-1
r0840,-1
r0841,-1
r0842,-1
r0845,3
r0853,-1
r0859,-1
r0860,-1
r0870,-1
r0871,-1
r0879,3
r0881,-1
r0885,3
r0886,-1
r0892,-1
r0899,-1
r0907,-1
r0908,-1
r0909,-1
r0911,-1
MALICITtm,3
r0915,3
CITtcm,3
r0921,-1
r0924,1
r0926,-1
r0927,-1
r0931,-1
r0932,-1
r0934,3
r0936,-1
r0937,-1
r0940,-1
r0942,3
SPMDtex2,-1
r0946,1
r0950,-1
r0954,3
r0960,3
r0961,3
r0962,-1
r0968,-1
r0970,-1
r0973,-1
PNTOt4,-1
r0975,-1
r0983,2
r0984,2
r0986,-1
r0987,-1
r0989,-1
r0990,-1
r0993,1
r0994,-1
r0995,3
r0997,3
r0998,-1
r0999,-1
r1000,-1
CARN1619Zt_m,-1
r1002,-1
r1003,-1
r1005,-1
r1006,-1
r1007,-1
r1008,-1
r1011,-1
r1012,-1
r1013,-1
r1014,-1
r1015,2
r1017,-1
r1018,-1
r1019,-1
r1020,-1
r1024,-1
r1025,-1
r1026,1
r1028,1
r1029,-1
r1030,-1
r1043,1
r1044,1
r1045,1
CHOLESTTDe,-1
r1051,-1
r1052,-1
r1078,-1
CITt2r,-1
CITt4_1,3
r1106,-1
r1109,-1
r1116,-1
r1117,-1
r1134,-1
r1135,3
r1143,3
GLUt4,3
r1146,-1
AKGICITtm,3
r1148,-1
r1150,-1
OBDHm,3
r1155,3
DUTUP,3
r1159,-1
r1162,-1
r1163,2
r1164,3
r1165,3
r1166,3
r1167,3
r1168,3
r1169,3
r1170,3
r1171,3
r1172,3
r1174,3
r1175,3
r1177,3
r1179,3
r1181,3
r1182,3
r1183,3
r1251,3
r1252,3
r1253,3
r1254,3
r1255,3
r1257,3
r1259,3
r1260,3
r1262,3
PPCOAtm,-1
r1292,-1
r1298,-1
r1299,-1
r1301,-1
r1302,-1
r1303,-1
r1304,-1
r1318,-1
r1364,-1
r1365,-1
r1367,-1
r1368,-1
r1374,1
r1375,-1
r1377,-1
r1378,3
r1380,3
r1382_1,3
r1383_1,3
r1384,-1
r1391,3
r1392,3
r1400,-1
r1401,-1
r1411,3
HCO3Ee,3
r1421,-1
PIt,-1
HISt2m,1
r1428,-1
GLY3Pt,-1
ALAtmi,-1
r1435,-1
METtm,-1
r1437,-1
thr_mt,-1
ACOAO5p,3
r1444,3
ACOAO4p,3
r1446,3
r1447,3
r1448,3
r1449,3
r1450,3
r1451,3
r1454,3
PHEt2m,-1
r1456,-1
r1457,-1
r1459,-1
r1467,-1
r1468,-1
r1472,3
r1474,3
r1477,3
r1481,3
r1487,3
GTHRDt2,-1
r1495,2
r1497,2
r1498,2
r1499,2
r1500,2
r1501,2
r1502,2
r1503,2
r1512,-1
r1514,3
r1515,3
r1516,3
r1517,3
r1518,3
r1519,3
r1520,3
r1521,3
r1522,3
r1523,3
r1525,3
r1527,3
r1529,3
r1530,3
r1531_1,3
r1532_1,3
r1533_1,3
r1536,3
HCO3_2NAt,3
r1540,3
r1544,3
r1546,3
r1547,3
r1548,3
r1549,3
r1551,3
r1552,3
r1553,3
r1554,3
r1556,3
r1557,3
r1559,3
r1560,3
r1561,3
r1562,3
r1563,3
r1564,3
r1565,3
r1566,3
r1567,3
r1568,3
r1569,3
r1570,3
r1571,3
r1573,3
r1574,3
r1575,3
r1576,3
r1578,3
r1579,3
r1580,3
r1581,3
r1583,3
r1584,3
r1585,3
r1586,3
r1587,3
r1588,3
r1589,3
r1590,3
r1591,3
r1592,3
r1593,3
r1594,3
r1595,3
r1596,3
r1597,3
r1598,3
r1599,3
r1600,3
r1602,3
r1603,3
r1604,3
r1605,3
r1606,3
r1607,3
r1608,3
r1609,3
r1610,3
r1611,3
r1612,3
r1613,3
r1614,3
r1615,3
r1616,3
r1617,3
TYRPHELAT2tc,3
CYSPHELAT2tc,3
LEUPHELAT2tc,3
r1621,3
ASNPHELAT2tc,3
VALPHELAT2tc,3
THRPHELAT2tc,3
r1625,3
ILEPHELAT2tc,3
r1627,3
r1628,3
r1629,3
r1630,3
r1631,3
r1632,3
r1633,3
r1634,3
r1635,3
r1636,3
r1637,3
r1638,3
r1639,3
r1640,3
r1641,3
r1642,3
r1643,3
VALLAT1tc,3
r1645,3
r1646,3
ILELAT1tc,3
r1648,3
r1649,3
r1650,3
r1651,3
r1652,3
r1653,3
r1654,3
r1655,3
r1656,3
r1657,3
r1658,3
r1659,3
r1660,3
r1661,3
r1662,3
r1664,3
r1665,3
r1666,3
r1668,3
r1669,3
r1670,3
r1671,3
r1672,3
r1673,3
r1674,3
r1675,3
r1676,3
r1677,3
r1678,3
r1679,3
r1680,3
r1681,3
r1682,3
r1683,3
r1684,3
r1685,3
r1686,3
r1687,3
r1690,3
r1691,3
r1692,3
r1693,3
r1695,3
r1696,3
r1698,3
r1700,3
r1701,3
r1702,3
r1705,3
r1706,3
r1707,3
r1708,3
r1710,3
r1711,3
r1713,3
r1715,3
r1716,3
r1717,3
r1720,3
r1721,3
r1722,3
r1723,3
r1725,3
r1726,3
r1728,3
r1730,3
r1731,3
r1732,3
r1733,3
r1734,3
r1735,3
r1736,3
r1737,3
r1738,3
r1739,3
r1740,3
r1741,3
r1742,3
r1743,3
r1744,3
r1745,3
r1746,3
r1747,3
r1748,3
r1749,3
r1750,3
r1751,3
r1752,3
r1753,3
r1754,3
r1755,3
r1756,3
r1757,3
r1758,3
r1759,3
r1760,3
r1761,3
r1762,3
r1763,3
r1764,3
r1765,3
r1766,3
r1767,3
r1768,3
r1769,3
r1770,3
r1771,3
r1772,3
r1773,3
r1774,3
r1775,3
r1776,3
r1777,3
r1778,3
r1779,3
r1780,3
r1781,3
r1782,3
r1783,3
r1784,3
r1785,3
r1786,3
r1787,3
r1788,3
r1789,3
r1790,3
r1791,3
r1792,3
r1796,3
r1797,3
r1798,3
r1799,3
r1800,3
r1801,3
r1803,3
r1805,3
r1806,3
r1807,3
r1808,3
r1809,3
r1810,3
r1811,3
r1812,3
r1813,3
r1814,3
r1815,3
r1816,3
r1817,3
r1818,3
r1819,3
r1820,3
r1821,3
r1822,3
r1823,3
r1824,3
r1825,3
r1826,3
r1827,3
r1828,3
r1829,3
r1830,3
r1831,3
r1832,3
r1833,3
r1834,3
r1835,3
r1836,3
r1837,3
r1841,3
r1842,3
r1843,3
r1844,3
r1846,3
r1847,3
r1848,3
r1850,3
r1851,3
r1852,3
r1853,3
r1854,3
r1855,3
r1856,3
r1857,3
r1858,3
r1859,3
r1860,3
r1861,3
r1862,3
r1863,3
r1864,3
r1865,3
r1866,3
r1867,3
r1871,3
r1872,3
r1873,3
r1874,3
r1876,3
r1877,3
r1879,3
r1880,3
r1881,3
r1882,3
r1883,3
r1884,3
r1885,3
r1886,3
r1887,3
r1888,3
r1889,3
r1890,3
r1891,3
r1892,3
r1893,3
r1894,3
r1895,3
r1896,3
r1897,3
r1898,3
r1899,3
r1900,3
r1901,3
r1902,3
r1903,3
r1904,3
r1905,3
r1906,3
r1907,3
r1908,3
r1909,3
r1910,3
r1911,3
r1912,3
r1913,3
r1914,3
r1915,3
r1916,3
r1917,3
r1918,3
r1919,3
r1920,3
r1921,3
r1922,3
r1923,3
r1924,3
r1925,3
r1926,3
r1928,3
r1929,3
r1930,3
r1931,3
r1932,3
r1933,3
r1934,3
r1935,3
r1936,3
r1937,3
r1938,3
r1939,3
r1940,3
r1941,3
r1942,3
r1943,3
r1944,3
r1945,3
r1946,3
r1947,3
r1948,3
r1949,3
r1950,3
r1951,3
r1952,3
r1953,3
r1954,3
r1955,3
r1956,3
r1957,3
r1958,3
r1959,3
r1960,3
r1961,3
r1962,3
r1963,3
r1964,3
r1965,3
r1966,3
r1967,3
r1968,3
r1969,3
r1970,3
r1971,3
r1972,3
r1973,3
r1974,3
r1975,3
r1976,3
r1977,3
r1978,3
r1979,3
r1980,3
r1981,3
r1982,3
r1983,3
r1984,3
r1985,3
r1986,3
r1987,3
r1988,3
r1989,3
r1990,3
r1991,3
r1992,1
r1993,1
r1994,1
r1995,1
r1996,1
r1997,1
r1998,1
r1999,1
r2000,1
r2001,1
r2002,1
r2003,1
r2004,1
r2005,1
r2006,1
r2007,1
r2008,1
r2009,1
r2010,1
r2011,1
r2012,1
r2013,1
r2014,1
r2015,1
r2016,1
r2017,1
r2018,1
r2019,1
r2020,1
r2021,1
r2022,1
r2023,1
r2024,1
r2026,1
r2027,1
r2028,1
r2029,1
r2030,1
r2031,1
r2032,1
r2034,1
r2035,1
r2036,1
r2037,1
r2038,1
r2039,1
r2040,1
r2041,1
r2042,1
r2043,1
r2044,1
r2045,1
r2046,1
r2047,1
r2048,1
r2049,1
r2050,1
r2051,1
r2052,1
r2053,1
r2054,1
r2055,1
r2056,1
r2057,1
r2058,1
r2059,1
r2060,1
r2061,1
r2062,1
r2063,1
r2064,1
r2065,1
r2066,1
r2067,1
r2068,1
r2069,1
r2070,1
r2071,1
r2073_1,3
r2079,3
r2080,3
r2081,3
r2082,3
r2083,3
r2084,3
r2085,3
r2086,3
r2087,3
r2088,3
r2089,3
r2090,3
r2091,3
r2092,3
r2093,3
r2094,3
r2095,3
r2096,3
r2097,3
r2098,3
r2099,3
r2100,3
r2101,3
r2102,3
r2103,3
r2104,3
r2105,3
r2106,3
r2107,3
r2108,3
r2109,3
r2110,3
r2111,3
r2112,3
r2113,3
r2114,3
r2115,3
r2116,3
r2117,3
r2118,3
r2119,3
r2120,3
r2121,3
r2122,3
r2123,3
r2124,3
r2125,3
r2126,3
r2127,3
r2128,3
r2129,3
r2130,3
r2131,3
r2132,3
r2133,3
r2136,1
r2139,1
r2140,1
r2141,1
r2142,1
r2143,1
r2144,1
r2145,1
r2146,1
r2147,1
r2148,1
r2149,1
r2150,1
r2151,1
r2152,1
r2153,1
r2154,1
r2155,1
r2156,1
r2157,1
r2158,1
r2159,1
r2160,1
r2161,1
r2162,1
r2163,1
r2164,1
r2165,1
r2166,1
r2167,1
r2168,1
r2169,1
r2170,1
r2171,1
r2172,1
r2173,1
r2174,1
r2175,1
r2176,1
r2177,1
r2178,1
r2179,1
r2180,1
r2181,1
r2182,1
r2183,1
r2184,1
r2185,1
r2186,1
r2187,1
r2188,1
r2189,1
r2190,1
r2191,1
r2192,1
r2193,1
r2194,1
r2195,1
r2196,1
r2197,1
r2198,3
r2199,3
r2200,3
r2201,3
r2202,3
r2203,1
r2204,1
r2205,1
r2206,1
r2207,1
r2208,1
r2209,1
r2210,1
r2211,1
r2212,1
r2213,1
r2214,1
r2215,1
r2216,1
r2217,1
r2218,3
r2219,3
r2220,3
r2221,3
r2222,3
r2223,3
r2224,3
r2225,3
r2226,3
r2227,3
r2228,3
r2229,3
r2230,3
r2231,3
r2232,3
r2233,3
r2234,3
r2235,3
r2236,3
r2237,3
r2238,3
r2239,3
r2240,3
r2241,3
r2242,3
r2243,3
r2244,3
r2245,3
r2246,3
r2247,3
r2248,3
r2249,3
r2250,3
r2251,3
r2252,3
r2253,3
r2254,3
r2255,3
r2256,3
r2257,3
r2258,3
r2259,3
r2260,3
r2261,3
r2262,3
r2263,3
r2264,3
r2265,3
r2266,3
r2267,3
r2268,3
r2269,3
r2270,3
r2271,3
r2272,3
r2273,3
r2274,3
r2275,3
r2276,3
r2277,3
r2278,3
r2279,3
r2280,3
r2281,3
r2282,3
r2283,3
r2284,3
r2285,3
r2286,3
r2287,3
r2288,3
r2289,3
r2290,3
r2291,3
r2292,3
r2293,3
r2294,3
r2295,3
r2296,3
r2297,3
r2298,3
r2299,3
r2300,3
r2301,3
r2302,3
r2303,3
r2304,3
r2305,3
r2306,3
r2307,3
r2308,1
r2309,1
r2310,1
r2311,1
r2312,1
r2313,2
r2314,2
r2315,2
r2316,2
r2317,2
r2318,2
r2319,2
r2320,2
r2321,2
r2322,2
r2323,2
r2324,2
r2325,2
r2326,2
r2327,2
r2328,2
r2329,2
r2330,2
r2331,2
r2332,2
r2333,2
r2334,2
r2335,2
r2338,1
r2341,1
r2342,1
r2343,1
r2344,1
r2346,1
r2347,1
r2352,1
r2353,1
r2354,1
r2355,1
r2356,1
r2357,1
r2358,1
r2359,1
r2360,1
r2361,1
r2362,1
r2363,1
r2364,1
r2365,1
r2366,1
r2367,1
r2368,1
r2369,1
ASCBt5,2
r2371,3
r2372,3
AKGCITtm,3
r2374,3
r2375,3
r2376,3
r2377,3
r2378,3
r2379,3
r2380,3
r2381,3
r2382,3
r2384,3
r2385,3
r2386,3
r2387,3
r2388,3
r2389,3
r2390,3
r2391,3
r2392,3
r2393,3
r2394,3
r2395,1
r2396,1
r2397,1
r2398,1
r2399,1
r2400,1
r2401,1
r2402,1
r2403,1
r2404,1
r2405,1
r2406,1
r2407,1
r2408,1
r2409,1
r2410,1
r2411,1
r2412,1
r2413,1
r2416,1
r2419,3
r2420,3
r2425,3
CRNCARtm,3
r2434,3
CARN160t_m,3
CARN1819Zt_m,3
r2437,3
r2438,3
r2439,2
r2447,1
r2449,1
r2465_1,3
SERt2r,3
r2472,3
G6Pt6er,3
r2482,1
r2483,1
r2484,1
r2485,1
r2486,1
r2487,1
r2488,1
r2489,1
r2490,1
r2491,1
r2492,1
r2493,1
r2494,1
r2495,1
r2496,1
r2497,3
r2498,3
r2499,3
r2501,3
r2502,3
r2503,3
r2505,3
r2506,-1
r2507,-1
r2508,-1
r2509,-1
r2510,-1
r2511,-1
r2512,-1
r2513,-1
r2514,-1
r2515,-1
r2516,3
r2517,3
r2518,3
r2519,-1
r2520,3
r2521,-1
GLNt,1
r2526,1
r2532,1
r2534,1
r2535,1
r2537,-1
r2538,-1
r2539,-1
EX_so3_e,-1
EX_sprm_e,-1
GNK,-1
FACOAE180,3
GULND,1
RE0452M,-1
RE0453C,-1
RE0453M,3
RE0453N,3
RE0456N,3
RE0512M,3
RE0512X,3
RE0549C,-1
RE0565C,3
RE0566C,-1
RE0567C,-1
RE0568C,3
RE0569C,3
RE0569E,1
RE0570C,-1
RE0571C,-1
RE0574C,-1
RE0575C,-1
RE0576C_1,-1
RE0577C,3
RE0578C,3
RE0579C_1,3
RE0581C,-1
ECOAR,-1
RE0688E,1
RE0689E,1
RE0690E,1
RE0691C,-1
RE0827E,1
RE0828E,1
RE0830C,-1
RE0830N,3
RE0908C,-1
RE0912C,3
RE0915C,-1
RE0915E,3
RE0916C,-1
RE0918C,-1
RE0926E,3
RE0935E,3
RE0936E,2
RE0937E,2
RE0938E,2
RE0944E,3
RE0958C,-1
RE0958E,3
RE1050E,3
RE1077C_1,-1
RE1096C,-1
RE1099C,1
STS3,1
STS3r,1
RE1134C,-1
STS4,1
STS4r,1
RE1233C,1
SPMDAT1,-1
SPMDAT2,-1
AADSACYCL,-1
RE1266C_1,-1
CYP2R1,-1
RE1342C,-1
RE1441R_1,3
RE1447M_1,3
RE1447N_1,-1
RE1448N_1,-1
RE1448R_1,1
RE1516M,3
RE1516X,3
RE1517M,3
RE1517X,3
RE1518M,3
RE1518X,3
RE1519X,3
RE1520M,3
RE1520X,3
RE1521M,3
RE1521X,3
RE1522M,3
RE1522X,3
RE1523M,3
RE1523X,3
RE1525M,3
RE1525X,3
RE1526M,3
RE1526X,3
RE1527M,3
RE1527X,3
RE1530C,-1
RE1530M,3
RE1531M,3
RE1531X,2
RE1532M,3
RE1532X,2
RE1533M,3
RE1533X,2
RE1534M,3
RE1534X,2
RE1573M,3
RE1573X,3
RE1587C,-1
RE1630C,-1
RE1632C,-1
CYANSTm,3
RE1709C,-1
RE1709N,3
RE1711C,-1
RE1796M,1
HSD3B7,1
RE1803C,-1
RE1804C,-1
RE1804M,3
RE1807C,-1
RE1807M,3
RE1810M,-1
RE1826C,-1
RE1834C,3
RE1834M,3
RE1834X,3
RE1835C,3
RE1836C,-1
SCP3x,3
RE1845C,1
BAAT5x,1
RE1846C,1
RE1860E,3
RE1897C,-1
RE1898C,-1
RE1901R,-1
RE1903R,-1
RE1915C,-1
RE1916C,-1
RE1918C,-1
RE1919C,-1
RE1921C,-1
RE1923C,-1
RE1925C,-1
RE1933C,-1
RE1957R_1,3
RE1978C,-1
RE2030M,1
RE2034C,-1
RE2069C,-1
RE2078M,-1
RE2079R,-1
RE2080C,-1
RE2111M,1
RE2112C,-1
RE2112R,1
RE2122C,-1
RE2127C,-1
RE2130C,-1
RE2147C,1
RE2154C,-1
RE2155C,-1
RE2223M,1
RE2235C,-1
RE2235R,3
RE2240C,-1
RE2269E,1
RE2270E,3
RE2273E,3
RE2296C,-1
RE2304E,1
RE2327C,-1
RE2346C,-1
RE2349C,1
RE2386C,-1
RE2404C,1
RE2405C,1
RE2407C,-1
RE2410C,-1
RE2426C,-1
RE2427M,1
RE2428M,1
RE2429M,1
RE2439C,-1
RE2445E,3
RE2514E,3
RE2526C,-1
RE2541C,3
RE2541E,3
RE2562C,-1
RE2563C,-1
RE2605C,-1
RE2624M,3
RE2624X,3
RE2625C,-1
RE2625M,3
RE2626C,-1
RE2626M,3
RE2635C,-1
RE2635R,2
RE2636C,-1
RE2636R,1
RE2637C,1
RE2637X,1
RE2638C,1
RE2640C,3
RE2644C,3
RE2649C,3
RE2649M,3
RE2651R,-1
RE2655R,-1
RE2658C,-1
RE2658R,-1
RE2659R,-1
RE2660C,-1
RE2660N,3
RE2666C_1,-1
B3GNT38g,3
RE2675C_1,-1
RE2677C_1,-1
RE2677E_1,-1
RE2677G_1,-1
RE2677N_1,-1
RE2677R_1,3
RE2705C,-1
RE2717L,3
RE2759X,3
RE2766C,1
RE2799C,-1
RE2814M,-1
RE2814R,-1
RE2888C_1,3
RE2898C,-1
RE2912M,3
RE2948C,-1
PYK6,1
RE2958C,-1
RE2972M_1,3
RE2973N_1,3
RE2974N_1,-1
RE2985M,3
RE2985X,3
RE2986X,3
RE2987X,3
RE2988X,2
RE2989X,2
RE2990X,3
RE2991X,3
RE2992M,3
RE2992X,3
RE2993X,3
RE2994X,3
RE2996X,3
RE2997X,3
RE2998M,3
RE2999M,3
RE3000M,3
RE3001M,3
RE3002X,3
RE3003M,3
RE3004M,3
RE3005M,3
RE3006M,3
RE3010C,3
RE3010M,3
RE3010X,3
RE3011M,3
RE3011R,-1
RE3012C,3
RE3012M,3
RE3012R,3
RE3013C,-1
RE3014R,3
RE3015R,3
RE3016R,-1
RE3017R,-1
RE3033C,-1
RE3036C,1
RE3038C,3
RE3040C,3
RE3041C,1
RE3044C,-1
RE3050R,-1
RE3051C,-1
RE3052C,-1
RE3076X,-1
RE3074X,3
RE3079X,3
RE3081X,3
RE3082X,3
RE3086X,3
RE3095C,3
RE3103C,3
RE3104C,-1
RE3106C,-1
RE3108C,-1
RE3110C,3
RE3112C,-1
RE3113C,-1
RE3114R,3
RE3119C,-1
RE3120C,3
RE3121C,-1
RE3122C,-1
RE3132R,3
RE3134C,3
CHLSTD78I,3
RE3146R,3
RE3151C,3
RE3152C,-1
RE3153C,-1
RE3154C,-1
RE3156X,3
RE3157X,3
RE3158X,2
RE3159X,3
RE3160R,3
RE3161C,3
RE3162C,-1
RE3163C,-1
RE3164C,-1
RE3165C,3
RE3166C,-1
RE3167C,-1
RE3168C,-1
RE3169C,-1
RE3170C,3
RE3171C,-1
RE3172C,-1
RE3173C,-1
RE3174C,3
RE3175C,-1
RE3176C,-1
RE3177M,3
RE3178M,3
RE3179M,3
RE3180C,-1
RE3181C,-1
RE3185M,3
RE3186M,3
RE3189M,3
RE3190M,3
RE3191M,3
RE3192M,3
RE3193M,3
RE3194M,3
RE3195M,3
RE3198C,-1
RE3201C,-1
RE3218C,1
RE3220C,1
RE3224C,3
RE3225C,3
RE3226C,3
RE3227C,-1
RE3228C,-1
RE3229C,-1
RE3230C,-1
RE3231C,-1
RE3232C,-1
RE3234C,-1
RE3235C,-1
RE3236C,-1
RE3237C,-1
RE3238C,-1
RE3239C,-1
RE3241C,3
RE3242C,-1
RE3243C,-1
RE3244C,-1
FACOAE181,-1
RE3247M,3
RE3247X,3
RE3251C,-1
RE3251M,3
RE3252C,-1
RE3258C,3
RE3259C,3
RE3267E,-1
RE3268R_1,1
PI35P3P,3
PI3PP,-1
PI4P4Pn,-1
RE3273C_1,3
RE3273R_1,3
RE3286C,-1
RE3287C,-1
RE3288C,-1
RE3289C,-1
RE3301C_1,3
RE3307C,3
RE3346C,3
RE3346M,3
FADRx,-1
RE3352C,-1
RE3367E,1
RE3381C,3
RE3381E,3
RE3411C_1,-1
RE3413C,-1
RE3417C_1,-1
RE3420C_1,-1
RE3421R,-1
RE3422C,-1
RE3423C,-1
RE3430C_1,3
RE3430M,-1
RE3430X,-1
RE3431C,-1
RE3432C,3
RE3432M,3
RE3432X,3
RE3434C,-1
RE3435C,-1
RE3436C,-1
RE3437C,-1
RE3470C,3
RE3470M,3
RE3475C,-1
RE3476C,3
RE3476M,3
RE3485C,-1
RE3486C,-1
RE3488C,-1
RE3488R,3
RE3490C,-1
RE3491C,-1
RE3493C,-1
RE3496C,-1
RE3513C,-1
RE3513R,-1
RE3520E,3
RE3524R,-1
RE3525C,1
RE3525M,-1
RE3525R,-1
RE3526C,1
RE3526M,-1
RE3556C,-1
RE3565C,-1
RE3566C,-1
RE3567C,-1
RE3568C,-1
RE3570C,-1
RE3587C,-1
RE3597C,3
RE3597M,3
RE3597X,3
RE3624M,3
RE3626M,3
RE3628M,3
RE3629C,-1
RE3630C,-1
RE3637C,-1
EX_prostgh2_e,-1
EX_prostgi2_e,-1
EX_cdp_e,-1
EX_dtdp_e,-1
EX_HC00955_e,-1
EX_HC00004_e,-1
EX_citr__L_e,-1
EX_C02470_e,-1
EX_HC00822_e,-1
EX_C02528_e,-1
EX_HC02192_e,-1
EX_HC02193_e,-1
EX_HC02195_e,-1
EX_HC02196_e,-1
EX_HC02220_e,-1
EX_HC02191_e,-1
EX_HC02194_e,-1
EX_HC02197_e,-1
EX_HC02198_e,-1
EX_HC02187_e,-1
EX_HC02180_e,-1
EX_HC02202_e,-1
EX_HC02203_e,-1
EX_HC02204_e,-1
EX_HC02205_e,-1
EX_HC02206_e,-1
EX_HC02207_e,-1
EX_HC02213_e,-1
EX_HC02217_e,-1
EX_malcoa_e,-1
EX_arachcoa_e,-1
EX_coa_e,-1
EX_CE2250_e,-1
EX_CE1935_e,-1
EX_CE1940_e,-1
EX_CE1943_e,-1
EX_CE1936_e,-1
EX_CE1939_e,-1
EX_maltpt_e,-1
EX_CE2915_e,-1
EX_CE4722_e,-1
EX_CE2916_e,-1
EX_CE4723_e,-1
EX_CE2917_e,-1
EX_CE4724_e,-1
EX_malthp_e,-1
EX_CE2839_e,-1
EX_CE2838_e,-1
EX_CE1950_e,-1
EX_cynt_e,-1
EX_23cump_e,-1
EX_3ump_e,-1
EX_CE5786_e,-1
EX_CE5788_e,-1
EX_CE5789_e,-1
EX_CE5797_e,-1
EX_CE5798_e,-1
EX_CE5787_e,-1
EX_CE5791_e,-1
EX_CE5867_e,-1
EX_CE5868_e,-1
EX_CE5869_e,-1
EX_CE4633_e,-1
EX_CE4881_e,-1
EX_CE5854_e,-1
EX_CE1926_e,-1
EX_udpgal_e,-1
EX_crm_hs_e,-1
EX_galside_hs_e,-1
EX_CE0074_e,-1
EX_cdpea_e,-1
EX_12dgr120_e,-1
EX_CE5853_e,-1
EX_CE1925_e,-1
EX_C04849_e,-1
CITt4_4,3
GLYt7_311_r,3
HCO3_NAt,3
INSTt4_2,2
PIt8,3
PIt9,1
PROt4_2_r,3
HSD17B3r,1
BIOMASS_reaction,3
2MB2COAc,3
3HBCOARc,3
ADPACDAc,-1
ADPACTD,-1
ADPCOACROT,3
ADPCOAPTE,3
BCRNe,-1
C100CPT1,3
SK_c101coa_c,-1
C101CPT1,3
C101CRNe,-1
C102CPT1,3
C10CRNe,-1
C10DCCACT,3
C10DCc,3
C10DCe,-1
C10OHc,3
C120CPT1,3
C121CPT1,3
C12DCACOT,3
C12DCACT,-1
C12DCTD,-1
C12DCe,-1
C12OHc,3
TTDCPT1,3
C141ACBP,3
C141CPT1,3
C141OHc,3
C141OHe,-1
C142ACBP,3
C142CPT1,3
C142OHc,3
C142OHe,-1
C14OHc,3
C161OHc,3
C162ACBP,3
C162OHc,3
C162OHe,-1
C16DCc,3
C16DCe,-1
C16OHc,3
FA160COAabcp_1,3
C181OHc,3
C182OHc,3
C18OHc,3
ACRNtp,3
C30CPT1,3
C3DCe,-1
C40CPT1,3
C4CRNCPT2,3
C4CRNe,-1
C4DCCACT,3
C4DCe,-1
C4OHc,3
C4tcx,3
C4tmc,3
C4x,3
C50CPT1,3
C51CPT1,3
C5DCe,-1
C60CPT1,3
C6COAt,3
C6CRNe,-1
C6CRNtcx,3
C6DCCACT,3
C6DCc,3
C6DCe,-1
C80CPT1,3
SK_c81coa_c,-1
C81CPT1,3
C81CRNe,-1
C8CRNe,-1
C8DCc,3
C8DCe,-1
C9BRxtc,3
DCATDc,3
DCATDr,-1
DCSPTN1COAtxc,3
SK_dd2coa_c,-1
DDCRNe,-1
DDECCRNe,-1
DDECE1CRNe,-1
DECCRNe,-1
SK_decdicoa_c,-1
DECDICRNe,-1
DOCO13ECOAtxc,3
DOCO13EFATP,3
DOCOSACT,3
DOCOSACTDe,-1
DOCOSACTDr,-1
DOCOSADIACTD,-1
DOCOSCOAtxc,3
DOCOSDIACTD,-1
EX_3bcrn_e,-1
EX_3ddcrn_e,-1
EX_3deccrn_e,-1
EX_3hdececrn_e,-1
EX_3hexdcrn_e,-1
EX_3ivcrn_e,-1
EX_3octdec2crn_e,-1
EX_3octdeccrn_e,-1
EX_3octdece1crn_e,-1
EX_3tdcrn_e,-1
EX_3tetd7ecoacrn_e,-1
EX_3thexddcoacrn_e,-1
EX_3ttetddcoacrn_e,-1
EX_c101crn_e,-1
EX_c10crn_e,-1
EX_c10dc_e,-1
EX_c12dc_e,-1
EX_c16dc_e,-1
EX_c3dc_e,-1
EX_c4crn_e,-1
EX_c4dc_e,-1
EX_c51crn_e,-1
EX_c5dc_e,-1
EX_c6crn_e,-1
EX_c6dc_e,-1
EX_c81crn_e,-1
EX_c8crn_e,-1
EX_c8dc_e,-1
EX_ddece1crn_e,-1
EX_ddeccrn_e,-1
EX_decdicrn_e,-1
EX_doco13ac_e,-1
EX_docosac_e,-1
EX_docosdiac_e,-1
EX_ivcrn_e,-1
EX_tetdec2crn_e,-1
EX_tetdece1crn_e,-1
EX_dca_e,-1
FAOXC101C102m,3
FAOXC101C102x,3
FAOXC101C8m,3
FAOXC101C8x,2
FAOXC101x,3
FAOXC102C101m,3
FAOXC102C101x,3
FAOXC102C103m,3
FAOXC102C103x,3
FAOXC102C81m,3
FAOXC102C81x,2
FAOXC102m,3
FAOXC102x,3
FAOXC103C102m,3
FAOXC103C102x,3
FAOXC10C10OHm,3
FAOXC10080m,3
FAOXC10080x,2
FAOXC10DCC8DCx,2
FAOXC11BRC9BRx,2
FAOXC11C9m,3
FAOXC121C101m,3
FAOXC121C10x,2
FAOXC121x,3
FAOXC122C101m,3
FAOXC122m,3
FAOXC122x,3
FAOXC123C102m,3
FAOXC123C102x,2
FAOXC123m,3
FAOXC123x,3
FAOXC120100m,3
FAOXC120100x,2
FAOXC12C12OHm,3
FAOXC12DCC10DCx,2
FAOXC12DCTc,3
FAOXC12DCc,3
FAOXC12DCx,3
FAOXC13BRC11BRx,2
FAOXC13C11m,3
FAOXC141C121m,3
FAOXC141C121x,2
FAOXC141C141OHm,3
FAOXC142C122m,3
FAOXC142C122x,2
FAOXC142C142OHm,3
FAOXC143C123m,3
FAOXC143C123x,2
FAOXC140120m,3
FAOXC140120x,2
FAOXC14C14OHm,3
FAOXC14DCC12DCx,2
FAOXC15ATPx,3
FAOXC15BRC13BRx,2
FAOXC15C13m,3
FAOXC15NADPx,3
FAOXC15NADx,3
FAOXC161C141m,3
FAOXC161C141x,2
FAOXC161C161OHm,3
FAOXC162C142m,3
FAOXC162C162OHm,3
FAOXC163C142x,2
FAOXC163C143m,3
FAOXC163C164Gm,3
FAOXC163C164x,3
FAOXC163GC142m,3
FAOXC163Gm,3
FAOXC163x,3
FAOXC164C143m,3
FAOXC164C143x,2
FAOXC164C163x,3
FAOXC164C165m,3
FAOXC164C165x,3
FAOXC164GC163m,3
FAOXC164m,3
FAOXC164x,3
FAOXC165C164m,3
FAOXC165C164x,3
FAOXC16Brx,3
FAOXC160140m,3
FAOXC160140x,2
FAOXC16C16OHm,3
FAOXC16DCC14DCx,2
FAOXC16DCr,3
FAOXC16OHC16r,1
FAOXC170150m,3
FAOXC181C161m,3
FAOXC181C161x,2
FAOXC181C181OHm,3
FAOXC182C162m,3
FAOXC182C182OHm,3
FAOXC183C163Gm,3
FAOXC183C163m,3
FAOXC184C163m,3
FAOXC184C163x,2
FAOXC184C164m,3
FAOXC184C164x,2
FAOXC184m,3
FAOXC184x,3
FAOXC185C164m,3
FAOXC185m,3
FAOXC18C18OHm,3
FAOXC201C181x,2
FAOXC204C184m,3
FAOXC204C205x,3
FAOXC205C184x,2
FAOXC205C185m,3
FAOXC221C201x,2
FAOXC225C204m,3
FAOXC225C204x,2
FAOXC225C226m,3
FAOXC225C226x,3
FAOXC225m,3
FAOXC225x,3
FAOXC226C205m,3
FAOXC226C225m,3
FAOXC226C225x,3
FAOXC226C227m,3
FAOXC226m,3
FAOXC227C226m,3
FAOXC22C20x,2
FAOXC22C22DCHYr,1
FAOXC22OHC22r,1
FAOXC241C221x,2
FAOXC24C22x,2
FAOXC3DC,3
FAOXC4020m,3
FAOXC4C4DCc,3
FAOXC5C3x,3
FAOXC5C5DCc,3
FAOXC5C5OHm,-1
FAOXC5OHc,3
FAOXC61C4m,3
FAOXC61C4x,2
FAOXC61m,3
FAOXC61x,3
FAOXC6C4m,3
FAOXC6C4x,2
FAOXC6DCC4DCx,2
FAOXC7C5m,3
FAOXC81C61m,3
FAOXC81C61x,2
FAOXC8C6m,3
FAOXC8C6x,2
FAOXC8DCC6DCx,2
FAOXC9C7m,3
FAOXMC10OHMC10r,1
FAOXOHC16C16DCc,3
FAOXOHC22C22DCc,3
FAOXOHMC10DC10c,3
FAOXTC101TC102m,3
FAOXTC102C101m,3
FAOXTC122TC101m,3
FAOXTC122m,3
FAOXTC142TC122m,3
FAOXTC162TC142m,3
FAOXTC182TC162m,3
FOAXC122C101x,2
GLUTCOAACBP,3
HDCACBP,3
HDDACBP,3
HDECAACBP,3
HDECEACBP,3
HEDCECRNe,-1
HEXCOAACBP,3
HEXDCRNe,-1
HEXDIACtr,-1
HEXDICOAACBP,3
HEXDICOAACBPx,3
HIVCACBP,3
HIVCRNe,-1
HOCDACBP,3
HOCTDACBP,3
HOCTDEC2CRNe,-1
HOCTDECCRNe,-1
HTDCACBP,3
HTDCRNe,-1
IVCOAACBP,3
IVCRNe,-1
LGNCCOAtcx_1,3
NRVNCCOAtxc,3
OCD11COACPT1_1,3
OCD11CRNCACT,3
OCD11CRNCPT2_1,3
OCT11EFATP_1,3
OCTDEC2ACBP,3
OCTDECCACT,3
OCTDECCPT1,3
OCTDECCPT2,3
OCTDECE1CRNe,-1
SK_octdececoa_c,-1
OMHDEACIDTD,-1
OMHDOCOSACTD,-1
OMHPALTD,-1
PRISTCOAtcx,3
SBCOAACOTx,3
SCP21cx,3
SEBACACT,-1
SEBACIDTD,-1
SEBCOACROT,3
SEBCOAPET,3
STCOATxc,3
STRDNCCOAtxc,3
SUBEACTD,-1
SUBERCACT,3
SUBERCROT,3
SUBERICACT,-1
SUCCACT,-1
SUCCCROT,3
SUCCOAPET,3
TDCRNe,-1
SK_tetdec2coa_c,-1
TETDEC2CRNe,-1
SK_tetdece1coa_c,-1
TETDECE1CRNe,-1
TIGCRNe,-1
34DHPHELAT1tc,3
4OHPROIMINOtc,1
ALAALACNc,3
ALAALAPEPT1tc,1
ALAATB0tc,1
ALAyLATthc,3
ARGATB0tc,1
ASCBSVCTtc,3
ASNATB0tc,1
BALABETAtc,3
BALAt2r,3
BGLUGCHe,-1
BGLUTCHLe,-1
BGLUTDECHOe,-1
BTNTe,-1
CARPEPT1tc,1
CYSATB0tc,1
CYSSNAT5tc,3
CYSTALArBATtc,1
CYSTLEUrBATtc,1
FOLt,3
GALSGLT1le,2
GLCSGLT1le,2
GLNATB0tc,1
GLNyLATthc,3
GLYGLYCNc,3
GLYGLYPEPT1tc,1
GLYPHEPEPT1tc,1
GLYPROPEPT1tc,1
GLYSARCNc,3
GLYSARPEPT1tc,1
GLYSNAT5tc,3
GUMDCHAe,-1
GUMGCHLe,-1
GUMTCHOLe,-1
HISSNAT5tc,3
HISyLATtc,3
HISyLATthc,3
HPETFABP1tc,1
ILEATB0tc,1
LEUATB0tc,1
LEUGLYPEPT1tc,1
LEULEULAPc,3
LEULEUPEPT1tc,1
LEUyLAThtc,3
LINOFATPtc,3
LYSATB0tc,1
METATB0tc,1
METyLATthc,3
NACHORCTL3le,1
OCDEAFABP1tc,1
OLEICFATPtc,3
ORNALArBATtc,1
ORNLEUrBATtc,1
PALFATPtc,3
PCHOLHSTDe_1,-1
PECDCHe,-1
PECGCHLe,-1
PECTCHLe,-1
PEHSFABPe,1
PHEATB0tc,1
PHEyLATthc,3
PMTCOAFABP1tc_1,1
PNTOte,-1
PROGLYPEPT1tc,1
AMPTASEPG,3
PROIMINOtc,1
PSYGCHe,-1
PSYTCHe,-1
PSYTDECHe,-1
SBT_Dt,-1
SERATB0tc,1
TAUBETAtc,3
TAUPAT1c,3
THMATPe,-1
THRATB0tc,1
TRPATB0tc,1
TYRATB0tc,1
VALATB0tc,1
VITEtl,3
VITKtl,-1
1a25DHVITD3TRn,-1
25HVITD3c,1
3AIB_Dtm,-1
3HCO3_NAt,3
4ABUTtcn,-1
4HPROLTASCT1,3
5MTHFt2,-1
ADNK3,-1
ADNK4,-1
ADNt5,1
AHCYStm,-1
ALA_DTDe,-1
AMETtm,-1
ARACHFATPc,-1
ASPDTDe,-1
ASPPROASCT1,3
ASPte,-1
BIDGLCURr,1
BTNt3i,3
CHOLESACATc_1,3
CHOLESTle_1,3
CHSTEROLtrc,-1
CRNtp,-1
CYSAMOe,-1
CYTDt5,1
Coqe,-1
DATPtm_cho,-1
DCTPtm_cho,-1
DGTPtm_cho,-1
DHAPtm,-1
DM_1a25dhvitd3_n,-1
DM_4abut_n,-1
DM_5HPET_r,-1
DM_taur_c,-1
DM_pe_hs_r,-1
DM_pmtcoa_r,-1
DPCOAPPe,-1
DPMVD,3
DSREDUCr,3
DTMPKm,3
DTTPtm_cho,-1
EX_4hpro_LT_e,-1
EX_alaala_e,-1
EX_bglc_e,-1
EX_carn_e,-1
EX_dchac_e,-1
EX_glgchlo_e,-1
EX_gltcho_e,-1
EX_gltdechol_e,-1
EX_glygly_e,-1
EX_glysar_e,-1
EX_gum_e,-1
EX_gumdchac_e,-1
EX_gumgchol_e,-1
EX_gumtchol_e,-1
EX_leugly_e,-1
EX_leuleu_e,-1
EX_pect_e,-1
EX_pectindchac_e,-1
EX_pectingchol_e,-1
EX_pectintchol_e,-1
EX_psyl_e,-1
EX_psylchol_e,-1
EX_psyltchol_e,-1
EX_psyltdechol_e,-1
EX_slfcys_e,-1
EX_tdechola_e,-1
EX_cysam_e,-1
EX_dpcoa_e,-1
EX_fmn_e,-1
EX_hyptaur_e,-1
EX_oh1_e,-1
EX_pan4p_e,-1
EX_ptth_e,-1
EX_q10_e,-1
EX_q10h2_e,-1
FADDPle,3
FADH2ETC,3
FE2DMT1,3
FE3t,3
ACP1e,3
FOLt2,-1
FRDPtcr,-1
G6PDH2c,3
GLU5SAtmc,-1
GLUPROASCT1,3
G3PDm,-1
GLYCt,-1
GNDc,3
GSNt5,1
HYPTROXe,-1
INSK,-1
INSt5,1
IPDDI,3
Kt3r,-1
LACLt,-1
LAPCOAe,-1
LEUGLYHYc,-1
MAL_Ltx,-1
MDHp,-1
MEVK1,3
MTHFR3,3
NADtm,-1
NADtx,-1
OCDCAFATPc,-1
P5CR,3
PAN4PPe,-1
PGLc,3
PHEMEt,3
PMEVK,3
PNTEHe,-1
PNTOt5,3
PPItm,-1
PRO_Dtde,-1
PTRCtex2,-1
PTPATe,-1
Q10H2e,-1
RPEc,3
RTOTAL2FATPc,3
RTOTALFATPc,3
SFCYSc,-1
SFCYSe,-1
SK_5HPET_c,-1
SPRMti,1
TAURt,-1
THMDt5,1
TTDCAFATPc,-1
URIt5,1
q10h2tc,-1
q10tm,-1
34HPPte,-1
3MOBte,-1
3MOPt,-1
4HPRO_LTte,-1
4MOPte,-1
5MTAte,-1
5OXPROt,-1
AHCYSte,-1
AICARte,-1
ANTHte,-1
CBASPte,-1
DM_4hpro_LT_m,-1
DM_Lcystin_c,-1
DM_anth_c,-1
DM_fol_c,-1
DM_ncam_c,-1
DM_pnto__R_c,-1
EX_34hpp_e,-1
EX_3mob_e,-1
EX_3mop_e,-1
EX_4mop_e,-1
EX_5mta_e,-1
EX_5oxpro_e,-1
EX_ahcys_e,-1
EX_aicar_e,-1
EX_anth_e,-1
EX_cbasp_e,-1
MALt,-1
OROTGLUt,1
IDOURte,-1
EX_idour_e,-1
5HOXINDOAtr,2
GLYALDtr,-1
PEPtr,-1
GUDACtr,-1
GUDACtr2,-1
LKYNRtr,3
LKYNRtr2,3
LKYNRtr3,1
BALAPAT1tc2,-1
BALABETAtc2,-1
CALAtr,-1
CRTNtr,-1
KYNATEtr,3
KYNATEtr2,-1
3ANTHRNtr,-1
HKYNRtr,3
QULNtr,3
2PGtr,-1
CARNtr,-1
CHOLPtr,-1
CYST_Ltr,-1
DCMPtr,-1
DHAPtr,-1
DMGLYtr,-1
ETHAMPtr,-1
FUMtr,-1
G3PCt,-1
GLCURtr,-1
ICITtr,-1
L2AADPtr,-1
XANt,-1
XMPtr,-1
XTSNtr,-1
3PGtr,-1
UDPGLCURtr,-1
IMPtr,-1
GLYC3tr,-1
NICRNtr,-1
OROT5Ptr,-1
EX_2pg_e,-1
EX_5hoxindoa_e,-1
EX_cala_e,-1
EX_cholp_e,-1
EX_crtn_e,-1
EX_cyst__L_e,-1
EX_dcmp_e,-1
EX_dmgly_e,-1
EX_ethamp_e,-1
EX_g3pc_e,-1
EX_glyald_e,-1
EX_gudac_e,-1
EX_hcys__L_e,-1
EX_icit_e,-1
EX_kynate_e,-1
EX_L2aadp_e,-1
EX_Lkynr_e,-1
EX_pep_e,-1
EX_quln_e,-1
EX_xmp_e,-1
EX_xtsn_e,-1
EX_3pg_e,-1
EX_3hanthrn_e,-1
EX_udpglcur_e,-1
EX_hLkynr_e,-1
EX_nicrnt_e,-1
EX_orot5p_e,-1
EX_glyc3p_e,-1
ALAB0AT3tc,1
ALAPAT4te,3
ARACHDFATPtc,3
ARGB0AT3tc,1
ASNB0AT3tc,1
BETBGTtc,3
BUTSMCT1,1
Clt,1
CRNATBtc,1
CYSB0AT3tc,1
DHEASABCCte,3
DOPAENT4tc,3
ESTRAABCtc,3
ESTROSABCCte,3
ESTRSABCtc,3
FOLABCCte,3
FOLOAT1tc,3
FOLOAT2tc,3
FOLOATPtc,3
GABABGTtc,3
GLNB0AT3tc,1
GLUB0AT3tc,1
GLYB0AT3tc,1
GSNt2,1
H2OGLYAQPt,3
ILEB0AT3tc,1
LEUB0AT3tc,1
LEUKABCtc,3
LGNCFATPtc,3
METB0AT3tc,1
NACSMCTte,1
PGLYCABCte,3
PHEB0AT3tc,1
PHEMEABCte,3
PPASMCT1,1
PROPAT4te,3
PSHSABCtc,3
PYRSMCT1,1
RETABCtc,3
SERB0AT3tc,1
SRTNENT4tc,3
TCHOLABCtc,3
TRPB0AT3tc,1
TYRB0AT3tc,1
VALB0AT3tc,1
CAMPt,3
CGMPt,3
FRUt4,1
GALt4,3
GCHOLAt3,2
GLCt4,3
MANt4,1
RIBFLVt3o,1
TCHOLAt3,2
TRPt,3
Kt1,3
CHSTEROLt,3
RETt,3
AVITE1t,1
r0963,3
L_LACt4r,1
GLYCLm,3
ARGSUCte,-1
ACRNte,3
PCRNte,3
LNELDCCRNte,3
ODECRNte,3
STCRNte,3
PMTCRNte,3
HDCECRNte,3
EX_argsuc_e,-1
EX_acrn_e,-1
EX_pcrn_e,-1
EX_lneldccrn_e,-1
EX_odecrn_e,-1
EX_stcrn_e,-1
EX_pmtcrn_e,-1
EX_hdcecrn_e,-1
DM_ascb__L_c,-1
PCREATte,-1
HC00342te,-1
BGLYte,-1
15KPROSTGF2c,3
ADPOHc,-1
PHLAC,-1
AND19ONEc,3
C14825c,3
DESAT14_9,3
21HPRGNLONE,1
3MHISc,-1
HMCRNc,-1
PHACGLYc,-1
LCAT10e,3
LCAT11e,3
LCAT12e,3
LCAT13e,3
LCAT14e,3
LCAT54e,3
LCAT55e,3
LCAT15e,3
LCAT16e,3
LCAT17e,3
LCAT18e,3
LCAT19e,3
LCAT20e,3
LCAT21e,3
LCAT22e,3
LCAT23e,3
LCAT25e,3
LCAT27e,3
LCAT29e,3
LCAT2e,3
LCAT30e,3
LCAT31e,3
LCAT32e,3
LCAT33e,3
LCAT34e,3
LCAT35e,3
LCAT36e,3
LCAT37e,3
LCAT38e,3
LCAT39e,3
LCAT3e,3
LCAT40e,3
LCAT41e,3
LCAT42e,3
LCAT43e,3
LCAT44e,3
LCAT45e,3
LCAT56e,3
LCAT46e,3
LCAT47e,3
LCAT48e,3
LCAT49e,3
LCAT4e,3
LCAT50e,3
LCAT51e,3
LCAT52e,3
LCAT53e,3
LCAT57e,3
LCAT5e,3
LCAT6e,3
LCAT7e,3
LCAT8e,3
LCAT9e,3
SMS1,3
SMS10,3
SMS11,3
SMS12,3
SMS16,3
SMS13,3
SMS14,3
SMS15,3
SMS2,3
SMS3,3
SMS4,3
SMS5,3
SMS6,3
SMS7,3
SMS8,3
SMS9,3
XOLEST183CEH,3
XOLEST182CEH,3
XOLEST205CEH,3
XOLEST226CEH,3
MAGLINL_HSe,3
MAGOLE_HSe,3
LPS5e,3
LPS6e,3
LPS7e,3
PCHOLMYR_HSPLA2,3
PCHOLOLE_HSPLA2,3
PEOLE_HSPLA2,3
PCHOLPALME_HSPLA2,3
PCHOLPALM_HSPLA2,3
PEPALM_HSPLA2,3
PAILPALM_HSPLA2,3
PCHOLSTE_HSPLA2,3
PCHOL2LINL_HSPLA2,3
PE2LINL_HSPLA2,3
PCHOL2OLE_HSPLA2,3
PCHOL2PALM_HSPLA2,3
PCHOL2STE_HSPLA2,3
PCHOLN15_HSPLA2,3
PCHOLAR_HSPLA2,3
PCHOLN183_HSPLA2,3
PCHOLN1836_HSPLA2,3
PCHOLN19_HSPLA2,3
PCHOLN201_HSPLA2,3
PCHOLN204_HSPLA2,3
PCHOLN205_HSPLA2,3
PCHOLN224_HSPLA2,3
PCHOLN225_HSPLA2,3
PCHOLN2254_HSPLA2,3
PCHOLN226_HSPLA2,3
PEAR_HSPLA2,3
PE203_HSPLA2,3
PE226_HSPLA2,3
PE224_HSPLA2,3
PEDH203_HSPLA2,3
PEDH12_HSPLA2,3
PEDH14_HSPLA2,3
PEDH161_HSPLA2,3
PEDH13_HSPLA2,3
PEDH15_HSPLA2,3
PEDH17_HSPLA2,3
PCHOLN203_HSPLA2,3
PAILAR_HSPLA2,3
PCHOLN24_HSPLA2,3
PCHOLN261_HSPLA2,3
PCHOLN281_HSPLA2,3
PCHOLN28_HSPLA2,3
PCHOLDOC_HSPLA2,3
PCHOLDEIC_HSPLA2,3
PCHOLDET_HSPLA2,3
PCHOLHEP_HSPLA2,3
PCHOLLINL_HSPLA2,3
PELINL_HSPLA2,3
CE4843HYDc,-1
FACOAE60,-1
TETDECA511ACc,-1
FACOAE160,-1
GPDDACHOL,3
ACLYSHYc,-1
HMCARNc,-1
METTRANSc,-1
METDECARc,-1
3MTPte,-1
EX_3mtp_e,-1
ELAIDCRNte,-1
GLYC2P3Pc,-1
LNLCCRNNAt,-1
PHLACHt,-1
TTDCRNNAt,-1
12HPETATP,-1
15HPETATP,-1
15KPROSTGF2t,-1
21HPRGNLONEt1,-1
21HPRGNLONEt2,-1
2OXOADPt,-1
34HPLte,-1
3HMPtd,-1
3HPPNOHGLUCte,-1
3HPPPNOHc,-1
3HPPt,-1
3MHISt1,-1
3MHISt2,-1
3MHISt3,-1
3MOXTYRt,-1
3UIBtd,-1
4AABUTNt,-1
4TMEABUTNt1,-1
4TMEABUTNt2,-1
56DTHMt,-1
56DTHMtd,-1
56DURAt,-1
56DURAtd,-1
5AOPt,-1
5HPETATP,-1
5HPETtd,-1
7DHCHSTEROLt,-1
7DHCHSTEROLtd,-1
ABT_Dt,-1
ABTpp2,-1
ABTD1,-1
ACGLUtd,-1
ACGLYtc,-1
ACGLYte,-1
ACLYSt,-1
ACLYStm,-1
ACORNt,-1
ACTHRtc,-1
ACTHRte,-1
ADPACtd,-1
ADPOHt,-1
ALLTNti,-1
AMETt,-1
AND19ONEt,-1
ARACHETH,3
BILIVERDt,-1
C02356t,-1
C02712te,3
C02712tm,-1
C03990ATP,2
C03990t,2
C03990tr,-1
C03990tx,-1
C04483t1,2
C04483t2,-1
C04717ATP,-1
C04717td,-1
C04805ATP,-1
C04805td,-1
C05463t1,2
C05463t2,-1
C05953t,-1
C05953tm,-1
C05957t,-1
C05957td,-1
C06314t,-1
C06315t,-1
C06439t,-1
C11695td,-1
C14768ATP,-1
C14768td,-1
C14769td1,-1
C14769td2,-1
EX_C14769_e,-1
C14770ATP,-1
C14771ATP,-1
C14825ATP,-1
C14825td,-1
C14826ATP,-1
C14826td,-1
CE0328t,-1
CE0955te,-1
CE0955tr,-1
CE1243ATP,-1
CE1273t1,2
CE1273t2,-1
CE1297t,-1
CE1297td,-1
CE1556td,-1
CE2028t,-1
CE2176t,-1
CE2445t,-1
CE2510t,-1
CE2513ATP,-1
NRVNCt,-1
CE2537ATP,-1
CE4843t,-1
CE4843td,-1
CE5304t,-1
CE6031t,-1
CE6247t,-1
CE7082ATP,-1
CE7083t,-1
CE7172ATP,-1
CORTSNt,-1
CORTSNti,-1
DIDECAETH,3
DIHOLINETH,3
DOCOHEXETHc,3
DOCTETETH,3
DODECANACt,-1
DODECANACtd,-1
ELAIDCRNtd,-1
EX_12HPET_e,-1
EX_15HPET_e,-1
EX_15kprostgf2_e,-1
EX_21hprgnlone_e,-1
EX_2oxoadp_e,-1
EX_34hpl_e,-1
EX_3hmp_e,-1
EX_3hpp_e,-1
EX_3hpppnohgluc_e,-1
EX_3mhis_e,-1
EX_3uib_e,-1
EX_4aabutn_e,-1
EX_4tmeabutn_e,-1
EX_56dthm_e,-1
EX_56dura_e,-1
EX_5HPET_e,-1
EX_7dhchsterol_e,-1
EX_acgly_e,-1
EX_aclys_e,-1
EX_acorn_e,-1
EX_acthr__L_e,-1
EX_adpac_e,-1
EX_adpoh_e,-1
EX_amet_e,-1
EX_and19one_e,-1
EX_aracheth_e,-1
EX_biliverd_e,-1
EX_C02356_e,-1
EX_C02712_e,-1
EX_C04717_e,-1
EX_C04805_e,-1
EX_C05957_e,-1
EX_C06314_e,-1
EX_C06315_e,-1
EX_C11695_e,-1
EX_C14768_e,-1
EX_C14770_e,-1
EX_C14771_e,-1
EX_C14825_e,-1
EX_C14826_e,-1
EX_CE0955_e,-1
EX_CE1273_e,-1
EX_CE1556_e,-1
EX_CE2028_e,-1
EX_CE2176_e,-1
EX_CE2445_e,-1
EX_CE2537_e,-1
EX_eidi1114ac_e,-1
EX_CE5304_e,-1
EX_CE6031_e,-1
EX_CE6247_e,-1
EX_CE7082_e,-1
EX_CE7083_e,-1
EX_CE7172_e,-1
EX_cortsn_e,-1
EX_didecaeth_e,-1
EX_diholineth_e,-1
EX_docohxeth_e,-1
EX_docteteth_e,-1
EX_dodecanac_e,-1
EX_elaidcrn_e,-1
EX_forglu_e,-1
EX_HC00900_e,-1
EX_hepdeceth_e,-1
EX_hexdeceeth_e,-1
EX_hexdiac_e,-1
EX_hgentis_e,-1
EX_hmcarn_e,-1
EX_hmcr_e,-1
EX_hxcoa_e,-1
EX_leuktrB4wcooh_e,-1
EX_leuktrB4woh_e,-1
EX_lineth_e,-1
EX_lnlccrn_e,-1
EX_Lpipecol_e,-1
EX_lthstrl_e,-1
EX_magarachi_hs_e,-1
EX_maglinl_hs_e,-1
EX_magole_hs_e,-1
EX_magpalm_hs_e,-1
EX_magste_hs_e,-1
EX_mev__R_e,-1
EX_mi1p__D_e,-1
EX_Nacasp_e,-1
EX_nwharg_e,-1
EX_oleth_e,-1
EX_pailar_hs_e,-1
EX_pailpalm_hs_e,-1
EX_pailste_hs_e,-1
EX_pchol2linl_hs_e,-1
EX_pchol2ole_hs_e,-1
EX_pchol2palm_hs_e,-1
EX_pchol2ste_hs_e,-1
EX_pcholar_hs_e,-1
EX_pcholdoc_hs_e,-1
EX_pcholeic_hs_e,-1
EX_pcholet_hs_e,-1
EX_pcholhep_hs_e,-1
EX_pchollinl_hs_e,-1
EX_pcholmyr_hs_e,-1
EX_pcholn15_hs_e,-1
EX_pcholn183_hs_e,-1
EX_pcholn1836_hs_e,-1
EX_pcholn19_hs_e,-1
EX_pcholn201_hs_e,-1
EX_pcholn203_hs_e,-1
EX_pcholn204_hs_e,-1
EX_pcholn205_hs_e,-1
EX_pcholn224_hs_e,-1
EX_pcholn225_hs_e,-1
EX_pcholn2254_hs_e,-1
EX_pcholn226_hs_e,-1
EX_pcholn24_hs_e,-1
EX_pcholn261_hs_e,-1
EX_pcholn28_hs_e,-1
EX_pcholn281_hs_e,-1
EX_pcholole_hs_e,-1
EX_pcholpalm_hs_e,-1
EX_pcholpalme_hs_e,-1
EX_pcholste_hs_e,-1
EX_pcollg5hlys_e,-1
EX_pe12_hs_e,-1
EX_pe13_hs_e,-1
EX_pe14_hs_e,-1
EX_pe15_hs_e,-1
EX_pe161_hs_e,-1
EX_pe17_hs_e,-1
EX_pe203_hs_e,-1
EX_pe224_hs_e,-1
EX_pe226_hs_e,-1
EX_pe2linl_hs_e,-1
EX_pear_hs_e,-1
EX_pedh203_hs_e,-1
EX_pelinl_hs_e,-1
EX_pendecaeth_e,-1
EX_peole_hs_e,-1
EX_pepalm_hs_e,-1
EX_peste_hs_e,-1
EX_pmeth_e,-1
EX_saccrp__L_e,-1
EX_sebacid_e,-1
EX_sphmyln180241_hs_e,-1
EX_sphmyln18114_hs_e,-1
EX_sphmyln18115_hs_e,-1
EX_sphmyln18116_hs_e,-1
EX_sphmyln181161_hs_e,-1
EX_sphmyln18117_hs_e,-1
EX_sphmyln18118_hs_e,-1
EX_sphmyln181181_hs_e,-1
EX_sphmyln18120_hs_e,-1
EX_sphmyln181201_hs_e,-1
EX_sphmyln18121_hs_e,-1
EX_sphmyln18122_hs_e,-1
EX_sphmyln181221_hs_e,-1
EX_sphmyln18123_hs_e,-1
EX_sphmyln1824_hs_e,-1
EX_sphmyln1825_hs_e,-1
EX_steeth_e,-1
EX_subeac_e,-1
EX_tetdeca511ac_e,-1
EX_tetdecaeth_e,-1
EX_thrnt_e,-1
EX_tmlys_e,-1
EX_trideceth_e,-1
EX_ttdcrn_e,-1
EX_txb2_e,-1
EX_urcan_e,-1
EX_wharachd_e,-1
EX_xolest181_hs_e,-1
EX_xolest182_hs_e,-1
EX_xolest183_hs_e,-1
EX_xolest204_hs_e,-1
EX_xolest205_hs_e,-1
EX_xolest226_hs_e,-1
FORGLUt,-1
GALTt,-1
GLYACm,-1
LYSACm,-1
GLYC_Rt,-1
GLYC2Pte,-1
GLYCLTt,-1
HC00319t1,-1
HC00319t2,-1
HC00900t1,-1
HC00900t2,-1
HC00900t3,-1
HC00900t4,-1
HC02149td,-1
HEPDECETH,3
HEXDECEETH,3
HEXDIACATP,-1
HEXDIACtd,-1
HGENTISt,-1
HMCARNt,-1
HMCRNt,-1
HPPPNt2r,-1
HXCOAm,-1
HXCOAte,-1
HXCOAtx,-1
HXCOAx,-1
IND3ACt,-1
LCYSTt,-1
LEUKTRB4WCOOHt,-1
LEUKTRB4WOHt,-1
LEUKTRB4WOHtr,-1
LNLCCRNtd,-1
LPIPECOLt,-1
LPIPECOLtx,-1
LTHSTRLABCt,-1
LTHSTRLt,-1
MEV_Rt,-1
MI1Pt,-1
NACASPt,-1
NWHARGtd,-1
OAAt_1,-1
OLEETH,3
pac,-1
PCOLLG5HLYStd,-1
PELINETH,3
PENDECAETH,3
PEPALM,3
PROSTGI2c,-1
PSERtr,-1
SACCRP_Lte,-1
SACCRP_Ltm,-1
SEBACIDtd,-1
STEETH,3
SUBEACtd,-1
TETDECA511ACt,-1
TETDECA511ACtd,-1
TETDECAETH,3
THRACm,-1
THRNTt,-1
TMLYStd,-1
TRIDECETH,3
TTDCEAATP,-1
TXB2c,-1
TXB2t,-1
URCANt,-1
WHARACHDt,-1
WHARACHDtr,-1
ACILEm,-1
ACILEtm,-1
ACILEte,-1
EX_acile__L_e,-1
ACLEUm,-1
ACLEUtm,-1
ACLEUte,-1
EX_acleu__L_e,-1
ACHOMtm,-1
ACHOMte,-1
EX_achom__L_e,-1
PHACGLYt,-1
EX_phacgly_e,-1
ESTRIOLATP,-1
EX_estriol_e,-1
r1528,-1
EX_3hpppn_e,-1
EX_3moxtyr_e,-1
EX_5aop_e,-1
EX_abt__D_e,-1
EX_acglu_e,-1
EX_alltn_e,-1
EX_CE2510_e,-1
EX_ddca_e,-1
EX_glyc__R_e,-1
EX_glyc2p_e,-1
EX_glyclt_e,-1
EX_Lcyst_e,-1
EX_oaa_e,-1
EX_pac_e,-1
EX_phlac_e,-1
EX_pser__L_e,-1
EX_ttdcea_e,-1
TTDCEAt,-1
3HPPPNOHGLUCc,-1
ACHOMm,-1
HC02195c,1
HC02196c,1
HC02220c,1
7KLITCHOLc,-1
HC02194c,-1
URSCHOLCOAc,-1
HC02197c,1
HC02198c,1
DCHOLESTANCOAc,-1
HC02195te,2
HC02196te,2
HC02194te,3
HC02220te,3
XOL27OHtmc,-1
G3PD1irm,-1
DM_k_c,-1
BZCOAFm,-1
BGLYFm,-1
PHACCOAGLYACm,1
PHEACGLYsec,-1
PCSF,3
PCRESOLup,-1
PCSsec,-1
EX_bgly_e,-1
EX_pheacgly_e,-1
EX_bz_e,-1
EX_pcresol_e,-1
EX_pcs_e,-1
NORMETEt,-1
MEPIt,-1
TREt,-1
C05300t,-1
RETINALt,-1
MALTTTRt,-1
1MNCAMt,-1
LEULEUt,-1
GLYPROt,-1
PROGLyt,-1
DHBPTt,-1
THBPTt,-1
EX_normete__L_e,-1
EX_mepi_e,-1
EX_C05300_e,-1
EX_retinal_e,-1
EX_maltttr_e,-1
EX_1mncam_e,-1
EX_progly_e,-1
EX_dhbpt_e,-1
EX_thbpt_e,-1
EX_adprib_e,-1
DM_itp_n,-1
EX_alaargcys_e,-1
EX_alaarggly_e,-1
EX_alaasnleu_e,-1
EX_alaglylys_e,-1
EX_alahisala_e,-1
EX_alalysthr_e,-1
EX_argalaala_e,-1
EX_argalaphe_e,-1
EX_argalathr_e,-1
EX_argarg_e,-1
EX_argarglys_e,-1
EX_argargmet_e,-1
EX_argcysgly_e,-1
EX_argcysser_e,-1
EX_arggluglu_e,-1
EX_argglupro_e,-1
EX_argglygly_e,-1
EX_arghisthr_e,-1
EX_argleuphe_e,-1
EX_arglysasp_e,-1
EX_argphearg_e,-1
EX_argpromet_e,-1
EX_argprothr_e,-1
EX_argserser_e,-1
EX_argtyrval_e,-1
EX_argvalcys_e,-1
EX_argvaltrp_e,-1
EX_asnasnarg_e,-1
EX_asncyscys_e,-1
EX_asnmetpro_e,-1
EX_asnpheasp_e,-1
EX_asnphecys_e,-1
EX_asntyrgly_e,-1
EX_asntyrphe_e,-1
EX_asntyrthr_e,-1
EX_aspalaarg_e,-1
EX_aspasnglu_e,-1
EX_aspglu_e,-1
EX_aspglupro_e,-1
EX_aspglutrp_e,-1
EX_asphiscys_e,-1
EX_asphispro_e,-1
EX_asplysglu_e,-1
EX_asplyshis_e,-1
EX_aspmetasp_e,-1
EX_aspprolys_e,-1
EX_aspvalasn_e,-1
EX_cysasnmet_e,-1
EX_cysaspphe_e,-1
EX_cyscys_e,-1
EX_cysglnmet_e,-1
EX_cysgluhis_e,-1
EX_cysglutrp_e,-1
EX_cysleuthr_e,-1
EX_cyssermet_e,-1
EX_cystyrasn_e,-1
EX_glnasngln_e,-1
EX_glnhishis_e,-1
EX_glnhislys_e,-1
EX_glnlyslys_e,-1
EX_glnlystrp_e,-1
EX_glnproglu_e,-1
EX_glntrpglu_e,-1
EX_glntyrleu_e,-1
EX_gluargleu_e,-1
EX_gluasnleu_e,-1
EX_gluglu_e,-1
EX_gluilelys_e,-1
EX_gluleu_e,-1
EX_glumet_e,-1
EX_glumethis_e,-1
EX_gluthr_e,-1
EX_gluthrlys_e,-1
EX_glutrpala_e,-1
EX_glyhisasn_e,-1
EX_glyhislys_e,-1
EX_glylyscys_e,-1
EX_glylysphe_e,-1
EX_glytyrlys_e,-1
EX_glyvalhis_e,-1
EX_hisargcys_e,-1
EX_hisargser_e,-1
EX_hisasp_e,-1
EX_hiscyscys_e,-1
EX_hisglnala_e,-1
EX_hisglu_e,-1
EX_hisglugln_e,-1
EX_hisglylys_e,-1
EX_hishislys_e,-1
EX_hislysala_e,-1
EX_hislysglu_e,-1
EX_hislysile_e,-1
EX_hislysthr_e,-1
EX_hislysval_e,-1
EX_hismet_e,-1
EX_hismetgln_e,-1
EX_hisphearg_e,-1
EX_hisprolys_e,-1
EX_histrphis_e,-1
EX_ileargile_e,-1
EX_ileasnhis_e,-1
EX_ileasp_e,-1
EX_ileglnglu_e,-1
EX_ileglyarg_e,-1
EX_ileprolys_e,-1
EX_ileserarg_e,-1
EX_iletrptyr_e,-1
EX_leualaarg_e,-1
EX_leuasnasp_e,-1
EX_leuasplys_e,-1
EX_leuleutrp_e,-1
EX_leupro_e,-1
EX_leuproarg_e,-1
EX_leusertrp_e,-1
EX_leutrp_e,-1
EX_leutrparg_e,-1
EX_leutyrtyr_e,-1
EX_leuval_e,-1
EX_lysargleu_e,-1
EX_lyscyshis_e,-1
EX_lysglnphe_e,-1
EX_lysgluglu_e,-1
EX_lyslyslys_e,-1
EX_lyspheile_e,-1
EX_lystrparg_e,-1
EX_lystyrile_e,-1
EX_lysvalphe_e,-1
EX_lysvaltrp_e,-1
EX_metargleu_e,-1
EX_metasntyr_e,-1
EX_metglntyr_e,-1
EX_metglyarg_e,-1
EX_methislys_e,-1
EX_metmetile_e,-1
EX_metphearg_e,-1
EX_mettrpphe_e,-1
EX_pheasnmet_e,-1
EX_pheasp_e,-1
EX_pheglnphe_e,-1
EX_pheleu_e,-1
EX_pheleuasp_e,-1
EX_pheleuhis_e,-1
EX_phelysala_e,-1
EX_phelyspro_e,-1
EX_phephe_e,-1
EX_phepheasn_e,-1
EX_phephethr_e,-1
EX_pheproarg_e,-1
EX_phesertrp_e,-1
EX_phethrlys_e,-1
EX_phetrpleu_e,-1
EX_phetyr_e,-1
EX_phetyrgln_e,-1
EX_phetyrlys_e,-1
EX_proargasp_e,-1
EX_proargcys_e,-1
EX_proasncys_e,-1
EX_procys_e,-1
EX_proglnpro_e,-1
EX_proglulys_e,-1
EX_prohis_e,-1
EX_prohistyr_e,-1
EX_proleuarg_e,-1
EX_prolyspro_e,-1
EX_prophe_e,-1
EX_proproarg_e,-1
EX_propropro_e,-1
EX_protrplys_e,-1
EX_protrpthr_e,-1
EX_provalgln_e,-1
EX_serargala_e,-1
EX_serargtrp_e,-1
EX_sercysarg_e,-1
EX_serglyglu_e,-1
EX_serlyshis_e,-1
EX_serphelys_e,-1
EX_sertrphis_e,-1
EX_thrargtyr_e,-1
EX_thrasntyr_e,-1
EX_thrglnglu_e,-1
EX_thrglntyr_e,-1
EX_thrhishis_e,-1
EX_thrilearg_e,-1
EX_thrmetarg_e,-1
EX_thrphearg_e,-1
EX_thrserarg_e,-1
EX_thrthrarg_e,-1
EX_thrtyrmet_e,-1
EX_trpalapro_e,-1
EX_trpargala_e,-1
EX_trpaspasp_e,-1
EX_trpglngln_e,-1
EX_trpglugly_e,-1
EX_trpgluleu_e,-1
EX_trpglupro_e,-1
EX_trpglutyr_e,-1
EX_trpglyleu_e,-1
EX_trpglyphe_e,-1
EX_trpglyval_e,-1
EX_trphismet_e,-1
EX_trpilelys_e,-1
EX_trpiletrp_e,-1
EX_trpleuval_e,-1
EX_trplys_e,-1
EX_trpmetarg_e,-1
EX_trpmetval_e,-1
EX_trpphe_e,-1
EX_trpprogly_e,-1
EX_trpproleu_e,-1
EX_trpproval_e,-1
EX_trpsertyr_e,-1
EX_trpthrglu_e,-1
EX_trpthrile_e,-1
EX_trpthrtyr_e,-1
EX_trptyrgln_e,-1
EX_trptyrtyr_e,-1
EX_trpvalasp_e,-1
EX_tyrala_e,-1
EX_tyralaphe_e,-1
EX_tyrargglu_e,-1
EX_tyrargser_e,-1
EX_tyrasparg_e,-1
EX_tyrcysgly_e,-1
EX_tyrcysthr_e,-1
EX_tyrglu_e,-1
EX_tyrleuarg_e,-1
EX_tyrphetyr_e,-1
EX_tyrthr_e,-1
EX_tyrtrpphe_e,-1
EX_tyrtyr_e,-1
EX_tyrvalmet_e,-1
EX_valarggly_e,-1
EX_valhisasn_e,-1
EX_valleuphe_e,-1
EX_vallystyr_e,-1
EX_valphearg_e,-1
EX_valprotrp_e,-1
EX_valserarg_e,-1
EX_valtrpphe_e,-1
EX_valtrpval_e,-1
EX_valval_e,-1
EX_trpglyasp_e,-1
ALAARGCYSt,3
ALAARGGLYt,3
ALAASNLEUt,3
ALAGLYLYSt,3
ALAHISALAt,3
ALALYSTHRt,3
ARGALAALAt,3
ARGALAPHEt,3
ARGALATHRt,3
ARGARGt,3
ARGARGLYSt,3
ARGARGMETt,3
ARGCYSGLYt,3
ARGCYSSERt,3
ARGGLUGLUt,3
ARGGLUPROt,3
ARGGLYGLYt,3
ARGHISTHRt,3
ARGLEUPHEt,3
ARGLYSASPt,3
ARGPHEARGt,3
ARGPROMETt,3
ARGPROTHRt,3
ARGSERSERt,3
ARGTYRVALt,3
ARGVALCYSt,3
ARGVALTRPt,3
ASNASNARGt,3
ASNCYSCYSt,3
ASNMETPROt,3
ASNPHEASPt,3
ASNPHECYSt,3
ASNTYRGLYt,3
ASNTYRPHEt,3
ASNTYRTHRt,3
ASPALAARGt,3
ASPASNGLUt,3
ASPGLUt,3
ASPGLUPROt,3
ASPGLUTRPt,3
ASPHISCYSt,3
ASPHISPROt,3
ASPLYSGLUt,3
ASPLYSHISt,3
ASPMETASPt,3
ASPPROLYSt,3
ASPVALASNt,3
CYSASNMETt,3
CYSASPPHEt,3
CYSCYSt,3
CYSGLNMETt,3
CYSGLUHISt,3
CYSGLUTRPt,3
CYSLEUTHRt,3
CYSSERMETt,3
CYSTYRASNt,3
GLNASNGLNt,3
GLNHISHISt,3
GLNHISLYSt,3
GLNLYSLYSt,3
GLNLYSTRPt,3
GLNPROGLUt,3
GLNTRPGLUt,3
GLNTYRLEUt,3
GLUARGLEUt,3
GLUASNLEUt,3
GLUGLUt,3
GLUILELYSt,3
GLULEUt,3
GLUMETt,3
GLUMETHISt,3
GLUTHRt,3
GLUTHRLYSt,3
GLUTRPALAt,3
GLYHISASNt,3
GLYHISLYSt,3
GLYLYSCYSt,3
GLYLYSPHEt,3
GLYTYRLYSt,3
GLYVALHISt,3
HISARGCYSt,3
HISARGSERt,3
HISASPt,3
HISCYSCYSt,3
HISGLNALAt,3
HISGLUt,3
HISGLUGLNt,3
HISGLYLYSt,3
HISHISLYSt,3
HISLYSALAt,3
HISLYSGLUt,3
HISLYSILEt,3
HISLYSTHRt,3
HISLYSVALt,3
HISMETt,3
HISMETGLNt,3
HISPHEARGt,3
HISPROLYSt,3
HISTRPHISt,3
ILEARGILEt,3
ILEASNHISt,3
ILEASPt,3
ILEGLNGLUt,3
ILEGLYARGt,3
ILEPROLYSt,3
ILESERARGt,3
ILETRPTYRt,3
LEUALAARGt,3
LEUASNASPt,3
LEUASPLYSt,3
LEULEUTRPt,3
LEUPROt,3
LEUPROARGt,3
LEUSERTRPt,3
LEUTRPt,3
LEUTRPARGt,3
LEUTYRTYRt,3
LEUVALt,3
LYSARGLEUt,3
LYSCYSHISt,3
LYSGLNPHEt,3
LYSGLUGLUt,3
LYSLYSLYSt,3
LYSPHEILEt,3
LYSTRPARGt,3
LYSTYRILEt,3
LYSVALPHEt,3
LYSVALTRPt,3
METARGLEUt,3
METASNTYRt,3
METGLNTYRt,3
METGLYARGt,3
METHISLYSt,3
METMETILEt,3
METPHEARGt,3
METTRPPHEt,3
PHEASNMETt,3
PHEASPt,3
PHEGLNPHEt,3
PHELEUt,3
PHELEUASPt,3
PHELEUHISt,3
PHELYSALAt,3
PHELYSPROt,3
PHEPHEt,3
PHEPHEASNt,3
PHEPHETHRt,3
PHEPROARGt,3
PHESERTRPt,3
PHETHRLYSt,3
PHETRPLEUt,3
PHETYRt,3
PHETYRGLNt,3
PHETYRLYSt,3
PROARGASPt,3
PROARGCYSt,3
PROASNCYSt,3
PROCYSt,3
PROGLNPROt,3
PROGLULYSt,3
PROHISt,3
PROHISTYRt,3
PROLEUARGt,3
PROLYSPROt,3
PROPHEt,3
PROPROARGt,3
PROPROPROt,3
PROTRPLYSt,3
PROTRPTHRt,3
PROVALGLNt,3
SERARGALAt,3
SERARGTRPt,3
SERCYSARGt,3
SERGLYGLUt,3
SERLYSHISt,3
SERPHELYSt,3
SERTRPHISt,3
THRARGTYRt,3
THRASNTYRt,3
THRGLNGLUt,3
THRGLNTYRt,3
THRHISHISt,3
THRILEARGt,3
THRMETARGt,3
THRPHEARGt,3
THRSERARGt,3
THRTHRARGt,3
THRTYRMETt,3
TRPALAPROt,3
TRPARGALAt,3
TRPASPASPt,3
TRPGLNGLNt,3
TRPGLUGLYt,3
TRPGLULEUt,3
TRPGLUPROt,3
TRPGLUTYRt,3
TRPGLYLEUt,3
TRPGLYPHEt,3
TRPGLYVALt,3
TRPHISMETt,3
TRPILELYSt,3
TRPILETRPt,3
TRPLEUVALt,3
TRPLYSt,3
TRPMETARGt,3
TRPMETVALt,3
TRPPHEt,3
TRPPROGLYt,3
TRPPROLEUt,3
TRPPROVALt,3
TRPSERTYRt,3
TRPTHRGLUt,3
TRPTHRILEt,3
TRPTHRTYRt,3
TRPTYRGLNt,3
TRPTYRTYRt,3
TRPVALASPt,3
TYRALAt,3
TYRALAPHEt,3
TYRARGGLUt,3
TYRARGSERt,3
TYRASPARGt,3
TYRCYSGLYt,3
TYRCYSTHRt,3
TYRGLUt,3
TYRLEUARGt,3
TYRPHETYRt,3
TYRTHRt,3
TYRTRPPHEt,3
TYRTYRt,3
TYRVALMETt,3
VALARGGLYt,3
VALHISASNt,3
VALLEUPHEt,3
VALLYSTYRt,3
VALPHEARGt,3
VALPROTRPt,3
VALSERARGt,3
VALTRPPHEt,3
VALTRPVALt,3
VALVALt,3
TRPGLYASPt,3
ALAARGCYSr,-1
ALAARGGLYr,-1
ALAASNLEUr,-1
ALAGLYLYSr,-1
ALAHISALAr,-1
ALALYSTHRr,-1
ARGALAALAr,-1
ARGALAPHEr,-1
ARGALATHRr,-1
ARGARGr,-1
ARGARGLYSr,-1
ARGARGMETr,-1
ARGCYSGLYr,-1
ARGCYSSERr,-1
ARGGLUGLUr,-1
ARGGLUPROr,-1
ARGGLYGLYr,-1
ARGHISTHRr,-1
ARGLEUPHEr,-1
ARGLYSASPr,-1
ARGPHEARGr,-1
ARGPROMETr,-1
ARGPROTHRr,-1
ARGSERSERr,-1
ARGTYRVALr,-1
ARGVALCYSr,-1
ARGVALTRPr,-1
ASNASNARGr,-1
ASNCYSCYSr,-1
ASNMETPROr,-1
ASNPHEASPr,-1
ASNPHECYSr,-1
ASNTYRGLYr,-1
ASNTYRPHEr,-1
ASNTYRTHRr,-1
ASPALAARGr,-1
ASPASNGLUr,-1
ASPGLUr,-1
ASPGLUPROr,-1
ASPGLUTRPr,-1
ASPHISCYSr,-1
ASPHISPROr,-1
ASPLYSGLUr,-1
ASPLYSHISr,-1
ASPMETASPr,-1
ASPPROLYSr,-1
ASPVALASNr,-1
CYSASNMETr,-1
CYSASPPHEr,-1
CYSCYSr,-1
CYSGLNMETr,-1
CYSGLUHISr,-1
CYSGLUTRPr,-1
CYSLEUTHRr,-1
CYSSERMETr,-1
CYSTYRASNr,-1
GLNASNGLNr,-1
GLNHISHISr,-1
GLNHISLYSr,-1
GLNLYSLYSr,-1
GLNLYSTRPr,-1
GLNPROGLUr,-1
GLNTRPGLUr,-1
GLNTYRLEUr,-1
GLUARGLEUr,-1
GLUASNLEUr,-1
GLUGLUr,-1
GLUILELYSr,-1
GLULEUr,-1
GLUMETr,-1
GLUMETHISr,-1
GLUTHRr,-1
GLUTHRLYSr,-1
GLUTRPALAr,-1
GLYHISASNr,-1
GLYHISLYSr,-1
GLYLYSCYSr,-1
GLYLYSPHEr,-1
GLYTYRLYSr,-1
GLYVALHISr,-1
HISARGCYSr,-1
HISARGSERr,-1
HISASPr,-1
HISCYSCYSr,-1
HISGLNALAr,-1
HISGLUr,-1
HISGLUGLNr,-1
HISGLYLYSr,-1
HISHISLYSr,-1
HISLYSALAr,-1
HISLYSGLUr,-1
HISLYSILEr,-1
HISLYSTHRr,-1
HISLYSVALr,-1
HISMETr,-1
HISMETGLNr,-1
HISPHEARGr,-1
HISPROLYSr,-1
HISTRPHISr,-1
ILEARGILEr,-1
ILEASNHISr,-1
ILEASPr,-1
ILEGLNGLUr,-1
ILEGLYARGr,-1
ILEPROLYSr,-1
ILESERARGr,-1
ILETRPTYRr,-1
LEUALAARGr,-1
LEUASNASPr,-1
LEUASPLYSr,-1
LEULEUTRPr,-1
LEUPROr,-1
LEUPROARGr,-1
LEUSERTRPr,-1
LEUTRPr,-1
LEUTRPARGr,-1
LEUTYRTYRr,-1
LEUVALr,-1
LYSARGLEUr,-1
LYSCYSHISr,-1
LYSGLNPHEr,-1
LYSGLUGLUr,-1
LYSLYSLYSr,-1
LYSPHEILEr,-1
LYSTRPARGr,-1
LYSTYRILEr,-1
LYSVALPHEr,-1
LYSVALTRPr,-1
METARGLEUr,-1
METASNTYRr,-1
METGLNTYRr,-1
METGLYARGr,-1
METHISLYSr,-1
METMETILEr,-1
METPHEARGr,-1
METTRPPHEr,-1
PHEASNMETr,-1
PHEASPr,-1
PHEGLNPHEr,-1
PHELEUr,-1
PHELEUASPr,-1
PHELEUHISr,-1
PHELYSALAr,-1
PHELYSPROr,-1
PHEPHEr,-1
PHEPHEASNr,-1
PHEPHETHRr,-1
PHEPROARGr,-1
PHESERTRPr,-1
PHETHRLYSr,-1
PHETRPLEUr,-1
PHETYRr,-1
PHETYRGLNr,-1
PHETYRLYSr,-1
PROARGASPr,-1
PROARGCYSr,-1
PROASNCYSr,-1
PROCYSr,-1
PROGLNPROr,-1
PROGLULYSr,-1
PROHISr,-1
PROHISTYRr,-1
PROLEUARGr,-1
PROLYSPROr,-1
PROPHEr,-1
PROPROARGr,-1
PROPROPROr,-1
PROTRPLYSr,-1
PROTRPTHRr,-1
PROVALGLNr,-1
SERARGALAr,-1
SERARGTRPr,-1
SERCYSARGr,-1
SERGLYGLUr,-1
SERLYSHISr,-1
SERPHELYSr,-1
SERTRPHISr,-1
THRARGTYRr,-1
THRASNTYRr,-1
THRGLNGLUr,-1
THRGLNTYRr,-1
THRHISHISr,-1
THRILEARGr,-1
THRMETARGr,-1
THRPHEARGr,-1
THRSERARGr,-1
THRTHRARGr,-1
THRTYRMETr,-1
TRPALAPROr,-1
TRPARGALAr,-1
TRPASPASPr,-1
TRPGLNGLNr,-1
TRPGLUGLYr,-1
TRPGLULEUr,-1
TRPGLUPROr,-1
TRPGLUTYRr,-1
TRPGLYLEUr,-1
TRPGLYPHEr,-1
TRPGLYVALr,-1
TRPHISMETr,-1
TRPILELYSr,-1
TRPILETRPr,-1
TRPLEUVALr,-1
TRPLYSr,-1
TRPMETARGr,-1
TRPMETVALr,-1
TRPPHEr,-1
TRPPROGLYr,-1
TRPPROLEUr,-1
TRPPROVALr,-1
TRPSERTYRr,-1
TRPTHRGLUr,-1
TRPTHRILEr,-1
TRPTHRTYRr,-1
TRPTYRGLNr,-1
TRPTYRTYRr,-1
TRPVALASPr,-1
TYRALAr,-1
TYRALAPHEr,-1
TYRARGGLUr,-1
TYRARGSERr,-1
TYRASPARGr,-1
TYRCYSGLYr,-1
TYRCYSTHRr,-1
TYRGLUr,-1
TYRLEUARGr,-1
TYRPHETYRr,-1
TYRTHRr,-1
TYRTRPPHEr,-1
TYRTYRr,-1
TYRVALMETr,-1
VALARGGLYr,-1
VALHISASNr,-1
VALLEUPHEr,-1
VALLYSTYRr,-1
VALPHEARGr,-1
VALPROTRPr,-1
VALSERARGr,-1
VALTRPPHEr,-1
VALTRPVALr,-1
VALVALr,-1
TRPGLYASPr,-1
HOMOVALte,3
EX_homoval_e,-1
GLYCLTtm,-1
TYMc,-1
DOPAc,-1
PCHOL2PALM_HSte,-1
XOLEST183te,-1
XOLEST182_HSte,-1
XOLEST205_HSte,-1
XOLEST226_HSte,-1
PE224_HSte,-1
PCHOLN261_HSte,-1
PCHOLN281_HSte,-1
PCHOLN28_HSte,-1
ACRNtr,-1
HDCECRNtr,-1
LNELDCCRNtr,-1
ODECRNtr,-1
PMTCRNtr,-1
STCRNtr,-1
EX_sphmyln_hs_e,-1
XOLEST183tl,-1
XOLEST182tl,-1
XOLEST205tl,-1
TMNDNCtl,-1
XOLEST226tl,-1
CRVNCtl,-1
BGLYtm,-1
PHEACGLYtm,-1
HXAt1,-1
HXAt2,-1
HXAt3,-1
EX_hxa_e,-1
TTDCEAc,3
PACCOALm,-1
PACALDtm,-1
BZtm,-1
GNCORE1te,-1
GNCORE2te,-1
LHCYSTIN,-1
LHCYSTINt,-1
EX_Lhcystin_e,-1
PA_HStm,-1
FldAct,-1
MALOAAtm,-1
MLTHFtm,-1
2MOPtm,-1
MMALtm,-1
URIK3,-1
PSDm_hsc,-1
PGPP_hsc,-1
CE2512te,-1
r2514e,-1
r2514m,-1
RE2675C2,-1
FAS180,-1
3MOXTYRESSte,-1
5AOPt2,-1
ACNAMt2,-1
ADRNLtu,-1
AGPAT4,-1
ARGt5r,3
BANDMT,-1
CA2t,-1
ACDO,-1
DKMPPD3_1,-1
DM_pe_hs_c,-1
SK_adprbp_c,-1
SK_akg_c,-1
SK_bandmt_c,-1
SK_for_c,-1
SK_mi1345p_c,-1
SK_mi134p_c,-1
SK_mi145p_c,-1
SK_mi14p_c,-1
DM_pchol_hs_c,-1
ETHAt,-1
GTHOXti2,-1
HCYSte,-1
NORMETEVESSte,-1
OROATP,-1
PPPGO,-1
SK_band_c,-1
SPRMt2i,-1
Ht,-1
THMMPtrbc,-1
THMtrbc,-1
UGT1A10c,-1
UNK3,-1
ACGALtr,-1
ACNAMtr,-1
CORE4t,-1
CORE5t,-1
CORE7t,-1
CORE8t,-1
DST_ANTIGENt,-1
GALAMtr,-1
MK10t,-1
MK11t,-1
MK7t,-1
MK9t,-1
S2L2N2M2Mt,-1
STN_ANTIGENt,-1
EX_core4_e,-1
EX_core5_e,-1
EX_core7_e,-1
EX_core8_e,-1
EX_dsT_antigen_e,-1
EX_f1a_e,-1
EX_galam_e,-1
EX_gncore1_e,-1
EX_gncore2_e,-1
EX_mqn10_e,-1
EX_mqn11_e,-1
EX_mqn7_e,-1
EX_mqn9_e,-1
EX_s2l2n2m2m_e,-1
EX_sTn_antigen_e,-1
r2444,3
EX_lpam_e,-1
LPAMt,-1
EX_acgal_e,-1
EX_acnam_e,-1
EX_pcreat_e,-1
EX_HC00342_e,-1
EX_pa_hs_e,-1
EX_CE2934_e,-1
DM_mqn10_c,-1
DM_mqn11_c,-1
DM_mqn7_c,-1
DM_mqn8_c,-1
DM_mqn9_c,-1
DM_galam_c,-1
DM_C02712_c,-1
F1Ate,-1
F1Ate2,-1
GNCORE1t,-1
GNCORE2t,-1
34HPLtm,-1
3HMPtm,-1
3HPPtm,-1
ACGLUtm,-1
LPAMtm,-1
r2535m,-1
PGP_hs_tm,-1
CE2934t,-1
C02592tx,-1
PROSTGE2t2r,-1
PROSTGE2t2m,-1
ESTRr,-1
ESTR2r,-1
LTHSTRLtr,-1
PGLYCtm,-1
SK_11_cis_retfa_c,-1
SK_25hvitd2_c,-1
SK_9_cis_retfa_c,-1
SK_C02528_c,-1
SK_HC02191_c,-1
SK_HC02192_c,-1
SK_HC02193_c,-1
SK_HC02194_c,-1
SK_HC02195_c,-1
SK_HC02196_c,-1
SK_HC02197_c,-1
SK_HC02198_c,-1
SK_HC02220_c,-1
SK_Tyr_ggn_c,-1
DM_avite1_c,-1
SK_btn_c,-1
SK_c226coa_c,-1
SK_chol_c,-1
SK_cholate_c,-1
SK_coa_c,-1
SK_crvnc_c,-1
SK_dgchol_c,-1
SK_doco13ecoa_c,-1
SK_fad_c,-1
SK_fe3_c,-1
SK_gchola_c,-1
SK_glygn2_c,-1
SK_hdca_c,-1
SK_lnlc_c,-1
SK_lnlccoa_c,-1
SK_lnlncacoa_c,-1
SK_lnlncgcoa_c,-1
SK_nad_c,-1
SK_nadp_c,-1
SK_odecoa_c,-1
SK_phyQ_c,-1
SK_pmtcoa_c,-1
SK_pydam_c,-1
SK_pydx_c,-1
SK_pydxn_c,-1
SK_retfa_c,-1
SK_retinol_c,-1
SK_stcoa_c,-1
SK_tag_hs_c,-1
SK_tchola_c,-1
SK_tdchola_c,-1
SK_tdechola_c,-1
SK_thf_c,-1
DM_thmpp_c,-1
DM_thmtp_c,-1
SK_tmndnc_c,-1
SK_tmndnccoa_c,-1
SK_vitd3_c,-1
DXTRNt,-1
EX_dxtrn_e,-1
DHCHOLESTANATEATP,2
DHCHOLESTANATEt,2
EX_dhcholestanate_e,-1
SK_dhcholestanate_c,-1
THCHOLSTOICATP,2
THCHOLSTOICt,2
EX_thcholstoic_e,-1
SK_thcholstoic_c,-1
XOL7AH3ATP,2
XOL7AH3t,2
EX_xol7ah3_e,-1
SK_xol7ah3_c,-1
XOL7AONEATP,2
XOL7AONEt,2
EX_xol7aone_e,-1
SK_xol7aone_c,-1
XOLDIOLONEATP,2
EX_xoldiolone_e,-1
SK_xoldiolone_c,-1
7KILTCHOLATP,2
7KILTCHOLt,2
EX_7klitchol_e,-1
SK_7klitchol_c,-1
SK_dchac_c,-1
SK_CE1273_c,-1
EX_2obut_e,-1
EX_glcn_e,-1
ACACT1r,3
ACACt2,3
ACCOAL,3
ACONT,3
ACS,3
ADK1,3
ADNt2,3
ADPT,3
ADSS,1
ALAR,1
AMPTASECG,3
ARGN,3
ASP1DC,3
ASPTA,3
BPNT,3
BUTt2r,3
CBPS,3
CO2t,-1
CPPPGO,3
CTPS1,3
CTPS2,3
CYSTGL,3
CYSTS,3
CYTDt2,1
DGK1,3
DHFR,3
DHORTS,3
DHPR,3
DMATT,3
ATPM,-1
DPCOAK,3
DTMPK,3
DURIPP,3
DUTPDP,-1
ENO,3
EX_acac_e,-1
EX_adn_e,-1
EX_akg_e,-1
EX_asn__L_e,-1
EX_asp__L_e,-1
EX_but_e,-1
EX_cgly_e,-1
EX_co2_e,-1
EX_cytd_e,-1
EX_dad_2_e,-1
EX_dcyt_e,-1
EX_dgsn_e,-1
EX_din_e,-1
EX_duri_e,-1
EX_fe2_e,-1
EX_fe3_e,-1
EX_fum_e,-1
EX_gal_e,-1
EX_glu__L_e,-1
EX_glyb_e,-1
EX_glyleu_e,-1
EX_glyphe_e,-1
EX_glypro_e,-1
EX_h_e,-1
EX_h2o_e,-1
EX_ile__L_e,-1
EX_ins_e,-1
EX_k_e,-1
EX_lac__L_e,-1
EX_leu__L_e,-1
EX_lys__L_e,-1
EX_mal__L_e,-1
EX_met__L_e,-1
EX_na1_e,-1
EX_no2_e,-1
EX_o2_e,-1
EX_orn_e,-1
EX_pi_e,-1
EX_ppi_e,-1
EX_pro__L_e,-1
EX_ribflv_e,-1
EX_ser__L_e,-1
EX_so4_e,-1
EX_succ_e,-1
EX_thymd_e,-1
EX_urea_e,-1
EX_uri_e,-1
EX_val__L_e,-1
FBA,3
FBA2,3
FBP,2
FCLT,-1
FEROc,3
FMNAT,3
FPGS7_1,3
FT,-1
FTHFCL,3
FUM,3
G3PD1ir,3
G5SADs,-1
G6PDH2r,3
GALUi,3
GALt2_2,2
GAPD,3
GF6PTA,3
GHMT2r,3
GK1,3
GLNS,3
GLYLEUHYDROc,3
GLYLEUPEPT1tc,1
GLYPHEHYc,-1
GLYPROPRO1c,3
GMAND,3
GMPS2,3
GRTT,3
GTPCI,2
GUAPRT,1
HCO3E,3
H2Ot,3
HEX1,3
HMBS,3
ILETA,3
IMPD,3
INSt2,1
LEUTA,3
L_LACt2r,3
MAN1PT2,3
MAN6PI,3
MTHFC,3
MTHFD,3
NADK,3
NAt3_1,3
NDPK1,3
NDPK2,3
NDPK3,3
NDPK4,3
NDPK5,3
NDPK6,3
NDPK7,3
NDPK8,3
NDPK9,3
NNATr,3
NNDPR,2
NTD1,3
O2t,-1
OMPDC,3
PGI,3
PGK,3
PGL,3
PGM,3
PGMT,3
PIt2r,-1
PMANM,3
PNP,3
PNTK,3
PPA,3
PPBNGS,3
PPCDC,3
PPM,3
PPNCL3,3
PRO1x,1
PROD2,1
PROt2r,3
PRPPS,3
PSERT,3
PSP_L,3
PTPATi,3
PUNP1,3
PUNP2,3
PUNP3,3
PUNP4,3
PUNP5,3
PUNP6,3
PUNP7,3
RBFK,3
RNDR1,3
RNDR2,3
RNDR3,3
RNDR4,3
RPE,3
RPI,3
SPMS,3
SPODM,3
TALA,3
THMDt2,1
THRS,3
TKT1,3
TKT2,3
TMDK1,3
TMDPK,3
TPI,3
UAG4Ei,3
UAGDP,3
UDPG4E,3
UMPK,3
UPP3S,3
UPPDC1,3
UREAt,3
URIDK2r,-1
URIt2,1
VALTA,3
SERD_L,3
r0082,3
ASNN,3
r0220_1,3
r0318,3
DADK,3
r0398,3
r0422,3
PPM2,3
PPNCL2,3
ACCOAC,3
FPGS_1,3
EX_pnto__R_e,-1
EX_gly_e,-1
GLYt2r,3
EX_cys__L_e,-1
EX_ala__L_e,-1
ALAt2r,3
EX_his__L_e,-1
EX_thr__L_e,-1
EX_gln__L_e,-1
EX_phe__L_e,-1
EX_tyr__L_e,-1
NTD2,3
NTD4,3
NTD5,3
NTD6,3
NTD7,3
NTD8,3
NTD9,3
NTD10,3
NTD11,3
EX_arg__L_e,-1
EX_for_e,-1
NADS2,3
EX_nac_e,-1
GUAt,3
ADPRDP,3
EX_ind3ac_e,-1
EX_nh4_e,-1
NH4t,-1
EX_ac_e,-1
ALCD1,3
RBK,3
ADNK1,3
GCALDD,3
GLYCK,3
ABUTD,3
ACYP,3
AGDC,3
AICART,3
ALDD2x,3
AMANK,3
ARGSL,3
CITL,3
CSND,-1
CYTK1,3
CYTK2,3
DRBK,3
EX_acgam_e,-1
EX_cit_e,-1
EX_csn_e,-1
EX_drib_e,-1
EX_etha_e,-1
EX_fol_e,-1
EX_fru_e,-1
EX_galt_e,-1
EX_glcr_e,-1
EX_glcur_e,-1
EX_glyc_e,-1
EX_hxan_e,-1
EX_malt_e,-1
EX_malthx_e,-1
EX_malttr_e,-1
EX_man_e,-1
EX_ptrc_e,-1
EX_rib__D_e,-1
EX_spmd_e,-1
EX_thm_e,-1
EX_trp__L_e,-1
EX_ura_e,-1
EX_xan_e,-1
EX_xyl__D_e,-1
FACOAL161,3
G6PDA,3
GALKr,3
GALT,3
GLUPRT,3
GLXO1,3
GLYK,1
GLYOX,3
GND,3
GPDDA1,-1
HEX7,3
HISDr,1
HXPRT,1
HYXNt,3
IMACTD,3
IMPC,3
IZPN,1
LCADi,3
LDH_D,3
LDH_L,3
LGTHL,3
MALT,3
MDH,3
MI1PP,3
MI3PP,3
MI4PP,3
NT5C,3
NTD3,3
NMNHYD,-1
OAADC,-1
ORNDC,3
PFK,3
PHETA1,3
PIt7,1
PRFGS,3
PYDAMK,3
PYDXNK,3
PYK,1
THRD_L,3
TMDS,3
TYRTA,3
XYLt,3
GLYALDDr,3
MTHFR2,3
ARGORNt7,3
EX_pydxn_e,-1
PYDXNtr,-1
EX_pydx_e,-1
PYDXtr,-1
EX_pydam_e,-1
PYDAMtr,-1
EX_4hbz_e,-1
EX_34dhpha_e,-1
EX_ppa_e,-1
EX_arab__L_e,-1
UGLT,3
EX_gam_e,-1
URCN,1
EX_pyr_e,-1
PYRt2,3
EX_tre_e,-1
ACGAM2E,3
DCMPDA,3
EX_btn_e,-1
EX_lcts_e,-1
FTHFLi,3
EX_ade_e,-1
EX_etoh_e,-1
ETOHt,-1
EX_acald_e,-1
ACALDt,-1
EX_sucr_e,-1
THMt3,3
AACOAT,3
EX_pheme_e,-1
FTCD,1
GLNt4,3
MTRI,-1
NADN,-1
EX_mqn8_e,-1
MK8t,-1
MTHFD2i,3
EX_gua_e,-1
AHCi,3
EX_4abut_e,-1
ABUTt2r,3
OBDHc,-1
EX_taur_e,-1
EX_phpyr_e,-1
EX_tym_e,-1
EX_2hyoxplac_e,-1
EX_lanost_e,-1
PHPYRte,3
PHPYRtm,1
3MOX4HOXMte,-1
EX_3mox4hoxm_e,-1
GLXt,-1
EX_glx_e,-1
CE4970tm,-1
CE4970te,3
EX_CE4970_e,-1
CE2026tm,-1
CE2026te,3
EX_CE2026_e,-1
CE4968tm,-1
CE4968te,3
EX_CE4968_e,-1
ACTYRm,-1
ACTYRtc,-1
ACTYRte,-1
EX_actyr_e,-1
SUCACETATc,-1
SUCACETATALTc,-1
SUCACETOc,-1
SUCACETOte,-1
EX_sucaceto_e,-1
VANILPYRc,3
VANILLACc,-1
CE2176tm,-1
NACVANALAm,-1
NACVANALAtm,-1
NACVANALAte,-1
VANILLACte,-1
EX_vanillac_e,-1
EX_nacvanala_e,-1
2H3MVc,3
2H3MVte,-1
EX_2h3mv_e,-1
2HIVc,3
2HIVte,-1
EX_2hiv_e,-1
2M3HBUc,-1
2M3HBUtm,-1
2M3HBUte,-1
EX_2m3hbu_e,-1
2M3OVCOAm,3
2M3OVACm,-1
2M3OVACtm,-1
2M3HVACc,-1
2M3HVACte,-1
EX_2m3hvac_e,-1
3H3MGLTc,-1
3H3MGLTte,-1
EX_3h3mglt_e,-1
3MGLUTACc,-1
3MGLUTACtm,-1
3MGLUTACte,-1
EX_3mglutac_e,-1
3MGLUTRc,-1
3MGLUTRte,-1
EX_3mglutr_e,-1
PPIOGLYc,1
PPIOGLYtm,-1
PPIOGLYte,-1
EX_ppiogly_e,-1
MVLACc,-1
MVLACte,-1
EX_mvlac_e,-1
TIGGLYc,1
TIGGLYtm,-1
TIGGLYte,-1
EX_tiggly_e,-1
TD2GLTRCOAm,-1
3HGLUTCOAm,-1
3OHGLUTACm,-1
3OHGLUTACtm,-1
3OHGLUTACte,-1
3OHGLUTACOAT3t,3
EX_3ohglutac_e,-1
GLUTACOAm,-1
GLUTCONm,-1
GLUTCONtm,-1
GLUTCONte,-1
EX_glutcon_e,-1
3HIVAcm,-1
3HIVActm,-1
3HIVActe,-1
EX_3hivac_e,-1
3HADICOAx,3
3HADPACx,-1
3HADPACtxc,-1
3HADPACte,-1
EX_3hadpac_e,-1
3OHSEBCOAx,3
3OHSEBACx,-1
3OHSEBACtxc,-1
3OHSEBACte,-1
EX_3ohsebac_e,-1
3OHSUBCOAx,3
3OHSUBACx,-1
3OHSUBACtxc,-1
3OHSUBACte,-1
EX_3ohsubac_e,-1
CAPROICc,-1
5OHHEXAc,-1
5OHHEXAte,-1
EX_5ohhexa_e,-1
7OHOCTAc,-1
7OHOCTAte,-1
EX_7ohocata_e,-1
ETHMALCOAc,-1
ETHMALACc,-1
ETHMALACte,-1
EX_ethmalac_e,-1
HEXGLYc,1
HEXGLYte,-1
EX_hexgly_e,-1
METHSUCCOAc,-1
METHSUCC,-1
METHSUCCte,-1
EX_methsucc_e,-1
SUBGLYc,1
SUBGLYte,-1
EX_subgly_e,-1
4OHBUTm,-1
4OHBUTtmc,-1
4OHBUTtce,-1
EX_4ohbut_e,-1
12HPETUPKt,-1
15HPETUPKt,-1
3AIBSYMPt,-1
AK2LGCHOLABCt,3
APRGSTRNABCt,-1
C14770UPKt,-1
C14771UPKt,-1
CE1243UPKt,-1
CE2510ABCt,3
CE2537ABCt,3
CE7082UPKt,-1
CE7172UPKt,-1
DIGALSGALSIDEte,-1
NRVNCABCt,3
PAFABCt,3
PAIL_hs_SECt,-1
PAILPALM_HSSECt,-1
PAILR_HSSECt,-1
PCHLN225_HSABCt,3
PCHOL2LINL_HSABCt,3
PCHOL2OLE_HSABCt,3
PCHOL2STE_HSABCt,3
PCHOLAR_HSABCt,3
PCHOLDOC_HSABCt,3
PCHOLEIC_HSABCt,3
PCHOLET_HSABCt,3
PCHOLHEP_HSABCt,3
PCHOLLINL_HSABCt,3
PCHOLMYR_HsABCt,3
PCHOLN15_HSABCt,3
PCHOLN183_HSABCt,3
PCHOLN1836_HSABCt,3
PCHOLN19_HSABCt,3
PCHOLN201_HSABCt,3
PCHOLN203_HSABCt,3
PCHOLN204_HSABCt,3
PCHOLN205_HSABCt,3
PCHOLN224_HSABCt,3
PCHOLN225_HSABCt,3
PCHOLN2254_HSABCt,3
PCHOLN264_HSABCt,3
PCHOLOLE_HSABCt,3
PCHOLPALME_HSABCt,3
PCHOLSTE_HSABCt,3
PE12_HSABCt,3
Pe13_HSABCt,3
PE14_HSABCt,3
PE15_HSABCt,3
PE161_HSABCt,3
PE17_HSABCt,3
PE203_HSABCt,3
PE226_HSABCt,3
PE2LINL_HSABCt,3
PEAR_HSABCt,3
PEDH203_HSABCt,3
PELINL_HSABCt,3
PELPALM_HSABCt,3
PEOLE_HSABCt,3
PEPALM_HSASBCt,3
PESTE_HSABCt,3
SPHMYLN_HsSECt,-1
SPHMYLN180241_hs_SECt,-1
SPHMYLN18114_hs_SECt,-1
SPHMYLN18115_hs_SECt,-1
SPHMYLN18116_hs_SECt,-1
SPHMYLN181161_hs_SECt,-1
SPHMYLN18117_hs_SECt,-1
SPHMYLN18118_hs_SECt,-1
SPHMYLN181181_hs_SECt,-1
SPHMYLN18120_hs_SECt,-1
SPHMYLN181201_hs_SECt,-1
SPHMYLN18121_hs_SECt,-1
SPHMYLN18122_hs_SECt,-1
SPHMYLN181221_hs_SECt,-1
SPHMYLN18123_hs_SECt,-1
SPHMYLN1824_hs_SECt,-1
SPHMYLN1825_hs_SECt,-1
3AIBt1,-1
AK2LGCHOLt,-1
APRGSTRNt1e,3
DIGALSGALSIDEATPte,3
PAFt,-1
PCHOL2LINL_HSt1e,-1
PCHOL2OLE_HSt1e,-1
PCHOL2STE_HSt1e,-1
PCHOLAR_HSt1e,-1
PCHOLDOC_HSt1e,-1
PCHOLEIC_HSt1e,-1
PCHOLET_HSt1e,-1
PCHOLHEP_HSt1e,-1
PCHOLLINL_HSt1e,-1
PCHOLMYR_Hst1e,-1
PCHOLN15_HSt1e,-1
PCHOLN183_HSt1e,-1
PCHOLN1836_HSt1e,-1
PCHOLN19_HSt1e,-1
PCHOLN201_HSt1e,-1
PCHOLN203_HSt1e,-1
PCHOLN204_HSt1e,-1
PCHOLN205_HSt1e,-1
PCHOLN224_HSt1e,-1
PCHOLN225_HSt1e,-1
PCHOLN2254_HSt1e,-1
PCHLN225_HSt1e,-1
PCHOLN264_HSt1e,-1
PCHOLOLE_HSt1e,-1
PEPALM_HSt1e,-1
PCHOLPALME_HSt1e,-1
PCHOLSTE_HSt1e,-1
PE12_HSt1e,-1
Pe13_HSt1e,-1
PE14_HSt1e,-1
PE15_HSt1e,-1
PE161_HSt1e,-1
PE17_HSt1e,-1
PE203_HSt1e,-1
PE226_HSt1e,-1
PE2LINL_HSt1e,-1
PEAR_HSt1e,-1
PEDH203_HSt1e,-1
PELINL_HSt1e,-1
PEOLE_HSt1e,-1
PELPALM_HSt1e,-1
PESTE_HSt1e,-1
SPHMYLN_HsATPte,3
SPHMYLN180241_hs_ATPt,3
SPHMYLN18114_hs_ATPt,3
SPHMYLN18115_hs_ATPt,3
SPHMYLN18116_hs_ATPt,3
SPHMYLN181161_hs_ATPt,3
SPHMYLN18117_hs_ATPt,3
SPHMYLN18118_hs_ATPt,3
SPHMYLN181181_hs_ATPt,3
SPHMYLN18120_hs_ATPt,3
SPHMYLN181201_hs_ATPt,3
SPHMYLN18121_hs_ATPt,3
SPHMYLN18122_hs_ATPt,3
SPHMYLN181221_hs_ATPt,3
SPHMYLN18123_hs_ATPt,3
SPHMYLN1824_hs_ATPt,3
SPHMYLN1825_hs_ATPt,3
2HYDOGOAT3t,3
2HYDOGte,-1
GLUTAROAT3t,3
GLUTARte,-1
THEXDDm,3
THEXDDtm,1
THEXDDte,-1
EX_thexdd_e,-1
HEXDTRm,3
HEXDTRtm,1
HEXDTRte,-1
EX_hexdtr_e,-1
HPDECECOAm,3
HPDECEm,3
HPDECEtm,1
HPDECEte,-1
EX_hpdece_e,-1
EIC21114TRc,3
EIC21114TRte,-1
EX_eic21114tr_e,-1
5EIPENCm,3
5EIPENCtm,1
5EIPENCte,-1
EX_5eipenc_e,-1
T4HCINNMte,-1
AGRMte,1
ANDRSTNDNte,3
EANDRSTRNte,3
AHANDROSTANte,3
ANDRSTANDRte,3
CE2209te,3
C05301te,3
C05299te,3
C05302te,3
CE5072te,3
11DOCRTSLte,3
11DOCRTSTRNte,3
PRGNLONEte,3
CE2211te,3
17AHPRGSTRNte,3
17AHPRGNLONEte,3
C03681te,3
PRGNLONESte,3
CE1352te,3
MMAt2e,1
C05769te,1
SAMHISTAe,3
CE2006te,3
GLCRt1,3
2HYOXPLCte,3
N8ASPMDte,1
MHISTAte,2
CE4890te2,1
C09642te,1
2OBUTt,3
PPP9ABCte,3
MLTHFte,3
TYMte2,3
TRYPTAte,3
CE4890te,3
SELMETHte,3
CE7090te,3
CE7085te,3
CE7096te,3
CE4877te,3
CE1447te,3
C05769te3,3
C05770te4,3
C05770te,3
MLTHFte3,3
CE2705t,3
SPHS1Pt2e,3
MMAte,2
PTRCARGte,3
MLTHFte2,3
TYMte,2
13DAMPPte,2
HDD2CRNte2,3
MLTHFte1,3
ARGN1ASPMDte,3
CE1918te,3
34DHPHAte,3
34DHOXMANDte,3
CE6205te,3
1A25DHVITD3te,3
ISOBUTtm,-1
ISOBUTte,-1
EX_CE4969_e,-1
NACCYStm,-1
NACCYSte,-1
EX_CE1310_e,-1
AGMt_m,-1
EX_agm_e,-1
T4HCINNMtm,-1
EX_T4hcinnm_e,-1
4HBZtm,-1
4HBZte,-1
SUCSALtm,-1
SUCSALte,-1
EX_sucsal_e,-1
CE7081tr,-1
CE7081tm,-1
EX_CE7081_e,-1
EGMEtr,-1
EGMEte,-1
EX_egme_e,-1
12HARACHDtr,-1
12HARACHDte,-1
EX_12harachd_e,-1
18HARACHDtr,-1
18HARACHDte,-1
EX_18harachd_e,-1
SQLter,-1
SQLte,-1
EX_sql_e,-1
ORN_Dtx,-1
ORN_Dte,-1
EX_orn__D_e,-1
5G2OXPTtx,-1
5G2OXPTte,-1
EX_5g2oxpt_e,-1
EX_andrstndn_e,-1
DHEAte,-1
EX_dhea_e,-1
EANDRSTRNtr,-1
EX_eandrstrn_e,-1
AHANDROSTANtr,-1
EX_ahandrostan_e,-1
ANDRSTANDRtr,-1
EX_andrstandn_e,-1
EX_CE2209_e,-1
ESTRONEte,-1
EX_estrone_e,-1
C05298te,-1
EX_C05298_e,-1
EX_C05301_e,-1
EX_C05299_e,-1
EX_C05302_e,-1
EX_CE5072_e,-1
EX_11docrtsl_e,-1
EX_11docrtstrn_e,-1
EX_prgnlone_e,-1
EX_CE2211_e,-1
EX_17ahprgstrn_e,-1
EX_17ahprgnlone_e,-1
EX_C03681_e,-1
HC02020tr,-1
HC02020te,-1
EX_HC02020_e,-1
EX_prgnlones_e,-1
EX_CE1352_e,-1
XOL24OHtr,-1
XOL24OHte,-1
EX_xol24oh_e,-1
XOL27OHte,-1
EX_xol27oh_e,-1
XOL25OHtr,-1
XOL25OHte,-1
EX_xol25oh_e,-1
DSMSTEROLtr,-1
DSMSTEROLte,-1
EX_dsmsterol_e,-1
CHSTEROLSte,-1
EX_chsterols_e,-1
3ITYR_Lte,-1
EX_3ityr__L_e,-1
35DIODTYRte,-1
EX_35diotyr_e,-1
13_CIS_RETNte,-1
EX_13_cis_retn_e,-1
CE1617te,-1
EX_CE1617_e,-1
IDL_HSSYN,-1
IDL_HSDEG,-1
LDL_HSSYN,-1
LDL_HSDEG,-1
HDL_HSSYN,-1
HDL_HSDEG,-1
MYELIN_HSSYN,-1
DM_myelin_hs_c,-1
HC00460te,-1
EX_HC00460_e,-1
EX_34dhoxmand_e,-1
FNA5MOXAMte,-1
EX_fna5moxam_e,-1
CE5643te,-1
EX_CE5643_e,-1
EX_CE7090_e,-1
EX_CE7085_e,-1
EX_CE7096_e,-1
EX_CE4877_e,-1
EX_CE1447_e,-1
EX_CE2006_e,-1
CE1401te,-1
EX_CE1401_e,-1
GLUCYSte,-1
EX_glucys_e,-1
EX_n8aspmd_e,-1
EX_CE6205_e,-1
MELATNte,-1
EX_melatn_e,-1
6HOXMELATNte,-1
EX_6hoxmelatn_e,-1
EX_trypta_e,-1
C10164te,-1
EX_C10164_e,-1
EX_CE4890_e,-1
EX_C09642_e,-1
C05769te2,-1
EX_C05769_e,-1
C05767te,-1
EX_C05767_e,-1
C05770te3,-1
EX_C05770_e,-1
EX_mhista_e,-1
PPBNGte,-1
EX_ppbng_e,-1
EX_13dampp_e,-1
EX_mma_e,-1
12PPDRte,-1
EX_12ppd__R_e,-1
AMETAMte,-1
EX_ametam_e,-1
XYLULte,-1
EX_xylu__L_e,-1
XYLUDte,-1
EX_xylu__D_e,-1
GLCNte,-1
CE0737te,-1
EX_CE0737_e,-1
SPHGNSte,-1
EX_sphings_e,-1
HDD2CRNte,-1
EX_hdd2crn_e,-1
IM4ACte,-1
EX_im4ac_e,-1
EX_CE1918_e,-1
EX_mlthf_e,-1
EX_ppp9_e,-1
AACTte,-1
EX_aact_e,-1
EX_CE2705_e,-1
SPHGNte,-1
EX_sphgn_e,-1
SELMETHt2e,-1
EX_N1aspmd_e,-1
C13856te,-1
EX_1a25dhvitd3_e,-1
PRISTte,-1
EX_prist_e,-1
CE2049te,-1
EX_CE2049_e,-1
CE2047te,-1
EX_CE2047_e,-1
LANOSTt,-1
FDPte,-1
EX_fdp_e,-1
EX_coke_e,-1
COKEte,-1
COKEtr,-1
EX_5a2opntn_e,-1
5A2OPNTNte,-1
5A2OPNTNtx,-1
ARG_Dtx,-1
ARG_Dte,-1
EX_arg__D_e,-1
LANOSTtr,-1
EX_idl_hs_e,-1
EX_ldl_hs_e,-1
EX_hdl_hs_e,-1
EX_HC00005_e,-1
EX_HC00006_e,-1
EX_HC00007_e,-1
EX_HC00008_e,-1
EX_HC00009_e,-1
DOPASULT4,3
UDPG4DOPA,3
UDPG3DOPA,3
TYRDOPOX,1
34DHPEAR,1
DOPA4SFt,-1
EX_dopa4sf_e,-1
DOPA4GLCURt,3
EX_dopa4glcur_e,-1
DOPA3GLCURt,3
EX_dopa3glcur_e,-1
DOPACHRMDC,-1
CE5026t,3
GGTe_1,2
CYSGLYPTASEe_1,-1
CE1261t,-1
DOPAOQNOX,-1
DOPACCL,-1
DOPAOQCYS,-1
LACROX,-1
NADPQNOXR,3
NADQNOXR,3
DACT,-1
DACGST,3
TYRDHINDOX,1
4GLU56DIHDINDt,-1
EX_4glu56dihdind_e,-1
5CYSDOPAt,-1
EX_5cysdopa_e,-1
CE5025t,3
EX_CE5025_e,-1
CE2172t,-1
EX_CE2172_e,-1
CE5629t,-1
EX_CE5629_e,-1
ACER11r,3
ACER12r,3
ACER21g,3
ACER22g,3
ACER23g,3
ACER31r,3
BGAL1e,3
BGAL1l,3
BGAL2l,3
BGAL3l,3
CRMte,-1
DES21,3
EX_gd3_hs_e,-1
EX_gluside_hs_e,-1
EX_gm3_hs_e,-1
GA1tl,-1
GALGLUSIDEtg2,-1
GALGLUSIDEtl2,-1
GBA2e,3
GD3tg,-1
GD3tl,-1
GLA2l,3
GLUSIDEte,-1
GLUSIDEtg,-1
GLUSIDEtl,-1
GM1tg,-1
GM1tl,-1
GM2tg,-1
GM2tl,-1
HEXA1l,3
HEXA2l,3
HEXA3e,3
HEXAHBl,3
NEU11l,3
NEU21,3
NEU22,3
NEU23,3
NEU24,3
NEU25,3
NEU310e,-1
NEU31e,3
NEU32e,3
NEU33e,3
NEU34e,3
NEU35e,3
NEU36e,3
NEU37e,3
NEU38n,3
NEU39e,3
SMS1S2,3
SMS21e,3
SMSn,-1
SPHK11,3
SPHK21n,3
SPHK22n,3
SPHMYLNte,-1
SPHMYLNtl2,-1
SPMD3n,3
ST8SIA13e,3
RE3477C1,-1
NO2t2r,-1
NH4tr,-1
WHTSTSTERONEtr,-1
UDPGALt2n,-1
UDPGALt2r,-1
TETTET6COAtm,-1
TETPENT6COAtm,-1
TETPENT3COAtm,-1
THCRMtl,-1
PCHOL_HStn,-1
CHOLPtn,-1
DAG_HStg,-1
PHCRMtg,-1
PHCRMter,-1
SPHGNtn,-1
SPHGNtg,-1
SPHINGStn,-1
SPHINGStg,-1
EX_cmpacna_e,-1
EX_gd2_hs_e,-1
EX_gd1a_hs_e,-1
DHCRMtg,-1
DHCRMter,-1
GDA1tn,-1
PHSPHINGStg,-1
PHSPHINGStr,-1
PHSGPL11c,-1
SK_34dhpac_c,-1
34DHPEt,-1
EX_34dhpe_e,-1
DM_no2_c,-1
DM_ts3_c,-1
DM_sph1p_n,-1
DM_sphs1p_n,-1
DM_gm1_hs_n,-1
DM_gda1_hs_n,-1
DM_6hddopaqn_c,-1
GALSIDEter,-1
GALSIDEtn,-1
CERT1tn,-1
Rtotalter,-1
Rtotaltg,-1
DM_phsph1p_c,-1
GD1Atg,-1
GD1Atn,-1
ATPtg,-1
GD1Btl,-1
DM_gd3_hs_l,-1
DM_gd3_hs_g,-1
GD3tlc,-1
GD3tm,-1
DM_pail35p_hs_n,-1
DM_gd3_hs_m,-1
CATr,-1
S2L2N2M2Mtl,-1
DM_pcreat_c,-1
DM_k_g,-1
DM_na1_r,-1
DM_na1_x,-1
DM_na1_g,-1
DM_na1_c,-1
DM_thm_m,-1
DM_retn_n,-1
DM_hhxdcal_c,-1
DM_15HPET_n,-1
DM_15HPET_x,-1
DM_15HPET_r,-1
SK_Ser_Gly_Ala_X_Gly_r,-1
EX_pail_hs_e,-1
EX_CE1243_e,-1
EX_CE5026_e,-1
EX_5cysgly34dhphe_e,-1
EX_CE1261_e,-1
EX_galgluside_hs_e,-1
EX_ga1_hs_e,-1
EX_gm1_hs_e,-1
EX_gm2_hs_e,-1
EX_gm1b_hs_e,-1
EX_gd1b_hs_e,-1
EX_gt1b_hs_e,-1
HMR_0002,3
HMR_0003,3
HMR_0008,3
HMR_0015,-1
HMR_0016,-1
HMR_0017,-1
HMR_0019,3
HMR_0020,-1
BUTt,3
HMR_0156,2
FA40COAtm,-1
HMR_0164,3
HMR_0165,2
HMR_0166,-1
HMR_0167,3
HMR_0168,2
HMR_0170,3
HMR_0171,2
HMR_0172,-1
HMR_0176,3
HMR_0177,2
HMR_0178,-1
HMR_0180,2
HMR_0182,-1
HMR_0183,3
HMR_0184,2
HMR_0185,-1
HMR_0188,3
FACOAE120,3
HMR_0191,3
HMR_0192,3
HMR_0193,3
HMR_0194,3
FACOAE140,3
HMR_0200,3
HMR_0201,3
HMR_0203,3
HMR_0204,3
HMR_0206,3
HMR_0207,3
HMR_0208,3
HMR_0209,3
HMR_0210,3
HMR_0211,3
HMR_0214,3
HMR_0215,3
FACOAE161,3
HMR_0232,3
HMR_0233,3
HMR_0234,3
HMR_0235,3
HMR_0238,3
HMR_0239,3
HMR_0240,3
HMR_0241,3
HMR_0242,3
HMR_0243,3
HMR_0244,3
HMR_0245,3
HMR_0246,3
HMR_0247,3
HMR_0253,3
HMR_0254,3
HMR_0255,3
HMR_0256,3
HMR_0257,3
FACOAL1812,3
HMR_0260,3
HMR_0261,3
HMR_0267,3
HMR_0268,3
HMR_0270,3
HMR_0271,3
HMR_0272,3
HMR_0273,3
HMR_0276,3
HMR_0277,3
HMR_0278,3
HMR_0279,3
HMR_0280,3
HMR_0281,3
HMR_0287,3
HMR_0288,3
HMR_0289,3
HMR_0290,3
HMR_0291,3
HMR_0292,3
HMR_0293,3
HMR_0296,3
HMR_0297,3
HMR_0298,3
HMR_0299,3
HMR_0300,3
HMR_0301,3
HMR_0302,3
HMR_0303,3
HMR_0304,3
HMR_0305,3
HMR_0306,3
HMR_0307,3
HMR_0308,3
HMR_0309,3
HMR_0310,3
HMR_0311,3
HMR_0317,3
HMR_0319,3
HMR_0321,3
HMR_0322,3
HMR_0323,3
HMR_0324,3
HMR_0325,3
HMR_0326,3
HMR_0327,3
HMR_0328,3
HMR_0329,3
ACChex,3
HMR_0343,3
HMR_0344,3
HMR_0345,3
HMR_0346,3
HMR_0347,3
FACOAE1839Z12Z15Z,3
HMR_0354,3
HMR_0358,3
HMR_0359,3
HMR_0362,3
HMR_0363,3
HMR_0366,3
HMR_0367,3
HMR_0370,3
HMR_0371,3
HMR_0374,3
HMR_0375,3
HMR_0378,3
HMR_0380,3
HMR_0381,3
HMR_0382,3
HMR_0383,3
HMR_0384,3
HMR_0385,3
HMR_0386,3
HMR_0387,3
HMR_0388,3
HMR_0389,3
HMR_0390,3
HMR_0391,3
HMR_0392,3
HMR_0393,3
HMR_0394,3
HMR_0395,3
FACOAE1829Z12Z,3
FACOAE1836Z9Z12Z,3
HMR_0406,3
HMR_0410,3
HMR_0414,3
HMR_0415,3
HMR_0418,3
HMR_0419,3
HMR_0422,3
HMR_0423,3
HMR_0426,3
HMR_0427,3
HMR_0428,3
HMR_0429,3
HMR_0430,3
HMR_0431,3
HMR_0432,3
HMR_0433,3
HMR_0434,3
HMR_0435,3
HMR_0436,3
HMR_0437,3
HMR_0438,3
HMR_0439,3
HMR_0467,-1
HMR_0469,-1
G3PD2,3
G3PD,3
HMR_0582,3
HMR_0586,3
HMR_0587,-1
HMR_0593,3
HMR_0597,3
HMR_0598,3
HMR_0601,3
HMR_0614,3
HMR_0625,3
HMR_0629,3
HMR_0634,3
HMR_0641,3
HMR_0642,3
ETHAAL,-1
HMR_0653,3
HMR_0654,3
HMR_0657,3
HMR_0672,3
HMR_0678,3
HMR_0750,1
HMR_0753,3
HMR_0758,1
HMR_0761,3
HMR_0763,-1
HMR_0765,3
HMR_0767,3
HMR_0769,-1
HMR_0770,3
HMR_0771,-1
SBPP3,3
HMR_0783,1
HMR_0793,3
HMR_0795,3
HMR_0803,3
HMR_0805,3
HMR_0806,3
HMR_0807,3
HMR_0808,3
HMR_0809,-1
HMR_0810,2
HMR_0811,3
HMR_0812,3
HMR_0814,3
HMR_0815,3
HMR_0816,3
HMR_0817,3
HMR_0819,3
HMR_0820,3
HMR_0821,3
HMR_0822,3
HMR_0823,3
HMR_0824,3
HMR_0825,3
HMR_0827,3
HMR_0828,3
HMR_0829,3
HMR_0830,3
HMR_0831,-1
HMR_0835,3
HMR_0836,3
HMR_0837,3
HMR_0839,3
HMR_0841,3
HMR_0842,3
HMR_0843,3
HMR_0844,3
HMR_0846,3
HMR_0847,3
HMR_0848,3
HMR_0849,3
HMR_0851,3
HMR_0852,3
HMR_0853,3
HMR_0854,3
HMR_0855,3
HMR_0859,3
HMR_0860,3
HMR_0864,2
HMR_0867,1
HMR_0868,1
HMR_0870,-1
HMR_0873,-1
HMR_0875,3
HMR_0876,3
HMR_0877,3
HMR_0878,3
HMR_0889,3
HMR_0890,3
HMR_0906,3
HMR_0907,-1
HMR_0908,2
HMR_0909,2
HMR_0910,3
HMR_0911,3
HMR_0912,-1
HMR_0913,-1
HMR_0942,3
HMR_0946,3
HMR_0950,3
HMR_0954,3
HMR_0960,3
HMR_0962,-1
HMR_0963,3
HMR_0966,-1
HMR_0979,-1
HMR_0981,3
HMR_0984,-1
HMR_0985,3
HMR_0986,3
HMR_0987,3
HMR_1030,1
HMR_1033,1
HMR_1037,1
HMR_1039,1
HMR_1077,2
HMR_1081,3
HMR_1084,3
HMR_1085,1
HMR_1095,-1
HMR_1102,3
HMR_1104,-1
HMR_1126,3
HMR_1127,3
HMR_1129,3
HMR_1135,-1
HMR_1242,-1
HMR_1243,-1
HMR_1280,3
HMR_1283,-1
HMR_1284,-1
HMR_1305,3
HMR_1306,-1
HMR_1307,3
HMR_1311,-1
PGESc,3
HMR_1315,-1
HMR_1316,-1
HMR_1317,-1
HMR_1318,-1
HMR_1321,3
HMR_1325,1
HMR_1329,1
HMR_1331,-1
HMR_1332,-1
HMR_1373,-1
HMR_1388,3
HMR_1390,3
HMR_1392,3
HMR_1465,3
SMO,3
LNSTLS,3
HMR_1477,3
HMR_1478,3
HMR_1479,3
HMR_1490,1
HMR_1493,1
HMR_1494,1
HMR_1495,3
C3STDH1,3
HMR_1502,1
HMR_1503,1
HMR_1504,1
HMR_1505,3
HMR_1509,3
CHLSTI_1,3
HMR_1516,3
DSMSTOLR,3
HMR_1532,3
HMR_1536,3
HMR_1538,3
HMR_1539,3
HMR_1540,3
HMR_1543,1
HMR_1544,1
HMR_1545,1
HMR_1546,3
HMR_1547,3
HMR_1548,1
HMR_1549,1
HMR_1550,1
HMR_1551,3
HMR_1552,3
HMR_1557,3
LTHSTRLOR,3
HMR_1565,3
HMR_1620,3
HMR_1623,-1
HMR_1627,3
HMR_1629,1
HMR_1630,1
HMR_1631,1
HMR_1637,3
HMR_1651,3
HMR_1653,3
HMR_1665,3
HMR_1666,3
HMR_1681,3
HMR_1685,3
HMR_1701,-1
HMR_1706,3
HMR_1735,3
HMR_1737,3
HMR_1738,3
HMR_1739,1
HMR_1740,1
HMR_1741,1
HMR_1742,2
HMR_1743,2
HMR_1744,-1
HMR_1745,-1
HMR_1746,3
HMR_1747,3
HMR_1748,3
HMR_1749,3
HMR_1750,3
HMR_1751,3
HMR_1752,-1
HMR_1753,-1
HMR_1754,3
HMR_1756,3
HMR_1758,-1
HMR_1759,-1
HMR_1760,3
HMR_1761,3
HMR_1762,3
HMR_1764,-1
HMR_1765,3
HMR_1766,3
HMR_1767,1
HMR_1768,1
HMR_1769,1
HMR_1770,2
HMR_1771,2
HMR_1781,2
HMR_1783,1
HMR_1785,2
HMR_1786,2
HMR_1807,3
HMR_1834,-1
HMR_1838,2
HMR_1847,1
HMR_1897,3
HMR_1916,3
HMR_1927,3
HMR_1928,3
HMR_1929,3
HMR_1940,1
HMR_1941,1
HMR_1944,1
HMR_1948,1
HMR_1949,1
HMR_1958,1
HMR_1962,3
HMR_1967,1
HMR_1968,1
HMR_1970,1
HMR_1971,1
HMR_1976,3
HMR_1979,1
HMR_1980,1
HMR_1981,1
HMR_1982,1
HMR_1983,1
HMR_1988,1
HMR_1989,1
HMR_1990,1
HMR_1991,1
HMR_1992,1
HMR_1993,1
HMR_1996,3
HMR_2002,-1
HMR_2007,1
HMR_2010,1
HMR_2011,1
HMR_2014,1
HMR_2016,2
HMR_2018,2
HMR_2029,3
HMR_2041,3
HMR_2087,-1
HMR_2088,3
HMR_2089,3
HMR_2090,-1
HMR_2114,-1
HMR_2127,-1
HMR_2190,3
HMR_2193,3
HMR_2210,3
HMR_2211,3
HMR_2215,3
HMR_2217,3
HMR_2218,3
HMR_2219,3
HMR_2259,3
HMR_2260,3
HMR_2261,3
HMR_2262,3
HMR_2263,3
HMR_2264,3
HMR_2265,3
HMR_2266,3
HMR_2267,3
HMR_2268,3
HMR_2269,3
HMR_2270,3
HMR_2281,3
HMR_2282,3
HMR_2284,3
DESAT16,3
HMR_2287,3
HMR_2288,3
HMR_2289,3
HMR_2292,3
HMR_2293,3
DESAT18,3
HMR_2295,3
HMR_2296,3
HMR_2332,3
HMR_2334,3
HMR_2336,3
HMR_2338,3
HMR_2342,3
HMR_2343,3
HMR_2344,3
HMR_2345,3
HMR_2347,3
HMR_2348,3
HMR_2349,3
HMR_2350,3
HMR_2353,3
HMR_2354,3
HMR_2355,3
HMR_2356,3
HMR_2359,3
HMR_2361,3
HMR_2362,3
HMR_2363,3
HMR_2364,3
HMR_2365,3
HMR_2368,3
HMR_2374,-1
HMR_2376,-1
HMR_2380,3
HMR_2391,-1
HMR_2393,-1
HMR_2395,3
HMR_2403,-1
HMR_2433,3
HMR_2434,3
HMR_2435,3
HMR_2436,3
HMR_2440,3
HMR_2457,3
HMR_2472,3
HMR_2484,3
HMR_2495,-1
HMR_2530,3
HMR_2533,3
HMR_2535,3
HMR_2537,3
HMR_2540,3
HMR_2541,3
HMR_2542,3
HMR_2543,3
HMR_2558,-1
HMR_2560,-1
HMR_2569,-1
HMR_2571,-1
HMR_2581,3
HMR_2585,3
HMR_2602,3
HMR_2603,3
HMR_2604,3
HMR_2608,3
HMR_2609,3
HMR_2610,3
HMR_2611,3
CARN140t_m,3
HMR_2613,3
HMR_2620,3
HMR_2621,3
HMR_2622,3
HMR_2624,3
HMR_2633,3
HMR_2634,3
HMR_2635,3
HMR_2644,3
HMR_2648,3
HMR_2649,3
HMR_2650,3
HMR_2651,3
HMR_2652,3
HMR_2653,3
CARN180t_m,3
HMR_2657,3
HMR_2659,3
VACCCPT1,3
HMR_2661,3
VACCCPT2,3
HMR_2666,3
HMR_2667,3
HMR_2668,3
HMR_2669,3
HMR_2670,3
HMR_2671,3
HMR_2673,3
HMR_2675,3
HMR_2676,3
HMR_2677,3
HMR_2679,3
HMR_2681,3
HMR_2682,3
HMR_2683,3
HMR_2684,3
HMR_2685,3
HMR_2686,3
HMR_2687,3
HMR_2688,3
HMR_2689,3
HMR_2690,3
HMR_2691,3
HMR_2692,3
HMR_2693,3
HMR_2695,3
HMR_2697,3
HMR_2699,3
HMR_2700,3
HMR_2701,3
HMR_2702,3
HMR_2703,3
HMR_2704,3
HMR_2705,3
HMR_2706,3
HMR_2707,3
HMR_2708,3
HMR_2709,3
HMR_2710,3
HMR_2711,3
HMR_2712,3
HMR_2713,3
HMR_2715,3
HMR_2718,3
HMR_2722,3
HMR_2727,3
HMR_2731,3
HMR_2733,3
HMR_2734,3
HMR_2735,3
HMR_2736,3
HMR_2737,3
HMR_2738,3
HMR_2739,3
HMR_2740,3
HMR_2741,3
CARN1829Z12Zt_m,3
CARN1836Z9Z12Zt_m,3
HMR_2753,3
HMR_2757,3
HMR_2760,3
HMR_2764,3
HMR_2768,3
HMR_2769,3
HMR_2770,3
HMR_2771,3
HMR_2772,3
HMR_2773,3
HMR_2774,3
HMR_2775,3
HMR_2776,3
HMR_2817,3
HMR_2819,3
HMR_2821,3
HMR_2827,3
HMR_2851,3
HMR_2852,3
HMR_2857,3
HMR_2859,3
HMR_2861,3
HMR_2862,3
HMR_2865,3
HMR_2866,3
HMR_2884,3
HMR_2886,3
HMR_2888,3
HMR_2890,3
HMR_2942,3
HMR_2943,3
HMR_2944,3
HMR_2945,3
HMR_2946,3
HMR_2947,3
HMR_2948,3
HMR_2951,3
HMR_2954,3
HMR_2955,3
HMR_2956,3
HMR_2961,3
HMR_2962,3
HMR_2963,3
HMR_2964,3
HMR_2965,3
HMR_2966,3
HMR_2967,3
HMR_2968,3
HMR_2969,3
HMR_2970,3
HMR_2971,3
HMR_2972,3
HMR_2973,3
HMR_2974,3
HMR_2975,3
HMR_2976,3
HMR_2977,3
HMR_2978,3
HMR_2979,3
HMR_2980,3
HMR_2982,3
HMR_2983,3
HMR_2985,3
HMR_2986,3
HMR_2988,3
HMR_2989,3
HMR_2990,3
HMR_2994,3
HMR_2998,3
HMR_2999,3
HMR_3001,3
HMR_3002,3
HMR_3003,3
HMR_3018,3
HMR_3021,3
HMR_3023,3
HMR_3053,-1
HMR_3054,-1
HMR_3055,-1
HMR_3056,-1
HMR_3057,3
HMR_3058,3
HMR_3059,3
HMR_3062,3
HMR_3063,3
HMR_3064,3
HMR_3065,3
HMR_3066,3
HMR_3067,3
HMR_3068,3
HMR_3069,3
HMR_3070,3
HMR_3071,3
HMR_3072,3
HMR_3073,3
ACOAO8p,3
HMR_3075,3
HMR_3076,3
HMR_3094,3
HMR_3095,3
HMR_3096,3
HMR_3097,3
HMR_3098,3
HMR_3099,3
HMR_3100,3
HMR_3101,3
HMR_3102,3
HMR_3106,-1
HMR_3107,3
HMR_3108,3
HMR_3109,3
HMR_3110,3
HMR_3111,3
HMR_3112,3
HMR_3113,3
HMR_3114,3
HMR_3115,3
HMR_3116,3
HMR_3117,3
KAT180_m,3
ACOADH160_m,3
HMR_3128,3
ACOADH120_m,3
ACOADH100_m,3
HMR_3149,3
ACOADH60_m,3
HMR_3170,3
HMR_3171,3
HMR_3172,3
HMR_3173,3
HMR_3174,3
HMR_3175,3
HMR_3176,3
HMR_3177,3
HMR_3178,3
HMR_3179,3
HMR_3180,3
HMR_3181,3
HMR_3182,3
HMR_3183,3
HMR_3184,3
HMR_3185,3
HMR_3186,3
HMR_3187,3
HMR_3188,3
HMR_3189,3
HMR_3190,3
HMR_3191,3
HMR_3192,3
HMR_3193,3
HMR_3194,3
HMR_3195,3
HMR_3196,3
HMR_3197,3
HMR_3198,3
HMR_3199,3
HMR_3200,3
HMR_3201,3
HMR_3202,3
HMR_3203,3
HMR_3204,3
HMR_3205,3
HMR_3218,3
HMR_3219,3
HMR_3220,3
HMR_3221,3
HMR_3222,3
HMR_3223,3
HMR_3224,3
HMR_3225,3
HMR_3229,3
HMR_3230,3
HMR_3231,3
HMR_3232,3
HMR_3233,3
HMR_3234,3
HMR_3235,3
HMR_3236,3
HMR_3237,3
HMR_3240,3
HMR_3241,3
HMR_3242,3
HMR_3243,3
HMR_3244,3
HMR_3245,3
HMR_3246,3
HMR_3247,3
HMR_3296,3
HMR_3321,3
HMR_3322,3
HMR_3326,3
HMR_3327,3
HMR_3328,3
HMR_3329,3
HMR_3330,3
HMR_3331,3
HMR_3332,3
HMR_3333,3
HMR_3334,3
HMR_3335,3
HMR_3336,3
HMR_3337,3
HMR_3338,3
HMR_3339,3
HMR_3340,3
HMR_3341,3
HMR_3342,3
HMR_3343,3
HMR_3344,3
HMR_3345,3
HMR_3346,3
HMR_3347,3
HMR_3348,3
HMR_3349,3
HMR_3350,3
HMR_3351,3
HMR_3352,3
HMR_3353,3
HMR_3396,-1
HMR_3397,-1
HMR_3398,3
HMR_3406,3
HMR_3407,3
HMR_3408,3
HMR_3409,3
HMR_3411,3
HMR_3413,3
HMR_3414,3
HMR_3416,3
HMR_3421,3
HMR_3422,3
HMR_3423,3
HMR_3424,3
HMR_3425,3
HMR_3426,3
HMR_3427,3
HMR_3428,3
HMR_3429,3
HMR_3431,3
HMR_3432,3
HMR_3433,3
HMR_3446,3
HMR_3447,3
HMR_3448,3
HMR_3449,3
HMR_3450,3
HMR_3451,3
HMR_3452,3
HMR_3453,3
HMR_3454,3
HMR_3455,3
HMR_3456,3
HMR_3457,3
HMR_3475,3
HMR_3478,-1
HMR_3491,3
HMR_3505,3
HMR_3520,-1
HMR_3522,3
HMR_3597,-1
HMR_3625,3
HMR_3626,3
HMR_3627,3
HMR_3628,3
HMR_3629,3
HMR_3630,3
HMR_3631,3
HMR_3633,3
HMR_3635,3
HMR_3636,3
HMR_3637,3
HMR_3639,3
HMR_3640,3
HMR_3642,3
HMR_3644,3
HMR_3645,3
HMR_3646,3
HMR_3647,3
HMR_3648,3
HMR_3649,3
HMR_3650,3
HMR_3651,3
HMR_3652,3
HMR_3653,3
HMR_3654,3
HMR_3655,3
HMR_3656,3
HMR_3657,3
HMR_3658,3
HMR_3659,3
HMR_3660,3
HMR_3662,3
HMR_3663,3
HMR_3664,3
HMR_3665,3
HMR_3666,3
HMR_3667,3
HMR_3668,3
HMR_3669,3
HMR_3670,3
HMR_3675,3
HMR_3677,3
HMR_3678,3
HMR_3679,3
HMR_3680,3
HMR_3681,3
HMR_3682,3
HMR_3684,3
HMR_3685,3
HMR_3686,3
HMR_3687,3
HMR_3688,3
HMR_3689,3
HMR_3690,3
HMR_3692,3
HMR_3694,3
HMR_3695,3
HMR_3696,3
HMR_3698,3
HMR_3699,3
HMR_3701,3
HMR_3703,3
HMR_3704,3
HMR_3705,3
HMR_3706,3
HMR_3707,3
HMR_3708,3
HMR_3709,3
HMR_3710,3
HMR_3711,3
HMR_3712,3
HMR_3713,3
HMR_3714,3
HMR_3715,3
HMR_3716,3
HMR_3717,3
HMR_3718,3
HMR_3719,3
HMR_3721,3
HMR_3722,3
HMR_3723,3
HMR_3724,3
HMR_3725,3
HMR_3726,3
HMR_3727,3
HMR_3728,3
HMR_3729,3
HMR_3734,3
HMR_3736,3
HMR_3737,3
HMR_3738,3
HMR_3739,3
HMR_3740,3
HMR_3741,3
ASPT,3
ARGDr,-1
HMR_3855,2
HMR_3859,3
HMR_3864,3
HMR_3867,-1
HMR_3915,3
HMR_3951,-1
HMR_3953,-1
HMR_3966,3
HMR_3996,-1
SMOX,-1
HMR_4079,3
HMR_4124,3
CYTDK2,3
NADS1,3
NADDP,3
HMR_4266,-1
NADPPPS,3
NADS1n,3
THRA,-1
UPPRT,3
HMR_4422,3
XYLR,2
HMGCOARx,3
XPPT,-1
DCTPD,-1
CHOLD,3
HMR_4700,3
HMR_4701,3
HMR_4702,-1
HMR_4756,3
PPPGO2_1,3
BILIRED2,3
HMR_4771,-1
PROAKGOX1,3
HMR_4777,3
HMR_4782,-1
HMR_4783,-1
HMR_4790,-1
HMR_4831,-1
SUCCt4_3,3
HMR_4955,-1
HMR_4957,-1
HMR_4964,3
GLNtm_1,-1
HMR_5249,-1
URIK2,3
HMR_5387,3
HMR_5389,3
METOX,1
HMR_5409,-1
FE2utm,3
CITt4_3,3
HMR_6359,1
HMR_6362,1
HMR_6363,1
HMR_6364,1
HMR_6365,1
HMR_6385,3
HMR_6397,3
HMR_6408,-1
HMR_6456,-1
HMR_6500,-1
FADRx2,3
HMR_6515,3
CLOHtex2,3
CLHCOtex,3
HMR_6545,3
HMR_6549,3
HMR_6550,3
HMR_6558,3
MITKP,3
ITKPK,3
MI3PS,3
HMR_6583,3
HMR_6584,3
HMR_6595,3
HMR_6607,-1
HMR_6611,3
HMR_6617,-1
HMR_6619,-1
HMR_6629,-1
HMR_6632,3
HMR_6633,3
HMR_6647,3
HMR_6728,3
HMR_6729,1
HMR_6747,3
HMR_6755,3
TYROX,1
HMR_6782,-1
4CMCOAS,-1
HMR_6785,-1
HMR_6786,-1
4HALDD,3
HMR_6826,3
HMR_6834,3
HMR_6838,3
HMR_6839,1
HMR_6844,3
HMR_6850,3
HMR_6854,3
HMR_6874,1
HMR_6876,-1
HMR_6907,3
HMR_6908,3
HMR_6909,3
HMR_6910,3
HMR_6975,3
HMR_6976,3
HMR_6977,3
HMR_6978,3
ICITt_x,-1
HMR_6989,3
HMR_7173,-1
HMR_7180,3
HMR_7181,3
HMR_7182,-1
HMR_7184,-1
HMR_7197,-1
HMR_7198,-1
HMR_7199,-1
HMR_7255,-1
HMR_7256,3
HMR_7257,-1
HMR_7278,3
HMR_7328,3
HMR_7329,3
HMR_7330,-1
HMR_7431,-1
HMR_7432,-1
HMR_7437,-1
HMR_7469,3
HMR_7628,3
PMI12346PS,3
SO4t4_3,1
GLYCTO1,1
HMR_7711,-1
AMPtn,-1
HMR_7715,-1
HMR_7720,-1
HMR_7724,-1
HMR_7727,-1
HMR_7748,3
HMR_7749,3
HMR_7755,1
HMR_7756,-1
HMR_7757,3
HMR_7758,3
HMR_7898,-1
HMR_7900,-1
HMR_7903,-1
HMR_7906,-1
HMR_7944,-1
HMR_7947,-1
HMR_7949,-1
APRGSTRNte,-1
HMR_8023,-1
HMR_8056,-1
HMR_8084,-1
HMR_8086,-1
3AIBt,-1
HMR_8271,-1
HMR_8287,3
HMR_8374,-1
HMR_8395,3
HMR_8397,3
HMR_8399,3
HMR_8418,-1
DCYTtm,3
HMR_8476,3
LALDO2,3
HMR_8505,-1
HMR_8510,-1
ID3ACALDtm,-1
HMR_8567,-1
HMR_8570,3
HMR_8571,3
HMR_8572,3
HMR_8573,3
HMR_8574,3
HMR_8575,3
HMR_8576,3
HMR_8577,3
HMR_8578,3
HMR_8579,3
HMR_8580,3
HMR_8582,3
HMR_8585,3
HMR_8588,-1
HMR_8590,-1
HMR_8643,3
CLFORtex2,3
HMR_8761,3
HMR_8762,3
HMR_8776,-1
GALt4_2,2
GLCt4_2,2
HMR_9019,-1
HMR_9174,-1
HMR_9175,-1
HMR_9176,-1
HMR_9177,-1
HMR_9178,-1
HMR_9179,-1
HMR_9180,-1
HMR_9184,-1
HMR_9185,-1
HMR_9187,-1
HMR_9188,-1
HMR_9189,-1
HMR_9191,3
HMR_9561,1
HMR_9581,2
HMR_9582,3
HMR_9583,1
HMR_9584,3
SO4t_e,3
HMR_9593,3
HMR_9602,3
HMR_9603,3
HMR_9604,3
HMR_9605,3
PNTOt1,3
HMR_9608,3
HMR_9609,3
HMR_9610,1
HMR_9612,-1
HMR_9613,3
HMR_9614,1
HMR_9615,1
HMR_9617,3
HMR_9619,3
HMR_9620,3
HMR_9621,1
HMR_9622,1
HMR_9623,1
HMR_9624,1
HMR_9625,-1
HMR_9626,-1
HMR_9627,-1
HMR_9628,-1
HMR_9629,-1
HMR_9630,-1
HMR_9631,-1
HMR_9634,-1
HMR_9635,-1
HMR_9638,-1
HMR_9639,-1
HMR_9640,-1
HMR_9642,-1
HMR_9644,-1
HMR_9647,-1
HMR_9648,-1
HMR_9652,-1
HMR_9656,-1
HMR_9657,-1
HMR_9658,-1
HMR_9660,-1
HMR_9661,-1
HMR_9662,-1
HMR_9663,-1
HMR_9665,-1
HMR_9667,-1
HMR_9669,-1
HMR_9670,-1
HMR_9671,-1
HMR_9674,-1
IND3ACtm,-1
FA160tp,-1
ACtp,-1
HMR_9680,-1
HMR_9716,-1
HSK,-1
HMR_9719,3
HMR_9720,-1
HMR_9726,1
ADD,-1
HMR_9801,1
GLUN,3
HMR_9803,-1
HMR_9804,3
HMR_9805,3
HMR_9807,1
EX_mem2emgacpail_prot_hs_e,-1
HMR_2957,3
HMR_6580,3
HMR_1635,3
C14STR,3
HMR_0980,3
HMR_1467,3
HMR_4816,3
HMR_1644,3
HMR_4772,3
HMR_1500,3
HMR_6672,-1
EX_nadh_e,-1
EX_glc__D_e,-1
EX_sbt__D_e,-1
12DHCHOLabc,3
12DHCHOLt,3
12DHCHOLt2,2
3DHCAS,2
3DHCDCAS,2
3DHCDCHOLabc,3
3DHCDCHOLt,3
3DHCDCHOLt2,2
3DHCHOLabc,3
3DHCHOLt,3
3DHCHOLt2,2
3DHDCAabc,2
3DHDCAS,2
3DHDCAt,3
3DHDCAt2,2
3DHLCAabc,2
3DHLCAS,2
3DHLCAt,3
3DHLCAt2,2
7DHCDCHOLabc,3
7DHCDCHOLt,3
7DHCDCHOLt2,2
7DHCHOLabc,3
7DHCHOLt,3
7DHCHOLt2,2
CA24GSc,1
CA24GSr,1
CA24Gte,3
CA24Gtr,-1
CA3Sabc,3
CA3St,3
CASULT,1
CDCA24GSc,1
CDCA24GSr,1
CDCA24Gte,3
CDCA24Gtr,-1
CDCA3GSc,1
CDCA3GSr,1
CDCA3Gte,3
CDCA3Gtr,-1
HC02220t,3
CDCA6AH,2
COPROSTabc,3
COPROSTt,3
COPROSTt2,2
DCA24GSc,1
DCA24GSr,1
DCA24Gte,3
DCA24Gtr,-1
DCA3GSc,1
DCA3GSr,1
DCA3Gte,3
DCA3Gtr,-1
DCA3Sabc,3
DCA3St,3
DCASULT,1
DM_12dhchol_c,-1
DM_3dhcdchol_c,-1
DM_3dhchol_c,-1
DM_3dhdchol_c,-1
DM_3dhlchol_c,-1
DM_7dhcdchol_c,-1
DM_7dhchol_c,-1
DM_ca24g_c,-1
DM_ca3s_c,-1
DM_cdca24g_c,-1
DM_cdca3g_c,-1
DM_coprost_c,-1
DM_dca24g_c,-1
DM_dca3g_c,-1
DM_dca3s_c,-1
DM_gca3s_c,-1
DM_gcdca3s_c,-1
DM_gdca3s_c,-1
DM_gudca3s_c,-1
DM_hca24g_c,-1
DM_hca6g_c,-1
DM_hdca24g_c,-1
DM_hdca6g_c,-1
DM_hyochol_c,-1
DM_icdchol_c,-1
DM_isochol_c,-1
DM_lca24g_c,-1
DM_lca3g_c,-1
DM_lca3s_c,-1
DM_tca3s_c,-1
DM_tcdca3s_c,-1
DM_tdca3s_c,-1
DM_thyochol_c,-1
DM_tudca3s_c,-1
DM_uchol_c,-1
DM_udca3s_c,-1
EX_12dhchol_e,-1
EX_3dhcdchol_e,-1
EX_3dhchol_e,-1
EX_3dhdchol_e,-1
EX_3dhlchol_e,-1
EX_7dhcdchol_e,-1
EX_7dhchol_e,-1
EX_ca24g_e,-1
EX_ca3s_e,-1
EX_cdca24g_e,-1
EX_cdca3g_e,-1
EX_coprost_e,-1
EX_dca24g_e,-1
EX_dca3g_e,-1
EX_dca3s_e,-1
EX_gca3s_e,-1
EX_gcdca3s_e,-1
EX_gdca3s_e,-1
EX_gudca3s_e,-1
EX_hca24g_e,-1
EX_hca6g_e,-1
EX_hdca24g_e,-1
EX_hdca6g_e,-1
EX_hyochol_e,-1
EX_icdchol_e,-1
EX_isochol_e,-1
EX_lca24g_e,-1
EX_lca3g_e,-1
EX_lca3s_e,-1
EX_tca3s_e,-1
EX_tcdca3s_e,-1
EX_tdca3s_e,-1
EX_thyochol_e,-1
EX_tudca3s_e,-1
EX_uchol_e,-1
EX_udca3s_e,-1
GCA3Sabc,3
GCA3St,3
GCASULT,1
GCDCA3Sabc,3
GCDCA3St,3
GCDCASULT,1
GDCA3Sabc,3
GDCA3St,3
GDCASULT,1
GUDCA3Sabc,3
GUDCA3St,3
GUDCASULT,1
HCA24GSc,1
HCA24GSr,1
HCA24Gte,3
HCA24Gtr,-1
HCA6GSc,1
HCA6GSr,1
HCA6Gte,3
HCA6Gtr,-1
HDCA24GSc,1
HDCA24GSr,1
HDCA24Gte,3
HDCA24Gtr,-1
HDCA6GSc,1
HDCA6GSr,1
HDCA6Gte,3
HDCA6Gtr,-1
HYOCHOLabc,2
HYOCHOLt,3
HYOCHOLt2,2
HYOCHOLtr,-1
ICDCHOLabc,3
ICDCHOLt,3
ICDCHOLt2,2
ISOCHOLabc,3
ISOCHOLt,3
ISOCHOLt2,2
LCA24GSc,1
LCA24GSr,1
LCA24Gte,3
LCA24Gtr,-1
LCA3GSc,1
LCA3GSr,1
LCA3Gte,3
LCA3Gtr,-1
LCA3Sabc,3
LCA3St,3
LCASULT,1
M02155tr,-1
TCA3Sabc,3
TCA3St,3
TCASULT,1
TCDCA3Sabc,3
TCDCA3St,3
TCDCA6AH,2
TCDCASULT,1
TDCA3Sabc,3
TDCA3St,3
TDCASULT,1
THYOCHOLabc,2
THYOCHOLt,3
THYOCHOLt2,2
TUDCA3Sabc,3
TUDCA3St,3
TUDCASULT,1
UCHOLabc,3
UCHOLt,3
UCHOLt2,2
UDCA3Sabc,3
UDCA3St,3
UDCASULT,1
UDCHOLt,3
UDCHOLt2,2
12HTACRhr,2
12HTACRtu,-1
12HTACRtep,-1
1331TAALThr,-1
1331TACRhr,-1
1331TACRteb,-1
1331TACRtev,-1
13DMThr,-1
13DMTtu,-1
13DMTtep,-1
14HMDZALThr,2
14HMDZhr,2
14MDZtev,-1
1513DTALThr,-1
1513DTACRhr,-1
1513TACRtu,-1
1513TACRtep,-1
1531TACRhr,-1
1531TACRteb,-1
1531TACRtev,-1
1531TALThr,-1
15DMThr,-1
15DMTtu,-1
15DMTtep,-1
1HIBUPGLUC_Sthv,-1
1HIBUP_SGLUhep,1
1HIBUP_Sthv,-1
1HMDGLUChr,1
1HMDZGLUChc,-1
1OHMDZhr,2
1OHMDZtep,-1
2HATVLAChc,-1
2HATVACIDGLUChr,1
2HATVACIDGLUCteb,3
2HATVACIDOXDhc,2
2HATVACIDhc,3
2HATVACIDteb,3
2HATVACIDtep,-1
2HATVACIDthc,3
2HATVLACGLUChr,1
2HATVLACGLUCteb,3
2HATVLACOXDhc,2
2HATVLACteb,3
2HATVLACtep,-1
2HATVLACthc,3
2HIBUPGLUC_Sthv,-1
2HIBUP_Rthv,-1
2HIBUP_SGLUhep,1
2HIBUP_Sthv,-1
31DMThr,-1
31DMTtu,-1
31DMTtep,-1
35DHPVShc,2
35DHPVStep,-1
35DHPVSthc,3
35DSMVhep,3
35DSMVteb,-1
3HIBUPGLUC_Sthv,-1
3HIBUP_Rthv,-1
3HIBUP_SGLUhep,1
3HIBUP_Sthv,-1
3HLVSTAChep,3
3HLVSTACtbc,-1
3HPVSTETCOAhcm,3
3HPVSTETCOAhcx,3
3HPVSTETteb,3
3HPVSTETtev,-1
3HPVShc,3
3HPVSteb,3
3HPVStep,-1
3HPVSthc,3
3HSMVACIDhep,3
3HSMVACIDteb,-1
3HSMVhep,3
3ISPVShc,-1
3ISPVSteb,3
3ISPVStep,-1
3ISPVSthc,3
3MEACMPhc,-1
3OHACMPhr,3
3OHACMPtev,-1
4BHGLZABCt,-1
4BHGLZhr,-1
4BHGLZtev,-1
4HATVACIDOXDhc,2
4HATVACIDhc,3
4HATVACIDteb,3
4HATVACIDtep,-1
4HATVACIDthc,3
4HATVLACOXDhc,2
4HATVLAChc,-1
4HATVLACteb,3
4HATVLACtep,-1
4HATVLACthc,3
4HMDGLUCtev,-1
4HMDZGLUChr,1
4OHMDZhr,2
4OHMDZtev,-1
56DHPVShc,2
56DHPVSteb,3
56DHPVStev,-1
56EPPVShc,2
56EPPVSteb,3
56EPPVStev,-1
5OHFVSGLUhc,-1
5OHFVSGLUtev,-1
5OHFVShc,3
5OHFVSteb,-1
6AHGLZABCt,-1
6AHGLZhr,-1
6AHGLZtev,-1
6BHGLZABCt,-1
6BHGLZGLCABCt,-1
6BHGLZGLChr,-1
6BHGLZGLCtev,-1
6BHGLZhr,3
6BHGLZtev,-1
6CSMVACIDhep,3
6CSMVACIDteb,-1
6CSMVhep,3
6EPSteb,3
6EPVStep,-1
6EPVShc,-1
6EPVSthc,3
6HLVSTAChep,3
6HLVSTthep,-1
6HMSMVACIDhep,3
6HMSMVACIDteb,-1
6HMSMVhep,3
6HSMVACIDhep,3
6HSMVACIDteb,-1
6HSMVhep,3
6MELACAChep,3
6MELVACtbc,3
6MELVSTthep,-1
6MSMVhep,3
6OHFVSGLUhc,-1
6OHFVSGLUtev,-1
6OHFVShc,1
6OHFVSteb,-1
7AHGLZABCt,-1
7AHGLZhr,-1
7AHGLZtev,-1
7BHGLZABCt,-1
7BHGLZGLCABCt,-1
7BHGLZGLChr,-1
7BHGLZGLCtev,-1
7BHGLZhr,1
7BHGLZtev,-1
7HPVShc,2
7HPVSteb,3
7HPVStev,-1
ALLOP2tu,1
ACMPtu,3
ACMPGLUChr,2
ACMPGLUTdt,-1
ACMPGLUTtep,2
ACMPGLUTthc,2
ACMPGLUtep,2
ACMPGLUthc,2
ACMPShc,3
ACMPdt,-1
ACMPthc,2
ALLOP1tu,1
ALLOPOXDhep,3
ALLOPtepvb,1
AM19CSALThr,2
AM19CShr,-1
AM19CSteb,-1
AM1A4NCShc,-1
AM1A4NCSteb,-1
AM1ACCShr,-1
AM1ACCStev,-1
AM1ACShr,-1
AM1ACSteb,-1
AM1ACStep,-1
AM1ALCShr,-1
AM1ALCSteb,-1
AM1ALCStep,-1
AM1C4N9CShc,-1
AM1C4N9CSteb,-1
AM1C9CShr,-1
AM1C9CSteb,-1
AM1C9CStev,-1
AM1CCShr,-1
AM1CCSteb,-1
AM1CCStev,-1
AM1CGLChr,-1
AM1CGLCteb,-1
AM1CSAhr,2
AM1CSAtep,-1
AM4N9CShc,-1
AM4N9CShr,-1
AM4N9CStev,-1
AM4NC9CSteb,-1
AM4NCShr,-1
AM4NCSteb,-1
AM4NCStep,-1
AM9CSAhr,2
AM9CSAteb,-1
AM9CSAtep,-1
ATVACIDMCTtu,3
ATVACIDOATPtu,3
ATVACIDhc,3
ATVACIDhr,-1
ATVACIDtdu,-1
ATVACIDtu,3
ATVACYLGLUChc,1
ATVETHGLUChc,1
ATVLACGLCURhc,1
ATVLACThc,3
ATVLACh2r,-1
ATVLAChc,-1
ATVLAChr,-1
ATVLACtdhc,-1
ATVLACtu,3
Am19CStev,-1
Am1CSAteb,-1
CARBIBUP_SGLUthv,-1
CARIBUP_Rthv,-1
CARIBUP_SGLUhep,1
CARIBUP_Sthv,-1
CRGLZABCt,-1
CRGLZhr,-1
CRGLZtev,-1
CRVS1M24hc,2
CRVS1tev,-1
CRVS23M24hc,2
CRVSATPthc,-1
CRVSATPtu,3
CRVSM1SPhc,-1
CRVSM1hc,2
CRVSM1hr,3
CRVSM1teb,3
CRVSM22hc,-1
CRVSM23hc,1
CRVSM23hr,3
CRVSM23teb,3
CRVSM23tev,-1
CRVSM24teb,3
CRVSM24tev,-1
CRVSM31hc,-1
CRVStu,-1
CRVSthc,3
CSASULPhc,-1
CSASULPteb,-1
CSASULPtev,-1
CSAtd,-1
CSAtu,3
CVM1GLUChc,1
CVM23GLUChc,1
CYSACMPAChc,-1
CYSAMPtev,-1
DELACCRVSM23hc,-1
DEOXFVShc,3
DEOXFVStev,-1
DESFVShc,1
DESFVSteb,-1
DHGLZABCt,-1
DHGLZhc,-1
DHGLZtev,-1
DSPVShc,2
DSPVSteb,3
DSPVStev,-1
EPOXTAChr,-1
EPOXTACteb,-1
EPOXTACtev,-1
EX_12htacr_e,-1
EX_1331tacr_e,-1
EX_13dmt_e,-1
EX_14hmdz_e,-1
EX_1513tacr_e,-1
EX_1531tacr_e,-1
EX_15dmt_e,-1
EX_1hibup__S_e,-1
EX_1hibupglu__S_e,-1
EX_1hmdgluc_e,-1
EX_1ohmdz_e,-1
EX_2hatvacid_e,-1
EX_2hatvacidgluc_e,-1
EX_2hatvlac_e,-1
EX_2hatvlacgluc_e,-1
EX_2hibup__R_e,-1
EX_2hibup__S_e,-1
EX_2hibupglu__S_e,-1
EX_31dmt_e,-1
EX_35dhpvs_e,-1
EX_35dsmv_e,-1
EX_3hibup__R_e,-1
EX_3hibup__S_e,-1
EX_3hibupglu__S_e,-1
EX_3hlvstacid_e,-1
EX_3hpvs_e,-1
EX_3hpvstet_e,-1
EX_3hsmvacid_e,-1
EX_3ispvs_e,-1
EX_3ohacmp_e,-1
EX_4bhglz_e,-1
EX_4hatvacid_e,-1
EX_4hatvlac_e,-1
EX_4hmdgluc_e,-1
EX_4ohmdz_e,-1
EX_56dhpvs_e,-1
EX_56eppvs_e,-1
EX_5ohfvs_e,-1
EX_5ohfvsglu_e,-1
EX_6ahglz_e,-1
EX_6bhglz_e,-1
EX_6bhglzglc_e,-1
EX_6csmvacid_e,-1
EX_6epvs_e,-1
EX_6hlvst_e,-1
EX_6hmsmvacid_e,-1
EX_6hsmvacid_e,-1
EX_6melvacid_e,-1
EX_6melvst_e,-1
EX_6ohfvs_e,-1
EX_6ohfvsglu_e,-1
EX_7ahglz_e,-1
EX_7bhglz_e,-1
EX_7bhglzglc_e,-1
EX_7hpvs_e,-1
EX_acmp_e,-1
EX_acmpglu_e,-1
EX_acmpglut_e,-1
EX_allop_e,-1
EX_am19cs_e,-1
EX_am1a4ncs_e,-1
EX_am1accs_e,-1
EX_am1acs_e,-1
EX_am1alcs_e,-1
EX_am1c4n9cs_e,-1
EX_am1c9cs_e,-1
EX_am1ccs_e,-1
EX_am1cglc_e,-1
EX_am1csa_e,-1
EX_am4n9cs_e,-1
EX_am4ncs_e,-1
EX_am9csa_e,-1
EX_atvacid_e,-1
EX_atvlac_e,-1
EX_caribup__R_e,-1
EX_caribup_s_e,-1
EX_caribupglu__S_e,-1
EX_crglz_e,-1
EX_crvs_e,-1
EX_crvsm1_e,-1
EX_crvsm23_e,-1
EX_crvsm24_e,-1
EX_csa_e,-1
EX_csasulp_e,-1
EX_cysacmp_e,-1
EX_deoxfvs_e,-1
EX_desfvs_e,-1
EX_dhglz_e,-1
EX_dspvs_e,-1
EX_epoxtac_e,-1
EX_fvs_e,-1
EX_fvstet_e,-1
EX_fvstetglu_e,-1
EX_glc3meacp_e,-1
EX_glz_e,-1
EX_gtacmp_e,-1
EX_ibup__R_e,-1
EX_ibup__S_e,-1
EX_ibupgluc_e,-1
EX_isolvstacid_e,-1
EX_lst4exp_e,-1
EX_lstn_e,-1
EX_lstn1gluc_e,-1
EX_lstnm1_e,-1
EX_lstnm2_e,-1
EX_lstnm4_e,-1
EX_lstnm5_e,-1
EX_lstnm7_e,-1
EX_lvst_e,-1
EX_mdz_e,-1
EX_mdzglc_e,-1
EX_meracmp_e,-1
EX_mhglz_e,-1
EX_ndersv_e,-1
EX_nfd_e,-1
EX_nfdac_e,-1
EX_nfdlac_e,-1
EX_nfdnpy_e,-1
EX_nfdoh_e,-1
EX_oxyp_e,-1
EX_oxy1rb_e,-1
EX_oxy7rb_e,-1
EX_profvs_e,-1
EX_ptvst_e,-1
EX_ptvstlac_e,-1
EX_ptvstm3_e,-1
EX_pvs_e,-1
EX_pvsgluc_e,-1
EX_rsv_e,-1
EX_rsvlac_e,-1
EX_s3meacmp_e,-1
EX_smv_e,-1
EX_smvacid_e,-1
EX_stacmp_e,-1
EX_sulpacmp_e,-1
EX_tacr_e,-1
EX_tauribup__S_e,-1
EX_thrfvs_e,-1
EX_tlacfvs_e,-1
EX_tmd_e,-1
EX_tmdm1_e,-1
EX_tmdm3_e,-1
EX_tmdm5_e,-1
EX_tripvs_e,-1
EX_tsacmgluc_e,-1
EX_tsacmsul_e,-1
FVSGLUChc,-1
FVSTETGLUhc,-1
FVSTETGLUtev,-1
FVSTETtev,-1
FVShc,-1
FVSteb,-1
FVStep,-1
FVStu,3
GLC3MEACPhr,2
GLC3MEACPtev,-1
GLZABCteb,-1
GLZtd,-1
GTACMPhr,-1
GTACMPtev,-1
IBUPGLUCtchep,-1
IBUPGLUCtpvb,-1
IBUPGT_HEP,1
IBUP_RASCL1hep,3
IBUP_RCYP2hep,2
IBUP_RCYP3hep,2
IBUP_RCYPCARhep,1
IBUP_Rshep,3
IBUP_Rtdhep,-1
IBUP_Rtdu,-1
IBUP_SACOT2,3
IBUP_SCONJhep,-1
IBUP_SCYP1hep,1
IBUP_SCYP2hep,2
IBUP_SCYP3hep,2
IBUP_SCYPCARhep,1
IBUP_Stbc,-1
IBUP_Stdhep,-1
IBUP_Stdu,-1
ISOLVSTAChep,-1
ISOLVSTtbc,3
LST4EXPTDhc,-1
LST4EXPhr,2
LST4EXPthc,-1
LSTN1GLUChr,1
LSTN1GLUCtev,-1
LSTNtu,3
LSTNM1hr,2
LSTNM1tev,-1
LSTNM2hr,2
LSTNM2tev,-1
LSTNM4hr,-1
LSTNM4tev,-1
LSTNM5hr,2
LSTNM5tev,-1
LSTNM7TDhc,-1
LSTNM7hr,1
LSTNM7thc,-1
LSTNRATt,-1
LSTNtd,-1
LVACLAChep,-1
LVSTACIDhep,3
LVSTACIDtu,3
LVSTACOXD6Hhep,2
LVSTACOXD6MEhep,2
LVSTOXD3Hhep,2
LVSTOXD6Hhep,2
LVSTOXD6METhep,2
LVSTPGPtu,3
LVSTtu,-1
MDZGLCtev,-1
MDZtd,-1
MDZtu,3
MERACMPtep,2
MERACMPthc,2
MHGLZABCt,-1
MHGLZhr,1
MHGLZtev,-1
NDERSVhc,1
NDERSVteb,3
NFDACOXDhc,2
NFDACtep,-1
NFDDMEThr,-1
NFDLAChc,-1
NFDLACtep,-1
NFDNPYtep,-1
NFDOHtep,-1
NFDOXDhc,-1
NFDtd,-1
OXYP1CONJ,-1
OXYP2CONJ,-1
OXYPR1tehv,-1
OXYPR7tehv,-1
OXYPthc,1
OXYPtepv,-1
PROFVSCOAhc,3
PROFVShc,-1
PROFVStev,-1
PTVSTATPtu,3
PTVSTGLUChc,2
PTVSTLAChc,-1
PTVSTLACtev,-1
PTVSTM13hr,1
PTVSTM3eb,3
PTVSTM3hc,2
PTVSThc,3
PTVSTtep,-1
PTVSTtu,3
PVSATPtu,3
PVSGLUChc,-1
PVSGLUCteb,3
PVSGLUCtev,-1
PVSHtu,-1
PVSOATPtu,3
PVStep,-1
RSVATPtu,3
RSVGLUChc,-1
RSVLAChv,-1
RSVLACteb,3
RSVSPONhc,3
RSVhc,-1
RSVtev,-1
RSVtu,3
S3MEACMPhc,-1
S3MEACMPtev,-1
SMVACIDATPteb,3
SMVACIDhep,3
SMVACIDtev,-1
SMVtu,3
SMVGLUCLAChep,-1
SMVGLUChep,1
SMVHYDROhep,3
SMVLAChep,-1
SMVtv,-1
SMVthep,3
STACMPhc,-1
STACMPtev,-1
SULPACMPtev,3
TACRDtsc,-1
TACRtu,3
TAURIBUP_Sthv,-1
THRFVShc,-1
THRFVStev,-1
THSACMPhr,-1
TLACFVShc,-1
TLACFVStev,-1
TMDM1OATt,-1
TMDM1hr,1
TMDM3OATt,-1
TMDM3hr,-1
TMDM5OATt,-1
TMDM5hr,1
TMDOATPtsc,-1
TMDOATtev,-1
TMDOATthc,3
TMDtd,-1
TRIPVShc,2
TRIPVSteb,3
TRIPVStev,-1
TSACGLUCtev,-1
TSACMGLUChr,-1
TSACMSULhc,-1
TSACMSULtev,-1
12HTACRitr,-1
13HTACRitr,-1
14HMDZitr,-1
1513TACRitr,-1
1531TACRitr,-1
1HIBUP_Sitr,-1
1HIBUPGLUitr,-1
1HMDGLUCitr,-1
2HATVACIDGLUCitr,-1
2HATVLACGLUCitr,-1
2HIBUP_Ritr,-1
2HIBUP_Sitr,-1
2HIBUPGLUC_Sitr,-1
35DHPVSitr,-1
35DSMVitr,-1
3HIBUP_Ritr,-1
3HIBUPGLUC_Sitr,-1
3HLVSTitr,-1
3HPVSitr,-1
3HPVSCOAitm,-1
3HPVSCOAitx,-1
3HPVSTETCOAitm,-1
3HPVSTETCOAitx,-1
3HSMVitr,-1
3ISPVSitr,-1
3MEACMPitr,-1
3OHACMPitr,-1
4BHGLZitr,-1
4HATVACIDitr,-1
4HATVLACitr,-1
4HMDGLUCitr,-1
4OHMDZitr,-1
56DHPVSitr,-1
56EPPVSitr,-1
5OHFVSitr,-1
5OHFVSGLUitr,-1
6AHGLZitr,-1
6BHGLZGLCitr,-1
6CSMVitr,-1
6HLVSTitr,-1
6HLVSTACIDitr,-1
6HMSMVitr,-1
6HSMVitr,-1
6MELVACIDitr,-1
6MELVSTitr,-1
6OHFVSitr,-1
6OHFVSGLUitr,-1
7AHGLZitr,-1
7BHGLZGLCitr,-1
7HPVSitr,-1
ACMPitr,-1
ACMPGLUitr,-1
AM19CSitr,-1
AM1ACCSitr,-1
AM1ACSitr,-1
AM1ALCSitr,-1
AM1C9CSitr,-1
AM1CGLCitr,-1
AM4N9CSitr,-1
AM4NCSitr,-1
CARIBUP_Sitr,-1
CARIBUPGLU_Sitr,-1
CRGLZitr,-1
CRVSitr,-1
CRVSM22itr,-1
CRVSM24itr,-1
CRVSM31itr,-1
CSAitr,-1
DEOXFVSitx,-1
DESFVSitr,-1
DSPVSitr,-1
EPOXTACitr,-1
FVSitx,-1
FVSCOAitx,-1
FVSTETitr,-1
FVSTETGLUitr,-1
GLC3MEACPitr,-1
GLZitr,-1
GTACMPitr,-1
IBUP_Ritr,-1
IBUP_Sitr,-1
IBUPGLUCitr,-1
LSTN1GLUCitr,-1
LSTNitr,-1
LSTNM1itr,-1
LSTNM2itr,-1
LSTNM4itr,-1
LSTNM5itr,-1
LSTNM7itr,-1
LVSTitr,-1
EX_lvstacid_e,-1
LVSTACIDitr,-1
MDZitr,-1
MDZGLCitr,-1
NDERSVitr,-1
NFDNPYitr,-1
NFDOHitr,-1
PROFVSCOAitx,-1
PTVSTLACitr,-1
PTVSTM13itr,-1
PTVSTM13te,-1
EX_ptvstm13_e,-1
PTVSTM3itr,-1
PVSitr,-1
PVSGLUCitr,-1
RSVLACitr,-1
TACRitr,-1
THSACMPitr,-1
TLACFVSitr,-1
TMACMPitr,-1
TMDitr,-1
TMDM1itr,-1
TMDM3itr,-1
TMDM5itr,-1
TSACMGLUCitr,-1
3HPVSCOAhc,-1
3HPVSTEThc,-1
ACMPGLUTTRsc,-1
FVSCOAhc,-1
MDZGLChr,-1
TMACMPhr,-1
1OHMDZitr,-1
CYSACMPitr,-1
NFDACitr,-1
ACMPGLUTitr,-1
NAPQIhr,-1
H2O2ter,-1
UDPRIBc,-1
GLYitr,-1
PAPSitr,-1
PAPitr,-1
13DMTitr,-1
15DMTitr,-1
ATVACIDitr,-1
ATVLACitr,-1
31DMTitr,-1
SMVitr,-1
6BHGLZitr,-1
7BHGLZitr,-1
AM1CCSitr,-1
LST4EXPitr,-1
MHGLZitr,-1
RSVitr,-1
TRIPVSitr,-1
SMVACIDitr,-1
PTVSTitr,-1
3HIBUP_Sitr,-1
FVSitr,-1
AM1CSAitr,-1
AM9CSAitr,-1
2HATVACIDitr,-1
EX_caproic_e,-1
1A25HVITD2t,-1
1A25HVITD2tm,-1
EX_1a25dhvitd2_e,-1
EX_C13856_e,-1
EX_M02956_e,-1
EX_M00234_e,-1
EX_M01807_e,-1
EX_M00503_e,-1
EX_M00241_e,-1
EX_M01820_e,-1
EX_M00510_e,-1
EX_M00003_e,-1
EX_M00008_e,-1
EX_M00010_e,-1
EX_M00017_e,-1
EX_M00019_e,-1
EX_M00021_e,-1
EX_M00115_e,-1
EX_M00117_e,-1
EX_M00260_e,-1
EX_M00265_e,-1
EX_M00315_e,-1
EX_M00341_e,-1
EX_M01197_e,-1
EX_M01207_e,-1
EX_M01235_e,-1
EX_M01238_e,-1
EX_M01582_e,-1
EX_M02053_e,-1
EX_M02457_e,-1
EX_M02613_e,-1
EX_M02745_e,-1
EX_M03045_e,-1
EX_M03051_e,-1
EX_M03153_e,-1
EX_M02560_e,-1
EX_M02561_e,-1
EX_C01601_e,-1
EX_M02909_e,-1
EX_M02108_e,-1
EX_M03117_e,-1
EX_M03134_e,-1
EX_M01111_e,-1
EX_h2co3_e,-1
EX_M01872_e,-1
EX_M01870_e,-1
EX_ditp_e,-1
EX_hnifedipine_e,-1
EX_M02446_e,-1
EX_M02447_e,-1
EX_M02449_e,-1
EX_M02451_e,-1
EX_itacon_e,-1
EX_adpman_e,-1
EX_rbl__D_e,-1
EX_M01966_e,-1
EX_M02155_e,-1
EX_M01989_e,-1
EX_M02837_e,-1
EX_gpi_sig_e,-1
EX_M01881_e,-1
EX_M03131_e,-1
EX_n5m2masn_e,-1
EX_hretn_e,-1
EX_kdn_e,-1
EX_m3gacpail_prot_hs_e,-1
EX_dolichol__L_e,-1
SK_his__L_c,-1
SK_ile__L_c,-1
SK_leu__L_c,-1
SK_lys__L_c,-1
SK_met__L_c,-1
SK_phe__L_c,-1
SK_thr__L_c,-1
SK_trp__L_c,-1
SK_val__L_c,-1
SK_ala__L_c,-1
SK_arg__L_c,-1
SK_asn__L_c,-1
SK_asp__L_c,-1
SK_cys__L_c,-1
SK_gln__L_c,-1
SK_glu__L_c,-1
SK_pro__L_c,-1
SK_ser__L_c,-1
SK_tyr__L_c,-1
SK_gly_c,-1
SK_4abut_l,-1
DM_CE5026_c,-1
DM_CE1261_c,-1
DM_4glu56dihdind_c,-1
DM_CE1562_c,-1
DM_ind56qn_c,-1
DM_5cysdopa_c,-1
DM_CE5025_c,-1
DM_CE4888_c,-1
DM_4abut_c,-1
DM_dopa_c,-1
DM_srtn_c,-1
DM_adrnl_c,-1
DM_ach_c,-1
DM_hista_c,-1
DM_kynate_c,-1
DM_nrpphr_c,-1
DM_tym_c,-1
DM_Lkynr_c,-1
DM_cbl2_m,-1
DM_1a2425thvitd2_m,-1
DM_btn_m,-1
DM_btn_n,-1
DCMPtm,-1
PROTEIN_BS,-1
DM_protein_c,-1
CYOR_u10mi,1
Htmi,3
NADH2_u10mi,1
CYOOm3i,1
CYOOm2i,1
R03184_PLUS_R00647,1
R01465m,1
R01115,3
R01803,3
R04215,3
R00100,3
SK_cmpglna_c,-1
SK_ficytb5_c,-1
SK_focytb5_c,-1
SK_HC01115_c,-1
DM_ca2_c,-1
DM_cl_c,-1
DM_zn2_c,-1
EX_ca2_e,-1
EX_cl_e,-1
EX_zn2_e,-1
ATPS4mi,1
PNTEH,1
PIK3,3
PI4P3K,3
PI5P3K,3
PIACGT,3
ATPasel_1,3
